Date,Strategy,SPY_BuyHold,Bench_60_40
2006-05-24,-0.0063627978368456795,-0.011793887308441664,-0.003458834530205679
2006-05-25,0.00553058483556379,0.009866336846856116,0.005494893625107089
2006-05-26,0.00539464123504696,0.008587807506049039,0.0028862123670222225
2006-05-30,-0.0011116751884490128,-0.00031238831580293613,-0.000424715569511136
2006-05-31,-0.0062033731867803255,-0.010549365850793246,-0.005616710868122899
2006-06-01,-0.0030559398124827553,0.0060022866641169514,0.0007188368205048863
2006-06-02,0.012409169145583654,0.014680635264124442,0.015139162733690759
2006-06-05,0.0005072627534592478,-0.003094976281808881,-0.0014317692551613082
2006-06-06,-0.011689696970569874,-0.012727755556909082,-0.008344278009153272
2006-06-07,-0.001357408705621177,-0.002358370618544492,-0.0010842526030850896
2006-06-08,-5.304973506092825e-05,-0.010480264317412114,-0.0038807338802542054
2006-06-09,0.0018958937788815522,0.0062114875716692275,0.004243182002778933
2006-06-12,-0.003144673924888264,-0.0037986059013841444,-0.0007324588599625147
2006-06-13,-0.011160890500653942,-0.017000241938529226,-0.009406429850256415
2006-06-14,-0.010051678582522428,-0.007273755475966426,-0.0059951878555089206
2006-06-15,0.004446378086251368,0.009036764602496472,0.0016323277428615503
2006-06-16,0.008432036775473328,0.015278040740696053,0.009214159415365408
2006-06-19,-0.002018092038670205,0.0008780662272533934,-0.0017870818053098872
2006-06-20,-0.005182104516848862,-0.011084328114794761,-0.007030623628530064
2006-06-21,0.001923135020390765,-8.055032997500433e-05,0.0005223997714570494
2006-06-22,0.002088100789231717,0.0076611555505172735,0.0026500709777615757
2006-06-23,-0.005428433811319966,-0.004962073143302881,-0.004027036291115937
2006-06-26,0.001645150302558962,0.0016893928368992839,5.698683388928312e-05
2006-06-27,0.0010163824965392365,0.0037738611024782376,0.002072575457297887
2006-06-28,-0.004467604051066054,-0.006559780943464211,-0.002736896601380168
2006-06-29,0.00629408938385434,0.008132375921903634,0.004640702351806292
2006-06-30,0.013845512119853964,0.018690248920429253,0.01083121244073859
2006-07-03,0.0012393548129763232,-0.000861928384113364,0.00296383658890238
2006-07-05,-0.0015389092948246974,-0.0010990269284355536,-0.003043388104487055
2006-07-06,-0.001407680799061839,-0.0007069954210713325,-0.0007598474832427149
2006-07-07,0.0036725442360305838,-7.886840338777734e-05,0.004128802355348715
2006-07-10,0.00017600635178594004,-0.0019654806102302746,-0.0012747154391402839
2006-07-11,0.0031405218535776047,-0.0025996129922830624,0.00038876249487838086
2006-07-12,0.005327344016450963,0.004265167210558918,0.0013298307282499698
2006-07-13,-0.009236771823450285,-0.013370267032444483,-0.006267328888459778
2006-07-14,-0.004065727148213627,-0.010522049723422522,-0.005746543711148999
2006-07-17,-0.0075182534627264985,-0.004914499088859436,-0.0022412413568676294
2006-07-18,0.0024011103233050335,0.0015387365635168848,-0.00034783563449076755
2006-07-19,-0.001709201580716746,0.0037991723032038127,0.00053200858780178
2006-07-20,0.01692072947733303,0.015622392177337074,0.012409364170561467
2006-07-21,-0.0031644691184398166,-0.0076911859435120355,-0.0016489775116862227
2006-07-24,-0.003434812516988184,-0.005672977444540206,-0.0042913500438704014
2006-07-25,0.006270878598228391,0.012375569835127997,0.006582012791802904
2006-07-26,0.0047060947562496125,0.004841627465523635,0.0014032994993126379
2006-07-27,0.0029829649300479044,0.006240832930062057,0.0064294246628428635
2006-07-28,-0.0016610056547450291,-0.0026691146489339346,-0.0008055285442391201
2006-07-31,0.004722851503342174,0.004880373662705884,0.002787636462998755
2006-08-01,-0.0033015706295347336,-0.0025065750837969247,-0.001310473789077182
2006-08-02,0.0036577255827388022,0.0018843524874292417,0.0013652280515079607
2006-08-03,-0.0016357810183200705,-0.0018809743424546,8.979800635833257e-05
2006-08-04,0.011387709606151653,0.013664639520149846,0.011795574725348645
2006-08-07,-0.006511431350717745,-0.009142265553855888,-0.005809610041466118
2006-08-08,9.741501137505715e-05,0.0014856417293527269,0.0011233639356866387
2006-08-09,8.220163077954368e-05,0.0007026345957577007,-0.002495928994210317
2006-08-10,-0.01037339745667909,-0.012482085575796553,-0.0070228164463187245
2006-08-11,0.0031615635236819095,0.004660571588492868,0.0010256494238196634
2006-08-14,0.0001877585389262748,0.0036173603658322673,0.0016087178938282152
2006-08-15,0.005069277855623611,0.004857964521709723,0.0049302122587376205
2006-08-16,0.006153271774177904,0.008342801275015743,0.008689585589839987
2006-08-17,0.0020541348806752957,0.0020109603828919465,0.0021306748579958514
2006-08-18,0.0021038920595572996,0.00470722548114022,0.002593915716752448
2006-08-21,0.0005904272493146845,-7.674525509293595e-05,0.0007381235982820034
2006-08-22,-0.0017734113841014754,-0.0014593924845638373,-0.00036921527724280694
2006-08-23,0.002199764365840906,0.001461587781145024,0.0011526819523557386
2006-08-24,0.0005831654380645812,-0.0014596090712546417,0.000732315415615892
2006-08-25,-0.0021586218284782577,-0.002692322564441074,-0.0023932695330350917
2006-08-28,0.0005722830424457204,7.726065799351645e-05,0.00082585865520306
2006-08-29,0.004086517800557576,0.006478544439647127,0.0031551080339693002
2006-08-30,0.003604657649831422,0.0029121404102478987,0.004405997850605159
2006-08-31,0.0006470341305575555,-0.00015263519503605494,-0.000501594286917717
2006-09-01,0.0023799804961923687,0.002216128554829888,0.0023763021659827023
2006-09-05,0.003734912265392465,0.002821319376705933,0.0011907802243011911
2006-09-06,-0.004390328938566723,-0.003041395068221764,-0.004659165895400852
2006-09-07,-0.005743778983416381,-0.008008668655972828,-0.004620763980466114
2006-09-08,-0.0006443725713967119,0.00015420005770838685,0.002669140794683056
2006-09-11,-0.0013862353633002922,-0.0016917793871238374,-0.001015092619682134
2006-09-12,0.005409434580318839,0.0053907745181005495,0.0016800941314958793
2006-09-13,0.007409399389874505,0.008271695736407958,0.009002126694491564
2006-09-14,-0.002889269732745725,0.0024306846705919316,-0.0002683224643882378
2006-09-15,0.004523127389555626,0.007062240725963065,0.004739400981704378
2006-09-18,-0.0038911843135628343,-0.00392988705435704,-0.005958646925482491
2006-09-19,0.003296136295614982,0.0025035561209909574,0.005595807568378675
2006-09-20,0.0012076193739583019,0.0009842814818628032,0.0029575387276878917
2006-09-21,0.001916734256143915,0.002721547670667901,0.001496990471376458
2006-09-22,-0.0022749570603525227,-0.007088060802965979,0.0001390262161443008
2006-09-25,0.00209315693467782,0.00045542844648971403,0.0026020672476806173
2006-09-26,0.0023770260412632194,0.005845250042731731,0.004219394135281984
2006-09-27,0.004691367442271943,0.007472285143252488,0.005594464054284477
2006-09-28,0.0009987295584985567,0.001872593164902403,-0.002510698891295826
2006-09-29,-0.000123114621931375,0.0004482775568475095,0.0014316253417325786
2006-10-02,-0.0031971487466595505,-0.0019431113505431474,-0.002217572414083535
2006-10-03,-0.0030570010983067553,-0.004867018322389338,-0.0015732295978659213
2006-10-04,0.0016943442960710708,0.002558206185022671,0.0012217241006385216
2006-10-05,0.0074742152119653404,0.012684528833388331,0.008551012101435607
2006-10-06,-0.0015410394116248671,0.00022301575827543552,-0.0018765149340518761
2006-10-09,-0.002777716135219377,-0.0007413255984827227,-0.004889408956868379
2006-10-10,-0.0008115314616834457,0.0018541026391822868,0.00043102267065693307
2006-10-11,-0.0029805640778955977,-0.0019248652208629924,-0.0011549593098400203
2006-10-12,0.003413791051902093,0.004524428907680678,0.0012596183103631196
2006-10-13,0.002577616098498714,0.0052415189113650396,0.0015927174020202272
2006-10-16,-0.0004044722817591051,0.002643836982539449,0.002090270140791395
2006-10-17,0.0019073578805799407,-0.0003660111787812115,0.0019774645268362478
2006-10-18,0.002935322976441279,0.004176584247276516,0.0016412542725288137
2006-10-19,0.0005788821561298896,-0.004743317283797732,-0.003302366790014655
2006-10-20,0.001191311938741224,0.003299403263573364,0.0020708036355221006
2006-10-23,-0.003829763046193202,-0.0020460285193220074,-0.0033277712479448333
2006-10-24,0.0041500543932813105,0.005272229143824081,0.0032551178315213033
2006-10-25,0.0012556032401138673,0.0033508834606030824,0.0024694446371284155
2006-10-26,0.006286490861081573,0.006679140317353616,0.008040929448273592
2006-10-27,0.003222238817893519,-0.00036039678895183336,0.003731824695440578
2006-10-30,-0.004941562874511307,-0.006853743867887618,-0.0046966746258888074
2006-10-31,0.0023005483898212997,0.0029785593347804173,0.0034070755519568507
2006-11-01,0.002581404240324492,0.0010862989905542353,0.003814264380650867
2006-11-02,-0.007199435704071333,-0.012371497245740937,-0.007333675065468092
2006-11-03,0.0017412203819884287,0.005567193024205164,-0.0009441808305153286
2006-11-06,-0.003087239539389497,-0.0022580271269675434,-0.0027981338269997603
2006-11-07,0.007967175989379793,0.009053333114939388,0.009642516203800433
2006-11-08,-0.0017801818280304138,-0.0014468786501149467,-0.0010474166700157107
2006-11-09,0.003132404141405143,0.007318729906028665,0.005422189512949149
2006-11-10,-0.007112473516829199,-0.006258649867322497,-0.0029503898503548953
2006-11-13,9.611663813591242e-05,0.0002893071841916228,0.0010210371267259876
2006-11-14,0.003580486804193761,0.0057173149817373314,0.005656893885239089
2006-11-15,0.003133297492359688,0.004317568136159133,0.0013064036306104751
2006-11-16,0.005061100203963331,0.006233327328114546,0.003517616955984604
2006-11-17,-0.0007608953462853174,-0.003631369678181673,-0.0041339285875744425
2006-11-20,0.004156501330973894,0.002644044504386933,0.0035515587607974023
2006-11-21,0.00018315567444826542,0.0013549501221057358,0.0014352283611194228
2006-11-22,-0.0004152412133123784,0.0018499120433492777,0.002085842525023107
2006-11-24,0.00021601519958269755,-0.0036231499867498407,-0.00044761010770306693
2006-11-27,-0.0016379617955126768,0.00028522201123570845,-0.0021202267931153427
2006-11-28,-0.005758154387992209,-0.014542523272568997,-0.004248452413071014
2006-11-29,0.003639410817638078,0.008897817654522022,0.005601543651558049
2006-11-30,0.0043141581611441104,0.006954642438411929,0.00404147251392657
2006-12-01,0.002251437798245437,0.0006408479813355683,0.0019287889922295245
2006-12-04,-0.003928735297683672,-0.0019923939945576397,-0.0011079136088615992
2006-12-05,0.00809529301733547,0.009340378905815738,0.0058674534068575476
2006-12-06,-0.0010365187989952451,0.0021901620225766028,-0.0001309626956773613
2006-12-07,0.0011899404332755825,0.001127340188477044,0.0005006542495360922
2006-12-08,-0.0029245383533025304,-0.0063362568362287375,-0.004417281405988072
2006-12-11,0.0018754529384978902,0.002054382170243896,0.00026400157312869157
2006-12-12,0.00026014697062559655,0.0019099224694245631,0.0015874910461275871
2006-12-13,-0.00010941053147961455,0.0038103916830825035,0.00043440468132658326
2006-12-14,-0.0011759718547220688,-0.002600770372883199,-0.003730565323941981
2006-12-15,0.006571289523224388,0.011099978726005322,0.010044310623972576
2006-12-18,-0.002447015495847471,-0.0007007104764467087,-0.004218063490970714
2006-12-19,-0.003154344715700419,-0.006945360181642379,-0.0051035438495550915
2006-12-20,0.004740164098314903,0.005156815254246938,0.0037198418027223124
2006-12-21,-0.00016095286185235924,-6.988141246377921e-05,0.0002256630021963524
2006-12-22,0.0003190377500466024,-0.004428309209734249,-0.002122048294656742
2006-12-26,-0.0034734908383771135,-0.005859592964001181,-0.00520745457431151
2006-12-27,0.005486765042784558,0.007527543181800711,0.005109980853959373
2006-12-28,0.0014489376502280216,0.003806533739889817,0.000581405859237849
2006-12-29,-0.004632481198055705,-0.0024578676770145025,-0.003949512537058175
2007-01-03,0.0036010287400236596,0.0013372989503315225,0.004741258260180992
2007-01-04,-0.0014914190626207358,-0.007170325509780362,-0.004302233976323144
2007-01-05,-0.0013115861657414518,0.0007079619079364274,-0.001458142706053467
2007-01-08,-0.004507451178221267,-0.0036086364613404642,-0.0007238782157680699
2007-01-09,0.00438155582831401,0.0034798659376584773,0.00370372117505795
2007-01-10,-0.0034265472620272908,-0.005165944114075449,-0.00493193619243959
2007-01-11,0.004252781089774782,0.007113172926711098,0.0030101722473144577
2007-01-12,0.00416138483342543,0.004026082201655123,-0.00046752771965619154
2007-01-16,0.003113681893196274,0.006472067524801339,0.00424594016203157
2007-01-17,0.001482502634003513,-0.0015376451775170885,-0.0010129772213332445
2007-01-18,0.0030913735543203202,0.002239995532055783,0.00011936104450631629
2007-01-19,-0.002082052407471058,-0.004400364820394964,-0.0016848821336774567
2007-01-22,0.0015192176827922843,0.0037184473986842104,0.0022313651131771637
2007-01-23,-0.0029123476420352956,-0.0056614835803627805,-0.0039869004237343296
2007-01-24,0.002080667022762883,0.0049900599226768705,0.0013579217207808636
2007-01-25,0.004203180929801986,0.006225871627755675,0.0027772258777109646
2007-01-26,-0.009290598439060771,-0.008967221052629482,-0.008444802512468996
2007-01-29,-0.0001346776799585614,-0.002665274646263538,-0.0003083130079389873
2007-01-30,-0.0005950202037453556,0.0011253961578630012,-0.00010598908820411699
2007-01-31,0.0007179034627227132,0.001966670340307397,0.0003053289337994423
2007-02-01,0.012176000576414436,0.010656869284005221,0.01242350185247263
2007-02-02,0.0007586291291263869,0.004023627296163346,-0.00018756152795824672
2007-02-05,0.0003336182052944281,-0.00020727182732582783,0.0013458457903977373
2007-02-06,0.00047048879784861164,0.0018659167917096653,0.00020416505292875076
2007-02-07,0.0004635071826248893,0.0010342708464956551,0.0038318485898686918
2007-02-08,0.00013463842347105626,-0.002342819953003228,-0.0009960190897867925
2007-02-09,-0.00018259627095451592,0.0019343419012989305,0.0007057336359426625
2007-02-12,-0.0035802720307088753,-0.0077210417399289355,-0.006453023415285885
2007-02-13,-0.0018466023958938482,-0.0011808563350067525,-0.0007085059493576961
2007-02-14,0.00527450988774425,0.007164020466885246,0.004435577844656224
2007-02-15,0.006598826474222719,0.006007984793903409,0.008220889879793658
2007-02-16,-4.19493896667289e-05,-0.0015783249979177683,-0.0006761176191655059
2007-02-20,0.003162889391119972,0.0008250718621118924,8.887417570342394e-05
2007-02-21,-0.0025010855072844507,0.0003436743191358449,0.0003414928530315553
2007-02-22,0.0025174716241802564,0.0030214933016590173,0.0012710696104529795
2007-02-23,-0.0023358549583829546,-0.0021224421215355616,-0.0007306042210516228
2007-02-26,0.0014539238276762845,0.0006174788091608541,0.003171852579016399
2007-02-27,-0.006636293290474771,-0.013371773474337045,-0.005375956884822617
2007-02-28,-0.01443155170691568,-0.024256463091662628,-0.012681526346345784
2007-03-01,-0.006509855326931158,-0.007479053420558879,-0.00242546368230232
2007-03-02,0.0021688545301492557,0.005095345443648203,0.001639558090690407
2007-03-05,-0.011545961004785221,-0.015137425684944361,-0.00677076036771318
2007-03-06,0.004088056346778224,0.0061627185156145625,0.0018411045171036642
2007-03-07,0.003951602435548596,0.005836525753982746,0.0035908488572330643
2007-03-08,0.0035934191629165557,0.006805614179362873,0.005015519187967765
2007-03-09,0.002894381448008687,0.00547900919036759,-0.0007439443060958339
2007-03-12,-0.0012461029756660746,-0.0062982114820875346,-0.002212375958208579
2007-03-13,4.131023094733344e-05,-0.0017095859488484022,0.001202894757822093
2007-03-14,-0.010088067885157481,-0.01248341610976822,-0.007844327911757975
2007-03-15,0.0013328272764290272,0.0039009038519757233,0.0006100494175055092
2007-03-16,0.005905093897510261,0.006421924811080171,0.0034517094952446923
2007-03-19,0.0009683233247144152,-0.00035857125659466416,-0.0006164672021030659
2007-03-20,0.002534862238950497,0.005888485057761406,0.005006743828436955
2007-03-21,0.007640821234497164,0.007281441614347406,0.002010977073362596
2007-03-22,0.009903172352759393,0.016867569462252874,0.010567850385688792
2007-03-23,-0.0027701755058018307,-0.0013941903444393278,-0.002132631387459205
2007-03-26,-2.1123640007725264e-05,0.0015356932513543864,-0.0016351679277087695
2007-03-27,-0.00120422953339272,-0.0026483824797679523,-0.0014988867386077631
2007-03-28,-0.004233362041984434,-0.00684712573793822,-0.002889355499733637
2007-03-29,0.0011882882028864117,0.0028139734463399346,2.3326898184494608e-05
2007-03-30,0.00037362025078713224,-0.002104699951586686,-0.0007659196412438396
2007-04-02,-0.000216016622524573,-0.0005626362366882853,-0.0013002884815229044
2007-04-03,0.006698726924447618,0.005698351057701778,0.0030103493173665005
2007-04-04,0.003630291786568929,0.005035761627720348,0.003703095917655563
2007-04-05,0.002080079661310741,-0.00013905131956526429,-0.00040087918178726144
2007-04-09,0.003379493271885581,0.006820876376618212,0.0003693840191990815
2007-04-10,5.645398606701768e-05,-0.002212050503279106,-0.00082300611195254
2007-04-11,0.0006945190998655093,0.0033950736208527843,0.0024033181490328735
2007-04-12,-0.0037144304430708486,-0.007457827065810219,-0.004337509907674408
2007-04-13,0.005979954873766902,0.00807060249739866,0.004430694913446454
2007-04-16,0.004650601901258877,0.006418068225863216,0.003805080854157472
2007-04-17,0.005869801005483621,0.007816889491899515,0.006932789786279292
2007-04-18,0.0010615395771895741,-0.002516999931215458,0.0006742472775831624
2007-04-19,-0.0006545596479372584,-0.0003414082541527419,0.0011078198256219587
2007-04-20,0.006192814381444034,0.011395354652308898,0.005889797896350002
2007-04-23,0.0012353926067392162,0.00101233368669984,-0.0007941078050185624
2007-04-24,0.0017243432003646308,-0.0009435813940193993,0.0008403897312447619
2007-04-25,0.002708462156458369,0.0033732542398829946,0.0025666112328270874
2007-04-26,0.002159711294851041,0.005109905998869069,0.0024337285187546963
2007-04-27,-0.004973519395496728,-0.002675900446817314,-0.0035055261708492047
2007-04-30,0.0007707257551876623,0.003689024427933729,0.0036676580115708735
2007-05-01,-0.005486773000057954,-0.00815284229309321,-0.0022892052645592906
2007-05-02,0.0040710708424220865,0.0032334549834123205,0.0013076323070937866
2007-05-03,0.0040544606489434365,0.007186122952468121,0.003995108229312238
2007-05-04,0.004644358413014249,0.005201486533052968,0.0037994197983135082
2007-05-07,-0.0018532838868998702,0.0008625672037281262,0.0013312681434558549
2007-05-08,0.0006399205132079366,-0.0019884456676716455,0.0002047710356415822
2007-05-09,-0.0024959320083440817,0.00039804434090551233,-0.0013790362104106001
2007-05-10,-0.0007509987394770379,0.0005980662523910052,-0.0007692931630002954
2007-05-11,-0.006586068357622876,-0.00650192170040409,-0.002814905196265549
2007-05-14,0.0037181037155864516,0.00741205399584266,0.0025970456487415913
2007-05-15,-0.0015158698069093202,-0.001060509340287119,-0.0008173414396828171
2007-05-16,0.003402442901614622,0.0006635709302227344,-0.0010988683524117083
2007-05-17,0.00012666075659151232,0.0038464743456947392,0.0011239994387104877
2007-05-18,0.0003755058703425185,0.004161658819447744,0.0013556935125135002
2007-05-21,0.0026274464355062754,0.003749714625131295,0.0003262501921558411
2007-05-22,0.0021357238483161733,0.0007862957653055336,0.00162237705021826
2007-05-23,-0.0007231958373672409,0.0016374956659879203,-0.0005776374252099538
2007-05-24,-0.006518002020373115,-0.002746326912367203,-0.003398415406337718
2007-05-25,-0.006428938872214518,-0.00675291016515811,-0.00432891695820381
2007-05-29,-0.0006064507722499668,0.0029046403935260035,0.002251840593559295
2007-05-30,0.0007974079904484732,-0.003159394387000747,-0.0006008740034677993
2007-05-31,0.00819543624802277,0.014591693066794642,0.007694859010594391
2007-06-01,0.0012535285627512938,0.0013661331686511957,-0.0006708252308814888
2007-06-04,-0.0022477062357666444,-0.002209644931151611,-0.0016515392797493479
2007-06-05,-0.00110831369166553,0.0013030444271262542,0.0010611070181022254
2007-06-06,-0.0072733654329308894,-0.005723911474143972,-0.005902493591637881
2007-06-07,-0.010065822887073805,-0.008504667494813378,-0.008523608726368637
2007-06-08,-0.0158601496728642,-0.013064017668173333,-0.01265926993486297
2007-06-11,0.005558608982689339,0.009025272470593704,0.00484093399354113
2007-06-12,-0.0021972163578292125,-0.0017226168155374255,-0.003812427215779057
2007-06-13,0.0013925527295808315,-0.0011285310620261502,-0.0016905491550120557
2007-06-14,0.005794270054388706,0.010365462399805292,0.00834790002887118
2007-06-15,0.00896026924567428,0.011442993612789554,0.008212912475482082
2007-06-18,-0.00023192769311974892,0.001567520148079815,0.0019474188445323115
2007-06-19,-0.0038064933754001773,-0.0054115212162144655,-0.0023383494332722687
2007-06-20,0.004200047023126485,0.006751774900155105,0.005005650116083516
2007-06-21,-0.014666569707527666,-0.016278194282096092,-0.012051889377464976
2007-06-22,0.0009915218440257334,0.002912326141826016,-0.0005991749400767524
2007-06-25,-0.003350535130423604,-0.008447531531005192,0.0002298851691775244
2007-06-26,0.00029537971321969003,-0.00019939607595254039,0.0005455379468929157
2007-06-27,-0.008206013130536816,-0.013847141299873855,-0.0067895823762824
2007-06-28,0.009237459726920694,0.015189168157270005,0.007742320925773116
2007-06-29,0.0033694946839850637,0.003457775399301921,0.004589231123093063
2007-07-02,0.0017669606002819194,-0.00019891975596275646,0.0012282060970248533
2007-07-03,0.007346953921396393,0.008682909959492502,0.007284762278763424
2007-07-05,-0.0037114860351300516,0.001445972974971843,-0.003542907751709823
2007-07-06,-0.0042504454308505135,-0.0001317509500610159,-0.00373224308673088
2007-07-09,0.007229285613987724,0.005118828787552765,0.004651498208957871
2007-07-10,-0.0010814566354960808,-0.00568006395724141,-0.0004984805550209523
2007-07-11,-0.005120296013671921,-0.010112582242572499,-0.0038426121112025147
2007-07-12,0.005800835604400589,0.010746052977209875,0.004564508628484231
2007-07-13,0.0077986021516960324,0.01443902209203074,0.008190060345664562
2007-07-16,0.0020409569390702487,0.002717187760514994,0.001961691951014677
2007-07-17,-0.0009162952406640557,-0.0003872268709252946,0.0013772000126798024
2007-07-18,-0.0013258754272067463,-0.004518000140872225,-0.0023811773451097194
2007-07-19,0.002328183398798256,0.006289115297821057,0.0036326786947984413
2007-07-20,0.0004661210490672918,-0.0019973896910383537,0.0010624337404949284
2007-07-23,-0.0003450862350752315,-0.0045838696266480294,-0.0012975313895034809
2007-07-24,-0.002041451075088352,-0.006874914798689513,-0.0026314597307920623
2007-07-25,-0.0010354126896975346,-0.007183962520056153,-0.004031215708580115
2007-07-26,-0.012237920887183562,-0.012037879205380464,-0.00410887960481181
2007-07-27,-0.009626842427144955,-0.013183551883207745,-0.006480888535718687
2007-07-30,-0.008520495805575456,-0.015383607959829626,-0.008586518858461978
2007-07-31,0.010631765654995462,0.016446199146947782,0.009592398239035838
2007-08-01,-0.011026602653093742,-0.021236246674386172,-0.010580679139538796
2007-08-02,0.0068680613823632886,0.010882738697762795,0.006300384817307103
2007-08-03,0.0028444206203810385,0.0035432112673012828,0.0024474049619138236
2007-08-06,-0.004834030017004998,-0.020844283847076928,-0.010582204402964888
2007-08-07,0.0038695980480785153,0.011996352081419692,0.005966606526234574
2007-08-08,0.009318304471994221,0.01692480249306061,0.0076843654526137055
2007-08-09,-0.006670450379986259,-0.006603117360881039,-0.00460638778945095
2007-08-10,-0.01352411232466022,-0.020619827034386473,-0.013571066127197228
2007-08-13,0.007946042091828254,0.014612919385727396,0.0061316207043807126
2007-08-14,-0.0009861971367001177,-0.005460849704923332,-0.002810846548037693
2007-08-15,-0.012360664685035161,-0.020453088913866435,-0.009342307316453689
2007-08-16,-0.009813954522665203,-0.020529700854728827,-0.011302186777315247
2007-08-17,0.01652783182554929,0.040847482503927335,0.022344211451332762
2007-08-20,-0.001429188169757123,-0.00226864758586931,0.00123146557261542
2007-08-21,-0.0032144282317897455,-0.003926142284906287,-0.0017116054985872654
2007-08-22,0.006980715562205697,0.009751066361171512,0.0056208388744544814
2007-08-23,0.004830375008546994,0.009108791726169851,0.005649159677613369
2007-08-24,-0.0005984049222987897,-0.005836978648344204,-0.00037901381475540213
2007-08-27,0.007259857851006579,0.009353211081653656,0.007936152832110688
2007-08-28,-0.003330097924736486,-0.01143033526566306,-0.006178394125486264
2007-08-29,-0.0060129078831506755,-0.012247235470132845,-0.007076621395575921
2007-08-30,0.0037321336372238,0.007480961410239351,0.005030780360594144
2007-08-31,0.009608724846593253,0.015125498110927005,0.008984809279649219
2007-09-04,0.0019505889407374077,-0.0013544338495204977,0.0019111105232807236
2007-09-05,0.001436620688080481,0.005086553064121091,0.002736791482743772
2007-09-06,0.0038897696994710795,-0.0016873807192916424,0.0014663832877600317
2007-09-07,0.00030978662373182253,-0.009935610356043623,-0.0039904779558099564
2007-09-10,0.0035773519275275056,0.0002733238339738264,0.003506259779407994
2007-09-11,0.001360771142227879,-0.0019114456599996776,0.0005327691978821883
2007-09-12,0.005660624040370932,0.007180320315343991,0.004396582438389007
2007-09-13,0.0035339543957972896,0.00855429728528656,0.0024921915695407027
2007-09-14,-0.0033581569918942344,-0.003971767054040676,-0.0011429463329443834
2007-09-17,-0.0010423096621690053,0.002365145644114497,-0.0019368175052246529
2007-09-18,0.004038725281424904,0.003506550491066296,0.0020146453675935483
2007-09-19,0.011536264113018557,0.03077371146890795,0.013609103722319158
2007-09-20,-0.00040813311389298335,-0.0004563736084578496,-0.0026637669658681196
2007-09-21,0.0019728127492273373,0.0006155782422971878,-0.00235230406288598
2007-09-24,0.0006191793172583004,-0.0018989687789041643,0.0009158448439492428
2007-09-25,-0.0037614786301505276,-0.010562770129018406,-0.004202052667549449
2007-09-26,0.004602603865608623,0.009548383507677283,0.0017515214472206154
2007-09-27,0.00491314032756085,0.004335202706155394,0.005431564772083908
2007-09-28,0.0040610190967849125,-0.0003922374099871728,0.003935022027118551
2007-10-01,-0.0006053714652437536,-0.0016358503214231046,-0.001536762692606386
2007-10-02,0.00203743167548609,0.013171735369494897,0.008173788748504673
2007-10-03,-0.0020892082307385484,-0.005174380178503135,-0.0004907962802398022
2007-10-04,-0.0015212953996364131,0.001950211420220782,-0.0002624675518530851
2007-10-05,0.0038347138302219363,0.005970144969618119,0.0004361473534380874
2007-10-08,-0.0012498769446068758,0.0023218367281399033,-0.0010528857822385885
2007-10-09,0.0021202035361367333,0.001351188901375755,0.0025884247782716144
2007-10-10,0.005016954564614151,0.0028279550261758324,0.0008799617650032675
2007-10-11,0.00369229254062331,0.005703920151086894,0.0013309595373268476
2007-10-12,-0.0007791439873404693,-0.00936703360641089,-0.005620284928338703
2007-10-15,-0.0035741298534779364,0.005209802790447471,0.0029434123086885308
2007-10-16,-0.0007114216027561682,-0.01190214060404915,-0.006364311414627854
2007-10-17,0.005007420135370921,0.0036909906556319427,0.00276220287341653
2007-10-18,-0.0031038687771759443,-0.00987139526001013,0.00018422532238358044
2007-10-19,0.005465600986392705,-0.0023462340636232204,0.0009263321791002309
2007-10-22,-0.015670189439511595,-0.027631155859446532,-0.012339073837224414
2007-10-23,0.010506677226255867,0.01746626939383744,0.009066411975316324
2007-10-24,0.0016752480698616345,-0.001650912200184318,0.0010037799445102417
2007-10-25,0.001862466650047967,0.002910304722321122,0.0032898461607405952
2007-10-26,0.0008114985762115445,0.009297320321476121,0.0025471133973447462
2007-10-29,0.013308620582689556,0.005684550184334114,0.003986367846527994
2007-10-30,-0.003309115530377049,-0.0031183746435127224,-0.000854446703929601
2007-10-31,-0.004753328791858302,0.0034537097175320053,0.0010582935647353684
2007-11-01,0.009659074812585544,-0.004481294391904811,-0.0033271477615953505
2007-11-02,-0.009404822768476206,-0.01148111789290407,-0.004709467582416349
2007-11-05,0.00020767467175675236,-0.01247298155362997,-0.004344208535787741
2007-11-06,0.006394000376868325,0.00815263189785731,0.0024340987014425768
2007-11-07,0.0077576933310843366,-0.0027837815246312125,-0.0019348717464902077
2007-11-08,-0.012597639571878871,-0.01628556065885922,-0.009285648248317546
2007-11-09,-0.006209111121091904,-0.01554132837242228,-0.0076036396479653105
2007-11-12,-0.004435749232114983,-0.0032946256227658344,0.002197504767282843
2007-11-13,0.00871115665413913,0.0011014950885779307,-0.0018181199277612415
2007-11-14,0.007851998954182982,0.02648417174395612,0.013834291712931934
2007-11-15,-0.009971613970708448,-0.01775929740322002,-0.007753059037285692
2007-11-16,0.005261550033643925,-0.001773222542489794,0.0018178300314020568
2007-11-19,-0.0036246857450528136,-0.007040648890470513,-0.0030537697392168045
2007-11-20,0.0026794437863197906,-0.008672643092362264,-0.0028262622590388806
2007-11-21,-0.006228308444624964,-0.00652657744085039,-0.0025837756241642524
2007-11-23,0.0041990170003158855,-6.987543479142211e-05,0.00012953269437603334
2007-11-26,0.015007610650726644,0.009505461398019,0.009042417473663323
2007-11-27,-0.013503428547189666,-0.01862467276957247,-0.008033266501652214
2007-11-28,0.007512697143004843,0.017285164375959505,0.008685789749907878
2007-11-29,0.0032338013125869924,0.01685279825984476,0.011211920039719247
2007-11-30,0.007879222831584709,0.01650528940993823,0.005937546692959738
2007-12-03,0.001777919203199918,-0.00570371901050537,0.0019419666142449729
2007-12-04,-0.005769691572073965,-0.010324289544495047,-0.005603151659455241
2007-12-05,0.007846074865810904,0.008659640497872712,0.0023296125058855028
2007-12-06,-0.006132048850761906,0.004731942162037539,-0.0009820664856755369
2007-12-07,0.0037017267139629606,0.018771665851145203,0.006376507281201427
2007-12-10,0.0014832429477786846,-0.0009244106822500209,-0.002897622352639595
2007-12-11,0.0022347957265633767,0.00568444192905071,0.003803511803742587
2007-12-12,0.0017211258544280739,-0.007098899938873582,-0.005480155540192144
2007-12-13,-0.016439166783182357,-0.018138334873004425,-0.010183281021503898
2007-12-14,-0.0037890098617843204,-0.0026298630557149982,-0.005158351828733898
2007-12-17,-0.007480112250662363,-0.00892262281056555,-0.0041200750485455686
2007-12-18,0.008876469686046162,-0.0034785861005616203,0.00019689915212921542
2007-12-19,-0.00478569479433566,-0.0010951653348734158,0.002880139062330711
2007-12-20,0.007964984736290148,0.0061666768765482605,0.007423264554841635
2007-12-21,0.004040887455045494,0.00893610376433629,0.0038172569552854525
2007-12-24,0.00303729014255838,0.009839205267298645,-0.001329665693761895
2007-12-26,0.001310522113045165,-0.001142647016638687,-0.001562828601349109
2007-12-27,0.002381848254624508,0.0024892170542152314,0.0024832380006106548
2007-12-28,0.0011612121318571589,-0.003220833701047421,0.001456299030534747
2007-12-31,-0.0011507360964995161,-0.00969464941811471,-0.0008842340543896206
2008-01-02,-0.002959979808399682,-0.0038750471452566604,-0.0002992036677498698
2008-01-03,-0.00046457692575818665,-0.011055715029145263,-0.0034159287635496137
2008-01-04,-0.003909573461158278,-0.010834141628917715,-0.0043731896376951965
2008-01-07,-0.002193588653052636,-0.010673827444799056,-0.007758848597696799
2008-01-08,0.009807674827493118,0.001903725917635768,0.0022467120185613258
2008-01-09,-0.004031235096302321,-0.021044050198683273,-0.011143961084323983
2008-01-10,0.002290892889938556,0.004241409028668874,0.002882237875694438
2008-01-11,0.002090020254203573,0.007875324092916358,-0.0009664411204588054
2008-01-14,0.003512255377945861,0.0026992239809549012,0.004527731861411955
2008-01-15,-0.0032435166468014476,-0.009705485281947701,-0.001746755903320651
2008-01-16,-0.010577517131951097,-0.017383103143657763,-0.008243841551967179
2008-01-17,-0.0004783282900004959,0.00327595975195738,-0.0010443044034777142
2008-01-18,-0.010494882021562346,-0.022276828712967656,-0.010881370147132797
2008-01-22,-0.04381326822624132,-0.05588587452037774,-0.02993101796044615
2008-01-23,0.01581426789290008,-0.000943179677232231,0.005947699463767298
2008-01-24,0.032650348845544075,0.058148039120950346,0.02496843447903898
2008-01-25,-0.0005823671045707135,0.015095226188850397,0.0033638864201004813
2008-01-28,-0.010512191792148795,-0.023807584527599346,-0.00795677971722588
2008-01-29,0.01110480286594484,0.02131166654292649,0.01111432308634983
2008-01-30,-0.005115610485776023,-0.0038209759541261157,-0.004769349240804788
2008-01-31,-0.007762102823776096,-0.01607880555444874,-0.007070215115291311
2008-02-01,0.017279962247273684,0.03403285023375502,0.020546520684492676
2008-02-04,-0.0009317405682220947,0.009206817133621703,0.0029555746271888944
2008-02-05,-0.00685569635305372,-0.023489283897328517,-0.009771473367273818
2008-02-06,-0.0036499701636292237,-0.010004516950906983,-0.009272744526750355
2008-02-07,-0.008115426443285334,-0.020657126761091993,-0.012816551133120501
2008-02-08,0.003243796174474678,0.009787751349243257,0.0004559599707774078
2008-02-11,0.001160967091487164,7.49860683517678e-05,0.004463301622658155
2008-02-12,0.007305633029777381,0.013598788520649885,0.004086213783397374
2008-02-13,0.0015770067289242462,0.00815366461732614,0.0032205968790067537
2008-02-14,-0.002185191795022301,0.006911186695994109,-0.0007170509202408587
2008-02-15,-0.007896700102769105,-0.01788952225027618,-0.011561355373423598
2008-02-19,0.012102600603856928,0.016505152258208478,0.007850515043979999
2008-02-20,-0.011420729274894348,-0.019967515155274396,-0.0142625000778722
2008-02-21,0.018832730126478348,0.019926988511719923,0.018400663588432307
2008-02-22,-0.007066801327102912,-0.012366703505145016,-0.005639082508727777
2008-02-25,0.002238377285389115,0.004223108763514505,0.0001986687006849232
2008-02-26,7.847228532131822e-05,0.008927484523303164,0.0010495964737800454
2008-02-27,0.008394419367772077,0.005923251193386658,0.005620740709709793
2008-02-28,-0.00169461455957165,-0.0023265078844130205,0.002585433009533001
2008-02-29,-0.0010468713696317744,-0.011949942846073092,-0.0014955712617396024
2008-03-03,-0.005899675352038614,-0.018141537692652587,-0.0093159518780749
2008-03-04,0.000301619479395665,-0.006834731174966802,-0.002948126688530994
2008-03-05,0.000268644814330532,0.008999330091771895,0.0016526681579811077
2008-03-06,-0.003406297890195531,-0.0032979454554404875,-0.007308688106985529
2008-03-07,-0.007117873231997418,-0.024138859485057562,-0.008079641366432088
2008-03-10,-0.006217864986717059,0.0005392638200434341,-0.002163443797493736
2008-03-11,0.004026168195232271,0.006777760027882662,0.00531805289945031
2008-03-12,0.0050532926917319365,0.0154528996822354,0.009830848618873355
2008-03-13,-0.00021496535737353106,-0.02357991591919606,-0.005987184825576763
2008-03-14,0.00974511103185427,0.024380935502715806,0.012902596830749546
2008-03-17,-0.021652601855462583,-0.046697406883085546,-0.023917740316961544
2008-03-18,0.017538923507266935,0.0319980612666384,0.01798550271050807
2008-03-19,0.0026102298993875284,0.02694837394251559,0.01541375174643753
2008-03-20,-0.012932149900319656,-0.025690388006237574,-0.007508860025037168
2008-03-24,0.00829624646620486,0.025067056085063433,0.012895825812934313
2008-03-25,0.0048212453804110655,0.011626657373029925,0.0024156501751139807
2008-03-26,0.003376817210276828,-0.002965638274263549,-0.00010209090773769512
2008-03-27,-0.0018359092204253136,-0.001933721698524904,-0.005921183974103306
2008-03-28,-0.003100569248611351,-0.009016286061177659,-0.003507493552676366
2008-03-31,-0.005168532481140575,-0.012783383476107857,-0.0033791995735802374
2008-04-01,-0.0038341079946746515,0.01767128278317931,0.006869759414775878
2008-04-02,0.006850443160205222,0.02574624100039924,0.011988059786480765
2008-04-03,-0.0005641235163330593,-0.007953380594634796,-0.002601219993829451
2008-04-04,0.004050792706778772,0.00853241261183646,0.00795525855810988
2008-04-07,0.008009181655159958,0.005469266548381535,0.0009698204905391971
2008-04-08,-0.005014166629687122,-0.012185437939689625,-0.004943847735940721
2008-04-09,-5.946003886392326e-05,0.003083685772217848,-0.0007554404084288539
2008-04-10,0.001974327989971547,-0.008710713641623902,-0.002053667782404011
2008-04-11,-0.002018671647417425,-0.006867299969032792,-0.0029033910084178107
2008-04-14,-0.005687995310410865,-0.009666164000355026,-0.0068873386094284944
2008-04-15,0.0005863550407578799,0.0029280358763292824,-0.002103309526667197
2008-04-16,0.0037819277534669737,0.007186838474366519,0.001685515401115367
2008-04-17,0.0008354565750288145,0.01100024099064889,0.003103419260959583
2008-04-18,-0.001392288638111916,0.021467684372710405,0.008664411230871272
2008-04-21,-0.002414044969929474,-0.005110478064216828,-0.0012834335589902322
2008-04-22,6.507009450618106e-05,-0.0002890848381167377,0.0019907262896713632
2008-04-23,-0.004597647867465193,-0.0007235725231475865,0.00034079885907849493
2008-04-24,0.0001559967477149371,-7.233505297876697e-05,-0.0036097323368886602
2008-04-25,0.002937600111524663,0.00955906329320877,0.005215087893749848
2008-04-28,-0.0013592354422446995,0.003443675905940191,-0.0005817409313038538
2008-04-29,-0.0017957304340157076,-0.003503105114400329,0.0016128849509312376
2008-04-30,-0.000213699789975208,-0.0007170796235052013,-0.0002571264956233943
2008-05-01,-0.007886719618849014,-0.006533475232296526,0.001958708995143832
2008-05-02,0.009531420511215583,0.028616739185903572,0.010063885007615745
2008-05-05,0.0007151314493825112,-0.009062630074394673,-0.005088910221064213
2008-05-06,-0.0012325334801165377,-0.007302458098334297,-0.0037280661847582494
2008-05-07,-0.001311875491787018,0.013355114363362341,0.0024483975940454254
2008-05-08,-0.002306822281367915,-0.015152302155757025,-0.005961178949098911
2008-05-09,0.0005887070909806891,-0.008158452436768271,0.0007480980442509336
2008-05-12,0.0015862000689768063,0.0046906204925849515,0.002943992639057491
2008-05-13,-0.0006331776723023097,0.011130901048523212,0.0026677962062747968
2008-05-14,0.00025301106207265,0.0019173006084918232,0.0018910174783818069
2008-05-15,0.002282095516435323,-0.0002126322823060578,-0.0037363158663690004
2008-05-16,0.009737421122346213,0.012904416580558076,0.010857754781599605
2008-05-19,0.003024695166621516,-0.0003502119670055759,0.001444071781964551
2008-05-20,-0.0010028389438140328,-0.003781327424631886,-0.0014882432659860886
2008-05-21,0.0021227049713361534,-0.003233268679589063,-0.0036274097114593396
2008-05-22,-0.006245017458567759,-0.016783529435211886,-0.010591576076194762
2008-05-23,0.0009394196759886508,-0.0027248123282624936,-0.002070300248626622
2008-05-27,-0.008996324680152212,-0.008989767592327613,-0.007353763076834196
2008-05-28,0.0005357005192769826,0.00994224800863508,0.0022882105761830025
2008-05-29,-0.005995711629241396,-0.00028771601524346657,-0.002514063196737393
2008-05-30,0.00954604740095788,0.0096317497062679,0.006312524223944926
2008-06-02,-0.0008714270820721071,-0.004556897779825375,-0.0019480778402009677
2008-06-03,-0.006362781579483112,-0.003790403082416849,-0.0019189167234290984
2008-06-04,0.0029721100446340465,-0.011485389486884934,-0.0009842115909084901
2008-06-05,-0.003190016774483495,0.006391110963774427,-0.003036858246320141
2008-06-06,0.008011834443132582,0.006999069482309661,0.006960516294833141
2008-06-09,-0.00911970202834822,-0.019276010964989987,-0.01138868966414426
2008-06-10,-0.009878622340027787,-0.008695283935140297,-0.004465569571371452
2008-06-11,0.0020012946374521334,0.0022112353546925867,-0.0013210777079198713
2008-06-12,-0.009214877625380091,-0.0100752919352739,-0.008221465074468415
2008-06-13,0.000735829399361565,0.004234444685643934,-9.435470480356799e-05
2008-06-16,0.007495859605085586,0.002811485984877793,0.0023162392715644574
2008-06-17,0.00022203229866057939,0.011213524873887382,0.0069075531341067364
2008-06-18,-0.00535398658839914,-0.017363594289877216,-0.009789903936074507
2008-06-19,-0.0020817756411515287,-0.004009441780663647,-0.0013754778283540101
2008-06-20,0.0007191231521299635,-0.004811776672307477,-0.00101023741229076
2008-06-23,-0.0066579261185485406,-0.005646339390972921,-0.0027651268375814995
2008-06-24,-0.0017964833062902308,-0.00787318725481978,-0.003392021979274129
2008-06-25,0.004563954771724665,0.00511259470641412,0.004262889147973015
2008-06-26,0.00395739595704292,-0.00873084303218763,-0.0036943881057343256
2008-06-27,-0.003521479854603826,-0.017538323263491584,-0.0073140012710794615
2008-06-30,0.0004334969965174018,-0.0030401075259318677,0.0011407515941029179
2008-07-01,0.0005678783804583531,-0.010712333840262156,-0.00376747471511778
2008-07-02,0.008096707933116898,0.017941280824630867,0.0076142787187118526
2008-07-03,-0.0053470230544604425,-0.013044157645591192,-0.008913727851047626
2008-07-07,-0.0022157972066708664,-0.0025172343078635473,5.9879000658225306e-05
2008-07-08,-0.0024519930318575023,-0.014196842037569435,-0.0066501662932839205
2008-07-09,0.014796288485026343,0.02008136825785911,0.013951717053550361
2008-07-10,-0.0012826842264253013,-0.02407833747945043,-0.012768392588565368
2008-07-11,0.003127232870851593,-0.003696995133492975,-0.0014039500828964655
2008-07-14,-0.002794943261881788,0.010406276378649437,0.0013678173175797337
2008-07-15,-0.002279867657345225,-0.027622727731290375,-0.013585748635300463
2008-07-16,0.0020566497386012017,-0.002873448435553705,-0.005979027502468837
2008-07-17,0.004247800551986813,0.030382342728734857,0.014666815028626878
2008-07-18,0.0010502509386074443,0.008231278446009238,0.002747413433806445
2008-07-21,-0.002523507163259442,0.002694524613997773,0.0002508817124799111
2008-07-22,-0.0042874968236035205,-0.010750220213864292,-0.005609727715268598
2008-07-23,0.004207247170859407,0.02189356958307176,0.011282106588227191
2008-07-24,-0.0016695598479692375,0.0035189698972935,0.0026877829803664266
2008-07-25,-0.0034623388226378005,-0.019089842126420842,-0.01056840297396453
2008-07-28,0.002090539811018033,-0.0030187537645336437,-4.433632219611426e-05
2008-07-29,-0.005752359654855876,-0.01219013899104926,-0.008589296491297027
2008-07-30,0.0036516534639732257,0.025245817063046516,0.01263224391197002
2008-07-31,0.008673976847042075,0.0022814391291301472,0.008606484375278134
2008-08-01,-0.004424018315683176,-0.002197362733146968,-0.003147503488335546
2008-08-04,-0.005197074581861583,-0.00849603337446192,-0.004569816798950654
2008-08-05,0.0030605824465130826,-0.00015869895003173262,0.0010463892792391238
2008-08-06,0.00215395340134239,0.015870604391274412,0.005406395115243433
2008-08-07,0.002238217509040963,-0.00046897370688314677,0.0006918232275925141
2008-08-08,-0.007759060362407699,-0.010784548363849678,-0.0009093925056001366
2008-08-11,0.014318407640615316,0.022831507142766716,0.013220100487895748
2008-08-12,-0.0066767044558913025,0.006256467980165548,0.0038844487266794566
2008-08-13,-0.0023535879342786448,-0.011437327501193528,-0.00472748909791536
2008-08-14,-0.002861327299209626,-0.007375878202435793,-0.004598701166644492
2008-08-15,-0.001282124022738973,0.016348107499566833,0.011586233678014856
2008-08-18,0.00813429202665783,0.0038487071560115993,0.004079517564771961
2008-08-19,-0.011339084257812493,-0.023077685571899487,-0.012300210687921708
2008-08-20,0.004417015921229783,-0.00023546542803587478,-0.00039780789473295994
2008-08-21,-1.529317759940696e-05,-0.005024123071591058,-0.0019438326707287511
2008-08-22,0.0044278251486919995,0.01514770852628966,0.006867177352816256
2008-08-25,0.0022070989509903605,0.0010108282259269075,0.0049455588365176165
2008-08-26,-0.008374424699569394,-0.013819691761142172,-0.008971974943972371
2008-08-27,0.003593401236384297,0.004172284459485365,0.0005027211481476888
2008-08-28,0.008443144428206928,0.013563307185401996,0.009935164181043898
2008-08-29,-0.00010384257084239401,0.0034807980258271254,0.0025567110931282054
2008-09-02,-0.010792991512403427,0.002312173283892882,-0.0015987322469932065
2008-09-03,-0.0011796304037832162,-0.016534485224431572,-0.004371480186375319
2008-09-04,0.0008170802914153619,-0.007116072998221479,-0.0011717939276527862
2008-09-05,-0.009970837841594582,-0.0289829502060861,-0.013094950830368334
2008-09-08,0.011381261357016337,0.038526961418591466,0.018450226229050147
2008-09-09,0.001469389704459756,-0.007341339800878033,-0.00048503432301199006
2008-09-10,-0.011212820654760813,-0.025256178304135957,-0.014527263556803071
2008-09-11,-0.013288897477025441,-0.01428650252660646,-0.005196427250939872
2008-09-12,0.009799938184710477,0.01776942958571892,0.008264715549663482
2008-09-15,-0.000690717496666049,-0.02140164295416158,-0.012549878862954045
2008-09-16,0.003073106307257767,-0.03642212490831931,-0.0034487669536204385
2008-09-17,-0.008646785621414632,0.02081935168064164,0.005381992192935135
2008-09-18,0.013820896948544048,-0.013289901025964723,-0.011896075555212859
2008-09-19,0.03334452940554833,0.07948618712119893,0.030989412597132168
2008-09-22,-0.02686795319866464,-0.01775801755775097,-0.014618284701948836
2008-09-23,-0.004308072394630269,-0.028927646465417123,-0.014429753206164441
2008-09-24,-0.007014081800319594,-0.01241225751384989,-0.005908785622337964
2008-09-25,-0.0017316108164150412,0.00041940924636274524,0.0028909166328838776
2008-09-26,0.000257429878566251,-0.004774227984327584,-0.005063602090710995
2008-09-29,0.005842163186044802,0.002608839373172911,0.0062422119479788925
2008-09-30,-0.014013413982278289,-0.047255349742221675,-0.020493283951366598
2008-10-01,0.0031072224257922,0.01550521275056016,0.006394643792036225
2008-10-02,-0.0022060845740040635,-0.0027761585070492645,0.000541899072856844
2008-10-03,-0.0025192284445156865,-0.018181326722356395,-0.007553679779688438
2008-10-06,-0.017145246723738516,-0.05059376169951135,-0.024769933176831446
2008-10-07,0.00048460364785407606,-0.0028928750769969813,-0.0034368265134326224
2008-10-08,-0.03926033997261957,-0.08723352266649242,-0.04680757551174808
2008-10-09,0.00597452311985025,0.02194436002526734,0.0038972883809677665
2008-10-10,-0.06416896350563761,-0.12944028496541748,-0.08078633122422998
2008-10-13,0.023886530284983554,0.08195022327168178,0.04295932300573728
2008-10-14,0.05998296737777986,0.1153721829856349,0.06560612841223946
2008-10-15,-0.041887949745083475,-0.06915007992985911,-0.04204157372729191
2008-10-16,-0.028468834808603405,-0.06330746216100047,-0.03428694664219451
2008-10-17,-0.009124608464736284,0.007667307401481471,0.0033375087307449198
2008-10-20,0.012633073896245461,0.036525706082487064,0.016634647517094956
2008-10-21,0.018739222572553116,0.016990105940120515,0.0172573833890163
2008-10-22,-0.01234246462718358,-0.03887803713019444,-0.0189942242126663
2008-10-23,-0.03442133850453921,-0.03122319292890352,-0.01111832297182409
2008-10-24,-0.02909795994452513,-0.06899990685001656,-0.03784661846280122
2008-10-27,0.01697113544227391,0.022721866607996688,0.009382485172930277
2008-10-28,0.014948750411475586,0.01593573089329281,0.0030566432876482086
2008-10-29,0.033419588811951506,0.07362087044425114,0.042467236928347814
2008-10-30,-0.004491065913186709,0.02143536518601752,0.0075566569625030045
2008-10-31,0.0078067248154651825,-0.007308837081728248,-0.0037926193828944133
2008-11-03,-0.00970449077464719,0.017879412197867595,0.0041807854121281626
2008-11-04,0.016816963424512554,0.02355890337127997,0.015170859655883629
2008-11-05,0.0027507641743260702,0.0014133717354698483,0.009152847597819314
2008-11-06,-0.016012395226598364,-0.04778239157447117,-0.029892182015460976
2008-11-07,-0.017663676992841104,-0.029747760626227304,-0.018186958549403484
2008-11-10,0.03034300931437839,0.03884337708390584,0.020259124248869397
2008-11-11,-0.025139246838454365,-0.04673885219615859,-0.022030334545726914
2008-11-12,-0.017941533904092366,-0.027875510550509963,-0.015170588995655397
2008-11-13,-0.013241212397461344,-0.023801291725819018,-0.017084793379726727
2008-11-14,0.03240949017182726,0.038081765685747504,0.023692242586618083
2008-11-17,-0.01262485248082812,-0.033889143236615515,-0.017936752666089316
2008-11-18,0.0005224183338161659,-0.01423909802552692,-0.005617099080845244
2008-11-19,0.005595177428957765,0.008925545209387487,0.009879423589232328
2008-11-20,-0.012906751906716862,-0.0672799369999244,-0.022516618759369323
2008-11-21,-0.009955069587498477,-0.03332047878978739,-0.014374518647568689
2008-11-24,0.043292476431243676,0.05757755949725962,0.030285021899920127
2008-11-25,0.026945072940994796,0.06567391455361249,0.04645301357092344
2008-11-26,-0.021232716614231872,-0.034364363687634736,-0.017655852864664645
2008-11-28,0.01611367715369827,0.05136415698008845,0.03284284681324303
2008-12-01,-5.2846011575402585e-05,-0.012636681632326452,0.0032995348068774813
2008-12-02,-0.019678342601363585,-0.046165896067397294,-0.02469311139329664
2008-12-03,-0.0023437723857671067,-0.0008388980272395763,0.005797354451569792
2008-12-04,0.017101001053647646,0.03189423785573253,0.02225621405214153
2008-12-05,-0.02168304329332571,-0.028003381331782484,-0.01385049605247748
2008-12-08,0.047812190312009006,0.07997609010040452,0.04273292702878688
2008-12-09,-0.018168949373842058,0.0003325439741093117,0.0005618231350412283
2008-12-10,0.006122158441439929,-0.0005536205048235487,0.0025255408845263894
2008-12-11,0.0030048971243448186,-0.008636045886272203,-0.00227251013585521
2008-12-12,-0.007165868596478275,-0.04456104501564162,-0.025452973561810685
2008-12-15,0.016306392129578517,0.040560837015981344,0.023660962399700745
2008-12-16,0.019601005325016407,0.03212786969352255,0.0339098153170128
2008-12-17,0.008448034500061707,-0.011319148947844582,0.0080116651306966
2008-12-18,-0.0007249586200547276,0.006164167083389627,0.0035994272603265816
2008-12-19,0.004334541411674442,-0.01725013918866547,-0.008030950592392248
2008-12-22,-0.0007452511477678003,-0.005835625346883533,-0.0003723550261787831
2008-12-23,-0.009036669549615794,-0.011854533684088953,-0.014466178242613736
2008-12-24,-0.005859825443371824,-0.012338242397266663,-0.005438461789505
2008-12-26,0.009375746042653788,0.009137988083116166,0.008332057826697348
2008-12-29,0.005516019548756246,3.644309038985938e-07,0.000811963008140415
2008-12-30,0.000969086617136572,0.0030948961016556975,-0.0012395841159098535
2008-12-31,0.007398170823188055,0.0179406011360288,0.013818757376938162
2009-01-02,0.007569156914933206,0.01526687472999888,0.004679324871763013
2009-01-05,-0.004426414334353201,0.02421519135338479,-0.0002978729879932647
2009-01-06,-0.0032667196762342643,0.010903611677165026,-0.007229622315967045
2009-01-07,-0.013763447419402275,-0.01751410071858228,-0.009289940136761009
2009-01-08,-0.002934009069291088,-0.019999456696637385,-0.009570468730967696
2009-01-09,-0.000585353982492931,0.011091174710655682,0.002464477296766754
2009-01-12,-0.010145700910838995,-0.025449743310571038,-0.014875019673493273
2009-01-13,-0.0017125408751231808,-0.023750790763927943,-0.007331223349929393
2009-01-14,-0.009643940334379653,-0.013720694332433614,-0.004179531242992129
2009-01-15,0.000254776352493824,-0.016600436613454006,-0.0045524451125456885
2009-01-16,0.012445600501501897,0.020684650836152896,0.0028412278888730637
2009-01-20,0.0025123617409228416,-0.018984055198056127,-0.015375558457856297
2009-01-21,-0.002929696944356408,-0.02718792256223057,-0.017595300527090154
2009-01-22,-0.008217333084801992,0.005858296523318929,-0.0012380675119345597
2009-01-23,-0.002155378762039084,-0.018442106054572416,-0.020757597852818922
2009-01-26,0.014724471940621653,0.03325059770506433,0.01813408349686192
2009-01-27,0.004797299754733864,0.006460436817945059,0.005253887882899022
2009-01-28,0.012596812023891735,0.026981655309503028,0.02179185869668019
2009-01-29,-0.01600814665432726,-0.003356265137357206,-0.015736038994223312
2009-01-30,0.006289391630246888,-0.013122345772962563,-0.011700685060858175
2009-02-02,-0.02092891819461562,-0.04012748657762222,-0.025008305443709886
2009-02-03,0.006837741126337837,0.018756872765574695,0.012330868569021812
2009-02-04,0.009460760628972276,0.014440289882404755,0.002719959218489265
2009-02-05,-0.006140995287595263,-0.018979284224187265,-0.009480087037339291
2009-02-06,0.004382033616973535,0.026117671861142444,0.011834855265912835
2009-02-09,0.0027792790972502868,0.024747146395835973,0.012657849341146887
2009-02-10,0.00047285231775240355,-0.007934661226965067,0.004758300293913688
2009-02-11,-0.006469071237192536,-0.03268828055037609,-0.013466037308430056
2009-02-12,-0.0026504380351173307,-0.015338432260687984,-0.00818126094022089
2009-02-13,0.004393533646348979,0.016794690185287786,0.002415206896506694
2009-02-17,-0.006737225077375064,-0.04057420276996515,-0.022035523859640714
2009-02-18,-0.003370019691977588,-0.004616203852072953,0.0030072450344034614
2009-02-19,-0.0024823187279734427,0.0006267089332538944,-0.012333739981413494
2009-02-20,-0.005651210034421594,-0.038952884839425383,-0.017217312121834905
2009-02-23,-0.0031090691362308798,0.02007057072462004,0.009472195547502914
2009-02-24,-0.005284586927567281,-0.03807398202878587,-0.014736430754020488
2009-02-25,0.0004217648617912406,0.024572077913060264,0.01300213058299504
2009-02-26,-0.00905665652984644,0.008815386380017776,-0.003718472921374838
2009-02-27,-0.025209941819617887,-0.048959138282497205,-0.030541926883478964
2009-03-02,-0.0071974724523184985,-0.02013263374751373,-0.012338026465846651
2009-03-03,-0.020883648187715487,-0.012548662087490503,-0.0074901158214990765
2009-03-04,-0.0058751223511532835,-0.005306243807769229,-0.006079139401937161
2009-03-05,-0.00023286920302612035,-0.01586445899922384,0.0004527464571509217
2009-03-06,-0.005290351631721202,-0.009985575990771767,-0.005068534344371955
2009-03-09,-0.001259534900239223,-0.020893103394068135,-0.01157653874875233
2009-03-10,-0.012680465747675118,0.022957932090685196,0.00581368719782893
2009-03-11,0.011967874109942933,0.05020898034227561,0.02567363709317121
2009-03-12,-0.0036037881625886614,-0.005205536847562642,0.002286661794807033
2009-03-13,0.026914009077536827,0.046681412776154785,0.028359639281637292
2009-03-16,0.0066514465244957854,0.012498225617096681,-1.4691071284201468e-05
2009-03-17,0.002672371035716381,-0.01156442895767884,-0.0033676398838984323
2009-03-18,0.0007509243430952051,0.02287386123990731,0.011364654498162796
2009-03-19,0.03380488352454303,0.04009762412638418,0.041859485524436565
2009-03-20,-0.009080221985395376,-0.019848173165364913,-0.015696120925313983
2009-03-23,0.004772125081051071,-0.0002536482872700363,-0.0014140397355181245
2009-03-24,-0.00013424666715056155,0.031750292003630554,0.01099561526991275
2009-03-25,-0.0008746483130526173,-0.0001232379607024603,0.004231901766774171
2009-03-26,0.00886067609879504,0.012556782408259082,0.0042422487724434795
2009-03-27,-0.002540097889598747,-0.002431297996620896,0.0052183623504008965
2009-03-30,-0.00912618521547115,-0.027422808345871186,-0.011499066202848062
2009-03-31,0.0027994746640573887,-0.0030070200963168148,-0.003321797525111014
2009-04-01,-0.0034179598223421648,-0.012946680583688641,-0.0024973398375815574
2009-04-02,0.014890724321031445,0.057939777888088795,0.03389697952408288
2009-04-03,-0.0018762201668890421,0.00493514762701297,-0.0007411339675273076
2009-04-06,-0.018013861050720892,-0.0017964232361968868,-0.006301202349066105
2009-04-07,-0.004743958662823067,-0.013079359007859614,-0.011710861306969078
2009-04-08,0.006791167169712065,-0.002310009087180376,0.0006814547783708491
2009-04-09,0.00941713105714892,0.03180608825180098,0.01675489978802238
2009-04-13,-0.005564301672943084,0.0029530071691288295,0.0036847322380306746
2009-04-14,-0.0006825803235633865,0.001294978636892763,0.001903644095443946
2009-04-15,-0.005988816415245735,-0.013995395254552068,-0.0049879830743498
2009-04-16,0.007446054111423628,0.024928713971309024,0.010040192913708078
2009-04-17,7.839277894072794e-05,0.010473490717980205,0.004806366823225705
2009-04-20,-0.0062024429514891954,-0.014856466713245253,-0.00828932260438633
2009-04-21,0.004568067582094049,-0.031797848183428346,-0.013583172138596052
2009-04-22,-0.00899574044124063,0.017749012817573906,0.004536063278550761
2009-04-23,-0.0009377113765447476,0.004983089576759303,-0.0013045152876809858
2009-04-24,0.002962492971107622,0.015582471354973482,0.007139015589222452
2009-04-27,-0.0035337402369283177,-0.00406827703235868,-0.0013296851909049277
2009-04-28,-0.0006141222026491144,-0.00828672723584667,-0.003270408581471251
2009-04-29,0.006612225122668125,0.01824194054232442,0.003733404221290558
2009-04-30,-0.0010373801929191018,0.023462864678638562,0.007295606583676893
2009-05-01,-0.0009729036437455818,-0.012535311706370122,-0.0098279962092928
2009-05-04,0.007478913699320966,0.012694403676240196,0.008605348562957537
2009-05-05,0.011655931211983273,0.02281198167746945,0.014097744504084807
2009-05-06,0.003966823939290265,0.012255455719498265,0.005958044364135695
2009-05-07,-0.0031459086274564507,0.014506953617140272,0.003844168491787147
2009-05-08,0.00440109599539551,-0.010536509198044053,-0.010157844251102333
2009-05-11,0.001910638197029746,-0.0035857832399572853,0.002184577274585609
2009-05-12,0.003979572774919449,-0.0007631005308963434,8.354622397717116e-05
2009-05-13,0.0009668425961752991,-0.020626769248174748,-0.00746875829483815
2009-05-14,0.0018763805155532776,-0.011365881628376817,-0.00583333130176471
2009-05-15,-0.0028687257703852165,0.007326306144863626,0.006035042842832716
2009-05-18,0.00035146573478450627,0.002013675805982995,0.001249077835381751
2009-05-19,-0.0064695370577045885,0.018202585386475567,0.003493770562602405
2009-05-20,0.007248967920636895,0.008444838527344567,0.003985798059201917
2009-05-21,-0.0044075504452035785,-0.02708024313186108,-0.009493109344299457
2009-05-22,-0.005457930116341991,5.378463912020237e-07,-0.015294476510824672
2009-05-26,-0.0007920600240280962,-0.012296374732736148,-0.006397466949839691
2009-05-27,0.010691286659685328,0.03485741165678835,0.013216314067055368
2009-05-28,-0.010729396614532427,-0.010716843949387767,-0.00846810533415836
2009-05-29,0.010063282800655493,0.01061178909646876,0.006061746893187791
2009-06-01,0.014994118297987802,0.024612071878369335,0.018867890492959116
2009-06-02,0.003541668170179424,0.007793314659787276,0.001513817843941911
2009-06-03,4.780800114501105e-05,-0.0038134256505726327,-0.0007595826140614826
2009-06-04,-0.00416422885306289,-0.00042564802793654266,-0.0025608832770299904
2009-06-05,-0.004659417726499582,0.01585110146752622,0.002860563778306034
2009-06-08,-0.00559555675065071,-0.01727933711130003,-0.008143003347985988
2009-06-09,0.003071383833471719,0.009057859162421078,0.0044614981900892746
2009-06-10,-0.0038415632245336617,0.008342946318072197,-0.0008487596755490942
2009-06-11,-0.008533167877389003,-0.009426473573685645,-0.010652023403084264
2009-06-12,0.006388273383412413,-0.0019025840225278534,0.006424606647290676
2009-06-15,0.003521438251641973,-0.00466074866454691,0.002213779385660209
2009-06-16,-0.008426672555213233,-0.007769451065345767,-0.0028063178638861206
2009-06-17,-0.0003624145809629775,-0.017483712412117325,-0.003937694630340325
2009-06-18,0.005336551998302408,0.0009823240494959418,-0.004602598571963457
2009-06-19,0.012380584624175794,0.015410752657146087,0.005213451203011309
2009-06-22,-0.008259461909252974,-0.015554667378753884,1.0874162982068072e-05
2009-06-23,0.00018009220922499125,-0.01832337009161944,-0.009566062285171428
2009-06-24,0.004393418022457851,0.0077120996140833675,0.00842142036302187
2009-06-25,0.00043585912205656996,-0.005434376807310404,-0.005096885461162115
2009-06-26,0.015957459942485874,0.023418533206774006,0.02005806380072879
2009-06-29,-0.0008965684585275913,0.003705389708125173,0.004125793838919245
2009-06-30,0.001552871457703331,0.0066220406477450755,0.00027053801240759477
2009-07-01,-0.0037305080206438967,-0.004097865586550675,-0.004453587314952667
2009-07-02,-0.001096452691607852,-0.013103875651381491,-0.003966019221481654
2009-07-06,-0.014585111797856598,-0.024031552063148665,-0.015606332666693888
2009-07-07,0.010116097102819799,0.008657211938644993,0.0033654498603001397
2009-07-08,-0.0040807163670237845,-0.012484162128331144,-0.0010811792999852353
2009-07-09,0.00021921977820493765,0.000225440746907557,0.0011021596163199644
2009-07-10,-0.005355582240803791,-0.010269740983619324,-0.005028999745452211
2009-07-13,0.0007612833460797219,0.006955921343064553,0.007101906380100864
2009-07-14,0.009562991477591876,0.02344001400788298,0.007585662304129002
2009-07-15,0.00684670750384031,0.01582165391669399,0.0006283920322395428
2009-07-16,0.003248327269081752,0.012961855761007168,0.008424537853789982
2009-07-17,0.0029511631205396682,0.011397426584432768,0.0029163439429047864
2009-07-20,-0.00044496289517026444,0.006592120667956225,-0.0006145719275628464
2009-07-21,0.005327812965306711,0.012568375626728523,0.010182438905938751
2009-07-22,0.004808248953853234,-0.009491988967005649,0.002833837183882859
2009-07-23,-0.0012168339125939731,0.006844864607645773,0.001366414350211764
2009-07-24,0.0077209504228474835,0.016630130442462088,0.002388439842457268
2009-07-27,0.005691301468965015,0.006995438047168179,0.000812860951189087
2009-07-28,-0.00277851480873359,-0.00224754295219165,0.0008234683700072186
2009-07-29,-0.0027984702713428344,-0.002252355809289397,0.005041804856399935
2009-07-30,0.008833480857833198,0.014265226551050336,0.005825259588809351
2009-07-31,0.0012800797975387468,-0.001821394471117177,0.009001258209888442
2009-08-03,0.004437552576830761,0.012164576852213171,0.008473744280327943
2009-08-04,-0.00135274433988819,0.0014016684925619582,7.352542987337774e-05
2009-08-05,-0.0030315714606885535,0.007800823027361847,-0.005230655832738896
2009-08-06,-0.006261850002069691,0.0009925076936656563,-0.0012007783302633525
2009-08-07,-0.004307293039262361,0.0006941762009857744,-0.0016959027137725346
2009-08-10,-0.0010866508297501243,-0.0019816039627186255,-0.000790747179061424
2009-08-11,0.005986396848150832,-0.0019852654481579135,0.007117547413903735
2009-08-12,0.0004986113556724181,-0.009747229498325405,-0.003423889930229107
2009-08-13,0.0034083278436582987,0.017075344755450583,0.005296296875666728
2009-08-14,0.0015728784742594648,0.0025674992189943513,0.008076331804357429
2009-08-17,-0.010512615199006814,-0.026300447819980866,-0.01299334762246862
2009-08-18,0.006159492893573093,-0.0032372306597565625,0.00108031129285342
2009-08-19,-0.002510151143260031,-0.002232716400427437,0.0008156649878034107
2009-08-20,0.009284274089651046,0.01810584464393772,0.011746083669741126
2009-08-21,0.009645064993092811,0.017284151062810782,0.011460751459673268
2009-08-24,0.004101641749344687,0.015419637791588059,0.00025958226086895096
2009-08-25,0.002410045315702325,-0.00019323383342040312,0.007927867264252852
2009-08-26,-0.0006512815421438889,-0.005127468415694003,0.0003203853991937456
2009-08-27,0.0018031120198596096,0.0026258197801680705,0.0015758219605906288
2009-08-28,0.00137655502248335,0.01086164961881253,0.003439649745969575
2009-08-31,-0.006036233093170806,-0.017845074832075758,-0.0068512900708304954
2009-09-01,-0.0011178840453344163,-0.004102641162064935,-0.003435055488933414
2009-09-02,-0.001949656458912985,-0.021284490372589615,-0.010015619778773854
2009-09-03,0.008518233455401036,0.006213201626401821,0.005220545010076849
2009-09-04,-0.001454447358796629,0.004481777805430021,0.0010372679450118213
2009-09-08,0.005138765463438499,0.02131905933720213,0.004661598148831691
2009-09-09,-0.003901754952023051,0.0011651998226451799,-0.0017988172115487979
2009-09-10,0.002048025077662885,0.006594198745012436,0.00838715647243755
2009-09-11,0.012066510815995857,0.011464442515586315,0.014842440843595607
2009-09-14,-0.007736875008814259,-0.010572651150247747,-0.00964858024571349
2009-09-15,0.005320331038152437,0.01511371179276133,0.0056105372284218635
2009-09-16,0.004668027035561906,0.006164443780857232,0.004329137823708207
2009-09-17,0.0033380884841518466,0.010084479155515913,0.007518875966782757
2009-09-18,0.0024098558515412982,0.004575579785726536,0.004877158698859851
2009-09-21,-0.005066711719048378,-0.011759062560443456,-0.007471030156551505
2009-09-22,0.0074904120717766975,0.011237704083617128,0.00486981964290707
2009-09-23,-0.0032077565929390373,0.002241406266586532,0.002557290111142452
2009-09-24,-0.0010683837002675167,-0.008479125213831984,-0.002752656671310238
2009-09-25,-0.006095467795054765,-0.015317809740214794,-0.0056257687148400185
2009-09-28,0.002608121678528086,0.0006674917460913754,0.0043443942009458785
2009-09-29,0.005886228803717586,0.01583247056859527,0.009499710760200309
2009-09-30,0.004182383392564493,-0.0014087642478732842,0.0001306947104235068
2009-10-01,-0.0020343319584775754,-0.0315908765097076,-0.016077193488772033
2009-10-02,-0.011286298196703348,-0.009514164010053894,-0.0003730601170066402
2009-10-05,0.0012236528825322335,0.008625688749228422,0.00194431043083032
2009-10-06,0.010034688352795085,0.01817300133440125,0.008048998495847615
2009-10-07,0.004912942804126352,0.004772091642325504,0.0024984140397003697
2009-10-08,0.006807850744618982,0.012159468509788107,0.011511898628913775
2009-10-09,-0.00403225625516257,0.0008447015392241131,-0.007877601581451633
2009-10-12,-3.723560340540555e-05,0.010502447887211552,-0.0002131690529369127
2009-10-13,0.004747241065630847,-0.0034332124786794482,0.00039765515422118857
2009-10-14,0.0002426301425177968,0.012384666346844986,0.0028350454310368525
2009-10-15,-0.00503577283324641,0.0005515555538493366,-0.0036055370452625192
2009-10-16,0.0026506733292031015,0.0001839247988806303,0.0027324359695954483
2009-10-19,0.006039899536007809,0.0024819144199048626,0.003170192826531304
2009-10-20,0.011108169246439648,0.008068141285751063,0.010824559322351622
2009-10-21,-0.008811586675448901,-0.00827645745018335,-0.008511191617029934
2009-10-22,-0.0054640132976397915,-0.0077954519483526274,-0.007922069859107705
2009-10-23,0.00541539659693302,0.013864762452765245,0.006222193943168851
2009-10-26,-0.011327404120939133,-0.013583634234790698,-0.010005448406614437
2009-10-27,-0.009615237176584635,-0.010813697195570238,-0.008478554612588752
2009-10-28,-0.0002061256337556605,-0.008221889311684993,4.67741035137699e-05
2009-10-29,-0.0008112514723422892,-0.009043802840273174,-0.00677137469461082
2009-10-30,0.004552501534167641,0.01055247727850439,0.0075125500013049525
2009-11-02,-0.004121966058717841,-0.02041395855881667,-0.009227754891155838
2009-11-03,1.60577622081437e-05,-0.0037450545233798094,-0.0032103151537327566
2009-11-04,0.0041872672988978454,0.01706171990945915,0.0032260276849985555
2009-11-05,0.0031989756307451156,0.0014214482793737382,-0.002309177219512293
2009-11-06,0.005870784913562632,0.0056786333674556655,0.005604088246595617
2009-11-09,0.009102579357169516,0.015904237918209496,0.009114089947464743
2009-11-10,0.005862995619969613,0.0125987217898762,0.010860824116269496
2009-11-11,0.007882592982621395,0.009147864448330267,0.003702440077517765
2009-11-12,-0.0051257663566954825,-0.0028100173524054917,-0.0033519327313908057
2009-11-13,-0.0032069527645219864,-0.006272919507861463,-0.0012331170026863344
2009-11-16,0.011817798491424725,0.009788979727721525,0.009369335108036303
2009-11-17,0.004846512257393076,0.004892072262111746,0.004371907449105183
2009-11-18,0.004415671463725568,0.003065110277217231,0.0037343641702938246
2009-11-19,-0.004592059197244924,-0.006740969216750492,-0.004882563097550929
2009-11-20,-0.004687631540055026,-0.011401253770145336,-0.007849134253221335
2009-11-23,0.012756920128154547,0.013454966171430272,0.00613616620161368
2009-11-24,0.003708208070165364,0.0025289863543158653,0.003929314785394489
2009-11-25,0.00529865678751662,0.0015318955939476187,0.0025167241663958343
2009-11-27,-0.010546759458148092,-0.024917158923080107,-0.011138225490549169
2009-11-30,0.006427385226084992,0.009962934597857132,0.005147825760854995
2009-12-01,0.00708725899417062,0.01315348719770304,0.007331738840699219
2009-12-02,0.007695664166898153,0.003245673740991384,-1.5714306264458244e-05
2009-12-03,0.001617533495382073,0.0024261899595969805,-0.0021540286573298764
2009-12-04,-0.003275694221780534,0.0025997229307930247,-0.0032692487665430653
2009-12-07,-0.014621016940189024,-0.008315594403889848,-0.005075230844729073
2009-12-08,0.0032523386482345984,-0.007844028186684948,-0.0013611390393068134
2009-12-09,-0.005058930533855532,-0.0041803630417021065,-0.004039549642368678
2009-12-10,0.0021987976439039603,0.010220976040292706,0.0018630868208601827
2009-12-11,0.0012904545291592129,0.003703546395065871,-0.0014459793678901715
2009-12-14,0.0062322008689521535,0.006840013503913056,0.0063253615078867394
2009-12-15,-0.0030649638155959558,-0.003664728306883691,-0.00557713883379638
2009-12-16,0.003575435397776827,0.003050551939787871,0.003402970718548515
2009-12-17,-0.009414560742722622,-0.00966006831127808,-0.0033162021244033334
2009-12-18,0.0011453129672367446,0.0006614581525732355,0.0034241374959349535
2009-12-21,-0.0018980713996155085,0.0050816073896997604,-0.0018441567931292814
2009-12-22,-0.003361801205895132,0.007313377633376472,-0.0010861912006339134
2009-12-23,0.0015045652059053616,0.0038541764444994797,0.003017344412679623
2009-12-24,0.0010439618259678873,0.0016959587009774957,-0.0017530411325142662
2009-12-28,0.0021973946188691418,0.006328795974441137,-5.511724183042714e-05
2009-12-29,0.0003840573802522673,0.0009745572575363681,0.001114368659902265
2009-12-30,-0.003744162348093605,-0.006902153420697887,-0.0011841783952545532
2009-12-31,0.0036342159669724428,0.004811102639540543,0.0021752396699354914
2010-01-04,-0.001304996977153583,-0.003546811273692496,-0.001771792924747695
2010-01-05,0.0011092073259355573,0.0079200491362994,0.005687020411199572
2010-01-06,-0.0021062489196553846,0.0022959743959198864,0.001910628007279458
2010-01-07,0.0015391743821797643,-0.00017616522738661544,-0.004319945534389324
2010-01-08,0.0013469243053803037,0.0034357939997411435,0.0033614618983288658
2010-01-11,0.0033943117084900276,0.010449270358213969,0.003946239841595122
2010-01-12,0.0009448922129222659,-0.009645914651178589,-0.0005289110005573189
2010-01-13,-0.0009533846318016126,-0.00017521640073114852,-0.0011251445127878235
2010-01-14,0.0055096217169881,0.004738668764449727,0.0017756147018943122
2010-01-15,0.0013333645773481173,0.0020961823560499138,0.007233612302411041
2010-01-19,-0.001885543235358833,-0.009674674097383873,-0.007166788357407583
2010-01-20,0.006231562974801763,0.005808506251372636,0.006130322425834178
2010-01-21,-0.007042610776563207,-0.0031496111312253605,-0.0008824478521942457
2010-01-22,-0.01311251139995373,-0.023876549738052755,-0.011966220495340818
2010-01-25,-0.0006720950427210326,-0.00890329325847472,-0.007730708835364064
2010-01-26,-0.00546782601781215,-0.007893589634196174,-0.0026387641165177772
2010-01-27,0.0011043701108861548,-0.0015549352183187315,-0.0021067429028515106
2010-01-28,6.991829004521222e-05,0.009342946917604067,0.0029026139407330558
2010-01-29,-0.004264534778552376,-0.010436319081742584,-0.005032902355048674
2010-02-01,-0.00037153578963911027,-0.008162072418472666,-0.002166143060810177
2010-02-02,0.007213550245405154,0.010263273435907827,0.0038460849735262753
2010-02-03,0.003964200191419298,0.005674782274638135,0.0017817986042450774
2010-02-04,-0.01023581822355557,-0.008190517734428582,-0.004121367208441118
2010-02-05,-0.01661510521372267,-0.022206498165334487,-0.011653804115925759
2010-02-08,0.002570723607675296,0.0016894416028612191,0.003202710022392985
2010-02-09,0.00293319055002228,0.0036537961111835493,0.0016263956813443504
2010-02-10,-0.000402561885379793,-0.0007469732156538678,-0.002279802467533609
2010-02-11,-0.0043648187382713255,-0.0016811233321625263,-0.0059141196869775935
2010-02-12,0.0017767692142536262,0.0011226413964653403,0.0011613304190701613
2010-02-16,0.010739522207485308,0.01747826187064172,0.007917932459679334
2010-02-17,0.00985333723468984,0.01295230412805326,0.00861847217175633
2010-02-18,-0.003641497561675311,-0.0017227793099841016,-0.0030799468193048797
2010-02-19,0.0026604459016679183,0.004905660220535735,0.0019599300038562802
2010-02-22,0.00808654238087314,0.008406774311994658,0.00450607826127638
2010-02-23,-0.007238554813527753,-0.006185173654948195,-0.002723515717143487
2010-02-24,-0.0019624962315036854,-0.006494856325237164,0.0015205796174890822
2010-02-25,-0.004828819491062175,-0.008171246854936531,-0.0021199208194460748
2010-02-26,0.010906315208653705,0.014005315483365255,0.00963154824448278
2010-03-01,0.0016061735713035485,0.0038822660164723466,0.00302833744863662
2010-03-02,0.005430991044871103,0.010521276391496581,0.0043418419587121886
2010-03-03,0.004368149702341562,0.0010679915021150066,0.0012131840547655592
2010-03-04,-0.0005204982932748292,-0.00035532154666273463,-0.0004332352277514495
2010-03-05,0.002507714518696469,0.008181447012523213,0.004337300076178652
2010-03-08,0.0029981132639229635,0.007850175644016799,0.0006145878454935525
2010-03-09,-0.004570650262071374,-0.0028878724089934638,-0.0013769083156793148
2010-03-10,0.001731895479663459,0.0050907531608725964,0.0008763516473565321
2010-03-11,-0.0024319483678774123,0.001658986262386808,0.000548381167213785
2010-03-12,0.0059138746556752775,0.010898119522441352,0.008239047182485491
2010-03-15,-0.0033200604719845206,-0.0059508012147418965,-0.0009859525030343486
2010-03-16,0.0057790663992187685,0.004771811833915063,0.003792631451324624
2010-03-17,0.008323899358470666,0.008203083173586201,0.008234679131793054
2010-03-18,0.0005748367907383312,0.0029976857291227343,0.0022809303671540437
2010-03-19,-0.0033377398550220594,-0.005656291653207024,-0.004094149937324465
2010-03-22,-0.003051036757333314,-0.005691324520991636,-0.00301992618412521
2010-03-23,0.004285805642429086,0.01257501705312647,0.0063186218706489765
2010-03-24,-0.0013462262377595957,0.0017988066330565378,-0.004323497730744652
2010-03-25,-0.0023569020376246197,0.005642254292558491,0.00022456960131789173
2010-03-26,-0.004822954494834941,-0.006460884728324179,-0.006524503635365097
2010-03-29,0.0027321174011887273,0.0025663526948818127,0.002624045348257953
2010-03-30,0.002370124206686919,0.0024755013174628804,0.0003140148246883799
2010-03-31,0.0012376479716749156,-0.004341850326896379,0.0005580746635945656
2010-04-01,0.0019463501664358507,0.007268491000353761,0.003825368070806689
2010-04-05,0.0020696675673415044,0.0038195472646676,-0.0012681151411013227
2010-04-06,-0.0020598303591824463,0.0014370837910038237,4.375868268318144e-05
2010-04-07,0.0031462141086482376,0.003209563683688188,0.00033138643853827246
2010-04-08,-0.001020553350911002,-0.007155333922222673,0.0022933329218188586
2010-04-09,0.0019089311093387629,0.009071887724309224,0.004183072927331376
2010-04-12,0.005176523167755631,0.005713678366910058,0.0059564058447467705
2010-04-13,0.0009943161159748914,-0.0006683204859090353,0.0028286497583949635
2010-04-14,0.0011200998487581604,0.005433722068032942,0.0026816603115513257
2010-04-15,-0.002253987794000656,0.00598626593457352,-0.0004633984682879794
2010-04-16,-0.00029028109055040385,-0.0010744206370183473,0.0018313819676996968
2010-04-19,-0.005608150620402985,-0.015307252174926234,-0.007081108301074045
2010-04-20,0.006817841414333392,0.013024567811213972,0.007725732458771483
2010-04-21,0.0042823351712693025,0.0032348223172331547,0.003810390464229352
2010-04-22,-0.0058394392277707485,-0.00942564427446102,-0.002863674212783462
2010-04-23,0.0015852962231199808,0.009431894100660365,0.0026227671786361205
2010-04-26,0.005821731235368555,0.0075239589662439155,0.005844575726792067
2010-04-27,-0.005579847934472748,-0.009847874736737872,-0.004405943503895493
2010-04-28,-0.0031059610867302245,-0.013261333456203506,-0.006724172162136898
2010-04-29,0.0032065516337766997,0.008819468485906867,0.004106395493345438
2010-04-30,0.004217943593466833,0.0064949073981439565,0.005746099221879719
2010-05-03,-0.002395674552488458,-0.012408930830744236,-0.00543579319843852
2010-05-04,0.003443677816456603,-0.003099625126550487,0.004222241572557239
2010-05-05,-0.011297541096823127,-0.020586405842764277,-0.00696451011402206
2010-05-06,0.0037950413433387453,-0.0025738160574189095,-0.0011188639238580045
2010-05-07,-0.013157411112908357,-0.031137283552643336,-0.011375978451328005
2010-05-10,0.009970041422382891,0.028142958400944273,0.0055387433608848
2010-05-11,0.001159384195751345,-0.006389865580636367,-0.00031334910874483094
2010-05-12,0.0064238818221658,0.010602594184383474,0.0027863710552739726
2010-05-13,0.004862131592300978,0.007223241458594654,0.004849657109364091
2010-05-14,-0.005361586907283389,-0.017160663917099472,-0.006608008938589659
2010-05-17,-0.003511404795168649,-0.007991923475014096,-0.002245768950079396
2010-05-18,0.0017578032523908327,0.005954920595982793,0.004333594776135507
2010-05-19,-0.01028098464534788,-0.027072065667303802,-0.01186004015234423
2010-05-20,-0.007387278128927699,-0.021383055192355394,-0.004616063395225443
2010-05-21,-0.01672413309519727,-0.03172414597434159,-0.012089640921573698
2010-05-24,0.009233929544935293,0.024643498991445023,0.011292592230313802
2010-05-25,-0.010879891148173004,-0.03142255444576725,-0.015166716731405992
2010-05-26,0.011221277944380326,0.03206146918190811,0.013496489766049002
2010-05-27,-0.00373075965030345,0.006544975532983388,-0.0017336446732889588
2010-05-28,0.006140767661449997,0.01327923413036114,0.006562893411608517
2010-06-01,-0.0003285604676654952,-0.020697339997372444,-0.007984434965183017
2010-06-02,-0.0024239977735642793,-0.002492355112585498,-0.00248277136307089
2010-06-03,0.0052277029346783355,0.023779287494499313,0.006926678179979672
2010-06-04,-0.002768833701785045,-0.018436807778748454,-0.0037939749185983626
2010-06-07,-0.006345848842262525,-0.012982174880379338,-0.005396088920026765
2010-06-08,0.003204340899243263,-0.015205237291339047,-0.0074413303126395595
2010-06-09,0.007225130636558941,0.015818982571216278,0.008143625011483867
2010-06-10,-0.0027145315913312817,0.005781558021342947,0.0018294245345091829
2010-06-11,0.0036389226808744013,0.0030595100815660192,0.0013829407045195196
2010-06-14,0.00518802719271938,0.02153578587676952,0.009749141842723085
2010-06-15,0.004564584706228558,-0.0021713318595160125,0.0019781065274537823
2010-06-16,0.0044436426056178036,0.010337304771185218,0.00653157974974099
2010-06-17,0.007531730787133206,0.007718367533364967,0.00446654443246568
2010-06-18,0.006616224213636501,0.0007311381216561497,0.0034856259559308267
2010-06-21,-0.0007709181585732194,0.011535506702547327,0.001077933720744672
2010-06-22,-0.0077107851003758165,-0.01511711951308048,-0.004010989405902497
2010-06-23,-0.006940278957621393,-0.015887447798972998,-0.0057244206873714
2010-06-24,-0.003727943981482351,-0.008664250105882343,-0.0021969171422451467
2010-06-25,-0.0003801826786070661,-0.008740658626966935,-0.009391626863178758
2010-06-28,0.00237652646505615,0.002691875354150941,0.006823436539023487
2010-06-29,-0.005106315666120409,-0.018606015887041805,-0.008272477893629704
2010-06-30,-0.005797286622065023,-0.019807604167647375,-0.007538235291153716
2010-07-01,-0.001965553369909445,-0.00740948015879539,-0.0025906418799205074
2010-07-02,-0.0057992234605351856,-0.0003879563057733737,-0.0020441469687006997
2010-07-06,0.0024456089810200865,0.005140628163181837,0.0019767631901882687
2010-07-07,-0.0004730098385259396,-0.004921394793439116,-0.0004535520905434294
2010-07-08,0.014731745658157713,0.03752567835778864,0.016049840740815613
2010-07-09,0.003771216721344617,0.001214951780974527,-0.0009541596767931539
2010-07-12,-0.00020752253656664,0.004387209369634215,0.0023507469512487056
2010-07-13,0.007136639776190501,0.014405298299699831,0.0067102751340957665
2010-07-14,-0.0034417874960341877,0.0014656845737679447,0.00035309641054626084
2010-07-15,0.005333570657281461,0.0027446729195990116,0.005779989504427175
2010-07-16,-0.002116150512202042,-0.004744135469809119,-0.0005605266817791275
2010-07-19,-0.007766871137061204,-0.018700145606502683,-0.0102232652237084
2010-07-20,-0.003929481559394432,-0.011022879899694527,-0.006176489211591018
2010-07-21,0.012948573128680918,0.02994208318018421,0.01709154542993145
2010-07-22,-0.003026832986230188,-0.006419643467568958,0.000368921236756181
2010-07-23,0.0017422491172980337,0.008307312014046886,0.002186560317544117
2010-07-26,0.00017879588263092216,0.01244970526844802,0.0028270940408413377
2010-07-27,0.001898696709548675,0.014195167051868962,0.005104482688102241
2010-07-28,-0.0016585476395102328,-0.007577843511183957,-0.005721172726936485
2010-07-29,-0.0034066986435257185,0.0017967448288962462,-0.0005058345937831276
2010-07-30,-0.005717638874410236,-0.021072377358959504,-0.0040807821565300925
2010-08-02,0.01338406210348353,0.025830775276889373,0.012947919730875456
2010-08-03,0.0011557616353099487,0.0043758568158502875,0.002464043055212528
2010-08-04,0.004521366470357391,0.0004443495867392233,0.001476538313353659
2010-08-05,-0.001145454785108857,-0.0024880408429028833,-0.002136230748342527
2010-08-06,0.0003525531860564257,-0.004543328702908633,-0.0009139417566495832
2010-08-09,0.007291088231464293,0.010559668456363136,0.006135217927377568
2010-08-10,-0.004578152646380729,-0.007881274219184609,-0.0034452613355534065
2010-08-11,-4.129513747930247e-05,-0.0123184220123993,-0.006391479758062424
2010-08-12,-0.007156417462239051,-0.02711252310020118,-0.011203610776500027
2010-08-13,0.0035334187663993433,0.0059455086827227,0.003724987483654196
2010-08-16,0.005513428606532145,-0.006648709416206211,0.006205790586463645
2010-08-17,0.008708885842054759,0.015059608757476362,0.01149211368254628
2010-08-18,0.00011379182817794486,0.003205569140040332,0.002495746416279143
2010-08-19,-0.0008458384975362776,-0.0029215778052893437,-0.0025529841116843422
2010-08-20,-0.005623551999666465,-0.015198278089822326,-0.002935013163875631
2010-08-23,0.002035444824579402,0.004462500427592886,-0.0001793402317511023
2010-08-24,-0.004731753782890258,-0.01934466520495448,-0.006344590992556664
2010-08-25,0.00482853234441305,-0.00943898933835996,0.000913896372867296
2010-08-26,0.0047401811728624565,0.01419746434695468,0.00395973911050973
2010-08-27,-0.0032206340485968488,-0.005166833048204422,-0.0023192848999979087
2010-08-30,0.001506117385956296,0.006516217875828456,-0.0018802580284168263
2010-08-31,-0.002619771220929157,-0.01557518890589571,-0.0017751816117810727
2010-09-01,0.0058837276590497645,0.017251268126924568,0.007092096939256676
2010-09-02,0.004487999776733531,0.018645033203002148,0.0043845873670073756
2010-09-03,-0.002135635751255971,0.016740555552147818,0.0006146295432131847
2010-09-07,0.007685163484557167,-0.0015385760478998645,0.008305702019680661
2010-09-08,-0.0015056243197886232,-0.004620309035625825,-0.002772059548058303
2010-09-09,0.0014196672506130437,0.016293602874438484,0.0044852913997713625
2010-09-10,-0.004029318745177757,-0.004747088202376792,-0.008440907710439172
2010-09-13,0.006108973550165819,0.013139109154716389,0.006122465587979776
2010-09-14,0.0007378779125823964,-0.0007108053157428573,0.004406860693691717
2010-09-15,0.0015581268317577113,-0.0015999177708978518,-0.0020470238159284726
2010-09-16,-0.0002807646043608836,0.0036498073567117206,-0.002559492487234172
2010-09-17,0.004773633508123432,0.008118418896230217,0.006053071101416929
2010-09-20,-0.0001443493503936466,-0.0014149103282988795,0.0004078105808455803
2010-09-21,0.0060492268214140665,0.012579155643438034,0.009583789314286094
2010-09-22,0.004430281306237571,-0.0043740324749004245,0.004699928441380409
2010-09-23,0.00014806457029381548,-0.011511701603980518,-0.0036165015430527077
2010-09-24,0.0025200504962783477,0.01120104410915812,0.0012180569362496112
2010-09-27,0.004592523415130945,0.009758169772208447,0.008048242113347204
2010-09-28,-0.0003075839193306118,-0.0038304409155528463,0.0009544163351674633
2010-09-29,0.004442741103685144,-0.00034962113665937267,0.002788813223096121
2010-09-30,0.0008944250856008917,0.005857430952145082,0.0006138092265867809
2010-10-01,-0.004533540781793133,-0.0005213822125798018,-0.003278419066993399
2010-10-04,0.0009717831967153145,-0.0053919162732382064,-0.0017382847378279774
2010-10-05,0.005150790417285389,0.003759952811543066,0.002676553817133698
2010-10-06,0.005169908482076879,0.010626917654657175,0.0070253861814049134
2010-10-07,0.0031494965835900945,0.0041374428290923415,0.0035118625802577075
2010-10-08,-0.004880874596239648,-0.003862763085570431,-0.0034586202890787504
2010-10-11,0.0008098681267922903,0.005773441843705651,0.0005654332859317264
2010-10-12,0.0015754670551171301,-0.0038558729684493587,-0.0011610240716705134
2010-10-13,0.0009515132069697341,0.011955454142524191,-0.0007186451092233261
2010-10-14,0.00427579581538251,0.0012746945420722966,0.004438597436209069
2010-10-15,-0.003133363271237144,0.00398951765853095,-0.008023630469363276
2010-10-18,0.0002989299865088224,-0.004565644898263832,-0.0003538687246054991
2010-10-19,-0.005768583920739312,-0.004671145156046164,-0.0052532042250952315
2010-10-20,-9.980979193080497e-05,-0.0021330657305250744,0.0018622606595487979
2010-10-21,0.006452081926683784,0.012485182428088715,0.008753166703518334
2010-10-22,-0.00477599050018418,-0.0007604274765584673,-0.005372921053958147
2010-10-25,0.006970682522585259,0.0070154284893269026,0.010900094338087696
2010-10-26,-0.008136233375703239,-0.008729093955456735,-0.010173263327365234
2010-10-27,-0.005011417494981907,-0.0017780833306382249,-0.0057462424802670505
2010-10-28,0.0028845746530203886,0.009924120198272268,0.0055530033566558055
2010-10-29,-5.463943763484025e-05,-0.006551282927980795,-0.0029669346228115238
2010-11-01,0.009064978397020473,0.006679509014327012,0.009222290354677254
2010-11-02,-0.002703720351064698,0.002939123478313377,0.0004142462792539269
2010-11-03,0.005688099292291193,0.0021770202913211634,0.006362778136922209
2010-11-04,0.0025557418192267978,0.013369076832209448,-0.0020442247922146436
2010-11-05,-0.0011801090656158308,0.008740113068750555,0.0019366655569476691
2010-11-08,-0.0014328129539734613,-2.3421041883686655e-08,0.0009761154789833305
2010-11-09,0.0037628793536945704,0.003923389937625643,0.0019481213109266537
2010-11-10,-0.010238705187921915,-0.010096130632633815,-0.014748883992791374
2010-11-11,-0.00332172643339701,-0.004358713286969129,-0.0021999339870019787
2010-11-12,-0.0025470309726505214,-0.0019002128818773611,-0.002135510972572541
2010-11-15,-0.005042372993713351,-0.0019867008510571216,-0.004850717852635068
2010-11-16,-0.006794944412281012,-0.010698393241382775,-0.008181159903276013
2010-11-17,-0.004506673833948094,-0.009053453036682035,-0.0016813529889174502
2010-11-18,0.004830656409817502,0.009728775205495088,0.005336196618210209
2010-11-19,0.002161113939890269,0.00452404575842813,0.004428568697775326
2010-11-22,0.0026389618314981433,-0.0017514217638482377,0.0042771792914091614
2010-11-23,-6.650213338676991e-06,-0.007686731636541655,-0.0033792299747804396
2010-11-24,-0.00040037208461174423,0.003620615272060368,-0.0013496796080501921
2010-11-26,-0.004294798196928573,-0.00033529542460908335,-0.0005729789167051136
2010-11-29,-0.0012597150396042034,-0.005538828783545946,0.00015076403946923111
2010-11-30,0.0028333492342027533,-0.00438859220150789,0.004131601667373541
2010-12-01,0.004446091213859971,0.018816598586791855,0.0023194271991389577
2010-12-02,0.001765070332471863,0.008319841883165813,0.002136151943473585
2010-12-03,0.0022200817233541947,0.007755624810395156,0.005987244114947598
2010-12-06,0.00230877906879301,0.0040118209011341666,-0.0007502394117826494
2010-12-07,0.0025952949478662557,0.010682490385777621,0.003059298086011752
2010-12-08,-0.009743469378377001,-0.007745595345262313,-0.008870174283897025
2010-12-09,0.0011609050786005604,0.008050153583341935,0.004317620830504687
2010-12-10,-0.0012588089648002398,0.0013713150426222231,-0.0005019825511911159
2010-12-13,0.0050004763362887505,0.007330541299137572,0.0033699161614877847
2010-12-14,-0.00012660422328358845,-0.002399227399116022,-0.004234182572909218
2010-12-15,-0.0015140305956976574,-0.0024852165077867694,-0.0028761885596314983
2010-12-16,-0.004019949591889893,-0.002089024867482747,-0.005814943483026847
2010-12-17,0.005799773243156947,0.00444920185326203,0.006404646783640588
2010-12-20,0.008993579155872622,0.004513644273496098,0.010848993349670266
2010-12-21,-0.001700854252038031,0.0028077423951184954,-0.0009604620535109468
2010-12-22,-0.0005553204107208165,0.003920587149762067,0.003812670342906532
2010-12-23,-0.0007577938764510295,0.0012750384317403718,-0.00047610780606128784
2010-12-27,-4.305891189049227e-06,-0.004058980187470085,-0.00423837744427138
2010-12-28,0.003846608231462545,0.006153428599055877,0.005797439002107429
2010-12-29,-0.00017110069112924453,0.0006353676066208624,-0.004654869751316815
2010-12-30,0.0005136381520969291,-0.0014289087428502878,0.004025193173246456
2010-12-31,0.0012263529984519739,-0.0021459787660800256,0.0014255908615612878
2011-01-03,0.0033059513494915205,0.009400070693349916,0.004314148518099214
2011-01-04,-0.002202421262028187,0.004893072746397165,0.003836966933321806
2011-01-05,-0.006814909136830916,-0.005890254267174044,-0.007473947304193796
2011-01-06,0.00037893034403713166,0.008769196344254215,0.0011532500329573198
2011-01-07,-0.000731361611499115,-0.0010183303864887971,-0.0007418706478457882
2011-01-10,0.00027939429603329735,-0.007682411197500794,6.718285249955949e-05
2011-01-11,0.0032965898178172193,0.006793964176159184,0.0036875402425132096
2011-01-12,9.667917209665866e-05,0.006042146346613153,0.0003815935379968935
2011-01-13,0.001607761304158739,0.003275651508027222,0.0014425281754742334
2011-01-14,-0.0019151943291444429,-0.0034204216379516428,0.0030120639743476565
2011-01-18,-0.00023681530290453612,0.007722799365276201,-0.0017899935259055423
2011-01-19,0.0030061376078027724,0.0017806211079860468,0.0015939745590118903
2011-01-20,-0.006177466848505508,-0.011204989843561886,-0.006329484038313837
2011-01-21,0.00224057785774745,0.00718975016293899,0.0007735647327418598
2011-01-24,0.0009522912250958804,-0.00457760507562599,0.00245772058602507
2011-01-25,-0.0019177171959648964,0.0036631128745827635,0.0025026622834289024
2011-01-26,0.00337718129724518,0.005669792664379614,0.0046199539506733165
2011-01-27,-0.0055498333989220106,0.0016218315024754126,-0.004014792784110011
2011-01-28,-0.002836125361707298,0.0033923599644773983,0.0008933475866559791
2011-01-31,-0.0032992418699328008,-0.01590604375238691,-0.005799868542491971
2011-02-01,0.0013338776985114542,0.010853754376245695,0.0030594221097222977
2011-02-02,0.00314438226272018,0.007260709808351917,0.005902837002082828
2011-02-03,-0.004521088864965939,-0.00107373251812104,-0.004780834076533825
2011-02-04,0.005454021236960038,0.004375820878726344,0.0005801954188800803
2011-02-07,-0.001631509761950034,0.0046628566720468,-0.0007777207070201802
2011-02-08,0.004764522425140694,0.0049450664837078495,0.005717696818365736
2011-02-09,-0.0007563647766574144,0.0009086420374255777,-0.0022315630471042795
2011-02-10,-0.0014402707030096717,-0.004614160732778094,-0.001821407941480446
2011-02-11,0.00026141061644469055,0.0015195548980335705,0.0014966918521288175
2011-02-14,0.003780034050476111,0.00933270405657205,0.006857594062727878
2011-02-15,-0.0007644994549779183,-7.534747514370554e-05,0.0010743566107935588
2011-02-16,0.0035203841308959483,0.0033076642107101595,0.0033695866895534277
2011-02-17,0.0006435379302374145,-1.9252787586410136e-08,0.0006674404193404814
2011-02-18,0.0029567793448670443,0.00681833165406176,0.0014246432205194718
2011-02-22,-0.0005479163067834136,-0.00930246286391112,-0.003389446409906416
2011-02-23,0.0013436745312582765,-0.010291490196063346,-0.000880596052947524
2011-02-24,-0.0006135547359104043,-0.006603269985509308,-0.0016349827077148712
2011-02-25,0.0008274999063968558,0.004584093709669723,0.0032309036410020477
2011-02-28,0.005756637766223038,0.010192105549227337,0.008556558284736093
2011-03-01,0.004773695822156032,0.005646576784645196,0.0012870977777601485
2011-03-02,-0.003249442005628267,-0.021112424278560415,-0.011269368422873937
2011-03-03,-0.0008742847727728487,0.012619381411647757,0.0018662115600031719
2011-03-04,0.0036271552203095414,0.007326649991383327,0.0024962456936023173
2011-03-07,0.0021693429722648983,-0.003824256459302844,-0.0026495995415563686
2011-03-08,-0.003290431146258266,-0.00918253831882787,-0.005109659841605451
2011-03-09,0.004250048311863708,0.005165473341546933,0.003010325283329784
2011-03-10,-0.00030294782887763105,-0.009975458335875764,-0.0025219806485513806
2011-03-11,-0.0034393639447697355,-0.011297914344977955,-0.0016285081228676768
2011-03-14,-0.00014906658105262593,0.0036285150266377464,-0.00025661059801542754
2011-03-15,-0.013823568808945419,-0.02615589937847984,-0.009921927114202235
2011-03-16,0.003819567890857467,0.012323354684940613,0.009851007263432665
2011-03-17,-0.002692987979332151,-0.0011704717263754105,-0.0012592976697868962
2011-03-18,0.004803318015502711,0.010935315360791398,0.004459235975276776
2011-03-21,0.005322023752162286,0.003958487235200536,0.004013822270175016
2011-03-22,0.0007662481145458422,0.002860388489188903,0.0003416687787493266
2011-03-23,0.0014737602770917846,-0.006090258465655918,0.0008284072175262836
2011-03-24,0.002778696101302547,0.011401656008302563,0.00219490791143766
2011-03-25,0.0022155888106667465,0.006441956328070431,0.004296526644682386
2011-03-28,-0.0037696769119299756,0.0025906786681426652,-0.0016330619713568419
2011-03-29,-0.0011187343856070564,-0.005396319670273986,-0.0038458054328972756
2011-03-30,0.007513888976050653,0.012837366261669647,0.00657185026758178
2011-03-31,0.005177825982045636,0.00037722054535915817,0.004369434183952148
2011-04-01,-0.001545730915270993,0.006108599871318843,0.0002766489083233289
2011-04-04,0.006360769797890242,0.00014978348184135903,0.0031498326715676318
2011-04-05,-0.002016653583672978,-0.0032225346147871647,-0.0021070287639776805
2011-04-06,0.004707946273242891,0.006616500341676934,0.0022771565762258915
2011-04-07,-0.003143544522172248,-0.003436005185355251,-0.007466177327033252
2011-04-08,0.0019837180414952194,0.003672661980861358,-0.00044786557399385547
2011-04-11,-0.0032447048216643903,-0.006795673480625375,-0.004521932543952899
2011-04-12,-0.002125716016084689,-0.009624291846092925,-0.0023008248266213277
2011-04-13,0.002164194695628785,0.0027329610949478056,0.0013301418225436733
2011-04-14,0.00027813325012959744,-0.010447846879241274,-0.0018504249859264462
2011-04-15,0.010501905275763113,0.00841633501804373,0.008195755825615913
2011-04-18,0.00029742375419017364,-0.00918059713908681,-0.006678956476158149
2011-04-19,0.0020787672834445825,0.0013015452701201635,0.00456372001699692
2011-04-20,0.00798722689090603,0.016213118282592198,0.010632385622690688
2011-04-21,0.002345966488291884,0.006848207406960682,0.0033353114192009588
2011-04-25,-0.0010769536111459033,-0.0008220640039898752,-0.0016129069799519558
2011-04-26,0.0011630418349641847,0.002767920015561476,0.004424618802631297
2011-04-27,0.007226371101018536,0.007459670015245834,0.00520483970873924
2011-04-28,0.006127098594637559,0.0028140931502358413,0.0007470642488423883
2011-04-29,0.006181453830715,0.0053896684246599325,0.004306140412910197
2011-05-02,0.005132973642133054,0.00668365181112951,0.0050770489123431965
2011-05-03,-0.0007142854961534884,-0.008098045756664618,-0.0021154603673484646
2011-05-04,0.0017274716706370263,-0.0021330325601812694,0.00021006427187095808
2011-05-05,-0.003636501031116346,-0.01171961831215551,-0.0044443415732565925
2011-05-06,-0.00079301255532227,0.006414253274529047,0.002120400148089274
2011-05-09,-0.001394525911157296,-0.005558112653152536,-0.001684108093351133
2011-05-10,0.006196835973220294,0.007303011107614887,0.0035389306213377656
2011-05-11,0.002797373675836212,0.003698736136403369,0.0006140915598797478
2011-05-12,-0.0027760942386351184,-0.011719390998538914,-0.004359964915633218
2011-05-13,0.008325828050965711,0.00798027700579218,0.0035244239075146394
2011-05-16,-0.0027351472950832845,-0.011764490284439266,-0.005453054502202259
2011-05-17,-0.0010707440983684924,-0.006513998321500791,0.0003011249689964133
2011-05-18,0.005824369821894937,0.004144759953075949,0.0034864292410101694
2011-05-19,-0.0014938769988428469,0.01170863309639425,-0.000495235142129547
2011-05-20,0.001402645308930861,-0.0034868869796210733,0.00027938499105266716
2011-05-23,-0.004687675086823662,-0.01749409136207014,-0.007507851313903368
2011-05-24,0.0018399755566607112,0.0034854762446285825,0.0017152299177486615
2011-05-25,-0.002305013086986274,-0.007702197086861151,-0.002487941844586494
2011-05-26,-0.0009328302934883403,0.004642042013749403,0.002035909307349515
2011-05-27,0.0037290389930553225,0.01014886934987369,0.0067564134358454545
2011-05-31,0.005578337753095131,0.010497461038204037,0.0065065535604414745
2011-06-01,0.002206470736451971,-0.0019295176934797098,0.003392429475720782
2011-06-02,-0.0066750696808751675,-0.018957706259048246,-0.013148989665080314
2011-06-03,-0.008677239093858646,-0.013715950557324996,-0.007856426559307784
2011-06-06,-0.00227981889342177,-0.0004613104396034018,-0.004874261032114058
2011-06-07,0.00011950416825090571,-0.002997914599324636,-0.0028040191654135514
2011-06-08,-0.0012767571797535071,-0.007247459086706209,-2.2221147742529368e-05
2011-06-09,0.00406738407526408,7.799009841802373e-05,0.0035374890460161627
2011-06-10,-0.0019010112094919318,0.0006209713677507445,-0.00041038334587533147
2011-06-13,-0.005601499192537052,-0.0074502185105965735,-0.0051717244661597436
2011-06-14,0.0039050013649506443,0.00766267519904118,0.0004626825231827782
2011-06-15,-0.0033361732402734656,-0.004888548046863561,-0.0044368081534864375
2011-06-16,-9.324150831324651e-05,-0.009201645810291259,0.001691875885418837
2011-06-17,0.007780800193491144,0.011838708762289318,0.006114739242005607
2011-06-20,-0.0007774178222226258,-0.010239828189466449,-0.0042028751685805775
2011-06-21,0.0068483219842654375,0.01374196773378289,0.005655664418478644
2011-06-22,-0.0005029022682857542,0.005375404428803909,0.004300982907977824
2011-06-23,-0.008423050771576457,-0.014645087425357084,-0.007631996226089899
2011-06-24,-0.0004942921611688078,0.008728881124529408,0.005730915116553437
2011-06-27,-0.006584451801697866,-0.010758719703151343,-0.008550596188830095
2011-06-28,0.0010369433280488227,0.012294139493158163,0.0017182895881165715
2011-06-29,0.005343048929789873,0.01362404640242243,0.005954164503164749
2011-06-30,0.0009309770551604313,0.007220005405791152,0.0012987004908155513
2011-07-01,-0.0016736982385319177,0.007243798200875506,0.00528534081076204
2011-07-05,0.009555499268897538,0.012794367852885902,0.0072940652580693035
2011-07-06,0.000292686313275059,-0.002167695293683103,-0.0006624840995170798
2011-07-07,0.0062450287087278955,0.012509822274036964,0.0059768184339361145
2011-07-08,-0.0017124739315664828,-0.009839619419260592,-0.001597534643344045
2011-07-11,0.0008123298480184893,-0.008069776936408646,0.0002188284025925304
2011-07-12,-0.0005980054470817731,-0.007985187369491387,0.00045668724682674817
2011-07-13,0.005936627331980304,0.003037446009656719,-0.0006029401571793437
2011-07-14,-0.0012485741022231212,0.0006053993889367781,-9.214642255406312e-06
2011-07-15,-0.004496050595802381,-0.003858284577467841,-0.007820860603195734
2011-07-18,0.00021578455771442684,-0.004405365766619429,0.0005893676536656406
2011-07-19,-0.0017867246195174546,0.0019834650292351874,-0.0018914779862765577
2011-07-20,0.006034693047149542,0.013171819382460148,0.013777840184203204
2011-07-21,0.0017124481029930916,0.002479756505523012,-0.004632730091833493
2011-07-22,0.005696849812131921,0.008396247596109907,0.006927560132860621
2011-07-25,-0.006639919367149694,-0.009069479647977552,-0.008451567507155432
2011-07-26,0.001620903884828273,0.0033004926486566166,0.003370254162738862
2011-07-27,-0.0027439377558158284,-0.008598697000973932,-0.004991312687502347
2011-07-28,-0.0041534313620134045,-0.015008733101342209,-0.005774540313434251
2011-07-29,-0.003923163558467446,-0.012940220605271557,-0.004517570725493635
2011-08-01,0.0069935060617589695,0.014971768949676223,0.012385625694671765
2011-08-02,-0.007215358253670923,-0.02315811875092899,-0.006378335720471306
2011-08-03,0.0018460400203632599,-0.016821421803085546,-0.0006192655772183624
2011-08-04,-0.0019563324636845403,-0.009868048183761524,-0.0027308906763641393
2011-08-05,-0.010195276551387522,-0.021379421271070398,-0.008686058573176614
2011-08-08,-0.0055050235191271835,-0.03983240059391291,-0.02490496983445782
2011-08-09,-0.0022806238210605345,-0.024292213454837897,-0.007480880854477134
2011-08-10,0.010534438849449046,0.01043237820572096,0.01623945825102102
2011-08-11,-0.011008628842787527,-0.01735199992105063,-0.0114891348864244
2011-08-12,0.0180971266118215,0.04538206322120408,0.01642253681624055
2011-08-15,0.003935255184787323,0.0066721086080667735,0.005918477223223073
2011-08-16,0.0075738834869931715,0.0023492063454908507,0.00034218079143264455
2011-08-17,0.010611115700538187,0.006529195390930553,0.010261951490624543
2011-08-18,0.0006609093340244065,-0.031185098703668368,-0.004527855295023506
2011-08-19,-0.0022931415546779688,-0.030386204609915257,-0.016196849023223246
2011-08-22,0.011615368948563853,0.019564277620194526,0.011051771275709488
2011-08-23,-0.007187169208317412,-0.017539328586866354,-0.013058550953381553
2011-08-24,0.004947237351570211,0.02686722190330637,0.014407544641582335
2011-08-25,-0.006819243711569389,0.02186045211101284,0.003600376347650867
2011-08-26,-0.0013661102158600835,-0.025604231375236708,-0.00786424056523538
2011-08-29,0.011351821643031723,0.03345113898939833,0.012747035131854378
2011-08-30,0.011260318899225519,0.01062294000439068,0.012859437980864065
2011-08-31,0.006121314075770323,0.013489957766187555,0.009495754912631417
2011-09-01,-0.001744204234010005,-0.0013885410178359203,-0.004566934530174538
2011-09-02,0.000646596094688423,-0.031645910669574895,-0.004397592113277615
2011-09-06,-0.00728782330182165,-0.03403148632144426,-0.009538091859495144
2011-09-07,0.005729205813083782,0.03820263449386885,0.015440444963207421
2011-09-08,0.0077308444525237,0.006820097703054584,0.0041631393069622375
2011-09-09,-0.0063905753758393136,-0.015806352148097336,-0.008629069927834009
2011-09-12,-0.014920213294700502,-0.027277305955241138,-0.012705364697186328
2011-09-13,0.009342446523259218,0.022538600028370492,0.01292444872049745
2011-09-14,0.002595852331010562,0.01102079794803923,0.0015681339808360836
2011-09-15,0.005605820847009779,0.019520477859998442,0.01174827861217138
2011-09-16,0.0022002700178920254,0.010505480193413907,0.00391004019286143
2011-09-19,0.004201155042086402,-0.014510696496654707,0.0016789351789653802
2011-09-20,0.0025411634863152788,0.010792102161404582,0.0070704901241482425
2011-09-21,0.00462209907614719,-0.004883376453787114,-0.002020528888420547
2011-09-22,-0.020628897502276478,-0.058055199290616644,-0.011174366049728011
2011-09-23,-0.0039534291528189325,-0.010065977449703722,-0.00040566636268446477
2011-09-26,-0.00404588411674367,0.02229937496353762,0.003632900427667129
2011-09-27,0.013789612205568957,0.034202507661635906,0.009299415494951235
2011-09-28,-0.002369009079629336,-0.006327288399692987,-0.003282405057349313
2011-09-29,-0.005280938234562882,-0.006197874198878184,-0.00128951507175441
2011-09-30,-0.004474359403274786,-0.022213054079641914,-0.005131193643784648
2011-10-03,0.002763394905094474,-0.01712513983523367,-0.003044223366416521
2011-10-04,-0.011370324674664811,-0.03680338683092521,-0.013910120777811263
2011-10-05,0.0006686187513242903,0.039409656201318866,0.014929633536314045
2011-10-06,0.005650235137482085,0.015449973265821315,0.005916255497268973
2011-10-07,0.006304156502097147,0.024571753033091115,0.005161052952899325
2011-10-10,0.004970034462146167,0.004352314759964004,-0.0005478715476626042
2011-10-11,0.005876641596465726,0.010112448217951764,0.0076767462916987215
2011-10-12,0.0009230974320002527,0.014553440441135157,-0.00010059256872896327
2011-10-13,-0.003515600059799673,-0.004643142261610889,-0.0016351957504209037
2011-10-14,0.006228810546303976,0.015577856722903016,0.005348116109533184
2011-10-17,0.0006861783542173594,0.0006563750163799398,0.0018688533492436932
2011-10-18,-0.006196137728978202,-0.01516484939029461,-0.0026597852383975374
2011-10-19,0.004393255988380362,0.018644428084057862,0.0056760899625758025
2011-10-20,-0.0070246454246483125,-0.007762566494091239,-0.004936972606706203
2011-10-21,0.009029617962000192,0.013670251932014876,0.0061050796975206535
2011-10-24,0.005851330867105542,0.008774286493522743,0.00551073174928347
2011-10-25,-0.001934124447688812,0.005798365036194575,0.0015480972298782091
2011-10-26,0.009493327860035983,-0.004323983613815918,0.00449674241454463
2011-10-27,0.004819375210292742,0.026377547158020986,0.00587770754806409
2011-10-28,0.00022643110020159618,0.002898775122603947,-0.004019731789682935
2011-10-31,-0.0011188585961611208,-0.006562094409381047,0.005837387737582601
2011-11-01,-0.008890886065435755,-0.04034340618203691,-0.005168837760291197
2011-11-02,0.006824813292128695,0.01475059712780169,0.0018417665912529467
2011-11-03,0.007178996865636611,0.01162866230478321,0.005982628103487064
2011-11-04,-0.0010276559205325553,-0.0003189974807419338,-0.0023231654286982152
2011-11-07,0.004458502362977512,0.0012777086920774394,0.003946782242375502
2011-11-08,0.008244707224789538,0.012201444623357371,0.0076982040197539625
2011-11-09,-0.00265802683771299,-0.015993924149917516,-0.004422798449842945
2011-11-10,-0.006163645546982788,-0.0008005539323686639,-0.005486267849305882
2011-11-11,0.0016735874404520956,0.008333671784584995,0.001746232845892681
2011-11-14,0.0052729256342933795,0.0028611035077417135,0.0036505050123193604
2011-11-15,-0.0021034008607012655,-0.00808298442506783,-0.00034786874766505865
2011-11-16,-0.0026519480439144427,-0.0028759121704964308,-0.0008418478226064784
2011-11-17,-0.006312152416440453,-0.007691715274346533,-0.004343865914118572
2011-11-18,-0.0032440054580505917,-0.010900239985818239,-0.0026768672640541166
2011-11-21,-0.0054341983774857106,-0.018775590453691815,-0.007237982923034658
2011-11-22,-0.006329682546841187,-0.006655588611233609,-0.004093191118737938
2011-11-23,-0.004778489489998261,-0.011139248537041069,-0.003991335996412659
2011-11-25,-0.0062221872349400575,-0.014313454127534153,-0.006475069183176996
2011-11-28,0.011137473843101375,0.02715236869121873,0.005880889506852723
2011-11-29,0.004380595437053936,0.004266703624929091,0.007280658958649112
2011-11-30,0.016219519634752766,0.028654551616271062,0.011560747135114856
2011-12-01,0.0023834438594803053,0.01101321930318111,0.0006479906421700031
2011-12-02,0.005292785534908528,0.010171776633784768,0.007238186907142952
2011-12-05,-0.0010749910759337844,0.005709399722501729,0.004729058939007746
2011-12-06,-0.004932689667019097,-0.004967192878171822,-0.00021131953503674642
2011-12-07,0.0018117480097059602,-0.0029316712765085073,-0.003388500130890759
2011-12-08,-0.0019027865658056697,0.0004769890009805877,0.001615962330412568
2011-12-09,-0.0019046629020559314,-0.011040871381319262,-0.002037526421491842
2011-12-12,-0.005889859491789995,0.0035341414741034693,-0.001776503272820174
2011-12-13,-0.0003340611275449712,-0.0007204771434740076,-0.0025694774974625244
2011-12-14,-0.007056783485379414,-0.018420862180307362,-0.0024916895328203955
2011-12-15,-0.0007744635639947983,0.003835220121209959,0.005206297719927245
2011-12-16,0.006713253445123968,-0.00020151832703774186,0.0022657941701263117
2011-12-19,2.7241122361409964e-05,-0.0013911224270374278,0.0022631410095033336
2011-12-20,0.0029905307892106325,0.0009830059931148494,0.001701739427893001
2011-12-21,0.0028831596117468994,0.01432365871641017,0.001974238230072654
2011-12-22,0.005064355256471087,0.005648127408908188,0.0012997193655219785
2011-12-23,-0.001208071893012308,0.00834475425298753,0.00020696671937887618
2011-12-27,0.0012151600661209905,0.003978660663869205,0.0015780524868125312
2011-12-28,0.003592045562122115,0.0026948333076550757,0.004330127620114643
2011-12-29,-0.007757219896461831,-0.010038665254136991,-0.00016165321568848302
2011-12-30,0.007868303437159607,0.006228169761067104,0.005828416615223464
2012-01-03,0.0037721873123202077,0.013807010361973404,0.0027025696565456496
2012-01-04,-0.006637882430204578,-0.004383438124244021,-0.003166171821902619
2012-01-05,-0.003790046284511739,-0.0014930260130492368,-0.0045514012171307796
2012-01-06,0.006403345629309332,0.009368884399765465,0.004199641456914671
2012-01-09,-0.0016905624853912338,-0.0015602870881840092,0.0015095723785088612
2012-01-10,0.004218175823137882,0.010859873169589696,0.004017438629623937
2012-01-11,-0.001074188290227318,-0.005101286524270332,0.0013902760379701285
2012-01-12,0.0048010252223449346,0.006525263780046364,0.006972695326181854
2012-01-13,-0.0032228094104737037,-0.007177277833245954,-0.0004713884381765338
2012-01-17,0.0073181868229688085,0.011193845200781594,0.006220656695432547
2012-01-18,-0.0028913780084880436,-0.005919441016226212,-0.0016334463375057059
2012-01-19,0.0004935433856951832,0.014770822262782035,0.0016216237846902624
2012-01-20,-0.004884131511534995,0.00015237952459856707,-0.005339113475394885
2012-01-23,-0.0002209955304214306,0.0020574056975202204,-0.004134506030484131
2012-01-24,-0.0011083461287832996,-0.0053988842732880515,-0.0012415690691712335
2012-01-25,-0.002425841822410346,0.0035168487917451863,-0.00011778470941532521
2012-01-26,0.018842021595494973,0.01439860720397923,0.010672693782621456
2012-01-27,-0.003666358467387165,-0.014344480641725776,-0.004560316704307364
2012-01-30,-0.00041290535626503644,-0.005562541852067282,0.003485755446455264
2012-01-31,0.00410880538558045,0.011570402212667696,0.005006382556491173
2012-02-01,0.002804070262180769,0.002044934429083156,0.003833242300289186
2012-02-02,0.0014747951929714453,0.003326153784527275,-0.0006431491706256234
2012-02-03,-0.0027263919268712966,0.00956836753083845,-0.002665211650421817
2012-02-06,-0.003725010081264024,-0.00014963240455090343,0.0007005940930814526
2012-02-07,-0.0003851402222633249,0.0014184633257523505,0.0006105614880671073
2012-02-08,0.005786829493992229,0.005142655126686435,0.0016451838159087016
2012-02-09,0.0002745961245651518,0.004078015986798578,0.0012763783682320006
2012-02-10,-0.004830307973926917,-0.00923120180589887,-0.0022934810835805843
2012-02-13,0.004445088173802736,0.008646397402033212,0.004503167863573898
2012-02-14,0.00021957331899224997,-0.002364510938543396,0.001462795538300976
2012-02-15,0.005004346772720769,0.004666389155486561,0.003549206315812503
2012-02-16,-0.005728856592108977,-0.007815274842300268,-0.006015009839233421
2012-02-17,0.00630986011043011,0.014490833846505069,0.0038849790889355683
2012-02-21,0.0009327977927520159,0.0015379476893448984,0.0006120109370195692
2012-02-22,-0.0022797925801451013,-0.003437261051024265,-0.0016474604724988847
2012-02-23,0.002623109291190584,-0.0022016282191392733,-0.0004580897062987253
2012-02-24,0.004655416219932151,0.007134222114583588,0.008034660431600171
2012-02-27,0.0011211930378101087,-0.006645575375409218,0.00034582206250453017
2012-02-28,0.0036445980673478484,0.008675305207801465,0.006454017897651099
2012-02-29,0.00034185413942688925,0.0040816088439761256,0.0007667203816974495
2012-03-01,-0.011339237456326368,-0.0032666836044781267,-0.008499821278511989
2012-03-02,0.0013969755145346596,0.0024032350073639464,0.0029224556531406874
2012-03-05,-0.0004245053962821377,-0.003923314460115734,-0.0011190731477082269
2012-03-06,-0.006518577117761271,-0.012763932405591372,-0.005982487430974914
2012-03-07,0.0010192888574196424,-0.0021431016539811276,-0.0012519134615313508
2012-03-08,0.0023461900688190873,0.010810274661214425,0.002604409252390516
2012-03-09,0.0005574054845884913,0.005713632248907752,0.0005737701090230193
2012-03-12,0.004698260032017565,0.0018206758288981106,0.003967161826547017
2012-03-13,0.002257800246085573,0.005598246229218562,-0.0002518029794585713
2012-03-14,-0.007300327598872891,0.012868586069655352,-0.001197274936315695
2012-03-15,-0.004782493801313459,0.00014245742955765195,-0.006302949718303453
2012-03-16,0.0002517552540102219,0.006102714150206134,0.002218647419267805
2012-03-19,0.0013582699617684657,-0.0010685260380448591,0.0024719367529576933
2012-03-20,-0.004896094276252261,-0.0011414216166509839,-0.004025322817730404
2012-03-21,0.003153726434900639,0.0033560648402841675,0.003571417912550468
2012-03-22,-0.002170191577971825,-0.009536078982197993,-0.000561977885941433
2012-03-23,0.006362410568644616,0.0010062363070559854,0.002028458501779795
2012-03-26,0.005427188265135108,0.009546148274018229,0.006224771028827991
2012-03-27,0.006043305598116611,0.007749255001437527,0.004472121530497209
2012-03-28,-0.0019145117424341773,-0.004514958972622107,-0.0022122397707430965
2012-03-29,-0.004720327018622683,-0.01034698691686009,-0.0023116721267225186
2012-03-30,0.005563374551426303,0.009166353915194714,0.006166584639956385
2012-04-02,-0.0004465258544580353,-0.001987037529324831,-0.004404811574536694
2012-04-03,0.005327624306051604,0.0071103476706830815,0.0043017430663720106
2012-04-04,-0.01315028903818749,-0.010025188790275474,-0.010404108126177402
2012-04-05,0.0010754732004543133,-0.00599088563119321,0.0008075613965413896
2012-04-09,0.002365083759793496,-0.00968581909174937,0.0031793403147555082
2012-04-10,-0.00010490724126133166,-0.0005794775348006986,0.0010717165303938182
2012-04-11,-0.00038786153994629924,-0.004784212366285678,-0.0036983982207803075
2012-04-12,-0.0016916166906438823,-0.0011655873649452086,-0.0008378352312667037
2012-04-13,0.004063818891821391,0.009771764838662822,0.007522904440337363
2012-04-16,-0.001430750427059424,-0.004549502912519765,-0.0008353272149588253
2012-04-17,0.00216743878104797,1.749079856505631e-07,-0.0005824732495343988
2012-04-18,0.001883944766928769,0.0044977949546742835,0.004483570406543791
2012-04-19,0.0011114952275075307,0.001227530306543434,0.0014200655448066701
2012-04-20,-0.0029254682322866765,-0.0021639578468909404,-0.0036524432544478235
2012-04-23,-0.0009436553849867524,-0.012939792110756243,-0.002444811074047969
2012-04-24,0.0001792088217218435,0.0027094873790098895,-6.744055735574705e-05
2012-04-25,0.003139882297555685,0.01270937721553178,0.00354417334365853
2012-04-26,0.0045782518754600154,0.001730568257775289,0.004508825703471419
2012-04-27,0.006061572671262061,0.01216808802919167,0.0059381515253743794
2012-04-30,-0.0013900810215263792,-0.003343171895414554,-0.00012579476312939413
2012-05-01,0.0016515647470323191,-0.002284191580612216,-0.0008808538925786812
2012-05-02,-0.001103883569868902,0.0009299341496631364,-0.00015726982999386696
2012-05-03,-0.002308310228366084,0.003001718587396507,-0.00017806527002619523
2012-05-04,-0.0026570022969133467,-0.012968142041056563,-0.004900376959953601
2012-05-07,-0.0032929380735251534,-0.014510737655964334,-0.005846436637674389
2012-05-08,-0.003406241928105236,-0.0016847278741425331,0.00024009758431007308
2012-05-09,-0.0034176659600034798,-0.008658551327517472,-0.0026337866358707267
2012-05-10,0.0037031022531630597,0.011694649372882449,0.0022281438025977705
2012-05-11,-0.00016260497178566258,-0.011047069013031208,-0.0016460326863314773
2012-05-14,-0.0028037979785443534,-0.006362866308163628,0.000802042307907592
2012-05-15,-1.5111829863356796e-05,-0.0021591087140240273,-0.0005675909205213879
2012-05-16,-0.002467640545959715,-0.0005967466127198007,-0.0007213360043559769
2012-05-17,0.0022322933816130153,-0.008063441254998693,-0.0013664188435974717
2012-05-18,0.0023251475773145014,-0.011214920302166864,-0.002664403335206766
2012-05-21,-0.00313781630091281,-0.0092103819640722,-0.003481732196301679
2012-05-22,0.0030337897748102804,0.01651781373125183,0.006197949324715957
2012-05-23,-0.0038403981162276057,-0.008011418071093956,-0.002199950475772283
2012-05-24,0.0025890361180078703,0.010514386348537075,0.005272552120777129
2012-05-25,0.0004311808127510641,-0.0011309103887984229,-2.936964880495541e-05
2012-05-29,0.005145016061260055,0.005132967008426803,0.002950245754669689
2012-05-30,-0.0038198398072099016,-0.004506131059151652,0.0035526467247434476
2012-05-31,0.004790385699941391,-0.0064119984006799635,0.001610979191468887
2012-06-01,0.0010935641720388745,-0.017462668166765227,-0.00384540612856632
2012-06-04,0.0009885481008342634,-0.007882028719998102,-0.003363500165024602
2012-06-05,-0.001220850506215565,-0.004205824310999473,-0.00493662588358874
2012-06-06,0.0064999159784850935,0.016582021175018058,0.006930518477175518
2012-06-07,0.005075405190667848,0.026929068245862275,0.007032483515849685
2012-06-08,-0.005257352701292128,-0.013186252991574499,-0.0011729191644443294
2012-06-11,0.006820036695405207,0.018677135098258635,0.0050207245270265325
2012-06-12,-0.00507312432718221,-0.01773862524732228,-0.01006610249370523
2012-06-13,0.004019750656687693,0.005614941672414497,0.002984932191799316
2012-06-14,0.0030464580916200745,-0.0014335190401625342,0.0026640516040637554
2012-06-15,0.008607866272540399,0.013080349679819303,0.009848997246769731
2012-06-18,5.8178508433037734e-05,0.0015000540125507111,0.0027012029816704253
2012-06-19,0.004760840105006325,0.011228829057217338,0.0040006474418464045
2012-06-20,-0.005999302345325308,0.004664165988906843,-0.0026182227966492725
2012-06-21,-0.003111778268739096,-0.0005159530469264206,0.0041216694427966384
2012-06-22,-0.008352481965369751,-0.018504915669621425,-0.011261717851127017
2012-06-25,-0.0026020573628595667,-0.008112235466067319,-0.0034058229646018344
2012-06-26,0.001004758516562232,-0.002650698351596481,-0.0023818677165309277
2012-06-27,0.003784606365163423,0.005466879438540184,0.004707501531147207
2012-06-28,-0.001034888608876794,-0.0009813762177470764,0.0017498318536350865
2012-06-29,0.010486956711656559,0.02199689780036551,0.006065581727928437
2012-07-02,0.004228444784323937,0.009467572761239218,0.007888215336475124
2012-07-03,0.006290489558448131,-1.4949265936259337e-08,0.0015943590745058469
2012-07-05,-0.0021227361039291015,0.003077716132512176,-5.884127189332861e-05
2012-07-06,-0.003771821738166148,-0.010446096810134975,-0.0020554816789659647
2012-07-09,-0.0006699714180158356,-0.0006641043015619408,0.001843372931424514
2012-07-10,0.004707479867012587,0.004653085972906368,0.00429929741907289
2012-07-11,-0.004565999924862396,-0.013234127570968979,-0.005656554338095997
2012-07-12,-0.0030345256628220296,-0.006184098774051572,-0.0022796949438288025
2012-07-13,0.00513201855897516,0.0035989105336096117,0.002717399766616335
2012-07-16,0.007387342714503031,0.011803121285190343,0.010393560121962775
2012-07-17,-0.000715324160498465,0.003913325444050431,-0.0008445339315641845
2012-07-18,-0.0010723892728621287,0.0005146395940565096,0.0003089008212659561
2012-07-19,0.005655357290323071,0.011834847230767442,0.00462518947803554
2012-07-20,-0.0016524916697492342,-0.005085522481897864,0.0004983843490941947
2012-07-23,-0.004459973407592188,-0.01810883691132814,-0.0055875423093787666
2012-07-24,-9.975031837561321e-05,0.005354569956440569,0.000288343278572167
2012-07-25,-0.0006705865815213041,-0.007249031815141471,-0.00042165346427678295
2012-07-26,0.007058323666883526,0.012517778987819028,0.007206844745358153
2012-07-27,0.004096429888678532,0.007358481928702476,-0.0005723953816697772
2012-07-30,0.0033247904744377887,0.011907406604428461,0.0025252235024041158
2012-07-31,0.006426863452739351,-0.00021631248471942754,0.004294305871665571
2012-08-01,-0.005376250741106259,0.001516127029670633,-0.002199126394486495
2012-08-02,-0.007840785574340092,-0.01550085203734286,-0.006001843021622455
2012-08-03,0.0025727947413245467,0.014719910807643899,0.003430330658803003
2012-08-06,0.006588834529433818,0.008371805986856051,0.004491230310678329
2012-08-07,-0.002845271015696982,0.003292059340037179,-0.003382203473401369
2012-08-08,-0.003023633255891056,-0.0023542343597408033,-0.0007774268786627346
2012-08-09,-0.0009025056193205927,0.0031463393196335954,-0.0025193228073047804
2012-08-10,0.0020072883808530673,-0.0017821014623897735,0.003515148122856404
2012-08-13,0.0014126250035497723,0.003999156873396803,0.002114311482419495
2012-08-14,-0.0031472954650740848,0.0049076577433757596,-0.0038751652783878487
2012-08-15,-0.0024724681714621832,-0.004600638627509701,-0.005793324783205556
2012-08-16,-0.0007803831572905651,0.003626459441698815,-0.0004578879596085273
2012-08-17,0.0019999308789822035,0.007651236857539434,0.0019397116235709611
2012-08-20,-0.001959588738408513,-0.0017579580163462616,-0.000560697868459048
2012-08-21,0.00463610538890169,0.003944498072649516,0.0021035151740837143
2012-08-22,-0.001491035764593418,-0.007997860002644352,0.001951851467325772
2012-08-23,0.004010485461183544,0.0004952293753119896,0.004247851292901928
2012-08-24,-0.003486726377606386,-0.00819961577124173,-0.002578759447951762
2012-08-27,0.00573889010784745,0.011260964654949968,0.006341928213254055
2012-08-28,5.4292280144974114e-06,-0.005003746340754067,-0.00169366061835452
2012-08-29,-0.00037582866782093216,0.002408006628172199,0.000999570701457353
2012-08-30,-0.0011260228043695752,-0.004381511272144145,-0.0005271205090849659
2012-08-31,-0.00016672946118712062,0.00276843467643606,0.0001088651023731567
2012-09-04,0.0038384308157255465,-0.0017692309334361722,0.003425143884765958
2012-09-05,0.00232619172344517,0.0003541235324879821,-0.00010286072316123554
2012-09-06,-0.00017828515372797504,0.004748757271930915,-0.0012193257055768572
2012-09-07,0.010212441941950479,0.015871801669967267,0.011466839614305923
2012-09-10,-0.006163040784404994,0.0012500107251247616,-0.0070189992924865495
2012-09-11,-0.0007205456595674731,-0.004091652938961854,-0.0013878976087727142
2012-09-12,-0.0019601994526855515,0.005501222227693114,-0.0025048682519988046
2012-09-13,-0.0033283896940147217,-0.00013854891213838094,0.0004731096649505329
2012-09-14,0.009107492493135139,0.017386184474323274,0.0018363201091656546
2012-09-17,-0.0044024774864142024,0.00040857080484313357,-0.002727505793705376
2012-09-18,0.0021995882119798527,-0.0030624113211067394,0.004354372517480233
2012-09-19,0.0031152014402180406,0.0020474698137051828,0.003316021143768877
2012-09-20,0.0005908690119935667,-0.005177398128277444,-0.00046943722473629084
2012-09-21,0.004781664452903733,0.00953769891070877,0.001170615899419314
2012-09-24,-0.004363369446361842,-0.010161070900754354,-0.0011276039773474578
2012-09-25,0.007042983624236054,0.00558077244200228,0.0051480182829525935
2012-09-26,-0.004356860834990428,-0.012948909222014637,-0.0020364758164728375
2012-09-27,0.0015059683932427959,-0.0012492048541532519,-0.0007816454520766847
2012-09-28,0.001217090493552897,0.0013896717595922592,0.001476002236195706
2012-10-01,0.0014253795921252976,0.0029843038377106446,0.0001233943120227286
2012-10-02,0.0008435553003509622,0.0027679187693139262,0.0014674454589619133
2012-10-03,0.0010095668887439846,-0.0002070313333931706,-0.00028595274945881767
2012-10-04,0.003133593351261066,0.005176432437721479,0.0018141738788747916
2012-10-05,0.0001526970720722165,0.008719862671743739,-0.0008916570979002449
2012-10-08,-0.00441110251793031,-0.008917058064699557,-0.004001017092970116
2012-10-09,-0.002293122407323267,-0.00048098437320887033,-0.00196101357837819
2012-10-10,-0.004422858481973435,-0.009275966149385306,-0.005598603697078675
2012-10-11,0.001700496441199295,0.0006935050675680454,0.002062790641210599
2012-10-12,0.0013275355012727363,-0.0056833273543868135,0.0035102466398225563
2012-10-15,-0.0044990773071793555,-0.0016035075479400307,-0.0018970861688726304
2012-10-16,0.002644512825504597,0.010682210109029144,0.0035656570811861683
2012-10-17,-0.00010454487066657858,0.006079283717826067,-0.001983254796298839
2012-10-18,0.0011029467539378501,0.0012357397412352533,0.0005765606998486383
2012-10-19,-0.002757110947080643,-0.0018517269131017589,-0.003686913724934282
2012-10-22,-0.007971876999948835,-0.016488883327271497,-0.006270269549048656
2012-10-23,-0.003371421044555456,-0.009011785325196642,-0.0031999212596049756
2012-10-24,-0.0025917851255384816,0.0004933163323219691,-0.0004903093233881162
2012-10-25,-0.0013033915441594823,0.0006345078793890124,-0.003886529444633702
2012-10-26,0.0004932955370624548,-0.0050701828075999655,-0.00012244134161607488
2012-10-31,0.004739958458612525,0.0038924489729581513,0.006419792474415997
2012-11-01,0.0005494405422423743,-0.0014096268693936098,-0.0005522775267712054
2012-11-02,-0.005138964309290395,0.014331342042703143,0.003744099852673209
2012-11-05,-0.005924412440300175,-0.01621681824905674,-0.004650994114860872
2012-11-06,-0.00014263766324251748,0.006579683652817803,0.003068643981166241
2012-11-07,0.0026644726721885004,-0.004357734382620326,0.0019549638470668152
2012-11-08,-0.007841444085032623,-0.013836012561305844,-0.008818044740576458
2012-11-09,-0.0017425568402341662,-0.014889325930446007,-0.0029881030308888095
2012-11-12,0.0018942245759423493,0.0070484892883340144,0.0048976854373459664
2012-11-13,-0.005076497191490059,-0.007576171155684208,-0.0014938407717228538
2012-11-14,0.002013246594433582,0.004871557456456843,-0.0004843542434682219
2012-11-15,-0.009047736596548561,-0.016135361247614943,-0.008472119381868603
2012-11-16,-0.0015717288343941593,-0.0005884852857022116,0.00047173925469790056
2012-11-19,0.009766904472339188,0.014717282887056315,0.005981365230219681
2012-11-20,0.003128321728783856,0.00732407033585325,0.004458040110684535
2012-11-21,-0.0007680048657144889,0.0028790952777817402,-0.002384569074092413
2012-11-23,0.001872720798959282,0.005886194659049604,0.0038858747406639972
2012-11-26,0.0036051951779694225,0.0037110521216339176,0.004994210653587095
2012-11-27,0.0013129771368489696,0.0018484769257685052,0.0004061081029587575
2012-11-28,-0.0028011030228261014,-0.008160883067392377,-0.001599067339023796
2012-11-29,0.007622504465467639,0.015955929731670704,0.006048988363990525
2012-11-30,0.0037147936362733613,0.0010556193000084146,0.0026196061258624056
2012-12-03,0.00045778756908365636,0.004644098188816059,-0.002048245172684649
2012-12-04,-0.0034056680663210326,-0.009523815044838346,-0.0015111497924573001
2012-12-05,0.001012869033418351,-0.0004950713696516562,0.0009186202214119367
2012-12-06,0.0021345589704335755,-3.158723262952634e-07,0.0014670317234831477
2012-12-07,0.001830860383463584,0.00820588127293842,0.00060148366417212
2012-12-10,1.9206222727552458e-05,-0.0022451622247575687,0.00013057280470329946
2012-12-11,0.0027015637370186862,0.005976714286541895,0.0013455029775282677
2012-12-12,0.0020158525937095106,0.006570847054519158,0.002558166518755111
2012-12-13,-0.006180660424783935,-0.004027548319215812,-0.007391020106723456
2012-12-14,-0.0032956787687973277,-0.007670032631010404,-0.0016583626620956691
2012-12-17,0.0011355837075202047,0.0010538811518956415,0.0016390747500492965
2012-12-18,0.002245968547663013,0.01073893637368828,-0.00035822460727206237
2012-12-19,0.001974913128283573,0.010625270120871999,0.004958269873301413
2012-12-20,-0.007361140081628581,-0.007902145050302734,-0.003683002950666347
2012-12-21,-0.0024923213048677617,-0.008322925263268388,-0.0016299724047546425
2012-12-24,-0.0009480552267869813,0.0021805221169337585,0.00029455101933781856
2012-12-26,0.0011980465481837843,0.0011224969076397695,0.0013895906806566938
2012-12-27,-0.0066531190202971935,-0.005958329226678716,-0.0038048006905999185
2012-12-28,-0.0007765496404162908,-0.008111061584774037,-0.0007313357439820978
2012-12-31,-0.005831202389825152,-0.006968034174905657,-0.005057936402167629
2013-01-02,0.018805221430130636,0.03902333503524913,0.013289619075997194
2013-01-03,0.0024748948795543235,0.006064696400915448,0.0023693885688997438
2013-01-04,-0.004298894652510432,-0.00013713807794424326,-0.005845325603735141
2013-01-07,0.0020749204792602782,-0.0008221363704801199,0.0019205203105884475
2013-01-08,-4.3405462800683026e-05,-0.0009604080969495277,0.0016877969369246905
2013-01-09,0.0014865660453466933,0.0010988093420984946,0.0013650874466986096
2013-01-10,0.0025986943789515493,0.005895221981166099,0.001457244794551604
2013-01-11,0.0018731485701890538,0.002112698301972804,0.0008966556632395315
2013-01-14,0.003111167230776646,-0.0010201554803463964,0.004518118551085149
2013-01-15,0.0007425628225181669,-0.004084664629126267,-0.0005514638156602692
2013-01-16,0.0014505274434282178,0.003281380060242256,0.0020351272609852697
2013-01-17,-0.00014905821538491182,0.0063362048424249195,-0.0005088971914522845
2013-01-18,0.004224329252829007,0.001828154864125242,0.001901284923026392
2013-01-22,0.0008658669606513847,0.002432670127145542,0.0013926876625991458
2013-01-23,0.004771261720875053,0.005393439495866792,0.005879448835245382
2013-01-24,-0.0008299150054308368,0.0001343170901122459,-0.0014818283737455308
2013-01-25,-0.0005725945433671109,0.004894278636534244,-0.001902012341157056
2013-01-28,0.00044772441158325016,0.002735574762526838,-0.0030876289925505064
2013-01-29,-0.0003439591609969428,-0.0034601714010663587,-2.5012226917619715e-05
2013-01-30,0.004744111160297715,0.005809143676380302,0.0002547920783170449
2013-01-31,-0.0022905126446383095,-0.004978684640947306,-0.0017528521079502864
2013-02-01,0.006486050858014014,0.005070555101976737,0.006328231580265343
2013-02-04,-0.004181939567923787,-0.002190985673243495,-0.005187711514321625
2013-02-05,0.0001385357405634391,0.0002000399289314725,-0.0009780244883025092
2013-02-06,0.0015752448663111096,0.0011301866104314051,0.0015384301905722708
2013-02-07,0.0018413494498448202,0.004584465018781181,0.0036088305218743956
2013-02-08,0.0014103857305889367,6.596614276155321e-05,0.0001422991485259928
2013-02-11,-4.603697043192856e-05,0.0034388009845367495,0.0029193873228073653
2013-02-12,-0.001138780259320904,0.00026395127909539795,-0.001071799920421235
2013-02-13,0.0007155468595061443,0.003623587552860741,-0.0008765044847009133
2013-02-14,-0.0012692747253454373,-0.004201651741508661,-0.0008285969081545108
2013-02-15,-0.0012296355987785335,0.004877866885488302,0.004199234792370543
2013-02-19,0.0005039810342495343,-0.00039281956632619686,0.00045027721418648974
2013-02-20,0.0021609692348154574,0.0050529675499684235,-0.0009731109153999109
2013-02-21,-0.0038972541366892877,-0.014235560510441503,-0.004357607594603662
2013-02-22,0.001978771372943555,0.0012591655498335186,0.0010290986077588827
2013-02-25,0.005240471595961971,0.00979156849940388,0.0037208521882927227
2013-02-26,-0.004317078236934835,-0.019065595681272973,-0.0032573226657503836
2013-02-27,0.0029852337107665328,0.0011350621945247497,0.003241628959405585
2013-02-28,0.0035333961632730837,0.013409690919734096,0.0044974936831682286
2013-03-01,-0.002459685554022095,-0.005332607615327389,-0.0009526986695675755
2013-03-04,0.0035506761140327026,0.004435255621853429,0.002492572582997043
2013-03-05,0.008140993956287312,0.012519703099816981,0.005087538641114442
2013-03-06,0.0009758799575187993,0.007679317473079594,0.0013554469030516705
2013-03-07,-0.0007490688742111118,-0.0009045891410977003,-0.00293391302126671
2013-03-08,-0.003253212971030539,0.004913290461773467,-0.0023434912636713713
2013-03-11,0.0012282979765882995,-0.0009008703643303972,0.00033004232970570426
2013-03-12,0.00343371574398188,0.0038627998034399535,0.0027694522300096393
2013-03-13,-0.0006851162067512684,-0.0010261096094125177,-0.0006502259803666143
2013-03-14,0.0011483526627529272,0.0035313246571195833,0.001597766814104062
2013-03-15,0.0014190183266187262,0.0014915296881350404,0.0017292374445708968
2013-03-18,0.0004553443523256373,-0.009689008400834753,-0.0006111336558986208
2013-03-19,0.001245676892077885,0.006220215713560018,0.003560875367158589
2013-03-20,0.0038162973587814175,0.0014170663389605487,0.000610618260085527
2013-03-21,0.002019981758575984,-0.0048875080298436124,-0.002418389322821124
2013-03-22,0.0007327196485931164,0.000581835070847081,0.0018551382628764657
2013-03-25,0.002567815359309611,0.007490964795019428,0.002687504846102362
2013-03-26,-0.001925849343682673,-0.0026920330515165514,-0.0012728467375577866
2013-03-27,0.005341198330460761,-0.0021209707489037166,0.0036217016972833757
2013-03-28,0.004056175965429176,0.0053455300594962285,0.0025988477758807525
2013-04-01,0.0037729937771804334,0.003203582183122222,0.0007537869354280245
2013-04-02,0.0023222203700330457,0.0001277346779613442,0.0019488287067792156
2013-04-03,0.003927288506221371,0.0019154981067130983,0.0019621752751757702
2013-04-04,-0.004807832635720599,-0.009432413566466513,-0.0013316579906891505
2013-04-05,0.00496223796539863,-0.009521529342879864,0.005291343398864214
2013-04-08,0.004042753958630962,0.008574100686972175,0.004460687198751945
2013-04-09,0.004797892531504644,0.007921959559203495,0.0026663605285664805
2013-04-10,-0.0013430616858631783,0.004280729185018872,-0.002151536264470933
2013-04-11,0.004359644718354927,0.009735034926765307,0.0044476219978776925
2013-04-12,0.00024097978173087675,-0.0001260278246865143,0.0037855804918225156
2013-04-15,-0.007161443292876601,-0.004285590004515005,6.602134662536674e-05
2013-04-16,-0.00678990393559753,-0.01082253353767959,-0.007181190621424593
2013-04-17,0.001493084512994125,-2.0302750147749293e-08,0.001246965232975672
2013-04-18,-0.0005803574739359219,-0.005886560878589742,-0.0018642904059848805
2013-04-19,0.0002202919482174881,-0.005599898177480078,-0.00293629515911995
2013-04-22,0.012397910075022889,0.008284823194325996,0.004645315580132881
2013-04-23,0.001978314835605177,0.007510991388250288,0.005874246967304186
2013-04-24,0.0009286001972952374,0.005607122925888941,0.000800704514500694
2013-04-25,-0.0009694075979675976,0.003230771644986641,0.0012199102911413903
2013-04-26,0.0014772799297115835,-6.346091428677259e-05,0.0030701667975562732
2013-04-29,0.004016977265912658,0.0021482856184833476,0.0025230128359447603
2013-04-30,7.278760580886612e-05,0.003780677486429296,0.0012324220312708522
2013-05-01,-0.003326638698013751,0.00037692335779060393,0.001727227462694847
2013-05-02,0.0004303314489095822,-0.004079526555130775,-0.002026464981623688
2013-05-03,0.003759474609008606,0.01550355411376847,0.004673967092062981
2013-05-06,-0.0031832073936270966,0.0021716480646423175,-0.0020041532324881484
2013-05-07,-0.007120083865956084,0.003962971196281417,-0.0007917960779725958
2013-05-08,0.004291104868465956,0.0017885587539150372,0.001339178310106881
2013-05-09,1.6809354116631425e-05,0.005233216429022303,0.003938291135890992
2013-05-10,-0.008497994975741885,-0.001715032457509702,-0.003518405719724704
2013-05-13,-0.0004301633754830725,0.0012886583376601202,-0.005505828477650133
2013-05-14,0.002840398543710876,0.0028800154386534604,0.0033225404702062365
2013-05-15,0.0036202311044537527,0.007881719490673067,0.0019575642659124697
2013-05-16,0.001755860294488043,0.004970781887110087,0.004479862177584382
2013-05-17,-0.003164446210025429,0.001025287252349294,0.0005473419012457458
2013-05-20,0.0007989205939418209,0.00500175327648833,0.001916032988785554
2013-05-21,-0.0029198649953182665,0.0017987554462790545,-0.001300820328795238
2013-05-22,0.006139967115752709,0.0015563100036941613,0.004662029291407155
2013-05-23,-0.011988119652497797,-0.019003533533376693,-0.014350770844691807
2013-05-24,0.0007336349472197856,0.0018882234072123971,0.0005527082199355603
2013-05-28,0.001892181519393965,0.015626117774137027,0.006332258527989643
2013-05-29,-0.008325163243638634,-0.009698035400331206,-0.01088391303882752
2013-05-30,-0.00018787164525324584,-0.00042337274405357395,0.0019446037024830835
2013-05-31,-0.00426813739181342,0.00012097518889175873,-0.000899272286886621
2013-06-03,-0.00891679632357767,-0.009312232680802834,-0.008774228004297325
2013-06-04,0.0031730661690865247,0.0037233100439877376,0.002866921240882991
2013-06-05,-0.0036026449248044434,-0.00820968818674317,-0.003767415919018435
2013-06-06,-0.006037534781109688,-0.011588805365567612,-0.00488834879747746
2013-06-07,0.007071971286065626,0.016439261335384536,0.00756545462580136
2013-06-10,0.003997129530711074,0.00891053647050688,2.334104050412053e-05
2013-06-11,-0.008843259014164384,-0.012159132611138879,-0.008821514862620082
2013-06-12,0.005977000696853585,0.0056336449353082685,0.005980865659322277
2013-06-13,-0.008920640906261212,-0.015588505134119579,-0.009105247243945857
2013-06-14,0.011649337588710784,0.014660696743410861,0.012439903718387279
2013-06-17,0.002459500990094954,0.0015846841700588588,0.0006705163660808643
2013-06-18,-0.002110461686754439,0.0014611074375863176,-0.00322798253433847
2013-06-19,0.004986900986474918,0.006503191998553204,0.007056597222189653
2013-06-20,-0.0294699810521295,-0.022584571410654286,-0.02406586138864171
2013-06-21,-0.009546663457000504,-0.00849655657362025,-0.007264812926895714
2013-06-24,-0.0088460701374099,-0.013968742781323984,-0.016806290979981764
2013-06-25,0.008247027219909997,0.006797230734361337,0.00804759580026757
2013-06-26,0.0006901006548372113,0.008770746867843293,0.00562950247678522
2013-06-27,0.007758191596204611,0.007693976908463851,0.006598299194397273
2013-06-28,-0.008449721718985725,-0.0029180798268018115,-0.0036861900486240273
2013-07-01,0.008775005816373138,0.003922268654178218,0.005915979081879552
2013-07-02,0.0006820736867743094,-0.0008682121941447907,0.002286194780046147
2013-07-03,-0.003599935860030712,-0.003971940190573453,-0.0030708779432746746
2013-07-05,-0.003920990128823965,0.012400353123418029,-0.003547127061694468
2013-07-08,0.0034817400395226183,0.008555557339205766,0.004350136475727994
2013-07-09,0.009768411474570415,0.0068347530749279795,0.0056699428974741565
2013-07-10,8.49585795419383e-05,-6.0559523538672444e-05,-0.0004080491709894885
2013-07-11,0.013646289341867623,0.012972269246292356,0.00800645302769345
2013-07-12,0.003336295891494645,0.0016755520627034226,0.004318479026954547
2013-07-15,0.003245947422969131,0.0034645473378847047,8.51817904695463e-05
2013-07-16,0.0028983604862762302,0.0017272412876885301,0.003373941276888415
2013-07-17,0.0019190123601457998,-0.0005948942909622668,0.002446454817359567
2013-07-18,-0.0020647862313227794,0.000891658173915344,-0.0015893633100330985
2013-07-19,0.0017116588195520421,0.001248644756237427,-0.0003558779799674117
2013-07-22,0.009018976994285666,0.00528106331970668,0.007046733608200606
2013-07-23,0.0010632137184569679,0.0023017374365312815,-0.001142978100289005
2013-07-24,-0.0012282322036257787,-5.862635087616752e-05,-0.003789630235967234
2013-07-25,-0.009333774890475044,-0.009246416449382955,-0.00807443942658772
2013-07-26,0.004814459740670518,-4.782101983291653e-07,0.004000524469015554
2013-07-29,0.002214025679738496,0.0027341395474420604,0.00019671962765794833
2013-07-30,0.002398625323684067,0.0024900014582147634,0.0017168842768404246
2013-07-31,-0.005267288328177244,-0.0009461451438869117,-0.006695311758237232
2013-08-01,0.0035751449483076847,0.006215446078984721,0.006360346768398939
2013-08-02,-0.0012740046683752393,0.0017061574876797714,-0.0007790707734494529
2013-08-05,0.000796518447635064,0.0017029192648903013,0.0017007505067713426
2013-08-06,-0.004279847326475461,-0.001172211835480108,-0.0031894219746801734
2013-08-07,-0.0036521697480712545,-0.0069264988935078264,-0.0017299537126710613
2013-08-08,0.006191443268914076,0.0046696375266988,0.0058535440493359125
2013-08-09,0.00025010348690512885,-0.002353269273696945,-0.0028330622795415205
2013-08-12,0.0010883304818025685,-0.00660470819241632,-0.00017267104059173147
2013-08-13,-0.004173201424295558,0.005639162652793406,-0.005091859559502288
2013-08-14,-0.0038239471921329704,0.0007085369294199673,-0.0010557822130769614
2013-08-15,-0.010201655249557184,-0.012505163230221439,-0.010704822917815026
2013-08-16,-0.0013698587626104208,-0.008064066814027049,-0.005376347393273084
2013-08-19,-0.005567785951666626,-0.0025295027071613463,-0.005480693450515006
2013-08-20,-0.001538267774932267,-0.003621801329072416,-0.002328804344564861
2013-08-21,-0.00029222279472151946,0.00048432612244497797,-0.00017556738408379684
2013-08-22,-0.002228982617461406,-0.0013322273375706573,-0.0020058839383982896
2013-08-23,0.004887606531233324,0.010006456546605591,0.00815091543341806
2013-08-26,0.007634393814574869,0.0014407102380193937,0.00688310130438139
2013-08-27,-0.0055792333305376696,-0.014568869599355327,-0.005948619099280972
2013-08-28,-0.0006769529641605931,-0.006692887442073081,-0.0035597762029109694
2013-08-29,-0.0027342860247416834,0.001775995045439016,-0.0009457365519058404
2013-08-30,0.004084065128109993,0.005869958651439022,0.007869969827227808
2013-09-03,0.0013186266753515419,0.004376486376835631,-0.001727940347048307
2013-09-04,-0.006204945611438029,-0.004841438280689059,-0.003440536161177543
2013-09-05,0.002726472996934959,0.008635724833516267,0.0014288790578428135
2013-09-06,0.00043080787244154095,0.003979213162412787,0.0015370919716823027
2013-09-09,0.0019138196627110915,-0.0003601276097483508,0.0019145247328254955
2013-09-10,0.0012066351856439006,0.013156690464529053,0.0037704194210922623
2013-09-11,0.0008742060465680712,3.1902750086132414e-07,0.0007402621365574013
2013-09-12,0.0009456303594079785,0.004150887330309994,0.006104881591121059
2013-09-13,-0.0023167741339255032,-0.0012399023851196178,-0.0020535699870172456
2013-09-16,0.010508713760444266,0.012002636452593363,0.010370309632901753
2013-09-17,-0.004430784788081121,-0.004090187260678446,-0.006134690069184057
2013-09-18,0.0006336991974926764,0.0032268125171457385,0.0029423811602995896
2013-09-19,0.022065325865172625,0.014677659010978061,0.01428720045131282
2013-09-20,-0.005370821073661269,-0.0020170441660026794,-0.0025807518329645563
2013-09-23,-0.008361264252990774,-0.010677214598972529,-0.004419512180700668
2013-09-24,0.00040987061086639187,-0.0034603841836687854,0.0008892526645114312
2013-09-25,0.00039414198352027974,-0.001530679085508302,0.0011573435446529333
2013-09-26,-0.0036493270927344668,-0.0018863004224874969,-0.0013571020903292872
2013-09-27,-0.0011908382480729784,-0.002835250795819255,-0.0024147251706380544
2013-09-30,-0.004768749811210338,-0.008054245817232242,-0.003440000320142222
2013-10-01,-0.0019447400817088623,0.003940808008753738,0.0005545163189611731
2013-10-02,0.0015395503433017765,0.0012485087152276364,0.0008622451984601653
2013-10-03,0.00240166103723638,0.002613897120488984,0.0008889376568810279
2013-10-04,-0.003983985918573518,-0.006161415064980802,-0.003999880394268973
2013-10-07,0.0001233179136108653,-0.0019676947347787577,0.0008257766867770799
2013-10-08,0.0008489158106190775,-0.00011933104368677672,-0.0009002246194638853
2013-10-09,-0.004588194486121355,-0.009557592504087498,-0.006149271245333732
2013-10-10,0.0014303203436849543,0.008986559466635624,0.0013487894086010588
2013-10-11,0.006324980231200206,0.009683517054668966,0.011000936595315959
2013-10-14,0.0009043723112394098,0.0017763735538249836,-0.001835539187210644
2013-10-15,0.001658945599557038,0.007682456267595672,0.003698878470734401
2013-10-16,-0.0025583796822096216,0.001231761372635365,-0.0018478167097176093
2013-10-17,0.011643346993832404,0.003807237380762052,0.010133529890149396
2013-10-18,0.012684678820453321,0.014530192230540973,0.010933544693610298
2013-10-21,-0.0005397842367435013,0.003393556369739814,0.0012896233302561286
2013-10-22,0.0030370201510914185,0.0026369571467437236,0.004163373621517641
2013-10-23,0.004054755804578258,-0.0005720347255424585,0.0014041485066104366
2013-10-24,0.005285025592993486,0.0006294200932706051,0.002376207014639809
2013-10-25,-0.0025313864904762395,0.0033725006657709944,0.00025586652403335425
2013-10-28,0.0038747226309794325,0.0021652393757958244,0.0008550944350300238
2013-10-29,0.00282275133095089,0.004207448277138814,0.0010801719146502626
2013-10-30,0.005106385589474849,0.004246214946882931,0.0036999899929444965
2013-10-31,-0.00978159312250293,-0.006934751810619866,-0.004235141952283183
2013-11-01,-0.002966571932073281,-0.0007372553835652829,-0.0028628724190033817
2013-11-04,0.0033728099721850313,0.0038059943837265298,0.00041398655703681606
2013-11-05,-0.003594395542509732,-0.0031124645283731045,-0.004422344889854513
2013-11-06,0.000661172905841001,0.005052506542183144,-0.00018210141299483977
2013-11-07,0.0026705453262647616,0.0026550242407732405,0.00201192916907722
2013-11-08,-0.013287221453178844,-0.014817188724566055,-0.01300247030069177
2013-11-11,0.0036294147257138754,0.012866760997721105,0.006027106198008924
2013-11-12,-0.002431583797554371,-0.0010161724688626528,-0.0018456491117814443
2013-11-13,-0.0018762219727520568,-0.00480378832399464,-0.0003246610885987433
2013-11-14,0.010048691766672224,0.013913526709035562,0.010042378005196627
2013-11-15,0.004291790279477237,0.0057130129042974875,0.004770119762443903
2013-11-18,0.003864575415179816,0.004399372558830494,0.002601562212844177
2013-11-19,-0.005247705948588699,-0.00565568543583761,-0.0022468394489731924
2013-11-20,-0.002564053761459628,0.0003348055724883281,-0.0018192196918324745
2013-11-21,-0.0075908002395468355,-0.0023417553507213418,-0.008721447725340892
2013-11-22,0.004732568643322166,0.005643511950462088,0.007210188606978996
2013-11-25,0.0037781959520053476,0.00639004995623127,0.0051864635115686395
2013-11-26,-0.00012428581537871075,-0.00226336447557951,0.0011460135283219543
2013-11-27,-5.513851997063224e-05,0.0008291731557295012,0.0012248469519642758
2013-11-29,-0.0011660223985758833,0.0024887246741986946,-0.0007994276899027321
2013-12-02,-0.0022999729864601193,-0.0012688091381497513,-0.0006500607855724149
2013-12-03,-0.005509868548632446,-0.006350488443764957,-0.004195534251791177
2013-12-04,-0.0020515178352248364,-0.004668095186503685,-0.006465306590777552
2013-12-05,-1.5765608041062862e-05,0.0017307320626818168,-1.248363855328445e-05
2013-12-06,0.0030043018739418503,0.007022881645527557,0.004526034463091344
2013-12-09,0.006932301436206378,0.004428193371105005,0.0039827319260469
2013-12-10,0.00309267253640777,-0.002700285482245657,0.0020339624145025107
2013-12-11,-0.005501943273686027,-0.000884152290333895,-0.0016474878943786965
2013-12-12,-0.009396130932148306,-0.012056032404359707,-0.009242448019645487
2013-12-13,-0.002138922386873965,-0.0007836927748607891,-4.3180907108997214e-05
2013-12-16,0.0006915915811864792,0.00252099641462622,0.0032189269270516355
2013-12-17,-0.0027920237167864403,0.002402918388412889,-0.002304257766622397
2013-12-18,-0.000300367792330114,-0.0025642924464460704,-0.0006808505775153016
2013-12-19,0.005674229446948065,0.012631360459816054,0.007695558004824754
2013-12-20,0.0012390013945904332,0.002709656524608084,0.004970269409024431
2013-12-23,0.007623518453339528,0.009740620591950355,0.0071170953869585055
2013-12-24,-0.003878889030398569,0.0004934733153318938,-0.0028564672506391723
2013-12-26,0.0021786248456299173,0.004382187426872131,0.0005154800883921508
2013-12-27,0.0015733444970611465,0.004145714173791948,0.0013935350520777323
2013-12-30,-0.0013718226141067325,-0.0012493518930438707,-0.0004360862870611103
2013-12-31,0.0003338869879183637,0.001088113863182194,0.0012007860577178064
2014-01-02,0.0016111132896234892,-0.0004896444074262707,-0.0025227284528039464
2014-01-03,-0.0033971339886065266,-0.00407629733842696,-0.0020918801065142652
2014-01-06,0.0013986992496461959,0.001419179987568242,0.003091148233589536
2014-01-07,-9.353386476196324e-05,-0.0021802489936801894,0.000410801155192031
2014-01-08,0.001143116669758637,0.0019662918170333388,-0.00025944643242050715
2014-01-09,0.002261119966998182,0.0035976149201735197,0.0041888016026363495
2014-01-10,0.007224827378888632,-0.0008688747516245598,0.0025862513001509773
2014-01-13,0.0037344242308077202,-0.001522499904077157,0.0019390122834848315
2014-01-14,-0.003686487101697389,-0.007513368396437126,-0.003972203599403667
2014-01-15,0.0018846728861496853,0.009929636810584563,0.003626342010069017
2014-01-16,0.0009641332026735228,0.0009771889895231478,0.003700457747325592
2014-01-17,0.0029448280652450975,-0.0009765351687565094,-0.000548015317806172
2014-01-21,0.00078955125848168,0.0032589572182466497,0.004206342115970773
2014-01-22,0.0021231200755045254,-0.0011367237562752708,-0.0009856019269901095
2014-01-23,0.000277738526133664,-0.006070776357841257,-0.001706548045852263
2014-01-24,-7.253844922650021e-05,-0.009652879753235255,-0.0008426404576898023
2014-01-27,-0.007895943184265453,-0.013986507971375461,-0.008279880744871048
2014-01-28,-0.0027017434793863426,-0.005137790380841389,-0.004239236321507888
2014-01-29,0.0007744217297529499,-0.0031439310410430465,-0.0001650754616896676
2014-01-30,-0.0006881739867135028,0.007039339224405028,0.00459584330594418
2014-01-31,0.00020819250756320962,-0.010177165335310101,-0.0033892036530041693
2014-02-03,0.005140390801396055,0.005423303954319003,0.002756676365314314
2014-02-04,-0.007560369238380771,-0.0169694426191499,-0.007472689501304752
2014-02-05,-0.0019312851711910106,-0.000971665984507819,-0.00364235875829193
2014-02-06,-0.0006146613329652828,0.0045772411052746875,7.198550721438908e-05
2014-02-07,0.004730593111750947,0.01554865733981936,0.0074220295595873054
2014-02-10,0.007178039211105158,0.007795207488706213,0.005240731054213255
2014-02-11,0.005565235209924024,0.002559837418475208,0.001535880204402673
2014-02-12,0.008566105229812049,0.011600813996292425,0.005309602451214523
2014-02-13,-0.00427470495492055,-0.007736835445109391,-0.0030596716685062694
2014-02-14,0.010048665167688986,0.011059650468742355,0.006560909518182222
2014-02-18,0.0056863747139384024,0.007328968452624318,0.004734903096936671
2014-02-19,0.00019068768757612986,-0.002280313269285683,0.00058212083345075
2014-02-20,-0.004312023186286429,-0.0026667340174931775,-0.004809893635658225
2014-02-21,0.005289960600624033,0.006438526184698423,0.002471112700867772
2014-02-24,0.0008878869270743106,-0.0009220575569992562,0.0022785952128722368
2014-02-25,0.002359733833971589,0.00423307632337333,0.0033269254711841166
2014-02-26,0.0018428933985246143,0.00027037110229288785,0.0016588968207027043
2014-02-27,-0.0008847815397203806,-0.0028633537351351324,0.0018976435477871202
2014-02-28,0.0035898492426762463,0.0065555768227789635,0.003933415517365013
2014-03-03,-0.0011627150670979747,-0.0061359188084693095,-0.0004884594478597568
2014-03-04,0.004432326711830692,0.011589411563956986,0.005006693220413849
2014-03-05,0.002298700811538712,0.005085870100430823,-0.0006772744737955083
2014-03-06,-0.00023563955022043448,0.0025035431921454077,-0.0006593095450213584
2014-03-07,-0.005323738556801794,0.003984774709306471,-0.0018053976944145682
2014-03-10,-0.0015808725435333404,-0.005239100703732347,-0.0020075092921119303
2014-03-11,0.0035816258522543,0.002500625407430679,0.0016511629582090849
2014-03-12,-0.001519402689317939,-0.011250642406688272,-0.0032022175236781966
2014-03-13,0.005913800731181196,0.008158113844988213,0.004071703524447167
2014-03-14,-0.0013371783991897868,-0.015917441117958342,-0.0010406778594022267
2014-03-17,0.0012121040837573815,0.004003132416953381,-0.000497868099414323
2014-03-18,0.0002546863767283192,0.006034544407638842,0.0017719265452820205
2014-03-19,0.0029046810323756223,0.005195474191668437,0.004008711595051162
2014-03-20,-0.008873950514419415,-0.007619620995580112,-0.0076479331489988315
2014-03-21,0.008082419647259309,0.012287215232944959,0.00856773793997343
2014-03-24,-0.006045391295389724,-0.004634875901882829,-0.00039747176009345903
2014-03-25,-0.0013471673878209245,-0.002515671327521063,-0.00017698355905941803
2014-03-26,0.004998594633593756,0.0035953266630261993,0.002673845628366589
2014-03-27,-0.004658032755944563,-0.012243497953334237,-0.00332945844054342
2014-03-28,0.0009051760003491172,0.0019487046389305984,0.0019717943777587178
2014-03-31,0.0022413741787536967,0.00842716169179436,0.000978242853271371
2014-04-01,0.0017136628661726938,0.005089632309819958,0.002312797356055096
2014-04-02,0.0011782073249373415,0.004636890323816756,-0.00043231963482228677
2014-04-03,0.0003389248625953467,0.0036075259744627886,0.002648743383988528
2014-04-04,0.003920008670600383,0.0025904375984435735,0.002856374173098741
2014-04-07,-0.010105990813867316,-0.0195615143358443,-0.008955799194738257
2014-04-08,0.0016027512688476797,-0.009088382231253411,-0.003943197347344828
2014-04-09,0.001710059725856805,0.007272192117397491,0.003812805953506082
2014-04-10,0.007600940413002633,0.00797442000022408,0.00493181372477598
2014-04-11,-0.011601914138713254,-0.02640589414686123,-0.009894276705414692
2014-04-14,0.001957542633713061,0.004336648555658629,0.0023847863418211546
2014-04-15,-4.134509337805348e-05,0.00213223506546667,0.0017502412831333913
2014-04-16,0.007281905578503611,0.011727980046777331,0.0063858176087356
2014-04-17,0.001969585290184872,0.002210890824150269,0.004731298395298556
2014-04-21,-0.0034160190560681425,0.0030126168182249558,-0.001783991654489903
2014-04-22,0.003590946577536558,0.004237343695179474,-3.104126509554392e-05
2014-04-23,0.0023444089821018643,0.003151288100967209,0.005320106367519939
2014-04-24,-0.0005827380169702856,0.0029282188776205142,0.0012143418431777241
2014-04-25,0.001913320608030178,-0.006104997936203671,0.00010317546959008909
2014-04-28,0.0014345095791172824,-0.0009076919088962798,-0.0019076967400472934
2014-04-29,0.0014163059472518391,0.002298434482698397,-0.00200525988280611
2014-04-30,-0.00039778499894416175,-0.00021298479563724992,0.0018690302945062022
2014-05-01,0.0019885005675146505,0.0041609763898171614,0.004047087122283698
2014-05-02,0.0024476534051103283,0.000478438320129726,0.002667829266634403
2014-05-05,-0.0010054051070078618,-0.00621315106881859,0.0006473877446501858
2014-05-06,0.0017764834430051835,0.004595459983680605,0.00045133960808065856
2014-05-07,-0.0029331744970364504,-0.003138431926948626,-0.0011691991186118188
2014-05-08,0.0016618895605502448,0.0016007269721756145,0.0010668804788608098
2014-05-09,-0.0028420408077606263,3.724181119046932e-08,-0.002883835563666626
2014-05-12,0.002923288344941266,0.005806553905297607,0.0016192492661637025
2014-05-13,0.002218844244364915,0.00656813331049344,0.005490027122607444
2014-05-14,0.0030499811527804344,-0.001315222417956563,0.0034820814362752418
2014-05-15,-0.000797968436821006,-0.005848850636139602,0.0005749648513974745
2014-05-16,-0.004303251104457395,-0.006200717910236353,-0.004317995835129018
2014-05-19,0.002815345900118782,0.0009598241077706238,0.0017026175319335922
2014-05-20,-0.002006350256862466,0.005114731800641703,-0.001600640295096145
2014-05-21,-0.0024135967330773944,-0.0029686406338693683,-0.003131247874237042
2014-05-22,0.0037958850545090073,0.005794692447426586,0.0036192973187394893
2014-05-23,0.002138484927115325,0.0030661659922210927,0.0027663006385676868
2014-05-27,0.003304179321230283,0.006850865580992016,0.005283686527588705
2014-05-28,0.0016805846773260136,0.0024076463873041742,0.005875136645366164
2014-05-29,0.0011262516400916134,0.0015664156363501824,0.003639164659323768
2014-05-30,0.0002836118461801984,0.0019289479935331588,-0.0020114667739879353
2014-06-02,0.0017870113102216312,0.003954283840283956,0.00016827426097516503
2014-06-03,-0.0024101823442388426,-0.002695031319248642,-0.003846067613410176
2014-06-04,-0.0004476934774474417,0.00020836030078497103,-0.0021880347278880217
2014-06-05,0.002295293799769338,0.004883393509740319,0.00067511313576043
2014-06-06,0.005452396328311071,0.0075489477711288,0.008128756855658592
2014-06-09,-0.002251935532964877,0.002463274874524357,-0.000947748386791059
2014-06-10,-0.002066802658384659,-5.157445372927505e-05,-0.0015024039668504409
2014-06-11,-0.00010308136957859482,-0.0022519392829316587,-0.0005585068203915356
2014-06-12,-0.0011774897318745925,-0.001077684234073284,-0.0005029125485140228
2014-06-13,6.66032686715834e-05,-0.003955006869172717,-0.0014027599043672013
2014-06-16,0.002349752031473251,-0.0001545615907929676,0.002201939115464713
2014-06-17,-1.71634876267035e-06,0.0006704188222244056,-9.691114706593672e-05
2014-06-18,-0.0001544506519989275,0.00417468087810513,0.00154107960870955
2014-06-19,0.01146525974969781,0.008212134406812899,0.00746757421552906
2014-06-20,0.002858012093253981,0.002745610457501435,-0.0038278640640803108
2014-06-23,0.0012054917184283198,-0.00020419500865509477,0.003878851441256703
2014-06-24,-0.0010588322766923453,-0.002346914114978449,-0.0011586868799179806
2014-06-25,-0.001530807869957851,-0.006341436414889934,-0.0004163050809195207
2014-06-26,0.004452024607966454,0.006793610954993312,0.00446511415901929
2014-06-27,-9.621523554237399e-05,-0.003220354387236557,-0.0002715260601730881
2014-06-30,0.0009039113104380991,0.0036926359839248857,0.001793486152988466
2014-07-01,0.0022704557495576427,0.0025549742626183036,-0.0011788144841026417
2014-07-02,-6.116607664918838e-06,0.004332252053950381,-0.0004939258652202128
2014-07-03,-0.0032334308994254046,0.0037552780709104727,-0.002225971321279996
2014-07-07,0.0013980100906678672,0.0001520233918692604,0.0033161992276104614
2014-07-08,0.0026028190841118626,-0.0033873373897473913,0.001454697578918496
2014-07-09,-0.00018450687575055635,-0.0021303189001511402,0.00021865121509496727
2014-07-10,-0.0012745906894235937,-0.007675081217769497,-0.0014805078209312317
2014-07-11,0.005016018196196681,0.005122299332069202,0.0024039391070992174
2014-07-14,-0.00022510244106332955,0.007083377316011941,0.004002957436862741
2014-07-15,-0.0018938473841891845,0.0005570059686221818,-0.0012546572159459314
2014-07-16,-0.0005741666476103413,0.0019724613808684843,0.0017862061282143849
2014-07-17,0.00020211828239879992,-0.00383630379853106,0.0020522275551658753
2014-07-18,-0.0029165292424336853,-0.005067276848959801,-0.0007644477786194369
2014-07-21,0.005930903948566657,0.0037688935761241993,0.0027139554406024223
2014-07-22,0.00131104768426904,0.00466792156642315,0.003079051219666162
2014-07-23,0.002836365787879158,0.002474720003120101,0.0029446347544467956
2014-07-24,-0.0020072076197237276,0.001662439222372969,-0.002430890492267546
2014-07-25,-0.0006625418365894253,-0.003721763217660823,0.000630950680731446
2014-07-28,-0.0005020526740610043,-0.0016657086482508854,-0.00013239605033177327
2014-07-29,0.004490228839229005,0.0020728106408338665,0.0022125540837777623
2014-07-30,-0.0048861086384935914,-0.00262394255702858,-0.004059727818299952
2014-07-31,-0.01389390185378303,-0.010321229599557169,-0.011820281600375581
2014-08-01,-0.007354068804764635,-0.015592024673635518,-0.008122817664689808
2014-08-04,0.00548396342998303,0.0016093662693412725,0.004311139111253493
2014-08-05,-0.0029867823438849417,0.0011930751390825112,-0.0008906998997761484
2014-08-06,-0.003224915140948692,-0.010305467457598083,-0.00127401061291581
2014-08-07,0.004752015356430439,0.009575650920738532,0.0035629630104335066
2014-08-08,-0.0021890767065775307,-0.007671111533858133,-0.0008060875853344467
2014-08-11,0.008675779897733937,0.0131097122436028,0.0068996513279424125
2014-08-12,-0.0011056551834096595,-0.0018559288616557534,-0.0019435602523843352
2014-08-13,0.0007465475983272629,0.0035121268186699695,0.00023560448058428368
2014-08-14,0.006011801044244924,0.004478279460398582,0.0063782825064499175
2014-08-15,0.005558384125063487,0.006712282197132602,0.006718488969084646
2014-08-18,0.0022747187251264123,0.001679373676633622,0.0027215420259304236
2014-08-19,0.002391597764918041,0.005284821102081505,0.002727316505844568
2014-08-20,1.248264937636634e-06,0.0014152388530253024,-0.0027043089427797986
2014-08-21,-0.0004497804843934805,0.004895829799608231,0.0030409624843121376
2014-08-22,0.003962944433856919,0.0012557877327048494,0.0030625092810154797
2014-08-25,0.0023926033592061025,0.004013524660726242,0.004840538679372531
2014-08-26,0.00304547932345689,0.0009489339513333306,0.0022382709609028773
2014-08-27,-0.0011105800437420932,0.0004996645749391071,-0.0005139702844639161
2014-08-28,0.0012912400316289485,-0.004191357684235175,0.002344799569428791
2014-08-29,0.0023968380256591537,0.004308862821084114,0.0018802939904630557
2014-09-02,-0.001666632977616489,0.0025944073737202977,-0.0030598040562719317
2014-09-03,-0.0013116320614319221,0.0020398282443714333,-0.0017772713172737212
2014-09-04,0.0002939914113282427,-0.0026814336071124822,-0.0008527328907657282
2014-09-05,-0.0012961885744910973,-0.0033360107214028822,-0.0026189860733475626
2014-09-08,0.0025870057232826316,0.003746723609383551,0.002145015209489243
2014-09-09,-0.003434627854981609,-0.0025380884751967647,-0.004684109103790512
2014-09-10,-0.004748749975861721,-0.004890312590005941,-0.004735139937256427
2014-09-11,0.0010168677196655818,-0.0008020466519946812,0.0005275033419041453
2014-09-12,-0.0026052244201564267,0.0041652743310038876,-0.0029494918254147967
2014-09-15,-0.0026899652016076914,-0.004697374980188185,-0.0022553221430163806
2014-09-16,-0.002886980894206803,-0.0027619958474446316,-0.002500495926232893
2014-09-17,0.007783623110346305,0.0108756664455405,0.006244012345336536
2014-09-18,-0.0009561375081235113,0.0029385675681623535,0.0005298472028671061
2014-09-19,0.004319624606217598,0.005472992224549111,0.004697367101252814
2014-09-22,-0.001244716919042932,-0.005805853588908283,0.000320166659311161
2014-09-23,-0.0034482749252191525,-0.009583324887763256,-0.004877930577538025
2014-09-24,-0.0006382805103082312,-0.0019654380553608686,0.00014363738544713738
2014-09-25,0.0038044942040065255,0.005049363135290363,0.003098686872797973
2014-09-26,-0.005071775989779925,-0.011756602164906482,-0.004590885328275096
2014-09-29,-0.0007045643836818272,-0.0025420215111342515,0.0018534822793758287
2014-09-30,0.004204615338772255,0.007594709502424912,0.003394450102837787
2014-10-01,0.00013707052136879838,-0.005008233782620719,-0.0012175324689017496
2014-10-02,-0.0037168520876845745,-0.012811091727860435,-0.00446991601818063
2014-10-03,0.00041360170669868523,0.00772467422724854,0.0018169612380618538
2014-10-06,0.008007177350104921,0.008483331147453699,0.00720972592686242
2014-10-07,-0.002465641084096637,-0.010438703607202449,-0.003916640833044482
2014-10-08,-0.0013120640114999693,-0.009780895025761294,-0.002014348555761613
2014-10-09,0.012566325700831493,0.015307442770602586,0.008581762159864592
2014-10-10,-0.010666621285611355,-0.018540277498285462,-0.01028565821400731
2014-10-13,-0.000560048783010636,-0.011573162426622652,-0.00480192748565118
2014-10-14,-0.0020971456233974672,-0.010710777106421987,-0.002598381773230929
2014-10-15,-0.0013457037949264894,-0.01730156120197679,0.0004014467737232918
2014-10-16,-0.009585357957546226,-0.011341674980657857,-0.008282116708671872
2014-10-17,0.008681368504517284,0.029279772864451825,0.008125473401704929
2014-10-20,0.0019675144509514464,-0.0015389196814539208,0.0010238868312425265
2014-10-21,0.009004732079989752,0.01886984015634874,0.008234459577611153
2014-10-22,0.0038414999203866262,0.014242680091762994,0.007320915291621777
2014-10-23,0.00015511811313140278,0.0010801470598085228,-0.0007797629059399293
2014-10-24,0.00144062463997785,0.003236929080474349,0.0015755376711384715
2014-10-27,0.0010779445536808208,0.0024584114234844634,0.001341838236922932
2014-10-28,0.003069160263326598,0.005569073097847488,0.0019733950108949735
2014-10-29,0.0011011294906551061,0.008789540601519263,0.00353310445622852
2014-10-30,-0.0023537109260133304,-0.004885320888328382,0.0016416038194858817
2014-10-31,0.0023139224838730765,0.02125716330278382,0.009496164778230388
2014-11-03,0.0007527062130225914,0.0006939581326905753,-8.679097192030308e-05
2014-11-04,0.0017661230424990126,-0.003417607585179505,-0.00030103847883453626
2014-11-05,-0.001594490334210552,0.006510224887669835,0.002197668544932529
2014-11-06,0.0026940268843542725,-0.0007405766176558082,-0.0014870312026950662
2014-11-07,0.00026172625853937426,0.0038537188728111627,0.0027168795079061336
2014-11-10,0.006552106960547421,0.001033795999642706,0.003517896682854094
2014-11-11,-0.0019714887699130434,0.0033436091687004676,-0.0016733165078194117
2014-11-12,0.0006364378839103235,-0.0034792184302561147,0.00034303696764990173
2014-11-13,-0.0019284806784058972,0.003982817519937898,0.0007118693885408865
2014-11-14,-0.002831806888830113,-0.0002939920328635104,0.0002955557328665038
2014-11-17,0.005037878096589621,-0.0012243811207901523,0.002429178236037988
2014-11-18,0.005460598522676552,0.002893902006495308,0.00020022041924958587
2014-11-19,0.001335168790413288,0.004255642318339525,0.0010783439663231585
2014-11-20,-4.7128943307606086e-05,-0.0051139775852780955,0.0003635180923461825
2014-11-21,0.0076931040051191335,0.01654716916363852,0.008827537896091897
2014-11-24,-0.0017555940446600804,-0.002263198425738744,-0.0010233071480557632
2014-11-25,-0.00024099197591542776,0.0017861328250006192,0.00341140349791087
2014-11-26,0.0010690379529207927,-0.0012049332573711435,0.003497315398539369
2014-11-28,-0.0013902941392927026,0.0009654311354778677,0.0021906125766376406
2014-12-01,0.0022734666479826693,-0.005253710025704739,-0.00044005428741502586
2014-12-02,-0.0011984402793365767,-0.0028585183443170514,-0.007714527038420638
2014-12-03,0.004867323581009497,0.007239605523403414,0.0025561573470151526
2014-12-04,-0.0008859880557431365,0.0011576913027575575,0.00219088029495329
2014-12-05,-0.001867783316091165,0.0015902000258647409,0.003670540482332685
2014-12-08,-0.0010556242099832858,-0.001683939713443161,-0.0015039344513481546
2014-12-09,0.001528611010867209,-0.015179028386395066,-0.0019257749898553105
2014-12-10,0.005291193353114343,0.007535352478767132,0.0031620498952939164
2014-12-11,-0.007681925720880223,-0.009859043472700169,-0.004096927371109071
2014-12-12,0.003149506207362318,-0.006081895238144286,0.0018785318831032525
2014-12-15,-0.00347212626024318,-0.0032568985528258487,-0.001348299544738385
2014-12-16,-0.006986279110440585,-0.016833449644101384,-0.004624130875356202
2014-12-17,-0.0007980697160218098,-0.0007050858581151287,-0.0018362604961682963
2014-12-18,0.015225881900466476,0.031747759694765065,0.012807789706156349
2014-12-19,0.006444985993727004,0.013819455655184276,0.00717109118572461
2014-12-22,0.0010903794917724863,0.0015501046758605863,0.003723538466705234
2014-12-23,-0.0010852021165583814,0.006868199195232183,0.004120891032168571
2014-12-24,-0.0015886022970427183,-0.000720770515493907,-0.00722222412044129
2014-12-26,0.009062995967812792,0.001394404606887889,0.0056798259863306555
2014-12-29,0.0013232796188902274,-0.0004321093381797203,0.000896683784416985
2014-12-30,0.0031554272612090983,-4.8126797688952117e-05,0.003397676172906317
2014-12-31,-0.0030039817701190685,-0.0010567640676778511,-0.0015232873449655183
2015-01-02,-0.009913318298852114,-0.007740637713952614,-0.0027666637889137476
2015-01-05,0.002809274087221203,-0.010708574394868164,-0.0009773421969149652
2015-01-06,0.001791574728974954,-0.010187409847362217,0.0022933119198030654
2015-01-07,0.00013973476954154407,-0.0033154755575171,-0.001989465012851399
2015-01-08,0.007065003112624257,0.012858581894441778,0.006674504346252696
2015-01-09,0.0028512035634800093,0.011714904175354368,0.0034695739252117437
2015-01-12,-0.0011378222274325278,-0.009640947229888952,-0.00021166759882917854
2015-01-13,0.004389232311384994,-0.0014187867729752446,0.0003395657672025323
2015-01-14,-0.00525287349081216,-0.021899156178943335,-0.00604635211492861
2015-01-15,0.0065759980272432905,0.009917029913593112,0.003347924464977625
2015-01-16,0.00024041882923597768,-0.014183902502636458,-0.004054071219839316
2015-01-20,0.011637988917536424,0.018262191598619193,0.010361709961507337
2015-01-21,0.0021102124804037725,-0.004446783195674819,0.0005228669572900249
2015-01-22,0.005174491806345438,0.012357761266386325,0.0038644310923088726
2015-01-23,0.002069593039571105,0.008823658225912911,0.006189555808673397
2015-01-26,-0.0036004931910070814,-0.005247822993182938,-0.0015404031177132626
2015-01-27,-0.0024450975874056313,-0.008499839414990107,-0.002459517486133466
2015-01-28,0.0013630396772683628,0.005912155414989018,0.0006590031890183474
2015-01-29,-0.008747496053318149,-0.0185630797079136,-0.007071055936714621
2015-01-30,0.003609818254226349,0.000948253960196821,0.005241487052577609
2015-02-02,-0.005731632469591741,-0.002592504218767666,-0.003686469026101524
2015-02-03,0.005537515754942879,0.01474629680116979,0.005775375651434177
2015-02-04,-0.0010783834644610968,0.004531877273600049,-0.003650236142833175
2015-02-05,0.0010069731060313725,0.004609781882230157,0.004293990832980344
2015-02-06,-0.0031786950153147586,0.008298217303517319,-0.0008420036309526591
2015-02-09,-0.009414651102052751,-0.008665600310911015,-0.005441692268816856
2015-02-10,-0.0015264231216544077,0.005420542565993447,-0.0022943171348634105
2015-02-11,0.0025260075302122598,0.0035457085146965994,0.0007750251128713524
2015-02-12,-0.0008913390607350191,0.006195364436226258,0.003593810154557886
2015-02-13,0.0015536827770281647,0.005676176531210775,0.002943116773549903
2015-02-17,-0.007200261776865391,0.0015784316153073519,-0.004334426667020441
2015-02-18,-0.0013377159736159827,0.0012418069603794546,-0.002322335320217839
2015-02-19,0.003249023430942799,-0.0011925212016177245,-0.0008414996363817817
2015-02-20,-0.0016537313977635915,0.0003341182078513416,0.0010522616344436299
2015-02-23,0.002021944209114057,0.00696963376959836,0.0046222787653863225
2015-02-24,0.001396549847986428,0.0008535262659590259,0.0019590137775970184
2015-02-25,0.006018926345081388,0.002557865148645533,0.0072064028753358045
2015-02-26,-9.18059919307046e-05,-0.0006616680520565854,0.0003446113752364699
2015-02-27,-0.0021116386178868796,-0.0012290370062375544,-0.002834464298568351
2015-03-02,0.00021877760821853443,-0.002272269341267008,-0.0006458215548068801
2015-03-03,-0.003402014761394234,0.003273485604310622,-0.004578557398372053
2015-03-04,-0.0039111575817972755,-0.005059863375873719,-0.0028784522088181274
2015-03-05,-0.0019908347449000274,0.0010458527156127495,-0.0006643804389274701
2015-03-06,-0.011683979538219091,-0.005697420267082309,-0.009298395837649975
2015-03-09,-0.005379658462128067,-0.008022587941436843,-0.004781473364048061
2015-03-10,0.00013983472506629013,-0.004957838571450268,0.001163838041209808
2015-03-11,-0.0054895626695330435,-0.006869505045747348,-0.0032008548321852404
2015-03-12,0.0019381267323381746,-0.0001460079484182364,0.006058338613990678
2015-03-13,0.0027008815976532485,0.007356324397105762,-7.904762393398136e-05
2015-03-16,0.0005245341278263815,-0.00029020775473920235,0.0035494871300228996
2015-03-17,0.0024386255785051603,0.004740824439484426,0.004751547216967689
2015-03-18,0.0008308150969775774,-0.0014441388909575137,0.003365400966585219
2015-03-19,0.01190490659774257,0.012392039374050867,0.01140731283905021
2015-03-20,0.0027826084884452484,0.0032677344932761088,0.0020216024939849753
2015-03-23,0.00488779871706968,0.0033857197072177936,0.003494372688798153
2015-03-24,-0.00040705731446843973,-0.0027087992235862446,-0.0012303847290372038
2015-03-25,0.002572680798441196,-0.0037170979169033336,0.0004701589051496983
2015-03-26,-0.013756099342142059,-0.019658322019379004,-0.01682814894822544
2015-03-27,-0.0023820950623067993,0.0008293106719936549,-0.0026156360520292136
2015-03-30,0.004615688360493531,0.009018375235056775,0.008087342966901768
2015-03-31,0.0004171090517846032,0.0013530669088410718,-0.0012050643982643551
2015-04-01,0.0006716007407661095,-0.0041976353995945015,0.0016736182163891388
2015-04-02,0.0011128035965624061,-0.0037307161679352996,-0.00041118905801213997
2015-04-06,0.0027689975626821184,-0.001215677473608956,-0.00224514483960907
2015-04-07,0.002806099955463104,0.012124439121115937,0.0036223372073943766
2015-04-08,-0.0009320100863577929,-0.0014916207456060482,0.0015315717804508249
2015-04-09,-0.003038994128371053,0.001108149689284632,0.0002070089450542322
2015-04-10,0.006115237932666551,0.0068341296747189695,0.0024194283161039993
2015-04-13,-0.0015802332528548346,0.0032027399329410677,-0.0005031830239480507
2015-04-14,-0.0021031881237815186,-0.004860288706009075,0.00258062214848287
2015-04-15,0.004662386383654127,0.0057460298961629075,0.0026554940633953363
2015-04-16,0.0017785815207562727,-9.534716733372584e-05,-0.0007288330296367995
2015-04-17,-0.004113735814051833,-0.005189869816934367,-0.006354549498386763
2015-04-20,-0.00020801026779260212,0.000574264045486661,0.003951104123268757
2015-04-21,0.002685442792335957,0.007701321453530863,0.002451610382204228
2015-04-22,-0.0028892297114766485,-0.0031327109271576115,-0.004121574714174803
2015-04-23,-0.0051384943277617,0.0006663752099287379,-0.0048513338217475175
2015-04-24,0.0050098095000072895,0.00718539741961477,0.006940402219402752
2015-04-27,0.0019461570606349454,0.00316561268457205,0.0032364569658756004
2015-04-28,-0.003847054329188082,-0.007488319002101007,-0.007282297423840833
2015-04-29,-0.0024743249962068115,-0.001755889520157372,-0.008418719231474482
2015-04-30,-0.005937929163446598,-0.0023293156905961343,-0.0038456001077201932
2015-05-01,-0.0038978857025312452,-0.002287053060561539,-0.0015449797059104097
2015-05-04,0.006817292773019901,0.008739277363394082,0.0038646540798827006
2015-05-05,-0.0005061934838520576,-0.000946726860388325,-0.0052021629104523235
2015-05-06,-0.007539231909523103,-0.006965819017264563,-0.0070118702311997355
2015-05-07,-0.006278479015186855,-0.007825864531060045,-0.006531949884900267
2015-05-08,0.010182064373170707,0.014236053768321266,0.014965118625125395
2015-05-11,-0.0021037319705473623,0.00327223489334294,-0.003742562041625819
2015-05-12,-0.011221400879510846,-0.009263870659365514,-0.013714865828208068
2015-05-13,0.008980028454453226,0.00410242017102358,0.007531339674455984
2015-05-14,2.401861589729215e-05,0.0036586974673726846,-0.0035403940976552755
2015-05-15,0.0043795212469435185,0.0056805084008284545,0.008318936591661963
2015-05-18,0.0032774057275102297,-0.0009413904814022933,-0.0007640401600138125
2015-05-19,-0.004418669101929562,0.0047118104450085685,-0.0039881326744721345
2015-05-20,-0.0018855165518978367,-0.0004220026979171454,0.0014377793829071007
2015-05-21,-0.0001262131092948371,-0.0020644310584004844,0.001489493568796907
2015-05-22,0.0021566846431957387,0.0015512964705854948,0.004509982212551921
2015-05-26,-0.004109448866548515,-0.0030036552112989723,-0.0011726891061423438
2015-05-27,-0.0011818573241090258,-0.005414919656856698,0.0011869109017065061
2015-05-28,0.0022461238194837474,0.005112856123596687,0.004115304085887806
2015-05-29,0.000933158982408866,0.00023559642538284464,0.0025252955514169177
2015-06-01,-0.0011031041875991798,-0.00207237737470245,-0.004024491404497699
2015-06-02,-0.00617085010466667,-0.004340425072186349,-0.008959035617542277
2015-06-03,-0.001056255686766594,0.004644191761943528,-0.0031385103684336006
2015-06-04,-0.0041906479073261504,-0.004386882886949328,-0.0030713901461497882
2015-06-05,-0.008069692651173965,-0.0053065931797386945,-0.004604596900810609
2015-06-08,-0.0005286237998374244,-0.0014763320801969293,-0.0004785468572909401
2015-06-09,-0.0011964737579265305,-0.005676596114420396,-0.006457703470179576
2015-06-10,0.0027984702202026313,0.00441347962488825,-0.0012473190045074745
2015-06-11,0.004108159663829047,0.010078285557397093,0.008255354169131613
2015-06-12,-0.0016649851949968042,-0.003972286340170328,0.0011512843416449318
2015-06-15,-0.0019481434522593544,-0.009494575031855246,-0.0012745722593675117
2015-06-16,-0.0001524242296695455,0.0013899078146071275,-0.00010810279119568558
2015-06-17,0.0057118511718963205,0.007944769730275025,0.004395975834928344
2015-06-18,0.0035396568142893603,0.0034191715176590254,-0.0017629858668664067
2015-06-19,0.006115031502223589,0.0055776979060011556,0.007231881740545276
2015-06-22,-0.002502689717762574,0.002128081796627601,-0.0009846170914689979
2015-06-23,-0.004605076146975917,0.0010850730045202095,-0.0065111891725104344
2015-06-24,-0.0009771888924903216,-0.0019794745722514495,0.001508302502520076
2015-06-25,-0.0014207934150348711,-0.002928698970059429,-0.0014826577642181426
2015-06-26,-0.00404082740388878,-0.00383694610394969,-0.005458543572994778
2015-06-29,-0.0014896796557433145,-0.010651919377736574,-0.0019301199551777781
2015-06-30,-0.0012987797365000553,-0.0037972381597453086,-0.0007736313655803072
2015-07-01,-0.00271831893591179,0.0022675738306927595,-0.003154031755987807
2015-07-02,0.0012637801386707892,0.0016373103892153296,0.002709354954922638
2015-07-06,-0.003169309838368717,-0.01105428576301104,-0.0006835259766236881
2015-07-07,0.004487757235443368,0.005783406303149441,0.008925234978392994
2015-07-08,0.002828116399109959,-0.002609562986400138,-0.0003623974964712005
2015-07-09,0.0009342122537445707,0.003003573357419187,-0.0025970939559669228
2015-07-10,-0.005748681842926429,0.0012076954654722805,-0.008239007667732291
2015-07-13,0.0020820556114029554,0.008200570195173507,0.0026795387685011546
2015-07-14,0.004555643576938495,0.0034931666907376258,0.00427965965727144
2015-07-15,7.932169797864042e-05,0.004816237591240613,0.0032004280112212682
2015-07-16,0.0026565742675108694,0.005409590839798861,0.005932839682917778
2015-07-17,0.0025255019008654234,0.001982423746074824,0.006253864254387987
2015-07-20,-0.004653712238837815,0.0021670210667026346,0.0010297681913014056
2015-07-21,-0.004085152817941973,-0.0015044834193546075,-0.002965340777040848
2015-07-22,-0.0030813394640357705,-0.007061004446842101,0.0002841321452872192
2015-07-23,0.004041907136842271,0.0028448301700356726,0.0036900704384000616
2015-07-24,-0.0011354528335583147,-0.005814912255363347,0.002865397767348133
2015-07-27,-0.0063737671162537035,-0.015977110117897708,-0.007314575188356919
2015-07-28,0.0009705505340711351,0.004107345852234046,-0.000907361461059786
2015-07-29,0.005633717252077952,0.008133443583306477,0.004417902656022221
2015-07-30,8.777827570516372e-05,0.003245679754058761,0.0025754476175457786
2015-07-31,0.0076283032408024365,0.005995756267390906,0.007656310441286517
2015-08-03,-0.004296918052386078,-0.004540793121501796,-0.0022438420387863364
2015-08-04,0.0002793947785086903,-0.003611296293215549,0.0005803069822503562
2015-08-05,-0.0006550802438421988,0.003576634108598542,-0.002368416513119121
2015-08-06,-0.00012375723682844786,-0.0007602208331750626,0.0002992205066993715
2015-08-07,-0.0019911381035669917,-0.010128947019388157,-0.0018151045495497613
2015-08-10,0.0025667927627031073,0.00538059163040705,0.0035853696544273284
2015-08-11,0.0027778255886479197,-0.001481458875420394,0.0019956215820180036
2015-08-12,-0.0006854481504390275,-0.008900847070440143,-0.0033128527103670528
2015-08-13,0.0027051838612561774,0.007822304220723941,0.0011711862712329595
2015-08-14,-0.0011887721190145806,-0.0014374151128493384,-0.002025359719643483
2015-08-17,0.00327127957093154,0.0013430879536351359,0.004823107140305494
2015-08-18,3.422652227724754e-05,0.007427158732303596,0.001537622577927866
2015-08-19,-0.0023003672753215687,-0.005564847651801874,-0.00572992077185972
2015-08-20,0.0005058015522318993,-0.012339170768040808,0.00010497236525990397
2015-08-21,-0.007276536212706963,-0.023146594823045707,-0.0113674601395785
2015-08-24,-0.03618784760889804,-0.07058937256622078,-0.03553687751263603
2015-08-25,0.01595403856966815,0.04234904588067456,0.01368775205609123
2015-08-26,-0.0188015104671011,-0.01714187959074054,-0.015263036008339448
2015-08-27,0.009995124247427212,0.02571840623467736,0.01159363118795653
2015-08-28,0.00841260492794138,0.007511997993220332,0.008874332557622423
2015-08-31,0.0001119707195273989,-0.001964779839417008,-0.0004965885187181883
2015-09-01,-0.014587549183850634,-0.02518822089017092,-0.0198338429057318
2015-09-02,0.0016113904689449843,0.007767617466281296,0.003936878427175338
2015-09-03,0.0013229287167253467,0.008426282173534583,0.00492397109394167
2015-09-04,-0.006704088335088287,-0.01737453493540264,-0.006898459156314063
2015-09-08,0.00719222349570825,0.01602228192163202,0.00611793661825084
2015-09-09,0.004286404622939166,0.017250522809440172,0.004583321865385815
2015-09-10,-0.012212754165990769,-0.023881117175564404,-0.00968095670024147
2015-09-11,-6.339557650614225e-05,0.004214419986267703,0.004016011960904731
2015-09-14,0.005905886359615309,0.008035822194186748,0.006402131954530299
2015-09-15,-0.0034300922385125387,-0.0017266199953193118,-0.004512663867964207
2015-09-16,0.005962772583522291,0.01124084005876691,0.00035849128800760025
2015-09-17,0.004637586684781869,0.006035353828383938,0.003352121300322963
2015-09-18,0.002496130911049166,-0.01646078858787514,-0.0020365755663803928
2015-09-21,-0.000587685850496733,0.0037298605951083807,0.001577725539702435
2015-09-22,-0.0059530014911208795,-0.013032039204288193,-0.006397723532081567
2015-09-23,0.0008336124857932781,0.0011862523699464056,0.0013046470733605986
2015-09-24,-0.000989124509598538,-0.01009697153524658,-0.0009605131354362131
2015-09-25,0.006093707104120494,0.012958380142048753,0.0028389989150892072
2015-09-28,-0.0063256575589574204,-0.014693659172656859,-0.007007952281178986
2015-09-29,-0.0065543023307611525,-0.01830226436141691,-0.006594969108489335
2015-09-30,0.0008178530813796048,0.011154189453456809,0.006271669967151006
2015-10-01,0.008502030767817415,0.008982654076782559,0.008396196663773291
2015-10-02,0.0002390009453245856,-0.012026292219125767,-0.0023481160022473125
2015-10-05,0.017125213885592627,0.03525298200478999,0.015195981961153703
2015-10-06,0.004898370610647351,0.009416451370089618,0.0018673145153861983
2015-10-07,0.0008162554650510412,0.002975037190670271,0.002633559432007804
2015-10-08,-0.0003184964516629307,0.00025154833039375823,0.0017144648286491649
2015-10-09,0.010269306545657386,0.01221456405966781,0.0030458583158631475
2015-10-12,0.0034473226371449783,0.00019813650190791954,0.003595306899215922
2015-10-13,-0.001079412935165891,-0.003822778837830554,-0.0006681652056276242
2015-10-14,0.0017757672441143235,-0.0023424478016107475,-0.0008547733902022346
2015-10-15,0.0014213145674994987,-0.0004991114429039323,0.001673045401418105
2015-10-16,0.005491894738808734,0.013744292607084319,0.008053433198655658
2015-10-19,-0.0020583268250496944,-0.001626992672495664,-0.0024570213520419327
2015-10-20,-0.001107479209924489,0.0017285832056948003,-0.0021618029475243277
2015-10-21,0.003133632942541098,0.0037464433197831326,0.004886139266954359
2015-10-22,-0.00042753963093200564,-0.003093978575532952,-0.00027061852461700547
2015-10-23,0.00999796004898923,0.02103646389908409,0.00939857708171825
2015-10-26,-0.0027939814296787935,0.00024106687155422968,0.002646800649131409
2015-10-27,-0.0014928889686430802,-0.0053060935912316864,-0.001117023777552273
2015-10-28,0.0032873952185203947,0.003879454247798453,0.0015566130998401206
2015-10-29,-0.006330492745881933,0.0065218217782114785,0.0004044624703762878
2015-10-30,-0.0012436186054918252,0.0034079133174740317,-0.0010076240666069053
2015-11-02,-0.0022239654811723186,-0.0035396859823281224,-0.002760562191150862
2015-11-03,-0.0011456927842754538,0.007920599305918374,0.0043253837095323265
2015-11-04,0.0007406485357925874,0.006572130458072367,0.002134931347693136
2015-11-05,-0.004723431737888362,-0.0043530616723780335,-0.0027768948251619243
2015-11-06,-0.00973833842256211,-0.0032786165468430273,-0.007122418813419929
2015-11-09,-0.0061392522473160405,-0.0020501733017097568,-0.005883193513826246
2015-11-10,-0.002754845027723607,-0.008599810299947386,-0.003804898124781175
2015-11-11,0.00420450822643037,0.006602177735216985,0.0034549509236201812
2015-11-12,-0.005904735940591488,-0.011394041578339231,-0.0054846925626031995
2015-11-13,-0.004397471436885181,-0.010411661317254683,-0.004326762888548873
2015-11-16,-0.004935298787471121,-0.009933701548670903,-0.004384611596878063
2015-11-17,0.009200453256105634,0.01813930334902447,0.00824550966300066
2015-11-18,-0.002437713072830139,0.00024260289132249646,0.002095404517006161
2015-11-19,0.010904112549918743,0.01237611355296453,0.011773940347369737
2015-11-20,0.005128341965658478,0.0041230453644169884,0.0026392962223285464
2015-11-23,-0.003347382422298373,-0.0003340650533684153,-0.0015235290819011873
2015-11-24,-0.0007142754662694539,-0.007212271532939685,-0.0030993601495975295
2015-11-25,0.002638112821617078,0.007841846892226334,0.0055984594858937255
2015-11-27,-0.0018188225281683401,-0.00033418293789033715,6.352332174233143e-05
2015-11-30,0.0018417213477164296,0.0015278493630175305,0.0004217695641993035
2015-12-01,-0.0005278831207014001,-0.0014779058618770158,0.0004911207826470588
2015-12-02,0.003748462726199886,0.005634240587220951,0.007998701379072593
2015-12-03,-0.006538808041307909,-0.00849880333800268,-0.009338441781696183
2015-12-04,-0.006536952585851963,-0.015419290050833201,-0.015283453890238797
2015-12-07,0.013394274602870793,0.017606237455990437,0.014847333639108708
2015-12-08,-0.003278590853965202,-0.013095724508471185,-0.0029905235180700315
2015-12-09,-0.0008340427368425107,-0.00145293575221761,-0.003913600823117913
2015-12-10,-0.0037909864216144618,-0.0037345483029467275,-0.0007906388995454702
2015-12-11,-0.006743748529563609,-0.010076440822211485,-0.0019732787688709003
2015-12-14,-0.0012242095932915031,-0.006294682514469074,-0.0036144023969743476
2015-12-15,0.0024835678544954387,0.01301527162331162,0.001114521211622854
2015-12-16,0.005914291860375842,0.00815827039163719,0.005060293797754989
2015-12-17,0.005986731800215139,0.00983674684800584,0.008247727156739293
2015-12-18,-0.006254015007837732,-0.021224687296386824,-0.008464732224476055
2015-12-21,-0.0016038987962897489,-0.006707174194265808,-0.002886809822060487
2015-12-22,0.0017980586692207812,0.006504121466543333,0.0013747022375607538
2015-12-23,0.0021499496226029535,0.009717682504072789,0.0011995284639389585
2015-12-24,0.004293839297504487,0.005032230791349512,0.004651667733890541
2015-12-28,-0.002151158640560813,-0.0041807015096683164,-0.0007961767009788232
2015-12-29,0.0058673250944170086,0.008054580249517773,0.003848993477408635
2015-12-30,-0.003425251911362004,0.0029051222334788296,-0.004074862388121714
2015-12-31,-0.004288509448665545,-0.009560023802960949,-0.00356800163205353
2016-01-04,-0.006935124653002167,-0.02261973954580787,-0.009059908620520573
2016-01-05,-0.0001345503653572555,0.0045389249674636645,-0.0007214078084507585
2016-01-06,-0.0014005832454433431,-0.015193444870514994,-0.004417016537207829
2016-01-07,-0.0038965340826763173,-0.01517643366274224,-0.0078629955435471
2016-01-08,0.0013917842894084487,-0.0007165866066035642,-0.001245140408881107
2016-01-11,-0.006890653396841473,-0.01116878888326489,-0.007975357017505024
2016-01-12,0.0019330693102397323,0.004196947336402745,0.0035013210266499947
2016-01-13,0.0029181779954166043,0.0032503813003628146,0.005841059197819032
2016-01-14,-0.01195164635799173,-0.02519913485295122,-0.012075665290459624
2016-01-15,-0.005157902322684205,-0.01466638588364022,-0.005810987427733937
2016-01-19,0.006690635245985899,0.0170799340536536,0.009386558978804025
2016-01-20,-0.004908929231364545,-0.025953163116660516,-0.009658094722254072
2016-01-21,-0.0008994040032433981,0.0063773373270343825,0.0037005259252863797
2016-01-22,0.0061193071705460955,0.01917189431955979,0.005106304014148489
2016-01-25,0.0019936718338158244,0.0007382461726104239,0.0037731937803743066
2016-01-26,-0.0003034968166949481,-0.007898275280298295,-0.004611722194289003
2016-01-27,0.004900579839125285,0.006156693286710757,0.0029320378850396624
2016-01-28,0.001012789381316992,0.0020042491569909338,0.0005346538364075837
2016-01-29,0.00817062938628288,0.00031563919952160013,0.006147411175230699
2016-02-01,0.008298715109334776,0.013209531137613917,0.006734492916828704
2016-02-02,0.001873610961864669,-0.0029607196809808833,0.002356236847507188
2016-02-03,0.0005595820368640148,-0.002865144839491629,-0.0011569442914302732
2016-02-04,0.0030566310392070584,-0.003657378819582058,-0.002381626738688314
2016-02-05,-0.0012870342934203638,0.0014681053908094377,-0.0001483868698249236
2016-02-08,-5.5306017092138227e-05,-0.027331002755478506,-0.010675108955069446
2016-02-09,-0.002166620682388376,-0.012973063780696292,-0.0006300397183931711
2016-02-10,0.007981459381984468,0.01663380674134851,0.008950303047589791
2016-02-11,-0.0007834921584068955,-0.021833640601245374,-0.00477827956469774
2016-02-12,0.0026133652732280854,0.014368901948670576,0.0032658882875771234
2016-02-16,0.0053761736438975305,0.020599021056393996,0.006569107561332731
2016-02-17,0.0026415095626701746,0.012661133377553702,0.004292058109501972
2016-02-18,0.0024375556377358443,0.010671602541063363,0.005693470545494161
2016-02-19,0.00222975150237148,-0.010507445974858198,-0.0015753298571655082
2016-02-22,0.004210989425976752,0.014123537286236498,0.008962632272029668
2016-02-23,0.0003453787262939212,0.000670619245126014,-0.003319469233764672
2016-02-24,1.5113024031565558e-05,-0.017370961293029064,-0.0026619470465808247
2016-02-25,0.004047372747239653,0.016261592986831275,0.006977435265812248
2016-02-26,0.005600660116943379,0.014659708536331584,0.005236428830685246
2016-02-29,-0.005171914447781423,-0.007427073912484428,-0.003964910929104804
2016-03-01,0.004062038607185459,-0.0005127189973533897,0.0015259987314063975
2016-03-02,0.0007534137793854256,0.013998936760146075,0.0007552623755555194
2016-03-03,0.005323507851624498,0.005310261869502009,0.00552413411205035
2016-03-04,0.007398846424102157,0.006136824579631384,0.002690286304077327
2016-03-07,0.0006700456639212593,-0.003349491227188195,-0.0029415867469548603
2016-03-08,0.0043315356182132,-0.00010044651052565357,0.005856166554457865
2016-03-09,-0.005346592510121373,0.00020064857338986108,-0.0037766716782599466
2016-03-10,0.005801155548801118,0.0030096216047896807,0.003107278419957682
2016-03-11,0.0027959380385429444,0.006501272141987258,0.0018005949966718665
2016-03-14,-0.0014901837006726648,0.004471891542039863,-0.00042218713183928046
2016-03-15,-0.005266530456931373,-0.0039571246597500664,-0.00024622206775739555
2016-03-16,-0.0008203755291572579,0.001191770650278201,-0.001619509946210451
2016-03-17,0.012717874658781936,0.008134598810980664,0.007260427773832978
2016-03-18,0.0063006255693311974,0.009757503043613225,0.007504096665803095
2016-03-21,-0.0035980002197159022,-0.000489965744936316,-0.0027428206409996435
2016-03-22,2.0619982661784775e-05,-0.001519112945650103,0.0008975144807567893
2016-03-23,-0.0059712277615172615,0.0017177371779431017,-0.00027338749437459957
2016-03-24,-0.000200585214207738,-0.010337617098033824,0.0005569509097242079
2016-03-28,0.0010103950818143304,0.007970542657520507,0.001106474806665769
2016-03-29,0.0020783319552213353,-0.004174960164468389,0.0005866656774442315
2016-03-30,0.008431874828586317,0.01745935687967015,0.009401960311994717
2016-03-31,-0.00024998800456921266,-0.0018905888183401443,-0.001288156201342283
2016-04-01,-0.005368978807674396,-0.007576002629079426,-0.0006333553003854851
2016-04-04,0.007764194640264899,0.012135976284942895,0.006701421196869717
2016-04-05,-0.002249320574119529,-0.010443531679549367,-0.0025350711176257644
2016-04-06,-0.006455073827298263,-0.002344899537999101,-0.0028612057478724306
2016-04-07,0.005227252827508577,0.004652519164791702,0.004798587782814057
2016-04-08,-0.0008901506540622828,0.0009750088316684558,0.0005243868891354087
2016-04-11,0.002407216693044001,-0.0004383208776551628,-0.002835281237921028
2016-04-12,-0.0012793539893815042,-0.005018360825967183,-0.0037422536813130902
2016-04-13,0.006187598910915915,0.013612757233012918,0.006977659110489885
2016-04-14,-0.001888200006114893,0.0051693770882232926,0.0037750539188309952
2016-04-15,0.00022725206048757052,-0.0002887846288103235,0.0009878105103521273
2016-04-18,0.001083546996340834,-0.0011058046415785006,-0.0005416971578030116
2016-04-19,0.007636442587176884,0.009433030900236394,0.00489840707445226
2016-04-20,0.0021769348225038065,0.0010014693379305495,0.0008450279537774552
2016-04-21,-0.0070168672828307965,0.0008097963579143386,-0.007809436691358319
2016-04-22,-0.008378948017991106,-0.007471883218701181,-0.003206141868203604
2016-04-25,-0.0011898487580883632,-0.0013907568759379263,-0.0032869742156173666
2016-04-26,0.004094480771020814,0.0037451922870532783,0.0013100143112520168
2016-04-27,0.0020189503439855816,-0.0027263431239591407,-0.0011349014893013763
2016-04-28,0.0009253299720748398,-4.8117118226054245e-05,0.0008779105968401258
2016-04-29,0.003052409920164534,-0.008347107942856091,-0.004259453745515262
2016-05-02,0.004665735027693518,0.0009677880190508414,0.0020414572927631713
2016-05-03,0.001491225297302945,-0.001933036664335419,0.001607226939896589
2016-05-04,-0.005069416355806378,-0.007408919819245852,-0.004044134058436843
2016-05-05,0.002694485123554413,0.0027805719585507482,0.0028405688521979224
2016-05-06,-0.002191862513229781,-0.007296626140904761,-0.001948254417677453
2016-05-09,0.0004836716482790049,0.00739955806437087,0.0032472884701742807
2016-05-10,0.002778990733652842,0.005594032697655793,0.004552464593769612
2016-05-11,0.005469263369312749,0.005756485623576335,0.003392538365666464
2016-05-12,-0.0012458820388649983,-0.00298173837758553,-0.0023086746310649665
2016-05-13,-0.0017682531039489024,-0.005210414752721548,-0.0006161856145991736
2016-05-16,-0.00211013998621834,-0.006061552731216224,-0.0031499347789397444
2016-05-17,6.738155210883612e-05,0.007318672975238805,0.0030845999932131996
2016-05-18,-0.008811270357022116,-0.00978405933211135,-0.007089987509719386
2016-05-19,-0.006900773620816647,-0.0018589160174808939,-0.004570561876994672
2016-05-20,0.006170726717324326,0.00421426149211368,0.0024360816600785817
2016-05-23,-0.0014153960017421197,0.002879114276731265,0.0039178901471841774
2016-05-24,-0.0002118124910093222,0.003212134575118819,0.0007305898560027832
2016-05-25,0.00293707021157652,0.012125690593256078,0.006844654408368899
2016-05-26,0.00348056981022582,0.003689824727862945,0.0021521073892027953
2016-05-27,-0.0013566657952078787,0.00042976921706427973,0.0010590758857329519
2016-05-31,0.00017916151417329829,0.004915741988655187,-0.0002795752586321589
2016-06-01,-0.00048083201633764006,-0.006838720058836123,0.0017207278664958412
2016-06-02,0.002927663354012733,0.003251788918160692,0.002777973483314433
2016-06-03,0.009289245171525184,0.002144770517664929,0.007276028812393998
2016-06-06,0.0027092193410116483,0.002140097489819359,0.0010432727065548876
2016-06-07,0.0012052873885826099,0.0039394799634480115,0.0019419528773976234
2016-06-08,0.0031113514454559343,0.001465471129938889,0.0015729137546751648
2016-06-09,0.0029729666322475534,-0.0015579107968142214,0.0034304194403604435
2016-06-10,0.00034683203282082076,-0.004964034182230792,-0.0015788661616807699
2016-06-13,0.0016160402216400804,-0.005226896017897387,-0.0022458665310414625
2016-06-14,-0.002342643555042989,-0.006495835624833912,-0.0006405011338170394
2016-06-15,-0.0015076322318635649,0.00019223623450770333,-0.001852299397665025
2016-06-16,0.002408738710429459,-0.0013942564402612545,0.002764422040981063
2016-06-17,0.00042886200264402596,0.002394218900545253,-0.00014329607556393706
2016-06-20,0.0004015572179403293,0.007964590978865926,-0.00097727996090753
2016-06-21,-0.0022808438894463823,-0.0024903091034772507,-0.001345270156118894
2016-06-22,-0.0020317812420436177,0.0016801360826363965,-0.001345299732928762
2016-06-23,0.0008531412171546293,0.005559681168483044,0.0006692985886914914
2016-06-24,0.0016965688411858526,-0.0294549986442334,-0.005607501640722034
2016-06-27,-0.0028005035656271104,-0.010018231763892382,-0.0006526310069417725
2016-06-28,0.001838805815172595,-0.0005457042844456694,0.0025619507375021834
2016-06-29,0.008868778685497514,0.01667665121825701,0.010694433125115754
2016-06-30,0.004242728258871287,0.011570137570174,0.004450718184778778
2016-07-01,0.015550019145670557,0.010955065826726784,0.013082647890647881
2016-07-05,0.00015551680476288965,-0.0025301910223476387,0.0014359931009970688
2016-07-06,9.153260028504917e-05,-0.005359973522018779,-0.0005652308646413081
2016-07-07,0.002619167874028605,0.009815598067391296,0.003928522399128109
2016-07-08,0.0014471643496956066,0.005622265123282677,0.00570972245990875
2016-07-11,0.0077313422019067435,0.010140127172324487,0.006448139836435995
2016-07-12,-0.0024937829895179675,0.006285631988139695,-0.0035827947372317768
2016-07-13,0.002510778221362253,0.004241562077648586,0.005251259366398165
2016-07-14,-0.0016846191123228715,0.004455944864478978,-0.0032403318203552364
2016-07-15,-0.0001142714797220945,0.0017560914062422217,-6.615561062766066e-05
2016-07-18,0.0004189424633473937,-0.003736441934531487,-0.0017235926340285034
2016-07-19,-0.0007522471435374989,-0.0002316338927673689,-0.0005127146023502727
2016-07-20,-0.001718695613201704,0.0012501830895335075,-0.0012940663959028597
2016-07-21,-0.0033819475483531924,0.00356177135208835,-0.0013063488364684962
2016-07-22,0.0017056329574776097,-0.002534922738045675,0.0010766636760486173
2016-07-25,0.0038999691587564556,0.002726297571413072,0.004564685449263229
2016-07-26,0.0008040282719989911,-0.0021658592975384305,0.0003704593451100192
2016-07-27,0.0009355455583608396,0.0030479788985275924,0.0019148474519560918
2016-07-28,-0.0008903518041557534,-0.004143737920349944,-0.0017696751981435721
2016-07-29,0.0024386718320845713,0.0007860544807098968,0.0023314321541739067
2016-08-01,0.000697653476440685,0.0033723772029596866,0.0008419688507761867
2016-08-02,-0.002692771457104781,-0.002486317627899526,-0.0070718932907075874
2016-08-03,-0.0015262501057576872,-0.005400301353428172,-0.001005550973082614
2016-08-04,0.0031754613502326112,0.0038519179300351425,0.004793294117887914
2016-08-05,-0.0017294584441054361,0.00046243040028781657,-0.0008985228965218363
2016-08-08,-0.0018946674233601968,0.009195229226185875,0.001346089400334493
2016-08-09,0.0023344795110626926,-0.0012359818678958634,0.0024849999437053906
2016-08-10,0.003841169339020123,0.0008249185505062595,0.003926478654096278
2016-08-11,-0.0015027915770158273,-0.00022904624910902172,0.0003200329833163984
2016-08-12,-0.000857080389493059,0.00013730562390867895,0.0010818980753965145
2016-08-15,-0.0005306259698417692,0.0027489338773658556,-0.0013986976911354088
2016-08-16,-0.0020360153418651494,-0.0013249771136510935,-0.0018286186045769481
2016-08-17,-0.0036313553184671443,-0.0027451739293382627,-0.0026542942368417144
2016-08-18,0.005597395179046893,0.0015601352216101372,0.002580632128652516
2016-08-19,-0.0014418749093230154,-0.00013754442991098514,-0.0016915119804554292
2016-08-22,0.0007661647958796536,-0.00022889098569156552,0.002776481774652551
2016-08-23,0.004379985504506356,0.004535701845571616,0.004497483880180652
2016-08-24,-0.004501665985900849,-0.0020522457080706102,-0.0017161680423785743
2016-08-25,-0.004274870258287766,-0.006398767946542816,-0.006237446292464121
2016-08-26,0.0044890402425858955,0.002392158648471643,0.0027850885947596103
2016-08-29,-0.006201825117227777,-0.0022027860801993038,-0.002323553315275606
2016-08-30,0.004390010615288986,0.003770924244023366,0.004529688422623313
2016-08-31,-0.003924191227112517,-0.002978333146692602,-0.0032424278649883396
2016-09-01,-0.0006221702960196307,-0.0011024164901836109,-0.002917840291276219
2016-09-02,0.0035882660350528006,0.004692033750897107,0.0037962541786055407
2016-09-06,0.0046496316732067555,0.001419865676498322,0.00013246820262762242
2016-09-07,0.004010354337219857,0.0006401159983018267,0.005171256689006221
2016-09-08,-0.0035830704459227647,-0.001005506007268564,-0.00490643777596056
2016-09-09,-0.008622807189471726,-0.007546897162494792,-0.01256498837663278
2016-09-12,-0.016827289867658135,-0.021109276626635975,-0.014870209916571776
2016-09-13,0.00705175699061833,0.011535759070009588,0.008547025357110938
2016-09-14,-0.007437554904765276,-0.007214786005070639,-0.009686949497719954
2016-09-15,-0.0028300124010429695,-0.0015472276678963892,-0.0022411984505676273
2016-09-16,0.0037132228855185634,0.00750530643036007,0.007407143942452565
2016-09-19,0.002862649842645837,0.003044852559234368,0.0016486928248185871
2016-09-20,0.005784656565692714,0.0013077994586470076,0.00265778179774534
2016-09-21,-0.000593598143932117,-0.0007930732448920841,-0.0021034571243959688
2016-09-22,0.0146052804674206,0.012882771679729066,0.013881122739870168
2016-09-23,-0.002009113495924586,-0.0012900110805071918,0.00027966714236304935
2016-09-26,-0.0020538214010081823,-0.007844779367571109,-0.0045902591129392874
2016-09-27,-0.002793782915676113,-0.004511146628890961,0.0017291818455318353
2016-09-28,0.0011716582962144617,0.008316101630164052,0.004730062197357787
2016-09-29,-0.0017341695429842208,0.002640795840404886,-0.001130633857716568
2016-09-30,-0.0013729022120145817,-0.003465559627674364,0.0007996101932614911
2016-10-03,-0.0028241389012224616,0.0007881818258381745,-0.0013237902374548139
2016-10-04,-0.006636192604496216,0.0004169464954466573,-0.0028292969102587055
2016-10-05,-0.009270753076219163,-0.0023158650208541243,-0.006074056943883077
2016-10-06,-0.003861625505501176,-0.0001855958762616572,-0.0032220606192136405
2016-10-07,0.0017934492661404455,0.003389707584135815,0.001914593278507093
2016-10-10,-0.0022159356299599198,0.00027757821752349976,-0.0030592045915473157
2016-10-11,-0.0005783594315185159,-0.0023131721783702375,-0.001357659669945832
2016-10-12,-0.006001394807569116,-0.009598481985776952,-0.0063313538981472515
2016-10-13,-0.0013400131808920523,-0.006694878964737749,-0.00109216581229321
2016-10-14,0.0021599780851473405,0.009379537951847317,0.00152707706758175
2016-10-17,-0.0022968098592177633,-0.004949886429808759,-0.0034841406041346886
2016-10-18,0.0027669909570311457,0.005396890916138153,0.0025117273154695143
2016-10-19,0.002875022926103421,-0.0010269877196886767,0.0009306627851349171
2016-10-20,0.0015452273696572316,-0.0007006229884145565,0.0034174867741322058
2016-10-21,-0.0026022376433143535,4.664203987414517e-05,-0.0003312887235237927
2016-10-24,0.003761075982923856,0.0052366097710587756,0.002812368014346456
2016-10-25,-0.0017848755049241216,-0.001488127388879934,-0.003531248097746453
2016-10-26,-0.000686461732491872,-0.006847453696528616,-0.00431968142671395
2016-10-27,0.00035088901816915374,0.006425318406227953,-0.0003422838258753556
2016-10-28,-0.004645781645388092,-0.006710864516179638,-0.006101835239224963
2016-10-31,0.0013061526737387918,-0.0009852657886685323,0.000942727111252073
2016-11-01,0.0014566486205098705,1.2919756264828663e-07,-0.001471725989902506
2016-11-02,-0.002484867657521428,-0.010707554301879973,-0.002921289101025159
2016-11-03,-0.0021968308210722487,-0.003133291034094654,-0.003555462522887698
2016-11-04,-0.0005222651977898618,-0.005143126329596792,-0.001494971436134418
2016-11-07,0.0013939531315143583,-0.0017234479142353987,-0.002618454394460734
2016-11-08,0.0032079384127419175,0.019851792905168697,0.012737014968495507
2016-11-09,0.0015503008839572452,-0.001504791089458113,-0.012504142904553728
2016-11-10,0.002958100147028242,0.023214064009537294,0.0037098364115955886
2016-11-11,-0.0093512221670905,-0.005614258559323515,-0.006627363152317667
2016-11-14,-0.00685740240615984,0.004396450067228663,-0.002827516251298024
2016-11-15,0.003919611644378707,4.597981844089993e-05,0.0031280299436756477
2016-11-16,0.002720506233090836,0.002395898269003105,0.0016993956030019852
2016-11-17,-0.005068628591891722,0.002252463182222053,0.00020656455302838763
2016-11-18,0.0014824209448012216,0.004677809673714339,0.0017570414276661505
2016-11-21,-0.000500855846236159,0.0004563348117019306,-0.001107346647823304
2016-11-22,0.0035990774129561753,0.006114167667463866,0.0051536165655236225
2016-11-23,-0.010171767595190007,-0.002403696002580835,-0.006932921213638821
2016-11-25,0.00614511926704342,0.005091566410476034,0.007055240054995781
2016-11-28,0.0009948913033928086,0.000271460353797659,0.000889130202470545
2016-11-29,-0.0002177599600962088,-0.0028939436364525672,-0.0016377293482450648
2016-11-30,0.0002517796139291928,0.005033669952194453,-0.0018218216306805867
2016-12-01,-0.009414433823674018,-0.004061057553768399,-0.006504254399343545
2016-12-02,0.005175712768358265,-0.004802370895768959,-0.0006538405247934697
2016-12-05,-0.0008088909617722795,0.004461342443662364,0.0018714040305986667
2016-12-06,0.00329998923884256,0.0025833871995559754,0.002928922633868858
2016-12-07,0.002467625771159776,0.0013560649163957272,0.002422534102164864
2016-12-08,0.004381647503571173,0.01376877482044181,0.006024419427331162
2016-12-09,0.00016503499283859746,0.003740128474604587,0.0005320314316873184
2016-12-12,-0.0009308663378937432,0.004392258850606234,-0.001983544835880125
2016-12-13,0.005467464574959724,0.0027385125409502553,0.005497401975408023
2016-12-14,0.0016048136465081075,0.001717833005582703,0.0033280143954657953
2016-12-15,-0.012067830347423203,-0.00549666866929055,-0.008403747451162236
2016-12-16,0.0044150017439215095,0.0052268125129906196,0.003306286193028285
2016-12-19,0.002075047789779516,-0.0033625389791025473,-0.0007592031857889924
2016-12-20,-0.0022399939565515004,0.003995380719484576,0.001210387113916811
2016-12-21,0.003907820113374205,0.0004421914819563444,0.001251675429016297
2016-12-22,-0.003661593181854994,-0.002873025211051039,-0.0020030588338038726
2016-12-23,0.0019308345530817395,-0.0007533187372242844,0.0019643569834223887
2016-12-27,0.0013182352888903015,0.002616990237833239,-0.0012035890103659689
2016-12-28,0.0016175934731039732,0.00243357087768592,0.002958984386477059
2016-12-29,-0.0021688595192436155,-0.009224716380492715,-0.0023448482584730755
2016-12-30,0.0033860427767256063,0.0011139044314991686,0.0006012569557976466
2017-01-03,-0.0005374014283505701,0.0013796006598520982,-0.0004183194006228243
2017-01-04,0.0060402791207812,0.0025772153050604985,0.00610678613564799
2017-01-05,0.0049110478849583306,0.0028808440128569313,0.0040330141967868105
2017-01-06,-0.0004932470334086947,0.001149066536425547,0.00294764232327962
2017-01-09,0.004062396082765485,0.0016773304431147995,0.0034832120221012005
2017-01-10,-0.0026467979832786037,-0.0018950593963703577,-0.002220191952248274
2017-01-11,0.0007529185078076761,-0.000529800499133426,0.0009657442030329478
2017-01-12,0.004925005735848753,0.0006186775571124237,0.003192174813892557
2017-01-13,-0.003228003924820033,0.0010154722083026702,-0.004179131096867472
2017-01-17,0.004510316605502274,-0.0018524304524700774,0.0037677057978409154
2017-01-18,-0.002941399816878465,0.0010161678111182404,-0.002777451454456426
2017-01-19,-0.0025009416237461446,0.0013243534823608183,-0.0034100555927274907
2017-01-20,-0.0022970045119401483,-0.0006170828812860352,-0.002528051477929627
2017-01-23,0.001725705222310081,0.0001765224627183759,0.0017747769881350183
2017-01-24,-0.0002796782744663995,-0.0014998297837588437,0.0005293631556157364
2017-01-25,-0.00040855259060279536,0.010159022510226379,0.0011604345711172743
2017-01-26,0.0009248229156173515,0.0030608574789845466,0.000595782205054762
2017-01-27,0.00036694852945418077,8.746188279529221e-05,0.001700729777316745
2017-01-30,-0.0016461255867868951,-0.005448868227424519,-0.003135163414187936
2017-01-31,0.00013785313117598008,-0.005215190432713235,-0.003497641693696818
2017-02-01,0.0032625178143006472,0.0024228141821973637,0.0015455094538335602
2017-02-02,0.0005627472609639472,0.00039560785498848894,0.0030247900458433732
2017-02-03,0.004891269591865921,0.005272099424330046,0.0015290811285012303
2017-02-06,0.003072948649887497,0.0002187973166718482,0.0012030219455317682
2017-02-07,0.0020562132877985917,0.0022279248177439204,0.0014036611836032884
2017-02-08,0.0026111609559444915,-0.001918016379072962,0.004325824279699719
2017-02-09,5.186144374835777e-05,0.001310368723099753,0.0007531799730682743
2017-02-10,-8.916704545580689e-05,0.007677591970005393,0.00032364160976823195
2017-02-13,0.003388723335928878,0.004675162890003692,0.003271279478922162
2017-02-14,0.0032072211624869507,0.002068307398367386,0.0012077586164210175
2017-02-15,-0.0017397956957340144,0.003827022707444838,-0.002627194716301685
2017-02-16,0.006769392970114918,0.006425301051854904,0.005404474813287719
2017-02-17,0.0020260281200905617,-0.004256107400383069,0.0021097940785957726
2017-02-21,0.0003152664743004685,0.006710688158761968,0.0009420520523872877
2017-02-22,0.004773866629740331,0.002122899015376767,0.005017265878511968
2017-02-23,0.003742521021982803,0.0036437515732357095,0.001424639746336842
2017-02-24,0.0011162633747707762,-0.005994461485963387,-0.0010090659404308196
2017-02-27,0.00497843458182512,0.005011553140968905,0.0045234183593033436
2017-02-28,-0.000753014044315381,0.00012667090252826974,-0.000942216803803575
2017-03-01,-0.0009752353458645224,0.007267474058020085,-0.001664032926579218
2017-03-02,0.0024789306461852068,0.004907813467290634,0.0015046212990987406
2017-03-03,-0.004140296458580828,-0.005802096578729654,-0.0027418373203323965
2017-03-06,-0.0008248803199335519,-0.0028131225717101804,-0.002056948020250737
2017-03-07,-0.004367331755787074,-0.0005893461135936251,-0.002502649703933613
2017-03-08,-0.003919173066768145,-8.439435558349473e-05,-0.004000756607446476
2017-03-09,-0.0022395690973698867,-0.0026966463997858403,-0.001515788951129271
2017-03-10,0.001534935621835043,0.005365694741212623,0.0025377311296453263
2017-03-13,-0.00076507535103576,-0.001470959799539151,-0.0019410922357806504
2017-03-14,-0.001206736915573714,-0.0018516382230905348,-0.0013164568009720102
2017-03-15,0.0015744477231576237,0.0016021705623394666,0.0036673787387054625
2017-03-16,0.010007423257909487,0.006524790530711311,0.005378087116300012
2017-03-17,-0.002227234434444836,-0.0013623489348267848,-0.00041059050070504357
2017-03-20,-0.0008483026473590227,-0.0030282860175371296,-0.000326882175004006
2017-03-21,0.00016031887479672768,0.0018561997830042198,0.0028006907848210803
2017-03-22,-0.0031364710325847422,-0.015580777254824207,-0.003737306042918797
2017-03-23,0.0014779909733093621,0.002181605618458926,0.001673577064448972
2017-03-24,-0.0014582863094818599,0.00042687731454948974,-0.0007371950798237049
2017-03-27,-0.001425413394830044,-0.010453129270739714,-0.001957352539702705
2017-03-28,0.00231567875094818,0.005777484031877833,0.0033349724245252954
2017-03-29,0.002540683132430388,0.007373536292130556,0.0016324610189882623
2017-03-30,-0.001787196277605707,0.0020425545668885103,0.0016557004591792879
2017-03-31,-0.000518402336722068,0.0018263598212839849,-0.0015142656564219872
2017-04-03,0.0005990136752676012,-0.000424048464506277,0.0011587444898904621
2017-04-04,0.0008586690235101724,-0.0033928101708651237,0.0010195690152130068
2017-04-05,0.0007533506578087934,0.0053616437130874495,0.0005473745472798883
2017-04-06,-0.0016101628390550182,-0.005586776691254958,-0.0010960089474451704
2017-04-07,0.0035885023886865763,0.000893618005799679,0.002516016457878001
2017-04-10,-0.00329959274925673,0.0008930974345608966,-0.001762414131290768
2017-04-11,0.0018791073198141106,-0.0019545994238763242,0.0010066421769509227
2017-04-12,0.0028821819640916235,-0.0006809184128604429,0.0019230434555900014
2017-04-13,0.0014312681575834318,-0.0046862318680107595,0.00025747060513610105
2017-04-17,-0.002250943583805287,-0.002268403976095179,-0.0013287225117990964
2017-04-18,0.002935001630191003,0.0026169736932240006,0.0028660632406514175
2017-04-19,0.001545663482394266,0.0034229612419960365,0.0028288715887429647
2017-04-20,-0.002994311716741027,-0.0015778854666574915,-0.0028162490199939772
2017-04-21,0.0028647689732290704,0.004697937340101044,0.0037902749037725504
2017-04-24,0.0018109044577696576,0.008203895109267334,0.0008197649607776915
2017-04-25,0.0021806044691232707,0.00307817151985601,0.000737151335799968
2017-04-26,-0.0008541644538184734,0.0025217098872096777,-0.0007454761500761632
2017-04-27,0.000333072970895687,0.0010900337617589795,0.0014111957132184384
2017-04-28,-0.0010360182959783248,0.0005446977953023069,-0.00016585034058893552
2017-05-01,-0.0006514675140679715,-0.0009210253564990722,0.0005792866726771707
2017-05-02,-0.0039785850221625285,0.0006701329201697082,-0.0019645162967842026
2017-05-03,0.0007641813628584959,-0.0002926963985897535,0.003957711713255364
2017-05-04,-0.0026191029706894575,0.00025117341045000074,-0.003809624511362797
2017-05-05,0.0026310519816450384,0.0015072054789655454,0.002127609750896209
2017-05-08,-0.0002613735958025831,0.0023412961210944605,0.0005148200951473392
2017-05-09,-0.003610010063581637,0.0008758319511084078,-0.0018853996844117927
2017-05-10,-0.0011377677316208867,-0.0023753274589846107,0.00033584556794545887
2017-05-11,-0.002888603383855215,-0.00016695039047220916,-0.0031106859386826006
2017-05-12,0.002975127069439365,-0.0010865308108030103,0.0027145766381416526
2017-05-15,0.00115350640748213,0.0015892981661316252,0.0011190101296234987
2017-05-16,0.0033130821487579176,0.004886113714524187,0.0030969359695303122
2017-05-17,-0.0012807217842184526,-0.0023271906110020613,0.003623831739219475
2017-05-18,-0.0015761036235775183,-0.01811902260616527,-0.0072180706466317135
2017-05-19,0.0018202764742425437,0.006787394272972147,0.0028118013295129083
2017-05-22,0.005513630947476367,0.0066150903698665164,0.004131249337142729
2017-05-23,0.0033334865499645705,0.004395276425923855,0.002961209220776295
2017-05-24,-0.0006395740124722771,0.0015421898572618442,-0.0013739599908517254
2017-05-25,0.003086334214677411,0.0036616599668624072,0.002913506599387228
2017-05-26,0.0036531813067033347,0.0014095669167788483,0.002568961304226791
2017-05-30,-0.00018880022128753282,-0.0008280079094517001,0.0010573564211157072
2017-05-31,0.00086018851353864,0.0020717582243698907,0.0013076758459575897
2017-06-01,0.00017490556239851962,0.0005374265538520273,3.883075791670797e-05
2017-06-02,0.009051736742299532,0.0059924809382678745,0.008510602889021612
2017-06-05,0.0007596432959009469,0.002259602758967638,0.0003334540524380092
2017-06-06,0.0007576707645899905,-0.0025822795317507197,0.0009807423154551303
2017-06-07,-0.0010757190141910122,0.0010685351216122019,-0.00079095419905717
2017-06-08,-0.0007193295408373102,0.0006979452234319172,-0.0007310708967123603
2017-06-09,-0.0017889423299669582,0.001312662692678046,-0.0017746842963520585
2017-06-12,0.00432371041519386,-0.003933201482604454,-0.0019410594552647484
2017-06-13,-0.00020312959242441142,0.003496254944822752,0.0014535011852450097
2017-06-14,0.00658790555392863,0.0036065747334663723,0.008324963911383109
2017-06-15,-0.00473121386243025,-0.008903044544075311,-0.004801912628796124
2017-06-16,0.004040042484186213,0.005249635038143241,0.0031181866103369145
2017-06-19,0.0017435940106864667,0.003377362419387575,0.0027878507151834157
2017-06-20,0.0008187966800108359,0.0027095155938807736,0.0031137149524492536
2017-06-21,-0.0012666637142126902,-0.003234251351808659,-0.0009307967176996001
2017-06-22,-0.000912757023641797,-0.0020537377192981765,0.0006558811715924762
2017-06-23,0.0007543262941076545,-0.00020583640093441158,-0.0008751899997561763
2017-06-26,-0.0011928199838930897,0.004075743873755089,0.004955887980534923
2017-06-27,0.0001407836875331192,-0.0035261406240804094,-0.004735281818659254
2017-06-28,-0.0007123208349542054,-0.00222187289467779,-0.0037187392803373466
2017-06-29,-0.0008738964268000249,0.0047836023533058825,-0.002371711840452129
2017-06-30,-0.0021777421391872,-0.005663550417827623,-0.002822160809849783
2017-07-03,-0.0023569886819141406,0.002476170907869113,0.0017038941112241357
2017-07-05,-0.00017631986022736967,-0.001029059081279593,-0.0031774468764784293
2017-07-06,-0.0023740722873124565,-0.0030499926785811926,-0.004019906882948732
2017-07-07,-0.0033917747654242936,-0.0028113957005070356,-0.0038891009547932457
2017-07-10,-4.2546758274530916e-05,0.0037313989476448484,0.0023367330783463204
2017-07-11,-0.00023162118069919302,0.0010737031560417165,0.0006116234125514542
2017-07-12,0.003856041595604376,0.003837217855163333,0.0056556020182604964
2017-07-13,0.0001581255317866237,0.002959276490756668,0.0008392345792361144
2017-07-14,0.002208281204929996,0.0016392300574568086,0.0026016592061855357
2017-07-17,0.0013334914879357118,0.0042960240021636675,9.566299439684985e-05
2017-07-18,0.0013923342421602314,-0.0016705149557573185,0.0025654235373542946
2017-07-19,0.002975299734187864,0.00391777372979818,0.0034759050913155233
2017-07-20,0.0024877326302017444,0.005121240369328595,0.005348832849747564
2017-07-21,0.0008874565008913926,-0.0033968273775293323,-0.0012732542554909627
2017-07-24,0.002446530671154301,0.0014202269224043995,-3.8594592386198665e-05
2017-07-25,-0.0008039847149025059,0.0036061230689612422,-0.002013285588788261
2017-07-26,-0.003574326785466986,0.0002827015277706568,-0.002633784510563597
2017-07-27,0.0018527893641380189,0.000847865000711101,-1.0382987632073857e-05
2017-07-28,-0.001962657899690301,-0.005283194905513433,-0.0026501717012717306
2017-07-31,0.0028204022767128745,0.00291916464142572,0.0023681311959149022
2017-08-01,0.002454950487435603,0.0003635813667897114,0.0001784985446177778
2017-08-02,0.0020183285209489643,4.0449729023839254e-05,0.005187167924626967
2017-08-03,0.0015213797583459865,-0.0006466710115068386,0.0012790584555258946
2017-08-04,0.0016161428704608571,0.000849473829150682,6.282385857852007e-05
2017-08-07,-0.002314857999963893,-0.00012126245428745186,-0.001063708058977264
2017-08-08,0.0009573628102113041,8.07465107008909e-05,0.00014480229009423696
2017-08-09,0.0013750381945443202,-0.004201661411665669,0.0008743993843782554
2017-08-10,0.00027743519371403735,-0.0007305663375606342,-0.0014229541138738755
2017-08-11,-0.0033475381238995405,-0.00921668073885118,-0.005052294387928269
2017-08-14,0.0019062502918978375,0.006433769376616327,0.0045599032112265455
2017-08-15,-0.0008591786005424096,0.0056597504493720585,-0.0006044734499635945
2017-08-16,0.0013015147370913915,0.0005266606945051322,0.0006367235477635624
2017-08-17,0.002374513503917264,-0.0035208116459174432,0.0006750996294457639
2017-08-18,-0.004769388704048416,-0.013563916337788195,-0.004064991342680746
2017-08-21,0.0008678521771139369,-0.0010706641678315254,-0.0013039361687660288
2017-08-22,0.0018440914456567814,0.0038332759530455007,0.0023630712671536716
2017-08-23,0.0018307915863096103,0.0031200612725450494,0.002660476169538084
2017-08-24,0.0007062393415069312,0.00274216758217527,0.0011416788973600323
2017-08-25,0.0004893383067028356,-0.00040817039478890926,0.0001965630672503327
2017-08-28,0.0019496291950074074,0.001102567128623999,0.0003465245047292508
2017-08-29,0.001880219699626151,-0.008606362380185084,-0.00031030707678616435
2017-08-30,-0.0006870939049611335,0.007282100064293084,0.0012555968154112748
2017-08-31,0.003197085624732976,0.007719850675705464,0.0051966635257643555
2017-09-01,0.00427082932900924,0.004863864875016333,0.0027059151396889194
2017-09-05,-0.0010322126976907153,-0.002662454876835363,-0.0004037633665481043
2017-09-06,0.00107884637308997,-0.0016983035063342644,0.00220771776346056
2017-09-07,-0.0005808257590310673,0.0016605693398850097,-0.0002157408269578111
2017-09-08,-5.7605509296121404e-05,-0.0028713658130498088,0.0007084073358114785
2017-09-11,0.0026888348170359677,0.006084154786683005,-0.0001910798918604243
2017-09-12,0.0021379497534648184,0.006410185950561642,0.0012809974545214152
2017-09-13,-0.00040010596225947825,0.00036037010007961,-0.00022471600529945239
2017-09-14,-0.0027592967064525853,0.0003207185050806416,-0.0015094944826731017
2017-09-15,0.004002248293522914,0.0004970333447884556,0.002292377917617117
2017-09-18,-0.001392699957395549,0.003699288256397093,0.0006447676099028852
2017-09-19,0.000202295981209355,0.0015624013382216084,0.00024182121434566093
2017-09-20,5.294949779255376e-05,0.0002801041693722972,-0.000813920676337121
2017-09-21,-0.0034467616168947224,-0.0007596110897311048,0.00014744579125511862
2017-09-22,0.0012193240279796402,-0.0033217038929796994,-0.0009148988701179082
2017-09-25,-0.0015320153242188717,0.00040141853416209017,-0.00032821136912670746
2017-09-26,0.003709243264371276,0.0010838122626262159,0.0020750387897292997
2017-09-27,-0.004587443289792659,0.0018442616092992914,-0.004888321251845574
2017-09-28,-0.0029652368820984876,-0.0006004605273961516,-0.0024746190442248572
2017-09-29,0.002273688207243829,0.0024426529075007863,0.0032368895497260296
2017-10-02,0.0001402559768075573,0.004593807667930383,0.0037264643929665994
2017-10-03,0.0018426640848046016,0.003300446392894285,-0.00087197580074343
2017-10-04,0.0019583143677719406,0.0014663754372055138,0.0028486810339209082
2017-10-05,0.001313975329434669,0.0033636385717148443,0.0011831380100175704
2017-10-06,-0.001671402934918076,0.0024060585400289547,-0.0017108944455460854
2017-10-09,0.004159666210290736,0.001888567526480145,0.00272285878538483
2017-10-10,0.0012407958515532336,-0.00011758586405663518,0.0010928473337994183
2017-10-11,0.0013247852968381046,-0.00035387529959785,0.0011732913196105033
2017-10-12,0.0021190517503868467,0.0005896586522489144,0.00028954083067378455
2017-10-13,0.0023761606190479956,0.001884705834297673,0.00443879159394589
2017-10-16,-0.0007976832325600203,0.000274428334447796,5.3160812720331855e-06
2017-10-17,-0.002203758967780911,7.834251615812526e-05,-0.00039928173688337233
2017-10-18,-0.0001633472875420816,0.002625043174223629,0.0004906854267823224
2017-10-19,0.0003574008486701974,-0.004181002987728499,-0.0003017126805664903
2017-10-20,0.002051666663486218,0.00733791234902581,-0.0011324253288054198
2017-10-23,0.0013501550110901483,0.0030386247555724832,0.002339437112521869
2017-10-24,-0.0010645448270031332,-0.003417785126559214,-0.004595815312993445
2017-10-25,-0.0011766417914418348,-0.001636801743346461,-0.003705628230686542
2017-10-26,-0.001132939859494586,-0.0007413621771085177,0.0012852219770971064
2017-10-27,-0.0035942415112198978,0.0018748659367351372,0.000734993549865548
2017-10-30,0.0014966971080030422,-9.421061597514324e-08,0.002993363341304134
2017-10-31,0.00037197073020012184,0.002768320185509099,0.003824698208506172
2017-11-01,0.001333050960630855,0.0033441311587543154,0.002274002110419815
2017-11-02,1.0418278686197269e-05,-0.0024413624894461528,0.0006262058505003055
2017-11-03,0.002023494646663737,0.00139846140790012,0.002343041257894951
2017-11-06,0.0005456836245314456,0.002055955548636801,0.0026999893296684174
2017-11-07,0.001303547808128469,0.0025938575354400584,0.002509337834674419
2017-11-08,0.00021047564418941178,-0.001930765344868135,-1.783114589146693e-05
2017-11-09,-0.003702547404235035,-0.002862724893301749,-0.003992707836512821
2017-11-10,-0.0019437778153874596,-1.5762628657878253e-07,-0.003686491242473822
2017-11-13,-0.0024496946275923692,-0.001629762620754649,-0.000689206539275533
2017-11-14,0.0008207704658642623,0.0003887377245543888,0.00013720115135691378
2017-11-15,0.004937024098425891,-0.0030689490649574713,0.0022943734136186894
2017-11-16,0.0005522446354186972,0.0035069909481186823,0.0019456379967606185
2017-11-17,-0.00019233859923506458,0.002718314843588532,0.001821105835924852
2017-11-20,0.0003019480509889316,-0.00030971775127275336,-0.0006933257340484111
2017-11-21,0.002949375337729432,0.004028818417899815,0.006165901663804663
2017-11-22,0.0009694952588936712,0.003163681105380789,0.0004190879799051304
2017-11-24,0.0010754321866752736,0.001230653417765959,0.001717529913137872
2017-11-27,0.0006852340444669647,0.00034594772241036686,-1.2874455235589743e-05
2017-11-28,0.0011518297563146707,0.0013442324283916562,0.0005227301266473195
2017-11-29,0.005624512303885387,0.008666730916680798,0.0013820277943114682
2017-11-30,0.0047382749031847915,0.002813572205271564,0.0008917520291994662
2017-12-01,0.0030214862578048507,0.003791214526633002,0.004882778611327776
2017-12-04,0.003917552003787073,0.005854402599463571,0.0036715148199551796
2017-12-05,-0.002617798542743577,-0.011715694292662393,-0.005282087719702177
2017-12-06,-0.0038013625668054107,0.0004179861813276009,0.004678693404456125
2017-12-07,-0.0006575933988747229,0.002924355563270753,0.001942128871674198
2017-12-08,5.938485270839955e-05,0.004127529309938538,-0.0017130914153576258
2017-12-11,0.0019348682449751298,0.0043373717701795655,0.003455450895050838
2017-12-12,-0.0012474237798145715,0.0033791269471226126,-0.00014805186763684492
2017-12-13,0.0019791078157676,-0.0005612482820352982,0.0016923569417758742
2017-12-14,0.001739812671692098,0.00011264726195392427,0.0008244850277018934
2017-12-15,4.818324494704207e-05,-0.0010601623775364777,0.0017567014700911046
2017-12-18,0.005126281315793513,0.009982640487815386,0.006490375315496388
2017-12-19,-0.002461951657241168,0.0014176719065994714,-0.004307145180635796
2017-12-20,-0.005476685540239945,-0.0007822332808582466,-0.006833867757793888
2017-12-21,-0.002818381950744353,-0.001976026008460474,-0.0012425038261887345
2017-12-22,0.001854482532274604,-0.0005225478145661766,0.0018471515800765337
2017-12-26,0.0006647477858030548,-0.00205522959204274,-0.00033481996724507026
2017-12-27,0.0015223419026659801,0.0012356909710229402,0.0030775945930296093
2017-12-28,0.004310036576310905,0.0019073476284576785,0.0037537186782834906
2017-12-29,0.003320571655018867,0.0023889836418748978,0.00133852757154167
2018-01-02,-1.9708471272639194e-05,-0.0025696030504043232,-0.0015732827320664277
2018-01-03,-0.0018114491648192343,0.004181593597482047,0.0009592665217596607
2018-01-04,0.002223910802281681,0.008328596712529501,0.0038860990477371346
2018-01-05,0.002988601457433848,0.004830299698312279,0.003598562315611309
2018-01-08,0.0005060516214963062,0.0029356880078870162,0.0021426485786470552
2018-01-09,-0.00040428229475897304,0.0039881592585679915,-0.0013534188240034166
2018-01-10,-0.002364462916026655,-0.00262387273296949,-0.007984270024432583
2018-01-11,0.003436791584773724,0.003909628771411988,0.004625924165383832
2018-01-12,0.004244831374379476,0.006078101198623509,0.0055576071785931715
2018-01-16,0.007287637819527015,0.010600275184289965,0.00980907472430732
2018-01-17,-0.0027073409627271783,-0.004725462145234394,-0.003122885079854232
2018-01-18,0.0007351828328878707,0.005215379852788082,-0.0005484872728771521
2018-01-19,-0.00045196323169327535,0.0011450066287790328,-0.0010235385568466704
2018-01-22,0.00034840783625478267,0.001322320757989992,0.0009554266373319464
2018-01-23,0.0028825729909764952,0.009172709070515817,0.006670019875135092
2018-01-24,0.0037919057981163906,0.004527204581417532,-0.0003851177958302367
2018-01-25,0.0021038337533816343,0.0004928813677418376,0.00130501981552138
2018-01-26,0.003243287536722983,0.0003164457147506461,0.0025282965780141
2018-01-29,0.00017528721592396934,0.005910433294435968,0.0006080355088064148
2018-01-30,-0.008121941177035352,-0.011645977361674276,-0.009232064243192029
2018-01-31,0.001540208904829532,0.00045998886580567167,0.002206023296788695
2018-02-01,-0.004088185594186222,-0.005871445604537562,-0.003962295210270006
2018-02-02,-0.006149316854396014,-0.0035223176480483342,-0.009722704222942191
2018-02-05,-0.01487629760440523,-0.023671795789209416,-0.017465834373853094
2018-02-06,-0.026526637670779674,-0.04940553466777864,-0.02544774152194753
2018-02-07,0.013475842650293668,0.032930601753028865,0.018795217062132743
2018-02-08,-0.0040034201329819386,-0.0018248569340730825,-0.008153881508351769
2018-02-09,-0.013761498851213916,-0.02690218070411643,-0.015802563893946586
2018-02-12,0.00917306929395001,0.011618049076922876,0.00849500400173291
2018-02-13,0.0012156672005512181,0.0005308524160601014,0.0004870769011874554
2018-02-14,0.0029276394591597477,0.001287967282508351,0.0002669009995031501
2018-02-15,0.013043866056472009,0.027468042552584393,0.015569133772259613
2018-02-16,0.005026636755553815,0.0027615645066683125,0.0045337726742989744
2018-02-20,-0.002715213786422588,-0.0010648243528845747,-0.003192781112843024
2018-02-21,-0.005065613166994387,-0.00047825970555959163,-0.0004221830287866934
2018-02-22,-0.004716516544640004,-0.002942173737188747,-0.005148207022849616
2018-02-23,0.0013959497537450183,0.0025453477161985205,0.003710905897180528
2018-02-26,0.012332586066902795,0.01523222588420925,0.011853819091962857
2018-02-27,0.0016179098472259845,0.007900474163479165,0.004200937169877373
2018-02-28,-0.0074029715842917065,-0.008737628464678404,-0.005411265476399163
2018-03-01,-0.01001356034322265,-0.0154890463123174,-0.008622049410605069
2018-03-02,-0.0058098235816468335,-0.020669755466113493,-0.010983301524174571
2018-03-05,0.0002302818417441177,0.007261279307935631,0.004020010228089843
2018-03-06,0.01424006276817269,0.02080472636108377,0.011169360234052749
2018-03-07,-0.00748180568866097,-0.010538067984721566,-0.005613088708515823
2018-03-08,0.002090405003363882,0.011574407788692787,0.006067407008388991
2018-03-09,0.003057057117682227,0.007860056328135245,0.0036342925852280044
2018-03-12,0.006139367489203185,0.012694667614988608,0.008701550671415115
2018-03-13,0.0025456950880355933,0.0022922335117621095,0.0013752787135401067
2018-03-14,-0.0009271601927676176,-0.007253973556303528,-0.0006670892010561141
2018-03-15,-0.0023394528056508435,-0.006947335155413792,-0.0015888478831102447
2018-03-16,-0.002368178731135595,-0.0010170971549978702,-0.0018417927100605525
2018-03-19,-0.0006625488892667564,-0.004189450707894782,-0.004483695877052352
2018-03-20,-0.003920898959655861,-0.00881656593278668,-0.006296475551087855
2018-03-21,-0.0005104125974039198,-0.0001476380737351901,-0.0009295087391631763
2018-03-22,-0.001485985894136732,-0.011037137418006937,-0.0010601957439999145
2018-03-23,-0.002590917637243173,-0.013960029403162322,-0.0104707116979736
2018-03-26,-0.004921050014602413,-0.007722220231019095,-0.003563833977045472
2018-03-27,0.005432192556194204,0.01541185144738244,0.008680431644790643
2018-03-28,-0.002291508106147755,-0.02036256284229765,-0.006810008799963096
2018-03-29,0.00047328579366401335,0.0014191224653283818,0.0011480946233779045
2018-04-02,0.005189354826433901,0.005476320874880036,0.003514147008441215
2018-04-03,-0.008998881047708074,-0.014016483824714543,-0.008376986502027738
2018-04-04,1.3275902581932897e-05,-0.00818965589045928,-0.004946834151992841
2018-04-05,0.008774286348498972,0.03427472804138887,0.01644460088707533
2018-04-06,0.002329564786529348,-0.008020963266404113,-0.002947452362885716
2018-04-09,-0.003979830251889194,-0.00778230159505755,-0.004735572389915265
2018-04-10,0.004511702262834483,0.011095532996669766,0.0085137837926196
2018-04-11,-0.0015739525372195917,-0.00302749910406952,0.000328904083891413
2018-04-12,-0.0004773544548688502,0.006794062611734875,0.001417477248898446
2018-04-13,-0.0009943210965719373,0.008105485894829956,0.003144756239677671
2018-04-16,-2.9911846012087295e-05,-0.0015332385291237927,-0.0018823917392084776
2018-04-17,0.006785556922300762,0.008726405544044358,0.0075314185554860025
2018-04-18,0.005479350410288131,0.005049687011511761,0.004253797187330122
2018-04-19,-0.009011169162087884,-0.0038422809896402343,-0.008472418597897203
2018-04-20,-0.003892157542813246,-0.0031151845039179005,-0.003644407992151244
2018-04-23,-0.007269102908410652,-0.005765878406000513,-0.005343389229718665
2018-04-24,0.001047979153906864,0.0017584822212748374,0.000649227127725238
2018-04-25,-0.007738014832051721,-0.018003256259631284,-0.01350887828357843
2018-04-26,0.004637310049719456,0.007150831538760061,0.0053806911636541605
2018-04-27,0.007159362290792393,0.008346273532234605,0.007521921687418764
2018-04-30,0.002847316898745067,0.00097358208665832,0.0026436662759510288
2018-05-01,-0.007192779279432959,-0.012683932897688321,-0.007772120351877265
2018-05-02,-0.0010862772264128573,0.003372708300314553,0.0015859773355177075
2018-05-03,-0.003731886755749314,-0.009442669500040246,-0.0049913912439625285
2018-05-04,-0.0016848848237385194,-0.002821869192701554,-0.0003804863869672824
2018-05-07,0.008941496752228772,0.020534232789014784,0.011448339127171315
2018-05-08,-0.00460667063167286,-0.0014613309866661206,-0.0022889453379347337
2018-05-09,-0.0036209008154235445,0.004427656218362275,0.0012058299514207337
2018-05-10,0.004915168528896174,0.009937180281038627,0.007418406342828687
2018-05-11,0.0054326617669484545,0.00673244737062717,0.006637612111565706
2018-05-14,-6.659962796251584e-06,0.0043356193088404105,0.0008580122575831961
2018-05-15,-0.010380617237678691,-0.006402273721697993,-0.008016373706887948
2018-05-16,-0.001216055805546068,-0.0016567697708823603,-0.001470582928398323
2018-05-17,-0.001467434496677078,0.002950356347855454,-0.0009209697294493063
2018-05-18,-0.002111204536184519,-0.001176685695088997,-0.0011173788243014292
2018-05-21,0.0027297260642249466,0.005117317535178412,0.005198788405453935
2018-05-22,0.002861760937220126,0.003479790693824425,0.002634399490613726
2018-05-23,-0.002446055507684397,-0.010184187976423065,-0.004541688375493713
2018-05-24,0.007741535312317138,0.006416731027335754,0.007043222028629792
2018-05-25,0.004018132055686463,-0.0027845673494601986,0.0012611885652245027
2018-05-29,-0.0008634051211559024,-0.006761101847537532,5.844430622667981e-05
2018-05-30,0.0016751584867824576,0.0007029493819263877,0.001117225251975107
2018-05-31,0.005404028247056658,0.006099524414491686,0.005510752366298277
2018-06-01,-0.004246486122615578,0.0009555811431440908,-0.0030815715877482667
2018-06-04,0.0004256956664170364,0.007782334622100429,0.004469674077275742
2018-06-05,4.937436408858353e-05,0.0018941656314388489,0.0006368338375509097
2018-06-06,-0.0006889170162879266,0.0026904160581699976,-0.0013198820545809124
2018-06-07,-0.002358911001246189,0.007832126792850502,0.0033892590472106134
2018-06-08,0.0031781932621173237,-0.003957583243369145,0.0005571717557541602
2018-06-11,0.0017002182860519355,0.005743215073224617,0.0018066896343065682
2018-06-12,0.00047234905154214246,0.0021190128597448066,0.0008010880059895697
2018-06-13,0.004212987629981235,0.0005732235209117142,0.0020928395115802803
2018-06-14,0.0019672468121536557,-0.0006447526282385985,0.0007183231978358462
2018-06-15,0.0016457537202390071,-0.004185945271942826,0.0009948065050253254
2018-06-18,-0.00021599524357374111,-0.0040132607593335035,-0.0035665397798929632
2018-06-19,-0.001969352739364605,-0.0054081820001561365,-0.001617925351639693
2018-06-20,0.006205717509883524,0.008284609618858907,0.004309381418465108
2018-06-21,-0.0020517670217022888,-0.001122089938040749,-0.0020314195606756734
2018-06-22,-5.500796090274207e-05,-0.0010871478729874706,-0.0015495160611112002
2018-06-25,-0.0004233248138121315,-0.008053342330462954,-0.002933390156326432
2018-06-26,-0.0010477815073071106,-0.006582931408569581,-0.003584956092055891
2018-06-27,0.002324393802696445,0.002282421261890155,0.004614954789298809
2018-06-28,-0.0033940704587395176,-0.010908915627997229,-0.005296846526270715
2018-06-29,0.003292809667527985,0.010509338338446916,0.006436772895107801
2018-07-02,-0.0037531406258332067,-0.00959111969758919,-0.006259900979075871
2018-07-03,0.005843074913598478,0.012466868117753549,0.0067900176201277414
2018-07-05,0.0019758922005190804,-0.002565151860055126,0.00020531132801857596
2018-07-06,0.004399346673337412,0.0035639083775114155,0.004399565585846732
2018-07-09,0.005733840683275648,0.012484374869591752,0.005274726994473155
2018-07-10,-0.007461498603344774,0.006725816201103463,0.0033800903283696558
2018-07-11,0.002888879008946299,-0.004525931368340452,-0.0008118347872938746
2018-07-12,0.0025713737571053663,0.004077347697698297,0.0015316198949047344
2018-07-13,0.0013727601874751194,0.0031983181919579273,0.003359749255942024
2018-07-16,0.00040660181919460747,0.001683266626023805,-0.0002951012431422486
2018-07-17,-0.003974808253913831,-0.00418381552190783,-0.002248295649268739
2018-07-18,0.00119561901404297,0.007504978902746151,0.003619779629212249
2018-07-19,-0.004094887920916168,-0.0008903847613146443,-0.0012555122383079097
2018-07-20,0.0026039353697682177,-0.0019270910790143425,-0.0018787461271317697
2018-07-23,-0.0034315697139422063,-0.0011435934244447,-0.004634200157891244
2018-07-24,-0.002200450128994502,0.008373746794073877,0.0013692702882520439
2018-07-25,0.0019093972070691745,-0.0016324642876853757,0.0015020221676201432
2018-07-26,0.003894540858168094,0.006647306359035321,0.0029550940563682453
2018-07-27,0.0026800918636464832,0.0018004950878234283,0.0015480888172591633
2018-07-30,-0.006681324424970048,-0.007754524714792654,-0.0075227938817499455
2018-07-31,0.0003984861226979941,-0.00248653221522388,0.0011973677968013074
2018-08-01,-0.0009315893170744882,0.002670927218037189,-0.002523147854133301
2018-08-02,-0.003665093667844177,-0.0077069655744919086,-0.0035083040733685507
2018-08-03,0.006283462597348688,0.011238662402911714,0.007451404472448964
2018-08-06,0.004359707423462256,0.003928764300013654,0.004747028983186663
2018-08-07,-0.0001982205564415862,0.006169737806588138,0.001995436740905454
2018-08-08,2.6983335120522867e-05,2.770710958444056e-07,-0.0012432173418532421
2018-08-09,0.0008892007862286722,0.0004902454912176779,0.002215630349777431
2018-08-10,0.0011448818394534932,-0.007284695678560715,-0.0005463602880946931
2018-08-13,-0.0026160730837303525,7.041667425067288e-05,-0.00035640433918913137
2018-08-14,-0.0009630973227251483,-0.0019398209792116372,-0.00019933609987217156
2018-08-15,-0.0009017072360645306,-0.001908780688250955,-0.0007470123529977444
2018-08-16,0.0015396594325514101,0.003611992367763328,0.002664471763995735
2018-08-17,0.00372854393209332,0.0015172347183571855,0.0018375620987499896
2018-08-20,0.00628127121856803,0.006130398315432384,0.005494972170558032
2018-08-21,0.00033787768014703623,0.002381190826746815,0.0005408302917556894
2018-08-22,0.0010371686996151208,-0.0012927074212887302,0.001300500615485012
2018-08-23,-0.0030257732380878366,0.0003150821157906769,0.00018918211724994194
2018-08-24,0.00043798823272722665,0.0016434762596317931,-0.0002596601674686118
2018-08-27,0.005739552751008015,0.00844835536809585,0.005595031739510326
2018-08-28,-0.0009310238715213304,0.004985514707005034,0.0004293287837962008
2018-08-29,-0.000435467393711253,-0.0004821205521354788,-0.00048764836545771577
2018-08-30,0.003226086299446873,0.0026882691769689604,0.0028367592073736516
2018-08-31,-0.0007790629842472363,-0.003781216008942101,-0.0003562459481561309
2018-09-04,-0.004726226689047763,-1.0371447811685641e-07,-0.005446724253478941
2018-09-05,0.0006024633728587414,-0.0014834767459172005,-0.001557024014222752
2018-09-06,0.004138780064452119,-0.0008982358931540757,-0.00053895528382355
2018-09-07,-0.005192839347989198,-0.0075048112179597615,-0.0059391600896519185
2018-09-10,0.002845162800353851,0.006132504708137754,0.0031433367384036347
2018-09-11,-0.002545089206697937,-0.0047443106361453324,-0.003148821981777461
2018-09-12,0.0024762922471006643,0.005880827114582932,0.00342775987767876
2018-09-13,0.005942214078198171,0.004358630732773872,0.0035896905094439545
2018-09-14,-0.002045890392122107,0.0025491323825852508,-0.0015877901193961377
2018-09-17,-0.0028576821483432546,-0.0008245068307588532,-0.001271676819746448
2018-09-18,-0.0012705209168827336,-0.0042639031508547864,-0.0029643492226200108
2018-09-19,0.0013009974179862827,0.004800287607514608,-0.00033867912479661503
2018-09-20,-0.0035764074177291327,0.005739595352970639,0.00163348751361001
2018-09-21,0.0017823765009437054,0.006070936459236176,0.004637697067693747
2018-09-24,-0.0013083294454137029,-0.005970703820768253,-0.004027517363064858
2018-09-25,-0.00239701294405692,0.0006524272974159917,-0.0004993185215790064
2018-09-26,-0.00208596143071349,-0.002126768810760682,0.000269152221325042
2018-09-27,-0.003541580944928624,-0.0017188074962769528,2.9291080991034057e-05
2018-09-28,0.003482531850992787,-0.0014465016346185688,0.0012131957154656535
2018-10-01,0.00347587943474692,0.007310634304815933,0.0012307143790864388
2018-10-02,0.0008560972764191099,-0.0018829158035793547,-0.0010955605262708446
2018-10-03,0.00109492678276224,0.00404695424785273,0.0010567368666638986
2018-10-04,-0.01010032667232752,-0.0053283651365299,-0.010558998118192964
2018-10-05,-0.003558518022392154,-0.005117539374799973,-0.005663962753049967
2018-10-08,-0.002214138348510586,-0.009113240450786764,-0.006879190682493652
2018-10-09,0.00312213981631837,0.0011846354789744051,0.0012417992105650643
2018-10-10,0.00028194261763836437,-0.0019484919944926515,-0.0011689437544120773
2018-10-11,-0.007880224257815538,-0.033992118374585156,-0.01735482768338843
2018-10-12,-0.0018154725942470806,-0.0011188592633847305,0.0006970942193967878
2018-10-15,0.0003389090460983457,-0.004407951058670423,-0.0017006737491955136
2018-10-16,0.0022598960349615727,0.003810666024669729,0.0013444910575625356
2018-10-17,0.006849349749738387,0.013882794199722603,0.009273681308582837
2018-10-18,-0.0011637739186612928,-0.0037082338187331976,-0.005852877803329259
2018-10-19,-0.0022103644251930676,-0.008124995787134992,-0.004065370849062955
2018-10-22,0.001782877619744161,-0.00046904048316942504,6.997545682236879e-05
2018-10-23,-0.006275487574250671,-0.0218408914264292,-0.010261232394596132
2018-10-24,0.0012914191727293467,0.00878363356540679,0.003876009632500876
2018-10-25,-0.005212835050741882,-0.0217682683836411,-0.012431362438576654
2018-10-26,-0.000462794320500004,-0.005460636916655104,-0.001914488807582004
2018-10-29,-0.0021443472364742755,0.010830358784279293,0.006184951605992372
2018-10-30,-0.002670743453926039,-0.019084586722562302,-0.013470962599599078
2018-10-31,0.004815940764897331,0.026472207788509783,0.014062858656801725
2018-11-01,0.0013717851290411254,0.003510090688888523,-6.0395948775449244e-05
2018-11-02,0.006217374883938254,0.011597987226367179,0.00809287049439562
2018-11-05,-0.006005604327545155,-0.008407562434081584,-0.00748338660206369
2018-11-06,0.0044782621252073,0.003230154846231681,0.0023647480284222588
2018-11-07,0.009506066998410612,0.015512938332373771,0.011403719328832728
2018-11-08,0.0034270544146068893,0.009186963717892738,0.004699386909961944
2018-11-09,-0.0033113509973191624,-0.0038555809233485894,-0.003056829182434728
2018-11-12,-0.001567745885002747,-0.006594180972570474,0.00030078680920864187
2018-11-13,-0.004419962886581086,-0.014791516911198399,-0.009717543900097093
2018-11-14,-0.0004343460610486405,0.003918385165783134,0.0015421368773603115
2018-11-15,-0.005829033926129323,-0.019623530566372338,-0.00839028341381267
2018-11-16,0.007726683170697246,0.011198732710893555,0.005880162610586525
2018-11-19,0.0020947138281164346,0.004635943298554102,0.003517251117779763
2018-11-20,-0.005124828612219301,-0.028163817689312753,-0.01399646852685843
2018-11-21,-0.0028038656374091975,0.0018845213056855048,-8.413612123945322e-05
2018-11-23,-0.005220741757609781,-0.01008051380511632,-0.003332807108722191
2018-11-26,0.0029971938929309605,0.009879235038319667,0.0031265719986540924
2018-11-27,0.0008997365257934486,0.002107216847642146,0.001090149720261735
2018-11-28,0.005323674979835991,0.01223969281098869,0.0074833077470088044
2018-11-29,0.008285694571031899,0.015244531084167345,0.009390383807838897
2018-11-30,0.00019355272348642316,0.00036535910292689877,0.0015766937808635363
2018-12-03,0.011810999427463331,0.023630029064496405,0.012915697222709221
2018-12-04,0.005821931366564614,-0.006814928002422671,0.003340479867324376
2018-12-06,-0.013216619004763341,-0.04472447336406293,-0.02091046150591087
2018-12-07,0.002161413691331049,0.013312174779518848,0.005523873942031886
2018-12-10,-0.005273404591576658,-0.022600761672719405,-0.00996137171743967
2018-12-11,0.005226298967960785,0.016289255213491227,0.01010990684471933
2018-12-12,4.65287867563724e-05,-0.0007100996849361829,-0.0017373329174614983
2018-12-13,-0.002102045807078956,-0.0035519435032110858,-0.0025356405831130193
2018-12-14,-0.003735416055320573,-0.013357289295135466,-0.00771052737377813
2018-12-17,-0.007945053773584232,-0.013538077153734562,-0.00798801908405
2018-12-18,-0.0072552194203872045,-0.00848110847691319,-0.0025169445052093398
2018-12-19,-0.003405859706615999,-0.007892591154853523,-0.0012418911997238873
2018-12-20,-0.004248950769227489,-0.020809867104233604,-0.006158326570477879
2018-12-21,-0.004332696651532908,-0.00672001600985539,-0.00688425271940496
2018-12-24,-0.010862944394797736,-0.031207163495651336,-0.018757291563253564
2018-12-26,-0.012063321828391094,-0.012842901209186297,-0.008168056847353333
2018-12-27,0.01396219685109612,0.027969606044543793,0.017674428056975035
2018-12-28,0.011548637811141571,0.028898838978283825,0.014502369136404434
2018-12-31,0.000683620757701453,-8.001321632233882e-05,0.0007826029392520085
2019-01-02,-0.0019363344512192127,-0.0143455058460068,-0.005258741825544821
2019-01-03,0.0014055739670524314,0.009147184399545205,0.007559473931664272
2019-01-04,-0.003250460504069519,-0.0025782153138493857,-0.0013833395838334982
2019-01-07,0.011577412133775278,0.020598430445689875,0.013274570057686308
2019-01-08,0.0025737215324266316,0.01634411361911603,0.006772615660090462
2019-01-09,0.0033886611204210215,0.0028814764661313497,0.0003156375387889374
2019-01-10,-0.0030384501525944074,-0.00504735066410722,-0.0029624605130193385
2019-01-11,0.003132494465365676,0.005541362536177763,0.0018406964845326
2019-01-14,-0.002276544217095333,-0.0031823866558938763,-0.0016776951745231861
2019-01-15,-0.004135243340665062,0.003737595767143498,0.0011176106624210646
2019-01-16,0.006269475913505351,0.011674619539309594,0.0037863088428351063
2019-01-17,-0.0006214351997431145,-0.0031434992495403824,0.00022127236258924227
2019-01-18,0.0063090938172287725,0.01911454813383262,0.010204386098729666
2019-01-22,0.0005200273340102424,-0.0006039080949313824,0.0012063440283770267
2019-01-23,-0.0007142277391806173,-0.003058568389883387,-0.0032647053518409575
2019-01-24,0.003261307469982988,-0.003030224694791972,0.0016184761471268242
2019-01-25,0.0018263065708610249,0.00911816829773926,0.004412305285536799
2019-01-28,-0.0048671467502192645,-0.008358288563368621,-0.005180812654596156
2019-01-29,0.0018328757988599342,0.0020124731664115103,0.0011743434022596143
2019-01-30,0.0020710631861640127,0.004470478728777483,0.0037111275650362433
2019-01-31,0.008807548408602317,0.0090913454413315,0.007804992164830127
2019-02-01,0.008526417481167226,0.009868963518013807,0.006594384393105024
2019-02-04,-0.005496893667158553,-0.00014798945411775843,-0.003513270023205295
2019-02-05,0.0034828272128852866,0.008625862768537162,0.0061387374576562966
2019-02-06,-0.00018878910742370358,0.0012847015390082817,0.0028581578018108014
2019-02-07,-0.0013533897330278988,-0.006781715744458405,-0.0037395030065410007
2019-02-08,0.0023341108065344507,-0.0080833522997239,-0.002215396211971709
2019-02-11,0.0023362110590938734,0.009116485921493389,0.004161116747736048
2019-02-12,0.0035763740561680635,0.004498502624913581,0.0020427790176754442
2019-02-13,0.002433975209833683,0.0095808314627297,0.0040715863669873
2019-02-14,0.00039005806717162805,-0.004544480794584249,0.0005418909540262366
2019-02-15,0.004805336369299473,0.009423185261877576,0.0037546191834946898
2019-02-19,0.00541441323999714,0.0004341720139990901,0.003090249381580135
2019-02-20,0.0027130493668547917,0.0048106985231080035,0.0013506694645120552
2019-02-21,-0.002235844410941268,-0.0003959756368706602,-0.003123946058011362
2019-02-22,0.0005772872549172359,0.0014763951073004655,0.00220753888087728
2019-02-25,0.003051523002167933,0.009420873671698748,0.004664436393812332
2019-02-26,-0.002284086996187207,-0.005700071854843891,-0.0015712981265389558
2019-02-27,-0.003220768133283536,-0.00218509359042085,-0.0033155866509119837
2019-02-28,-0.0010046912042299683,0.0015799274441461453,-0.0009012275998134812
2019-03-01,-0.0015438915807379772,0.005305542826857135,-6.150187480056298e-05
2019-03-04,0.00031089881308221656,0.004136289214507594,0.0023477924435885366
2019-03-05,-0.0034288702597256027,-0.00731551259594887,-0.0044229677370638985
2019-03-06,-0.00036259472201072285,-0.001395226042329889,0.0013090858482448955
2019-03-07,-0.0024698361870382213,-0.008310573592046122,-0.0025846449039309324
2019-03-08,-0.0013087463891828799,-0.014051986524238558,-0.006839634210144486
2019-03-11,0.002864934087917659,0.008499703244298606,0.006024469986573022
2019-03-12,0.005892005332632566,0.013805273012173602,0.007953824020406097
2019-03-13,0.00556985940588528,0.0050887400413153205,0.004240293186395183
2019-03-14,0.0006197352927652666,0.0031729263236002225,0.0020024238767748946
2019-03-15,0.001983469143002292,0.0014419246658339269,0.0010293721067602846
2019-03-18,0.0017571892622616492,0.0036002657979292696,0.0016016667605524225
2019-03-19,0.001314633847302682,0.006961402020784879,0.0025974958887717394
2019-03-20,-0.0017345201442319214,-0.004761820456867127,-0.0007099797678816518
2019-03-21,0.0005623407876489406,-0.005386922734656019,0.000776329976941104
2019-03-22,0.006624416010697631,0.00919313824331125,0.009582364545543242
2019-03-25,-0.0022912161093393557,-0.015358978378322785,-0.007283323303603684
2019-03-26,0.0028250938829006422,0.007602226004292945,0.004208898634928948
2019-03-27,0.0030717124251142813,0.00042684213426302797,0.0025656735758393893
2019-03-28,-0.005286992256464118,-0.0027033804017780882,0.0010250608126310514
2019-03-29,0.0006146580247670119,0.007276393436431716,0.0025598545957871365
2019-04-01,0.0034597791629709107,0.00818016817405609,0.004545414865401698
2019-04-02,-0.003481717952186991,0.004706895494143382,0.00023847136838699417
2019-04-03,-0.0021864163043424645,0.004474658445698498,-0.0001109333019378325
2019-04-04,-0.002716557281134513,-0.001879203427637366,-0.0011599115335949595
2019-04-05,0.0019076486025570993,0.003975307449352483,0.002449896483231084
2019-04-08,0.005217285311760245,0.00062516513248978,0.0010545880246956684
2019-04-09,-2.0104555758071463e-05,-0.0013192254165759199,0.00046827108040337084
2019-04-10,0.00035022759940539494,0.00017402906535535223,0.0002653222276975065
2019-04-11,-0.0016507302677729596,0.0036833053869058663,0.0011156082263511279
2019-04-12,-0.0012053333353642115,0.004050667516415585,-0.0009262965624941004
2019-04-15,-0.0017072576175612975,0.0008276591563030067,0.00013860732432160463
2019-04-16,-3.602243962841367e-05,0.0024462203691868467,0.0005879912200307923
2019-04-17,-0.00449892175621569,0.0015467297691997839,-0.00031263479082301883
2019-04-18,-0.003647329667593846,-0.004461161582812956,-0.0004495080010998185
2019-04-22,-0.00158916924403385,-0.003205625804808765,-0.0030306744759486916
2019-04-23,7.641750486797605e-05,0.005221384421653541,0.0035900225824344375
2019-04-24,0.004703225314855564,0.007259161327040298,0.005986668005895934
2019-04-25,-0.0010041024496341144,-0.00228831323609735,-0.0001384887045629223
2019-04-26,0.006120476753944448,-6.835246633529746e-05,0.001546212209909359
2019-04-29,-0.0002587698488387691,0.004827083802972032,0.00047652248778411437
2019-04-30,0.00018466491648316818,-6.805748027338687e-05,-0.0009496264628431117
2019-05-01,0.00555996522734703,0.004190857581725771,0.005766650377889926
2019-05-02,-0.0090869439005139,-0.010315176631315648,-0.0062214061727075
2019-05-03,0.0033334126757436078,0.003908695219960956,0.002280439212488705
2019-05-06,-0.0012335336965894061,-0.012191843225762722,-0.005212528715389619
2019-05-07,0.0012961951513392744,0.0031118749592415895,0.0025750636408226057
2019-05-08,-0.0016603885854535871,-0.009030320135058445,-0.0034265989111408545
2019-05-09,-0.005910087975052214,-0.007999340875238348,-0.00492760445637912
2019-05-10,0.001262503453824948,0.0013673944746603883,0.00011708208802221334
2019-05-13,0.0034274664999403015,-0.011203561510783722,-0.005088752962361909
2019-05-14,0.0029819817802361204,-0.001522595411429628,-0.0005626477986031329
2019-05-15,-0.0008260443994144717,-0.0014184963387375848,0.0013797790886366902
2019-05-16,0.003257571952656857,0.015093193683775707,0.0077882605877495955
2019-05-17,-0.0017367286495304501,-0.002449100377729052,2.4720518223708948e-05
2019-05-20,0.0007780164655777355,-0.0037875578028354617,-0.0027792898922360367
2019-05-21,0.0012481557677350708,0.006230822916398315,0.002089373987722309
2019-05-22,-3.9705201741124796e-05,-0.0013295590885440411,-0.00025642085148662723
2019-05-23,0.0031522382209976385,-0.008022058207244331,-0.0012511451336209233
2019-05-24,0.004577564929944877,0.0020480245248344353,0.003340910779752537
2019-05-28,-0.0007398434605313531,-0.00229099302344693,0.0008519736237994739
2019-05-29,-0.008261594405701067,-0.01476528849214287,-0.004493618466996696
2019-05-30,-0.0032321471528081736,0.0007168707658502527,-0.0006186058111297577
2019-05-31,0.0014880229085378893,-0.010425576964537275,-0.001399600703504666
2019-06-03,0.004269318332301486,-0.003222676405981728,0.001980027659820971
2019-06-04,0.008096380482743859,0.006574482581459762,0.0023678333176077697
2019-06-05,0.0069864645989310414,0.018800638272905568,0.008631730639828606
2019-06-06,0.005648440594271609,0.003400547311487312,0.003419376214184133
2019-06-07,0.008046366148486417,0.009318677863409563,0.00809554484359043
2019-06-10,-0.0024393659725541195,0.012031028981021041,0.003849739150968334
2019-06-11,0.00012190715584114997,0.00559801801204074,0.0025630332035355254
2019-06-12,-8.662489857580447e-05,-0.008075335027755925,-0.004937196337628546
2019-06-13,0.0037329779781829497,0.0026327090961784094,0.0028372614824438537
2019-06-14,0.002443155982058798,-0.0004835822494140274,0.0006272367198736363
2019-06-17,0.0014145968933927389,0.0008986010989340265,0.0014240533334652027
2019-06-18,0.004591552534430443,0.006459235329283608,0.00798552040061722
2019-06-19,-0.005116197684105761,0.00398076130636249,-0.0002635542646372449
2019-06-20,0.014508760161291212,0.011929618307589873,0.010343067861501609
2019-06-21,0.001480820381175807,-0.0016195972839784245,-0.002175442714565423
2019-06-24,0.001976001564868879,0.00034001701084651614,-0.0008525918111482956
2019-06-25,0.0035770090561706436,-0.001801380610596759,0.0008259358202162839
2019-06-26,-0.006372866380962683,-0.006639381651104781,-0.004315045079719981
2019-06-27,-0.006892747587421644,-0.0015081939417237455,-0.002020188297783121
2019-06-28,0.004264724331634495,0.004359729266333545,0.0034321301564210318
2019-07-01,0.00210453737896632,0.014013184583649307,0.009162165834661671
2019-07-02,-0.0006548555734623429,-0.0036064783762425057,-0.002163976204434559
2019-07-03,0.01006488673299577,0.005311292774784482,0.00605325427161465
2019-07-05,-0.0031616901230244743,0.0008745356658887982,-0.002411210454401669
2019-07-08,0.0016841125491871,-0.0014456151157868913,0.0006717841375745605
2019-07-09,-0.003655934548405293,-0.004949311318646954,-0.0040820003126798895
2019-07-10,0.0045762388617152094,0.009575789278567282,0.00475088308542424
2019-07-11,0.0008796844061025322,0.0031839441136358726,-0.0012329792655326967
2019-07-12,-0.0033950622081939663,0.0017707104251547534,-0.003171918886172076
2019-07-15,0.0008933612007215874,0.004268741308127488,0.0041931021466878
2019-07-16,-0.0005002305783161631,-0.0015941580708277447,-0.0018151113941304643
2019-07-17,-0.00012076293833107599,-0.0029932412966334754,0.0009389670776914776
2019-07-18,0.0007916839963963973,-0.008540544062872968,-0.0038730689341735843
2019-07-19,0.00750074170136017,0.009589937370600099,0.0061190631988415674
2019-07-22,-0.005476000151702243,-0.008099211089377722,-0.002184423531885282
2019-07-23,-0.0012060711672970958,0.005141165640242029,0.0004575001030644897
2019-07-24,-2.8196527768753477e-05,0.000167224319602699,0.00010051175818635017
2019-07-25,-0.0015998067128054627,0.005849260440449866,0.0024457684576772998
2019-07-26,0.0013310783545716909,-0.000598547514761183,0.001012249064612636
2019-07-29,0.0034439170005686748,0.003724248721902468,0.00259914404990762
2019-07-30,-9.806708121429253e-05,-0.006525816442618293,-0.003369267255125141
2019-07-31,-0.0006930206092297109,0.0036008294543594666,0.001251138534956286
2019-08-01,-0.006280325303158252,-0.01126271185386507,-0.0008182318983304343
2019-08-02,0.0057696371317403905,-0.012600715728165457,-0.0007533563055914568
2019-08-05,0.002372635508582688,-0.019601957085753186,-0.004448703656291174
2019-08-06,-0.0063019243323366725,-0.007567065914476756,-0.004366670698089359
2019-08-07,0.011389200050337944,-0.0052815013994435,0.008987541697703372
2019-08-08,0.0012625085341431141,0.018354257938592244,0.0018553542302406356
2019-08-09,0.008520980546644186,0.01022040553031589,0.010530664746803175
2019-08-12,-0.000343235873528247,-0.008954480788446961,-0.0023871024589385385
2019-08-13,0.0018992037960583463,-0.007656540021383718,0.0013050553423772822
2019-08-14,0.002094611726755735,0.0011471549560284622,0.004443408804682214
2019-08-15,-0.003145959778257601,-0.011073746943317198,-0.0044674649558188
2019-08-16,0.0043076050301509294,0.005616123681533747,0.0036712017365253756
2019-08-19,0.002159196901485805,0.019931610468708616,0.0051398482444096946
2019-08-20,0.004683834903399298,-0.0014371980313382382,0.0039019418269881758
2019-08-21,-0.0025594186492343685,0.0024334667925951514,-8.174795261575176e-05
2019-08-22,0.000684719593075922,0.0025643563372907963,-0.00045157660597410225
2019-08-23,-0.0013961355968272748,-0.007878075087401681,-0.006060138081921007
2019-08-26,0.00023430694152448694,-0.012546335755554527,-0.0009781733546837526
2019-08-27,0.007128938148695196,0.007901910717542204,0.006825276584409412
2019-08-28,-0.0009823111488964642,-0.011742594203043466,-0.0011806656954034484
2019-08-29,0.006012355450569773,0.01950038759217465,0.00758690860656661
2019-08-30,-0.00027516698838114806,0.008570423051703191,0.0034036128478739606
2019-09-03,-0.001966398323341445,-0.012405842573704917,-0.00542414691528339
2019-09-04,0.007640575124529203,0.00884495397251328,0.0037838927650155176
2019-09-05,-0.0003763013466832055,0.012451249120922103,0.005096014629541034
2019-09-06,-0.0019206414468669886,0.004649843422750433,0.0016915169717380163
2019-09-09,-0.004540919324556136,0.0032530462797082382,-0.0019859343018158613
2019-09-10,-0.00623515698592314,-0.005950237966061311,-0.0063234367671812786
2019-09-11,-0.002869249517781336,0.0037326423919528118,-0.004593273238917828
2019-09-12,0.012086655263562118,0.009314264639048941,0.008722493582292979
2019-09-13,-0.007582570140793776,0.001759219120545552,-0.008046959734999026
2019-09-16,-0.003440050652277926,-0.00642865502215173,-0.005014142154117618
2019-09-17,0.0007719190045230029,0.0003336355931402579,0.001592676612550026
2019-09-18,0.005917613278716427,0.0018337101355214713,0.005638920373150747
2019-09-19,0.002442499619673022,0.003461091935779592,0.004449536830124767
2019-09-20,0.0013774520104936627,0.0007197722738585544,0.00045997022450525724
2019-09-23,0.002406038219895379,-0.009355559981239825,-0.0014361349800234178
2019-09-24,0.0035493814345299857,0.006251129338587624,0.004256808345018115
2019-09-25,0.0010812761180889474,-0.011522685083565243,-0.004554433117103063
2019-09-26,-0.0032764298205955056,0.005642898843689403,0.0006217085699443902
2019-09-27,-0.0010401698392810133,0.0006716834766857804,0.0005436510623768153
2019-09-30,-0.0038235183710761955,-0.006244801562714786,-0.004983805378270434
2019-10-01,-0.0015438910405538575,0.005980311193866106,0.0025374047507079832
2019-10-02,-0.0004994581339218263,-0.020958334684095803,-0.006345234314461301
2019-10-03,-0.005861264741624961,-0.012658489223029146,-0.0061452810336829035
2019-10-04,0.005997705269353171,0.011570182296238407,0.010748206119460946
2019-10-07,0.005888818312600019,0.008002953033564353,0.004278844177322227
2019-10-08,-0.002203225128773245,-0.008279881421628055,-0.003149268957801609
2019-10-09,-0.003866928636685918,-0.0009966008810095017,-0.0039445505388002065
2019-10-10,-0.002315908776372,0.0014790684079697414,-0.0032065536830977685
2019-10-11,0.0013913918664192337,0.01748035885288446,0.0045071078411210485
2019-10-14,-5.607391948803109e-05,-0.0011476844261071317,0.0007298719985540548
2019-10-15,-0.0006485135210170245,0.003953840181998958,8.232774502090444e-05
2019-10-16,-0.0011435998939294256,0.004274501185678847,-0.00036405650016631047
2019-10-17,0.002280699186394397,0.004390628953822695,0.0022906977245393807
2019-10-18,-0.0004933693963503627,-0.0033037857893943867,-0.001150868729220078
2019-10-21,0.002471930362828889,0.0024444623362287476,-0.0020809533995879374
2019-10-22,0.0032530908190389063,0.0038741005652698224,0.004662569570305442
2019-10-23,0.0004386318111182508,-0.006155006425486276,-0.0018276058140300308
2019-10-24,0.002845477221737003,0.0072974062808444096,0.003378669497375774
2019-10-25,0.0007763487025906901,-0.003888064678460146,-0.002762462595319781
2019-10-28,-0.006210647757689647,0.010676040449993485,0.0008154280910989799
2019-10-29,-0.0028083481799658916,0.00019806582024939345,0.0002350166961668343
2019-10-30,0.003966539740007713,0.0014192777017232316,0.0012877291725930996
2019-10-31,0.008145180008303887,0.0023068911790773416,0.009252411638422366
2019-11-01,0.0037961173592058195,0.0025974897484226656,0.002969465292659601
2019-11-04,-0.0009105115790526419,0.009609227416894184,0.0007631498661089253
2019-11-05,-0.009814621053427675,-0.0008446796525445333,-0.005544099932894131
2019-11-06,-0.0006476886208895971,-0.001820581466588811,0.0012397819094116527
2019-11-07,-7.291288309752009e-05,0.00501576660033165,-0.0018304434087303982
2019-11-08,-0.008294736474115938,-0.002495603326671203,-0.005017703685034337
2019-11-11,-0.0002579576243016968,-0.0012342270503865604,-5.9895147659116943e-05
2019-11-12,-0.001550091953814281,0.004326161184989186,0.0023003001935432807
2019-11-13,0.004104478533398792,-0.002720660881093684,0.002891649732197044
2019-11-14,0.006602916882013865,0.0028581377425922483,0.004609269615881662
2019-11-15,0.0006340955556389805,0.007221789480607477,0.003404228321785085
2019-11-18,0.004507372033105028,0.0016395899976211492,0.0031076867555891235
2019-11-19,0.0008105400506193128,0.0036915608913619113,0.002677941831665231
2019-11-20,0.002380524625713365,-0.004477457183291511,0.001765516892184005
2019-11-21,0.0006189810895267378,-0.0012529215685953554,-0.0015237075840993208
2019-11-22,0.0003683806730085948,0.0006431896950862548,0.0017037465358110018
2019-11-25,0.0004921100004084966,0.0028611608285189494,0.0022874473948958584
2019-11-26,0.0018038255406416237,0.004583721818588904,0.004746049427517241
2019-11-27,0.0007620581785656722,0.0038285336997327946,0.0011622582380393708
2019-11-29,0.0015640819592077637,0.0007945892012304334,0.0005337441626910078
2019-12-02,-0.004297350336502692,-0.0008576617268347686,-0.0068933018075887816
2019-12-03,0.0007002946367284935,-0.01888140767453106,-0.005827268200413793
2019-12-04,0.0015955180255455836,0.006641903041408215,0.0048421180946844
2019-12-05,0.001902403843069278,0.004924252111006888,-0.0018339428043232524
2019-12-06,2.355831232825345e-05,0.006053117210764514,0.0018143063814889168
2019-12-09,0.0024611508579608365,0.0010187840220627908,0.0033934824224867823
2019-12-10,-0.0015165069997858938,-0.0019719191787234136,-0.0006364576645476072
2019-12-11,0.0010389982028735645,0.000669245419633091,0.0007461335422364268
2019-12-12,0.002138192572203934,0.0012737586581921256,0.00044863382746340713
2019-12-13,-0.000567931221666873,0.007760255453797882,0.001581113178137982
2019-12-16,0.005514688402204371,0.007416072105363103,0.005260579745694383
2019-12-17,0.002292572430297568,0.002193318554414736,0.0007668619973737024
2019-12-18,4.184926260575317e-05,0.0002497815410102966,-0.002483846621914676
2019-12-19,-0.001528464189032519,-0.0006250767332418583,-0.0035283192212292036
2019-12-20,0.002813423834418627,0.006990401189084894,0.004576807987872434
2019-12-23,0.004364741430310071,0.0035262868862151464,0.00411348722763556
2019-12-24,-0.002755364207336908,-0.0003731895357748094,-0.0028259471084275405
2019-12-26,0.004386948550369807,0.0005602566975491108,0.003249661252378822
2019-12-27,0.002497374975573896,0.006497392726402262,0.005446733816446381
2019-12-30,-0.0022533110864439987,-0.002439982989983158,-0.00597500110414304
2019-12-31,-0.0006719287168907018,-0.007493701359492455,-0.003554197560077998
2020-01-02,0.005482891552337943,0.009390752721461837,0.007337700440469863
2020-01-03,-0.0020397644610565813,-0.007356226209216943,-8.588287890522964e-05
2020-01-06,0.004542010437117883,-0.002086129104774348,0.002856147061852021
2020-01-07,-0.001186438931650824,0.00789426673050464,0.0005272706031580468
2020-01-08,0.00040299596769122203,-0.0002474327094086348,-0.0009876080521431074
2020-01-09,-0.002662423138755754,0.009970716785195677,0.0003853848978207612
2020-01-10,0.005471467473096681,0.003464452081805236,0.0069904190948316455
2020-01-13,-0.0006243798911982346,-0.002749733956453282,-0.0010395933915881893
2020-01-14,0.0005414755546480077,0.0033088529744507156,0.002855395368036451
2020-01-15,0.004493937582501273,-0.0003665304443006834,0.0036591679193366256
2020-01-16,0.005473352770645867,0.007178866937034956,0.003561992399765668
2020-01-17,-4.2396690595802866e-05,0.00606610228977722,-0.0011857886588814374
2020-01-21,0.0019947228087973112,-0.002411818913020336,0.002128911422780866
2020-01-22,0.005641026685884176,0.004049515242563917,0.005052050786086326
2020-01-23,0.0006779792462459078,-0.004845806304901834,0.00032746460374883995
2020-01-24,0.0025211120037198498,0.005474612560981251,0.004903412249272997
2020-01-27,-0.00321183123567792,-0.02830596207599778,-0.009827444666157127
2020-01-28,0.0018312693514430656,0.0062843112948938185,0.003714861161828997
2020-01-29,0.0012250113846727917,0.01021352012143173,0.004766519959944348
2020-01-30,-0.0005592397652400827,-0.012242071843413416,-0.0032739106614199757
2020-01-31,0.005197586545641286,0.00813909557989545,0.005628899089730588
2020-02-03,-0.003546270664634421,-0.011162061257420697,-0.00663989522966657
2020-02-04,0.001225553045126171,0.014597146289021756,0.006109069468711415
2020-02-05,-0.002480650615572788,0.012802116137548225,0.0029865256721212314
2020-02-06,0.007491804474674568,0.0049358439253595066,0.002624130601682317
2020-02-07,0.001618451686954181,-0.003264468237355489,0.003780512015895754
2020-02-10,-0.0006222021713927495,-0.0047770839088099315,-0.0004256610169274034
2020-02-11,0.0035704407006034167,0.014884055521440676,0.007524627801068106
2020-02-12,-0.0010420659406203958,0.00199281915632632,-0.0021793562584565334
2020-02-13,-0.0004997225928790039,-0.0028798596738013327,-0.0015325330147363035
2020-02-14,0.0062547719987327,0.004912729890725442,0.006628531718928476
2020-02-18,0.0038685946197640764,-0.00296290588220971,-0.00017502503948814115
2020-02-19,0.0006904368114470927,0.0038035819267316917,0.0016767342480218158
2020-02-20,0.0010106661945858963,-0.00014762102765886187,0.002557477337612313
2020-02-21,0.004220724343592108,-0.006721101507045857,0.000677060555070109
2020-02-24,-0.0009677825262727202,-0.036754661157161084,-0.0138526659696381
2020-02-25,-0.006360759169018904,0.0024755872929707046,-0.00015873699890565094
2020-02-26,-0.018605785753040283,-0.030129136898023656,-0.01877000534219233
2020-02-27,-0.01005506845578752,-0.02775458870253311,-0.009316984960868102
2020-02-28,-0.035210543689305096,-0.054867869102479316,-0.028336452181324703
2020-03-02,0.004392609508590883,0.03294090195077848,0.02255972491747986
2020-03-03,0.02561984713741916,0.037858995341897295,0.01887770978120762
2020-03-04,0.004506893983914573,-0.010921027401343597,0.00020896973386923604
2020-03-05,0.00556241122433665,-0.0037241192175881954,-0.00039318817076801045
2020-03-06,-0.007387798812180102,-0.03878916620819739,0.0026159195427161407
2020-03-09,-0.01626921610763188,-0.060890476264977234,-0.008321420796555866
2020-03-10,0.004656969654052379,0.033926865956400265,-0.0007716330684337976
2020-03-11,-0.01680838489884995,-0.013841924482460688,-0.01823240183944754
2020-03-12,-0.06067736529048595,-0.08799459851106861,-0.05743910452783636
2020-03-13,0.0031982755828448006,0.027695202852555223,-0.00420115952845275
2020-03-16,-0.06030415508621123,-0.08327933747319693,-0.03608355160417302
2020-03-17,0.020083284013357128,0.016004686012604186,0.017384308894702105
2020-03-18,-0.0161889140541851,-0.03587156152762949,-0.047602366031970794
2020-03-19,-0.008071453297227693,0.012698228985644544,-0.0077962303704935745
2020-03-20,0.01135072368212553,0.019670171670230108,0.02908725594875454
2020-03-23,-0.028827572245366917,-0.059126572861978866,-0.024517208455970586
2020-03-24,0.02295529321633638,0.027301865832666916,0.025904977390997973
2020-03-25,0.018987096395980396,0.0445780367620221,0.03255156394687746
2020-03-26,0.015497046996206354,0.018989616829443445,0.012396104660776697
2020-03-27,0.017018148213774564,0.015028953425005875,0.012724778992811237
2020-03-30,0.0198215457335007,0.009594667121107792,0.012474957662525866
2020-03-31,0.010397874250553718,0.019006493653283885,0.005224471123492823
2020-04-01,-0.029536614844607012,-0.04828067487508625,-0.021669868809825285
2020-04-02,-0.0031096674828120507,-0.011250653475898265,-0.0059195378723689625
2020-04-03,0.019733967587756363,0.022716898663390328,0.012966790719435916
2020-04-06,0.016651962009744503,0.028234162672738483,0.01326212203106678
2020-04-07,0.02662494084029121,0.06348921164098531,0.033207200489704373
2020-04-08,-0.013103866536609221,-0.022792771459575478,-0.01331162676591977
2020-04-09,0.021349297152625457,0.035900435843531975,0.019529291066181995
2020-04-13,0.0028641564884994697,-0.0015847498046600572,0.0001935807648599352
2020-04-14,0.010176047866281568,0.013855868857025833,0.006104166389074317
2020-04-15,0.002127170791530242,-0.012136472179824831,-5.55007231583856e-05
2020-04-16,0.007877711366176987,0.005692543954842977,0.009315007834585698
2020-04-17,0.012966035162662815,0.022317768173106822,0.014714008284683323
2020-04-20,-0.008927403525011313,-0.009706704800450328,-0.009074736595777889
2020-04-21,-0.009183524310245272,-0.02080591004124921,-0.004195547641231022
2020-04-22,0.004193210582157159,0.005854310109159044,-0.0010474360004337768
2020-04-23,0.004240899502445883,0.00768782658135847,0.004377354752488083
2020-04-24,0.001138148189242072,0.0008558541240739626,-9.883903175378361e-05
2020-04-27,0.006506252000139989,0.015637653936780405,0.009500721128450839
2020-04-28,0.005703750515176242,0.02069308311702711,0.00979890228630711
2020-04-29,-0.002063124192666299,0.0017525966336406906,0.0033769770614135997
2020-04-30,-0.005651044044412856,0.0006172064214353679,-0.0014935462420522239
2020-05-01,-0.013608527009769111,-0.021939401395271285,-0.01558795121969776
2020-05-04,-0.0038171105304527497,-0.016017697370101946,-0.009467355373004315
2020-05-05,0.004970231563936167,0.021016181607229845,0.007859332490147208
2020-05-06,2.135625540478081e-05,0.004883659875522195,-0.002723165706143505
2020-05-07,-0.0011558235873794231,-0.0010064150588258158,0.0002046013557100324
2020-05-08,0.005415681992662069,0.011607263017864966,0.009239153911742903
2020-05-11,-0.002831604045952396,-0.00257654132327656,-0.0035644502566251736
2020-05-12,0.008469243286851391,0.011882748470766202,0.005907382350042134
2020-05-13,-0.00904924984433475,-0.026311649856730623,-0.011055232518774848
2020-05-14,-0.007885411421488464,-0.024854671278934815,-0.009509601924084031
2020-05-15,0.010668998768367244,0.012259951093819277,0.009698655166685777
2020-05-18,0.014973128710219719,0.03782297154944558,0.014684385397778764
2020-05-19,-0.005327723742308943,0.004436050762014254,-0.003183456306813382
2020-05-20,0.000375143435076275,0.004993900352009861,0.004596269402232123
2020-05-21,-2.975394838633516e-05,0.0032791097708515515,0.00611048307676283
2020-05-22,-0.00510995531562386,-0.007480056526176004,-0.004827778406752147
2020-05-26,0.01041911652651506,0.024985527830311716,0.01253869730587107
2020-05-27,-0.00820474998833487,0.0006294014926144786,-0.0018703195327681057
2020-05-28,0.010430072171407234,0.008374058136274343,0.0029850173501717587
2020-05-29,0.0015199777479373289,-0.007188535064108659,-0.0024607722645300753
2020-06-01,0.0018810507436013424,0.003835633896663637,0.0013139264494840487
2020-06-02,0.003565225875993283,0.009649651303369255,0.004728734377219056
2020-06-03,-0.0010304592451175765,0.012037258134966367,0.003535732715298767
2020-06-04,-0.0031907318491972703,0.0028044217645717406,-0.0014637886959389945
2020-06-05,-0.002705369036844818,0.019671582616094918,0.0009547191543751929
2020-06-08,0.00519405714696175,0.00942512131783535,0.006845156858267076
2020-06-09,0.011079639796675478,0.0002498544306730466,0.010416504096819247
2020-06-10,0.0007301442611169495,0.003496943049301038,0.002575718536921201
2020-06-11,-0.005475590537487474,-0.030987621331151516,-0.008519520338556408
2020-06-12,-0.011316845213224958,-0.01033856817091261,-0.008261237645353626
2020-06-15,-0.018638886864017268,-0.033155689333933536,-0.016248343136503474
2020-06-16,0.024418911723387948,0.05858657091174857,0.02421760111778406
2020-06-17,0.0011552816972415503,-0.004469308177664555,-0.0005235547878911897
2020-06-18,-0.004024106584077258,-0.012926871227467163,-0.003338548272524222
2020-06-19,0.009678319284479153,0.017878467744213422,0.008159896523452347
2020-06-22,-0.002747585062756963,-0.019671309904659262,-0.006361767148471697
2020-06-23,0.0045552870785283694,0.017857991029942344,0.006523165358262872
2020-06-24,-0.0064423097337570345,-0.011643167264093535,-0.0068620017990491
2020-06-25,-0.00733035702525453,-0.020558723003189172,-0.005698678659568657
2020-06-26,0.0038247394436576876,0.008863907270012739,0.005415774863640443
2020-06-29,-0.003574199968060743,-0.015514844304435393,-0.007847876275704269
2020-06-30,0.004662042004894396,0.008559762818646233,0.006057959973351279
2020-07-01,0.007991727372562929,0.01835616454619382,0.005617359291490098
2020-07-02,0.005695392305262947,0.015085305764222401,0.008781065503562457
2020-07-06,0.005689380659850807,0.006777951691396167,0.003157308820811133
2020-07-07,-0.0030354806146734026,-0.0031289810036477794,0.0008081027119782426
2020-07-08,0.007860160163980723,-0.002441491687327324,0.0007381478564616685
2020-07-09,-6.328561264024035e-05,0.007088072876934914,0.005080612102212756
2020-07-10,-0.000496975326162663,-0.007985009641222063,0.003201110208210501
2020-07-13,0.006121107010520266,0.018516713860549316,0.005275076296466663
2020-07-14,-0.005190201495566926,-0.021335236771596655,-0.006928143575366795
2020-07-15,0.014680189323816428,0.029077841453581277,0.012659053901062478
2020-07-16,0.0003487584585917247,-0.00812658676219491,-0.0013079531615345363
2020-07-17,0.0036752945374960433,0.006535622888314441,0.0036105982916542875
2020-07-20,0.002845454302012662,-0.0013980818059704525,-0.0002649891099456346
2020-07-21,0.004939437551839898,0.015617921835400894,0.008869666420729193
2020-07-22,0.002827092869401193,-0.005605960980456848,-0.0010684536458820393
2020-07-23,0.007538056712683039,0.0056991588496067,0.004988438798464934
2020-07-24,-0.001398452194473765,-0.016907972291027806,-0.009931693888225124
2020-07-27,0.0021858408508252936,0.002118359270142367,0.004205812002352172
2020-07-28,0.0026533001644031273,0.002487624628531915,-0.00017570635126595868
2020-07-29,0.0034650545515104714,-0.0009615584855504622,0.0006263636152276321
2020-07-30,-9.566710912567444e-06,-0.0006829894557902616,0.0019424217504211416
2020-07-31,0.0022045380591118047,0.012426183633187149,0.005351211392661969
2020-08-03,0.0026442702978373145,0.007425599795324533,0.002758579762107338
2020-08-04,0.0016371765259506343,-0.0014012894151992361,0.0029171897772055427
2020-08-05,0.011573948675390522,0.011010923419422003,0.0048035917934678984
2020-08-06,0.002128830765906198,3.0305363334148794e-05,0.0031231232746125053
2020-08-07,-0.000999871761690252,0.005430008085741234,0.003024520446532941
2020-08-10,0.0007677647126309584,0.005341159057675959,0.0007292269949638716
2020-08-11,-0.008340248158308028,0.005342130682078672,-0.003962030944111695
2020-08-12,-0.006432529083273408,-0.004185906361468539,-0.00602882349875189
2020-08-13,0.002416188734617686,0.0034880012344649103,0.0011513224456331183
2020-08-14,-0.00019272052760854752,-0.0005940722872459503,-0.003986115150355562
2020-08-17,0.0034600912355413627,0.004547950621500041,0.0031195503620284892
2020-08-18,0.007772527378574923,0.0011836963721345573,0.0016615854942138688
2020-08-19,-0.0004960959294019185,0.002097977402878648,0.0037168982021027475
2020-08-20,-0.012737793895314153,-0.010882909291257459,-0.006481488211850372
2020-08-21,0.0034605388095341194,0.007633512278337307,0.00549910875123354
2020-08-24,0.006570550368665273,0.012428734020256682,0.008784437917802146
2020-08-25,-0.002592480345864012,0.004121786006261896,-0.0022647232052746885
2020-08-26,-0.0018998476385757579,0.0035803505162053106,0.0014181014652261846
2020-08-27,0.009827517135199804,0.010877093334030752,0.008257362836336535
2020-08-28,-0.0005879064883892449,0.0026684838526520593,-0.0056578475971947656
2020-08-31,0.0007460513839927518,0.002604414072651995,0.0011421852091226812
2020-09-01,0.003496905883821899,-0.0004000737655796005,0.0006083563595630448
2020-09-02,0.0010540903339908425,0.012735443024089355,0.011968621098926357
2020-09-03,0.009101074118514019,0.0033832704086829146,0.007509657120601965
2020-09-04,-0.01693419177896971,-0.02736940454902259,-0.019655154690016708
2020-09-08,-0.011046164348060383,-0.027215085603038425,-0.016426615238687027
2020-09-09,-0.0007790076608840124,0.0024945018855950796,0.0004503110232536576
2020-09-10,0.006952938980757661,0.012649975559695825,0.003978961326903274
2020-09-11,-0.006955540347049927,-0.017552782729618244,-0.005976547969315415
2020-09-14,0.004950995291000959,0.004972742273689379,0.004151929086853423
2020-09-15,0.00569692985740855,0.010755816969862497,0.004948621877850989
2020-09-16,0.0016823131780219214,0.0011433330749954784,0.0021721688133766294
2020-09-17,-0.013881576696471276,-0.02327897934355394,-0.013675995198837176
2020-09-18,0.004085828689756266,0.009450907615595971,0.003899799089998401
2020-09-21,-0.014931301559644616,-0.02883383526862693,-0.015546114100275399
2020-09-22,-0.000839526933774537,0.00881179703201207,0.004195637897053839
2020-09-23,0.000711998446790707,0.0070913836454304935,0.003914079915572665
2020-09-24,-0.01453406101565713,-0.029253401927710865,-0.01594516773752419
2020-09-25,0.0007634509428213754,0.004234077983907847,0.002904156514834577
2020-09-28,0.01712160165766008,0.03298378608178343,0.01920893281463418
2020-09-29,0.0027733028620935407,0.0022506034108309425,0.001180572571786298
2020-09-30,-0.0011667561075155986,-0.002635035468017799,-0.0035228467505679095
2020-10-01,0.008058937759072515,0.013810081291055543,0.005062484640474051
2020-10-02,-0.006721472195238998,-0.01773813580936978,-0.007935311940258627
2020-10-05,0.0031669605203310525,0.013144498040805308,0.0013834693571186376
2020-10-06,0.006057524753098731,0.011456225550139365,0.002847562132943837
2020-10-07,-0.005547704926774699,-0.005266268037415367,-0.002582494175523342
2020-10-08,0.009451108515647899,0.013989462599066638,0.009421922771421976
2020-10-09,0.006040038243000145,0.0079043765339315,0.003617283482430178
2020-10-12,0.00620309706854294,0.011662317861863336,0.009279266551444464
2020-10-13,-0.00012260119342888398,0.007694902804395776,0.006561778182747479
2020-10-14,0.001457093353654182,-0.0043433491269407876,0.00017279472776270425
2020-10-15,-0.010195225976437627,-0.02007140614405145,-0.01029315923995293
2020-10-16,0.006653209254764203,0.015274503783879068,0.005778838370558103
2020-10-19,0.00047834395884582825,-0.0008884535316417974,-0.0034031854494612993
2020-10-20,-0.007746725039795455,-0.014885783620524617,-0.01052651473781283
2020-10-21,-0.0020831702185286627,-0.00037873332156512785,-0.0029046056697179744
2020-10-22,-0.00275613803334529,-0.0010775570658667633,-0.0019061579452486655
2020-10-23,0.004961807016012232,0.008659844253998461,0.0014561767622260462
2020-10-26,-0.0031840581336087803,-0.010984830426045367,-0.0004689337698437152
2020-10-27,-0.0014735253322200048,-0.006927211648257381,-0.0015936527872562273
2020-10-28,-0.012684967557136884,-0.02254513291103144,-0.010656246677603341
2020-10-29,-0.012502777950403998,-0.015628011830404298,-0.010987880532241888
2020-10-30,-0.0010838148159285632,0.004190911226870764,-0.001716208556649335
2020-11-02,0.007575172164846045,0.005848549367081013,0.0031075342702613805
2020-11-03,0.00877860846136902,0.01056946161757688,0.004199375012709483
2020-11-04,0.016138177308481216,0.02148663558941566,0.02249619379417043
2020-11-05,0.013061370567206687,0.024585163887621997,0.014750747374935534
2020-11-06,-0.0022795225998968327,0.001975843811373057,-0.0038130726738773825
2020-11-09,0.007545817527334853,0.04012219658274807,0.014926647590178366
2020-11-10,-0.014737534895330917,-0.028793792828523013,-0.019866636169121567
2020-11-11,0.006149448585959005,0.00823244001657697,0.005094666487861054
2020-11-12,0.00108423561017168,-0.002300948834029204,0.0035733141388065498
2020-11-13,0.00458007714893105,-0.0008718648273698948,0.0030961283642110485
2020-11-16,0.008916443839156019,0.016072464282444132,0.008052369491987444
2020-11-17,-0.003808487297441321,-0.0027980481508856903,0.0009585825171096966
2020-11-18,0.0004596530418667921,0.0026115186812354363,0.003254664057996015
2020-11-19,-0.012542337889501542,-0.014712936487861206,-0.0074979762329985935
2020-11-20,0.003562412120591496,0.005343088180784772,0.004605917873308574
2020-11-23,-0.00033551630116668285,-0.0006156053635434366,0.0003533931469773988
2020-11-24,-0.005763828907296875,0.008201087811814833,0.0028561938223449876
2020-11-25,0.00121476114847896,0.008106473228879807,0.0030139574213685627
2020-11-27,-0.002419909324901437,0.0019549998892200993,0.0020769759172327706
2020-11-30,-0.0005186189767071303,-0.0027759387652807055,-0.0006130106308403825
2020-12-01,0.006999881131390051,0.007551923391647231,0.0012361158493487956
2020-12-02,-0.0015857976006904417,-0.002051635413432784,-0.005444228534657513
2020-12-03,0.003459285210939189,0.005098276045925498,0.0032120808896173077
2020-12-04,-0.00027489666251645506,0.001745663122432406,-0.0021386144319493375
2020-12-07,0.0037928178793724676,0.004627944179143251,0.004472441451559695
2020-12-08,0.001859778456868355,-0.003522679229086556,0.001007684741307724
2020-12-09,0.003415669068158378,0.008593311536085224,0.002566605979727798
2020-12-10,-0.0055835471467968745,-0.0148565085998692,-0.007150924577759477
2020-12-11,-0.0021612015344826263,-0.0012863899379118582,0.0028149300655128775
2020-12-14,0.004042128118154187,0.010249545976816377,0.0032251780131309802
2020-12-15,-0.001180249265642086,-0.003363798610039437,-0.0012817700739201406
2020-12-16,0.0012612161509550912,0.006586921293814552,0.0009099642103710609
2020-12-17,0.00720435683889642,0.005732237037670895,0.007820373026823368
2020-12-18,0.0014151054281676956,0.0016435446197513581,-0.0015689376208661181
2020-12-21,-0.00861718712782511,-0.01617341422365859,-0.009500183653621198
2020-12-22,0.002317642308735879,0.008877191534670592,0.006242412640790595
2020-12-23,-0.002588504111938339,0.00019007424894690317,-0.0022725446090344995
2020-12-24,0.0003882669381460868,-0.0005429062621181702,0.0003893717172258394
2020-12-28,0.00640520125666999,0.009943246331462596,0.004640460845060135
2020-12-29,0.0016071775151975665,0.005568627730586417,0.003366873119856795
2020-12-30,-0.00039512119910467547,-0.003932717410875086,-0.0012597740157865853
2020-12-31,0.0018768095359706916,-0.0015039120948273643,0.0007299573831714536
2021-01-04,0.00945469218245365,0.009495000332390147,0.0036901109807442986
2021-01-05,-0.007019376695434065,-0.019210956703104243,-0.010811647212063359
2021-01-06,-0.0057522087251227205,0.004373619671404816,-0.005352996138498468
2021-01-07,0.00562301550255162,0.017283877946466353,0.005091245628672469
2021-01-08,4.024831090210235e-05,0.011938504574530384,0.006346389516218708
2021-01-11,-0.006686194723818484,-0.007199085051713738,-0.005586929580204524
2021-01-12,0.0010200545139735784,0.002752381985757335,0.0010950928641749957
2021-01-13,-0.0010802883130853758,-0.0005280204756250573,0.0019910870700120763
2021-01-14,0.003960082787887398,0.005017260058874262,0.005436846057468836
2021-01-15,-0.006584203395696098,-0.010168438695282833,-0.007123596161970825
2021-01-19,0.00381583933725671,0.00430030751471433,0.0010820742129532767
2021-01-20,0.0020235377129371734,0.007321551691114481,0.005369103310346501
2021-01-21,0.00238051681053153,0.008868662716692732,0.0038737537658047657
2021-01-22,-0.004979295213962565,-0.005826006599886857,-0.002412708250267825
2021-01-25,0.0032253414936476155,0.0037149325514367337,0.00462589790479746
2021-01-26,0.005547848791927157,0.004535128286168089,0.0036115942946990387
2021-01-27,-0.005803526176597074,-0.013466013848976943,-0.005545300220777505
2021-01-28,-0.005630666273656493,-0.010152049916552941,-0.00783084294893539
2021-01-29,-0.001613628571985215,-0.001939459242189856,-0.006326543688107455
2021-02-01,-0.002287612559611296,-0.005085074425275726,-0.0019526274837750265
2021-02-02,-0.0005158737809441982,0.0158678012795046,0.00709429809920512
2021-02-03,-0.00010463356446099858,0.007348637161159299,0.0035863877501615352
2021-02-04,-0.006708415028833903,0.0013597915945362526,-0.002560997523847686
2021-02-05,0.008171956919146961,0.013682974641096024,0.00804882565940126
2021-02-08,0.004017346361024243,0.0027561339005393037,-0.0004925437729777383
2021-02-09,0.0015040559850585389,0.000873187155608024,0.003005478605608003
2021-02-10,0.00450297929606025,0.00644273584592181,0.004026300499804769
2021-02-11,-0.0017485222676741907,-0.0022444478874236173,-0.00027480616728798864
2021-02-12,-0.008278491667381482,-0.003552669730959579,-0.007422774500446217
2021-02-16,-0.0012391090774788172,0.010542545446225127,-0.00039062075687739187
2021-02-17,-0.006609659800193568,-0.008985773189615576,-0.0033810933286636973
2021-02-18,-0.002092504387631422,-0.002125740389962383,-0.0049477339342204555
2021-02-19,0.002009092173489435,0.006365602232708323,0.002297741031520139
2021-02-22,-0.008709973379052549,-0.012778566501099653,-0.01052701026062064
2021-02-23,-0.0007238586238500488,-0.006200528640552538,-0.0079429920367468
2021-02-24,-0.005286804375763898,0.004341698061321786,-0.0035284642786250326
2021-02-25,0.0018110540244054008,0.010560988081645295,0.00682469103413883
2021-02-26,-0.005771254487103361,-0.015522246279509488,-0.00572985992668844
2021-03-01,-0.005071410022175149,0.0032263840069519656,0.0021045398440835417
2021-03-02,0.0022387744450316216,0.01097000220067823,0.005842436917007143
2021-03-03,-0.007413213433496435,-0.010338254548795667,-0.009108994187291431
2021-03-04,-0.0041977199826668254,-0.011845661648906769,-0.006389872277448848
2021-03-05,-0.004892862992746272,-0.0019936832339370048,-0.005378731838236849
2021-03-08,0.008522057380241588,0.011039515576344971,0.008534475063670133
2021-03-09,0.0066879307180454095,0.003093407020281269,0.0031236186157857834
2021-03-10,0.0033776418741851,0.009952330425281097,0.007493601403109551
2021-03-11,0.0033809294550304347,0.006517805490027451,0.0021082773050402175
2021-03-12,-0.006199884846936565,-0.0004079070420496267,-0.008206360398431634
2021-03-15,0.007028359911074311,0.005764277728060652,0.003722664139780285
2021-03-16,0.004155119488924441,0.006948471111076326,0.005722292406948881
2021-03-17,-0.004468669892484067,-0.006397057782360216,-0.009297268106585665
2021-03-18,-0.006295935393398455,-0.00012632985416938247,-0.005521691859400502
2021-03-19,0.002024180232803152,-0.008424234694282995,-0.0027442859047025034
2021-03-22,0.002634634235713751,0.0003848622589106565,0.005034014708242873
2021-03-23,0.006435127535856511,0.004820141803301148,0.005545268748831944
2021-03-24,-0.0009380500446484197,-0.002321950604622036,-1.6802409673277513e-05
2021-03-25,0.0009341480267806013,-0.012839035304530011,-0.003821842852180434
2021-03-26,0.0008626565255100971,0.012824560743842417,0.0020006139585818424
2021-03-29,0.006993704132628009,0.008876359208202622,0.006527952534768922
2021-03-30,-0.002879437038160737,5.0708217912642795e-05,-0.0044422010547784385
2021-03-31,-0.0007617759592599693,0.0023326119110171906,0.004474296466829797
2021-04-01,0.005436125332148212,0.007740244485249681,0.0058080679355862145
2021-04-05,0.0030018555896151877,0.012700637863281905,0.007620370904895823
2021-04-06,0.005602035840597264,0.005700726562622993,0.0052074451587318825
2021-04-07,0.001100161111800002,0.00044362956293553246,0.001111687577883247
2021-04-08,0.0018034123916614853,0.004901996539087072,0.0027668792793423603
2021-04-09,-0.0012851556620200322,0.0011279057953199612,0.0009968118441161522
2021-04-12,0.002555393243886872,0.006023314174096628,0.003497662058345119
2021-04-13,0.00031295372392059484,0.0016552564648790735,0.0005275240610681742
2021-04-14,0.002401512969565367,0.0031588920618457195,0.004022077432392468
2021-04-15,0.00571584009639392,0.002204470428110561,0.005553670779524378
2021-04-16,0.00960028795336254,0.008483436159170354,0.003971717453306888
2021-04-19,-0.0007465985110928219,-0.0023726827226174807,-0.002458836939787523
2021-04-20,-0.0045613478952888364,-0.005645378762653697,-0.004223385899384824
2021-04-21,0.00792291937243439,-0.005798372424930753,-0.00032974584651166393
2021-04-22,0.00408713027679064,0.010643917071992304,0.0077048186638487785
2021-04-23,-0.002926517355767211,-0.007261731375676206,-0.003271184109356895
2021-04-26,0.0017080118829611024,0.011068821872342482,0.005985834885121565
2021-04-27,-0.0037884059904571554,0.0011738634452160834,-0.0008937510343029143
2021-04-28,-0.0031581191314314916,-0.0002871606269237992,-0.0028661742045086535
2021-04-29,-0.0017845176469314383,0.0060074541525785286,0.00014276615368258262
2021-04-30,0.0015345700036619725,-0.006399728703879282,-0.0007550577252068086
2021-05-03,0.005539995061623504,0.004309986099365615,0.0037218509413506685
2021-05-04,0.0014271021334752998,-0.008010725546395592,-0.0025281297576336347
2021-05-05,-0.0013403850146636032,0.003148295633044196,0.00056993561862666
2021-05-06,7.99236557260663e-05,-0.0037135694629495397,-0.0015951635505922824
2021-05-07,0.01104354627663029,0.009763512884975789,0.008299870199951176
2021-05-10,0.0037973547775578265,0.006215957621653834,0.00044598478204429517
2021-05-11,-0.009335834416765443,-0.02224867329814939,-0.018300610973207277
2021-05-12,-0.005390785908613416,-0.00452658254993088,-0.004348236098935421
2021-05-13,-0.007397835455000612,-0.01011584814530464,-0.00823518367958298
2021-05-14,0.012287466436789574,0.015083269060753635,0.010815616289670116
2021-05-17,0.0027037828227918226,0.00527586833394289,0.004044525626144546
2021-05-18,0.0010378208436190306,0.000986788453773313,-0.0006652052804651643
2021-05-19,-0.006537114695488233,-0.0213562109828368,-0.012403134235906886
2021-05-20,0.003957407263713852,0.01199239716780287,0.00784000798359079
2021-05-21,0.010287353325574511,0.012311813775201186,0.0100192673912868
2021-05-24,0.0005845789478291508,0.0011274530383698078,0.0016356151560864341
2021-05-25,0.001918612165438871,0.0071644667366495,0.006153708553090765
2021-05-26,0.0020401764017341506,-0.003473429070799172,0.000685856421707287
2021-05-27,-0.002930371407974919,0.0031035172375228903,-0.0012611925275876072
2021-05-28,-0.0009680030481729052,0.0019040203589486548,0.0013733690181064074
2021-06-01,0.0024873236937463794,0.0038007241063091612,0.0006594744205737245
2021-06-02,-0.00500059658498786,-0.005206380724781523,-0.0010051501173078403
2021-06-03,-0.005378297602575577,-0.005994714348907415,-0.003712328891719263
2021-06-04,0.007373373616227585,0.006940443209471292,0.004193098430587527
2021-06-07,0.002768614752757692,0.004373160087111305,0.005713770302627985
2021-06-08,0.002549670450310071,0.0012305709066020576,0.0038045506331207514
2021-06-09,-0.00118420435217359,0.00016521187815365934,0.0032269728706660673
2021-06-10,-0.00026975302938048173,-0.0005196354711083373,-0.002935702206458979
2021-06-11,0.006249681250684702,0.002931675069292705,0.005962683102688349
2021-06-14,-0.005406677058665821,0.0005422817876830077,-0.0002650567035057616
2021-06-15,0.0012565727415185801,0.002332348067010992,-0.0022599125228118582
2021-06-16,-0.0008584850934997279,-0.001856997913163294,0.0005903293873032569
2021-06-17,-0.013017295809702012,-0.006970686894690492,-0.002881092670411589
2021-06-18,0.0007710066390558268,-0.007625592837716466,0.0022482811450974536
2021-06-21,-0.0012050181588529885,-0.0006952536594453385,-0.0001121418136015961
2021-06-22,0.0016910341768268111,0.009716883957188838,-0.00031980948773315844
2021-06-23,0.002937223697970115,0.0055603691999774885,0.005980607174273223
2021-06-24,0.0004925462044058637,0.004017071641679193,0.0032767621355906493
2021-06-25,0.001492310674691355,0.0023767807626910997,0.00097999081975928
2021-06-28,0.002019272905264158,0.0029820582106714344,0.0002815199881636141
2021-06-29,-0.0017603279813587225,0.001662100929080701,0.0020621736067535147
2021-06-30,0.0006377213360007072,-0.0015657768086513313,0.0022751298649007936
2021-07-01,0.004529081961746062,0.00388559775589159,0.002103308247213542
2021-07-02,0.004305033925392054,0.006528887910880021,0.004611910792985486
2021-07-06,0.005796919989753624,0.004887835812638963,0.007064870975159777
2021-07-07,0.001977269380269542,-0.00027653131204519177,0.004912250991020395
2021-07-08,0.000723093465667235,-0.01125303308499026,-0.0032009422047257984
2021-07-09,0.00021861604722417383,0.008745560285934317,-0.00015293297625671495
2021-07-12,0.0012378008902762527,0.006704996503983374,0.004622297952907939
2021-07-13,0.0010992586259244153,0.0018600692871066915,0.00038172735240320503
2021-07-14,0.0016069408184464784,0.002659058625319455,-0.0006113771068928741
2021-07-15,0.0012658188524226066,-0.005921203097545735,0.00176193170137351
2021-07-16,0.0021957581355855904,0.0027598323649615786,6.798113335948399e-06
2021-07-19,-0.0021104505749188762,-0.022522502089030172,-0.0037132586887493203
2021-07-20,0.0026471174270341624,-0.0011966938855777487,0.003468951767862039
2021-07-21,-0.0018590752601785887,0.01564545914116433,-0.002020190303481108
2021-07-22,-0.001517104543447112,0.005551258098960954,0.003141641965460495
2021-07-23,0.003338665629066817,0.006394559504669495,0.00337766002175206
2021-07-26,0.005399879077024883,0.004091378194350792,0.005320983238087962
2021-07-27,0.0004810471166525332,0.001365697253053133,0.0017052454048729349
2021-07-28,-9.32727444139525e-05,-0.0005229563855885244,-0.0020816593885241153
2021-07-29,0.004047453859922889,0.00031846778414856836,0.0004870059747441591
2021-07-30,-0.0001758179274519156,-0.004342443520761408,-0.0016643484859492075
2021-08-02,0.0011243996255887456,0.0055489233269823135,0.0046761377586908015
2021-08-03,0.00014617258115645626,-0.004314820442531286,0.0008905142306607997
2021-08-04,0.005759966020658647,0.0030563583709355413,0.0038238124065091304
2021-08-05,-0.004015518584452815,0.0010003843261487955,-0.0013534348040925796
2021-08-06,-0.006823331761330431,0.004270811392537821,-0.003911608819649094
2021-08-09,-0.003060862374888118,0.0008141516273523219,3.007831770216455e-05
2021-08-10,-0.0017615436081444003,0.00033904181932919997,-0.0015785733411921576
2021-08-11,0.0025399530404117687,0.0027337747930500367,-0.001288576571411371
2021-08-12,-0.0015654057612725092,-0.00045055887440292874,-0.0011445254434919283
2021-08-13,0.005494889060084551,0.004440612870904248,0.004690509455851854
2021-08-16,0.007195907053839878,-0.0023787756978667085,0.005001743423148253
2021-08-17,0.002779133077014162,-0.0006524831775712725,-0.0012224865119751405
2021-08-18,0.0020372678708511227,-0.002881268228544176,-0.0021857281056145263
2021-08-19,-0.007632565400621294,-0.015103103464045864,-0.004758192926211047
2021-08-20,0.006366622486239759,0.009077252621757737,0.006191667673177736
2021-08-23,0.006678438294590361,0.01119868679961944,0.005683096573181645
2021-08-24,-0.0014424709752763887,0.006312204497460394,0.002615686010422857
2021-08-25,-0.004656035497397459,0.000446450480782401,-0.0012013849253110999
2021-08-26,-0.002941395322584195,0.0009818503529723799,-0.0027349841768655736
2021-08-27,-0.00025936610318877396,-0.0033214040288961355,-0.00037067270633326364
2021-08-30,0.004183024832038029,0.008610602339329976,0.0062971048364450334
2021-08-31,0.0032390686422314463,0.002572159518964945,0.0033690451370274486
2021-09-01,0.001076374001151681,0.0009511819548433387,8.902211262062833e-06
2021-09-02,0.0020330588764156943,0.0016792998211709875,0.0009271647511455592
2021-09-03,0.0005427520006542341,-0.0029559433366138643,-0.004373620261637012
2021-09-07,-0.0027709256777641578,0.0016151158156469947,-0.0017556000612891866
2021-09-08,-0.00539077004664934,-0.0040203669523593,-0.0013256123479835399
2021-09-09,0.0030594865815234407,-0.0004212476990168579,0.0011286077429943032
2021-09-10,-0.0013077266432018897,0.0007543292913037014,0.0024233319494007866
2021-09-13,-0.0032602822638249096,-0.005320998236665875,-0.0028164290514478773
2021-09-14,0.00031999559924122956,-0.0011592462187121066,0.0011562292930895391
2021-09-15,-0.0023286140548793854,-0.007810187005168556,-0.0007325584702114526
2021-09-16,-0.0031726906787328257,0.006072463746841006,-0.00043011010287821207
2021-09-17,-0.0038384218101524814,-0.0021786271583776884,-0.002616837863236121
2021-09-20,-0.00575761100719685,-0.022565973289117913,-0.009812327234290041
2021-09-21,0.0038195207715956414,0.003794131194182926,0.00264820303849036
2021-09-22,0.00045328933923527437,-0.001099456585365699,-0.00044707517801634283
2021-09-23,-0.0015447528320187143,0.008714634284557432,0.004247255174032283
2021-09-24,-0.0034944603975066713,0.003614704881238273,-0.004691887185100097
2021-09-27,-0.0019144932067645115,0.0031032939643413915,-0.0029541868217056516
2021-09-28,-0.009939584432174797,-0.007045624868970757,-0.008965105998046364
2021-09-29,-0.00452819797929771,-0.010234492367968251,-0.0048383370579266225
2021-09-30,0.0033987603193126326,0.0019070974480672742,-0.0007894382048077464
2021-10-01,-0.0051773189773619555,-0.011558967195215653,-0.0043429178670290275
2021-10-04,-0.0015473129963240462,0.004686931957013529,0.0023152112572441207
2021-10-05,-0.001923497282982134,-0.006374113384264857,-0.004018069160235993
2021-10-06,-0.0019953365843535797,-0.002254550813015066,-0.0023761460500000943
2021-10-07,0.00867771450154975,0.021245217005949613,0.009862762434118544
2021-10-08,0.0012260376998045608,0.002486618620518577,-0.0011059016413962567
2021-10-11,-0.0048686019068777675,-0.005279097119752385,-0.0050232899871217596
2021-10-12,-0.0014767000255938578,-0.0034083619298691525,0.0008646800717501124
2021-10-13,0.002905364997403792,-0.002203643919569509,0.0042305372671896935
2021-10-14,0.0092480054809434,0.01005283277964919,0.008133808516341112
2021-10-15,0.0030669907130465024,0.012913299697890901,0.006729919103197135
2021-10-18,-0.0031381978449483983,-0.0017537594386780597,-0.001052186221501916
2021-10-19,0.002162684175986529,0.011149370554277338,0.005751428982169182
2021-10-20,0.0017808335221241034,0.004923028770853488,-0.0009448434389352834
2021-10-21,0.005625839741423055,0.0014184191097157406,0.00015303534712809432
2021-10-22,0.0033899183979864134,0.003010567123880259,0.0030651697128907694
2021-10-25,0.003913491925916723,0.002537883224585036,0.002136332265130436
2021-10-26,0.0007964032606595506,0.006427645055635756,0.006501283692701022
2021-10-27,0.004783252230037283,-0.0016402672552475739,0.003939084714862462
2021-10-28,-0.002229454731560776,-0.0021689465877512415,0.0024965520285183283
2021-10-29,-0.00210748730596777,0.0009001241562436313,-0.003032355467197201
2021-11-01,0.0033744491261589182,0.009717646330849483,0.004507930943725435
2021-11-02,0.001132252753537344,-0.00017377444730459768,0.0018165871240604537
2021-11-03,0.00021342224832099355,0.002346841494772489,0.005012070329994911
2021-11-04,0.002372044618078606,0.008801109088139025,3.936996458930517e-06
2021-11-05,0.003881211244330496,0.008423657533605411,0.01232091075784867
2021-11-08,0.003758940925881138,0.000895033210779328,0.0017220525504592745
2021-11-09,-6.5145782119913065e-06,-0.0008091029975831887,0.00445534495972364
2021-11-10,0.0035197047876440735,-0.007969102247523674,-0.004701820397216805
2021-11-11,-0.0008595332781797804,-0.0007946216589186372,-0.006629328000963964
2021-11-12,-0.0006954123548204016,-0.00019330079555857083,-0.0014897167885468132
2021-11-15,0.00011447356067439962,0.007567905227428895,0.0015408617524236938
2021-11-16,-0.0022620491978713186,-0.0031795140587393966,-0.005175631615589493
2021-11-17,-0.002541243804964566,0.003960205139987405,-0.0006986995824141309
2021-11-18,0.00013220352925635837,0.0005117194201351705,0.004235888854193304
2021-11-19,0.00047228414756550485,0.0007885180447424478,0.004829643167758091
2021-11-22,-0.005029977204464742,0.0027258367064817435,0.001147399473055488
2021-11-23,-0.004119771224777025,-0.007793850705933081,-0.008665423913754222
2021-11-24,0.00034133311771911146,-0.0024829308682600137,-0.004203350913777837
2021-11-26,0.002340787620155327,-0.007981821537176637,0.005946427647898057
2021-11-29,-0.0028652285431070013,0.0037420657825593118,0.0008475798339051099
2021-11-30,-0.0004212511145547104,-0.004460610426504252,0.004120071675304682
2021-12-01,-0.006344610493473901,-0.0007792582427124106,-0.0008839400806387233
2021-12-02,-0.0036365640909866714,-0.023633118901805528,-0.007694418986622153
2021-12-03,0.006800458937013865,0.018725121509402642,0.00796562497277211
2021-12-06,0.006849502830309495,-0.006620591968715228,0.0022777621386809166
2021-12-07,0.0035997392712230347,0.01815272620965036,0.004841594735946097
2021-12-08,0.001705727007608182,0.009237473072861935,0.00224681333818979
2021-12-09,-0.0025246323158887307,-0.0011735365374223594,-0.0037081443052965125
2021-12-10,0.004117059854349181,0.002307123004774647,0.0029379081737088255
2021-12-13,0.0029789173040652983,0.0020457351896692177,0.0024813349870214997
2021-12-14,0.000775321770059012,-0.01510021352349633,-0.009113395935015456
2021-12-15,0.0006859462125945459,0.0007125580302982382,-0.001594045146559964
2021-12-16,0.009344965621593149,0.019744663816237296,0.009995678913340899
2021-12-17,0.004419364092462796,-0.019888177493281534,-0.007657152954820878
2021-12-20,-0.011309683629481704,-0.015317873961904316,-0.008099963538996379
2021-12-21,-0.00024739467376455604,0.009087369156893343,-0.001472894889656207
2021-12-22,0.002425797751963721,0.009114471435304417,0.009762031119624304
2021-12-23,0.007991188751829359,0.012878452266665619,0.007352848523950372
2021-12-27,0.00024191028461539865,0.00706134674866421,0.001215114723189936
2021-12-28,0.00672797477575604,0.011989998856314354,0.01026550580628891
2021-12-29,-0.004586190761592057,-0.0015490029813844952,-0.00812171504320367
2021-12-30,0.005226762848675293,0.001991509927399937,0.002120603687376521
2021-12-31,0.0009575508360926133,-0.004791421114023531,-0.0013535352492698438
2022-01-03,-0.004118067374002221,0.0013875690611131475,-0.0029561610884484505
2022-01-04,-0.003471152230399399,0.006130785193442678,-0.003971182021282793
2022-01-05,0.0025860297086899298,-0.0042986617071612,-0.0011029230918266904
2022-01-06,-0.011137394112325394,-0.019427539696720952,-0.015957929840984653
2022-01-07,-0.0016473453801248983,0.00012827008856453048,0.0015917619408795326
2022-01-10,-0.002720913712940476,-0.011219201981865212,-0.010867701428945043
2022-01-11,0.003235873788228316,0.005468092740127606,0.006754219208067892
2022-01-12,0.00324064454250661,0.013670456193139557,0.011057849971667543
2022-01-13,0.0003159340296516877,0.001272234955890461,-0.0006544552857117748
2022-01-14,-0.005417147033350389,-0.023295455803607257,-0.013893394384146007
2022-01-18,-0.007919857980997813,-0.0031442407280327656,-0.008747683177973031
2022-01-19,-0.0026684373098638803,-0.0035018621858496912,-0.003321278247972015
2022-01-20,0.0015237951461646304,-0.009560726732200986,-0.0033453165899396393
2022-01-21,1.8491744577353586e-05,-0.018049550327336017,-0.005085951576146129
2022-01-24,-0.009707978372322512,-0.030366199548471418,-0.01570937816576876
2022-01-25,-0.005760079223154579,0.0023840742196712394,-0.0018683017442202134
2022-01-26,0.0022532408964295314,0.017687967942875416,0.008236881547565212
2022-01-27,-0.00323619151198129,-0.005581781988180046,-0.0029272722985004495
2022-01-28,-0.006709953124650281,-0.012732106350989314,-0.008538044269992894
2022-01-31,0.008865339537323491,0.019783595252413466,0.01212357293750852
2022-02-01,0.009506381716234635,0.021394203490950003,0.013675448655041268
2022-02-02,-0.0002825364363077121,0.010694987663137034,0.005489161121118346
2022-02-03,0.0034947011895187785,-0.009988870437986574,-0.010248385836856033
2022-02-04,-0.005139642081613549,-0.010200811367759743,-0.007800842211683467
2022-02-07,0.0017523976246212047,0.007079737676554121,0.0015591043729260342
2022-02-08,0.0002729956912077558,-0.006184412434301456,-0.0057263541140638585
2022-02-09,0.006293746833080149,0.019004668957835147,0.012878798904692524
2022-02-10,-0.007009733692029396,-0.008523344985259862,-0.008170460045048799
2022-02-11,-0.003961821086513662,-0.004276134369477269,-0.004861186905684667
2022-02-14,0.0001559285737477989,-0.021116613889534785,-0.011910194807655494
2022-02-15,-0.004746090794469748,0.00866062984185767,0.0007335587426703588
2022-02-16,-0.0009104810436757482,0.0004507596501133193,0.0013028835202225863
2022-02-17,0.004065817313205322,-0.00159947638137925,0.0005113386863179192
2022-02-18,0.00040040996541446106,-0.013289075925591476,-0.004836697009175238
2022-02-22,0.0020248163797942365,-0.012438985430649918,-0.006968886214986814
2022-02-23,-0.0020078342507139357,0.0017827223730386699,0.0010406133823519514
2022-02-24,-0.007124069175554859,-0.050016077330137576,-0.02588423986863104
2022-02-25,-0.001483353126564002,0.04522904801076422,0.02069603565834166
2022-02-28,0.011701505326449979,0.005632768674012745,0.00796829498404783
2022-03-01,0.006555298759440609,0.006967089054836562,0.010294327814618542
2022-03-02,-0.0006765276325598757,-0.0061370712786652515,-0.005164164441582918
2022-03-03,0.0049615527957525,0.018733725051453876,0.004518286116661229
2022-03-04,0.004696738406467782,-0.01979705573513646,-0.003528617858908789
2022-03-07,0.008936149638893331,-0.0004631657387579313,-0.0038115082539261548
2022-03-08,-0.0007079337830787624,-0.027644619201099396,-0.021216049590389807
2022-03-09,-0.008022455502026404,0.013154867972400952,0.0066130576875060845
2022-03-10,-0.01001340433084863,-0.0061626730532976515,-0.01023444760625114
2022-03-11,0.0016928350384313173,0.013253737367043383,0.00646891452380891
2022-03-14,-0.005795580317075721,-0.016887849785709785,-0.014986450907579685
2022-03-15,-0.0031322909990257886,-0.0026609873633195447,-0.001114267352833864
2022-03-16,0.005476284077917004,0.024108536033299766,0.011363948949912793
2022-03-17,0.004914525741620546,0.008606665376448719,0.00816810759734179
2022-03-18,0.00556798400086933,0.013309407818156815,0.007232652038564423
2022-03-21,-4.6794623335344454e-05,0.014474670932784317,0.004792548761427361
2022-03-22,0.00011184261117391792,0.003420797053333313,-0.005016433879911909
2022-03-23,0.0007566593782000197,0.002355111211390204,0.002684737639664503
2022-03-24,0.0004716198313701181,-0.002170373649004298,-0.00043643076122197306
2022-03-25,0.0036129595476681597,0.01170538464009696,0.006560437946591912
2022-03-28,0.002266796317033082,0.0019948552501769523,0.0008572298679582423
2022-03-29,0.002711813558387677,0.017608236452615778,0.014181885724170938
2022-03-30,0.0037950981438297227,0.0006957038029595797,-0.001083828285523536
2022-03-31,0.004938425099120458,-0.0053219226189084035,0.0026805197057184547
2022-04-01,-0.006088496687212563,-0.01000250655744328,-0.011368587972924282
2022-04-04,0.007071665146423545,-0.00039705360017439073,0.00566916257986454
2022-04-05,-0.004555758013642164,0.004612322101776201,-0.0007799749843282913
2022-04-06,-0.00607290849196207,-0.018298812397371633,-0.024225031345543546
2022-04-07,0.007317005991122283,-0.0029090631296548874,-0.0027576932050596527
2022-04-08,0.006665299902526733,0.005341319537134126,0.0011113664903058319
2022-04-11,0.002563540496115957,-0.008616683809536618,-0.010048499736935423
2022-04-12,-0.005586727104403666,-0.0023192126880300368,-0.0009718655847930524
2022-04-13,-0.0021254932008292204,-0.01139756460237873,-0.010063226263590509
2022-04-14,0.00239543152508781,0.012601887916788401,0.006943563845343491
2022-04-18,-0.0036659155733341775,-0.015195513569357333,-0.015596104071253248
2022-04-19,-0.008126704767714155,0.002403621590044258,-0.004249909899658589
2022-04-20,0.008538656956054602,0.020691680182635563,0.016007026080910022
2022-04-21,0.0060917783488796395,0.0036247844578363164,0.00420447110361497
2022-04-22,-0.011646926603595453,-0.025928604084437867,-0.018072942504591107
2022-04-25,-0.015806294161440415,-0.030303680813403955,-0.013818096702910475
2022-04-26,0.001303652885362716,0.00509817086375941,0.0065519511291434185
2022-04-27,-0.007934556160266504,-0.020172309604703287,-0.012919997228188462
2022-04-28,-0.0008561838531218058,0.012103326997000563,0.0013694408284314445
2022-04-29,0.0028799705387394514,0.003078521035202897,-0.0017411697232717852
2022-05-02,-0.018796193034633202,-0.027196004258774997,-0.020506274134315494
2022-05-03,-0.003567019076279321,0.007134641524165097,0.008285631206410748
2022-05-04,0.0015130925144399843,0.004987804781209082,-0.0006027633145944122
2022-05-05,0.010155545265423394,0.017910296406874915,0.005253218122705404
2022-05-06,-0.0162071822910429,-0.031680505583141505,-0.026606015720335607
2022-05-09,-0.004258582431981073,-0.014595105316019374,-0.013242908606971637
2022-05-10,0.005103245125889888,-0.0015057818375012744,0.009835590444927433
2022-05-11,-0.010286866779143256,-0.015871851289258165,-0.013492494948841926
2022-05-12,0.004059712250801484,-0.02185541001617275,-0.0016786241322333858
2022-05-13,-0.0003812115614238998,0.01885096914109674,0.007785700651824757
2022-05-16,0.002899000064769952,0.008242636571794693,0.0023126659340379162
2022-05-17,0.007151949415214354,0.016376111361363854,0.004662623673896915
2022-05-18,-0.004032152152719348,-0.007453640818442797,-0.00443723887676295
2022-05-19,-0.013068734457581499,-0.03687709413662443,-0.00845828151769463
2022-05-20,0.000835867722423389,0.011913873691206334,0.0019224888642718424
2022-05-23,0.008560643122098144,-0.0010681599919989404,0.0014770443068145458
2022-05-24,0.0030707856459601945,-0.0006873523589749908,0.00023326852875342762
2022-05-25,0.010549500594910555,-0.0006367780465410533,0.005419437723843502
2022-05-26,0.0028796245800906117,0.016211711763679304,0.007753928248885699
2022-05-27,0.00419549163586197,0.0231770732716452,0.015048901572953
2022-05-31,4.4342820900045155e-05,0.013826406986716,0.000990241529135981
2022-06-01,-0.0013251944616714528,0.00391742294907127,0.002549210841602356
2022-06-02,-0.004203057603463178,-0.01384963814447493,-0.009677055766644727
2022-06-03,-0.0013005822069774853,0.007278433292591924,-0.0009146034698817923
2022-06-06,0.002128119363824954,0.005771169030180046,0.0036712134031678277
2022-06-07,-0.00872955816669252,-0.016104870546434835,-0.01153866404641799
2022-06-08,0.007145246504543179,0.014285706257447073,0.008815647168347018
2022-06-09,-0.008579940362898775,-0.01108886247578178,-0.009583056959050373
2022-06-10,-0.019605678866912224,-0.035325102307258605,-0.019368010048181783
2022-06-13,-0.013771819534553642,-0.03806228265463296,-0.03287575145729445
2022-06-14,-0.013410044840897806,-0.00789791286156205,-0.008182941692716984
2022-06-15,-0.005298476426957466,0.0013533675557280134,-0.0007804625982549498
2022-06-16,-0.013278198396213026,-0.01815224048222519,-0.016850088068990132
2022-06-17,0.00856233989739641,-0.009233520224449565,0.007590376279590539
2022-06-21,-0.0023430380476656687,0.017454929751991255,0.003616405002938139
2022-06-22,0.010544457922978312,-0.003414888697919949,0.007397950413528687
2022-06-23,0.013534713861947045,0.016242873192550578,0.014040763399877186
2022-06-24,0.011784086619646139,0.012638255716922009,0.006037563116726429
2022-06-27,0.0026137593853043928,0.02530118147284477,0.007283727127493032
2022-06-28,0.0032156826649056836,-0.0020966617646057673,-0.0010062550006080917
2022-06-29,-0.004617870362405019,-0.023063392094255897,-0.00992041713783045
2022-06-30,0.0016148079552378292,-0.013089204063996163,0.0009738392474947025
2022-07-01,0.005839397551692382,0.0008504238744708736,0.004931118238944343
2022-07-05,0.006847336146216687,-0.0018057269960863875,0.0023333016503902073
2022-07-06,-0.006149591383185715,0.01657434943441416,0.011655624844880653
2022-07-07,-0.0036339047366985566,0.007877361219361445,-0.003076647018609658
2022-07-08,-0.0032875888955525845,0.005582804887299231,-0.0022107161553933
2022-07-11,-0.0018735346575555756,-0.003666756418256978,-0.0011779714369186452
2022-07-12,0.0032407383651167354,-0.005701827499486778,0.0026251022254133675
2022-07-13,-0.011665569051250047,-0.022285826009893928,-0.019396941576258264
2022-07-14,-0.005053341465458661,-0.003972427629768682,0.002222334800550674
2022-07-15,0.0136107069680238,0.023928766290186365,0.016998894038490732
2022-07-18,0.0017702122442611046,0.015239883021441525,0.0071066189275317704
2022-07-19,-0.005375979649537954,-0.005922051283160479,-0.00473313574204075
2022-07-20,0.0032481138009352595,0.016550994321563595,0.011914662883026273
2022-07-21,-0.007762713440997215,0.004306141340970404,0.0015791402920833698
2022-07-22,0.014256059451833059,0.012076535092367502,0.018010764504729382
2022-07-25,-0.001755638758667133,-0.007946814968519789,-0.010110880605524031
2022-07-26,0.0061991033957002895,-0.004826229582954644,0.004473014284480704
2022-07-27,5.864149668388663e-05,0.0013204129125652386,-0.0020683136764212406
2022-07-28,0.012355835377078517,0.01909420646532367,0.01159208563545948
2022-07-29,0.004040699859143793,0.014158089957792663,0.007308897192954732
2022-08-01,0.0038191120640596044,0.003851815609850595,0.0049104501900111945
2022-08-02,0.008530481160412995,-7.320192599313824e-05,0.006383233178669179
2022-08-03,-0.009149771187803357,0.002884166759907103,-0.008190427580347225
2022-08-04,0.00768276491540365,0.009919931031866058,0.012130920776648992
2022-08-05,-0.008628921027787784,-0.011366944308838334,-0.013241403804638919
2022-08-08,0.006646323044185776,0.013645614639486325,0.010134917273799981
2022-08-09,0.0008603513558054221,-0.0072968874471334155,-0.004072049837773117
2022-08-10,0.004983601549541916,0.01591395347654334,0.009548404602820425
2022-08-11,-0.0016027156926811115,0.010052990752542623,0.0031098396935040017
2022-08-12,-0.0029134940872264092,-0.0022696008245134403,-0.007419811593538906
2022-08-15,0.005203641371542389,0.006492333116249194,0.008169848783838817
2022-08-16,0.0024528452405847556,0.006968597396904919,0.00046776392958531796
2022-08-17,-0.0008586599478285217,-0.004255085140664194,-0.003212535481673573
2022-08-18,-0.00033399411393220113,0.0022304381660682715,0.0010253490363193228
2022-08-19,-0.004333327784492358,-0.004404020667225006,-0.008696114662912868
2022-08-22,-0.005202141550376127,-0.018659821424294454,-0.012502967719086499
2022-08-23,-0.00739875339230589,-0.009950870061142925,-0.008345212274943736
2022-08-24,-0.0032573150026949937,-0.0019134092089974075,-0.0036438019692699884
2022-08-25,0.004078715627081619,0.007595258940518601,0.003947281264432689
2022-08-26,0.003921275284946457,0.009994005427344632,0.009517781992861442
2022-08-29,-0.01755666779069187,-0.040987972870260125,-0.022313130855589967
2022-08-30,0.002037723557753335,0.004102380607821754,0.0013281249109348356
2022-08-31,-0.008050714682083515,-0.009706589946128608,-0.005575506112649053
2022-09-01,-0.013210087337550025,-0.017602985619955103,-0.01974708285027464
2022-09-02,0.013466169598811417,0.018809415155455644,0.010593866402565898
2022-09-06,-0.010408654553437091,-0.01786267434794997,-0.013562241765107163
2022-09-07,-0.003243795493790169,-0.006867955278089921,-0.00625110088955716
2022-09-08,0.011735865999948025,0.01270399370325781,0.009542592668782523
2022-09-09,0.006805845086517159,0.018589115431301373,0.00927918299005177
2022-09-12,0.0060038430601936366,0.014997402041404984,0.010106162350257318
2022-09-13,-0.011352565965952022,-0.017001824459030423,-0.017823386581146038
2022-09-14,-0.008814255645312463,-0.018316305629173413,-0.008061817244219614
2022-09-15,-0.0020138076341517097,-0.0038277009291334263,-0.00039598191923499986
2022-09-16,-0.010963598034119393,-0.0184295273580527,-0.014099093864631462
2022-09-19,-0.0012885929694469445,-0.004894096261636727,-0.003198027273816284
2022-09-20,-0.0005806532007482934,0.0073249051533148535,-0.00035444387196723656
2022-09-21,0.004033628796870303,0.0027269282687032437,0.005458676478444957
2022-09-22,-0.011702743061285603,-0.024682164301050302,-0.018220782247567756
2022-09-23,-0.007632553710967049,-0.015933039645446567,-0.011261347511686615
2022-09-26,-0.00558456396563578,-0.011252345309999745,-0.006675493884367922
2022-09-27,-0.007109929430494155,0.004394006643188897,-0.007424348544972493
2022-09-28,-0.0030591717806348617,-0.009890927245264525,-0.004298870541461763
2022-09-29,0.0020660228029882877,0.006668889097990016,0.003109224958558743
2022-09-30,-0.005690798455365131,-0.01365826169260309,-0.0028693167748730097
2022-10-03,-0.004042541050918058,-0.001990069249761639,-0.0018541424645687865
2022-10-04,0.017401679901843492,0.03135036259284507,0.01996569690735872
2022-10-05,0.000464457460767953,0.002658431818271856,-0.0038585737183748584
2022-10-06,-0.0017115531255484928,0.005972127602000388,0.003038083113277201
2022-10-07,-0.016348077071295597,-0.017703863888797522,-0.017562498811924045
2022-10-10,-0.011348045547539876,-0.013578252500692445,-0.009377002842099504
2022-10-11,-0.005411146937523537,-0.015716207331455512,-0.012454602736486041
2022-10-12,0.0042777965631102255,-0.0001953005304266009,-0.0019620636711905393
2022-10-13,-0.0203703324914154,-0.0250161484366479,-0.018716380042928926
2022-10-14,0.030055705940877475,0.055382098761449505,0.04067146776836008
2022-10-17,-0.006956478818498146,-0.012318254235888837,-0.010984172994596086
2022-10-18,0.009092442929410582,0.030548512129471073,0.012930862793206009
2022-10-19,-0.009150253202115932,-0.016367597818107482,-0.01292427575951507
2022-10-20,-0.0029886358356970844,-0.002601837978380539,-0.0067468576805950866
2022-10-21,-0.014141036534210949,-0.007906840745962151,-0.016877796622726527
2022-10-24,0.01597111987304789,0.029497170887046398,0.016838084016318165
2022-10-25,0.009404415960412527,0.007714932012956144,0.01221354123137779
2022-10-26,0.012863367736913212,0.007471170671832894,0.009515555674845189
2022-10-27,0.007028846230086039,0.0037996254779328886,0.007333562759769929
2022-10-28,-0.002029736677539362,-0.008353625927608577,-0.00550720264993203
2022-10-31,0.0051311028065053055,0.017295393519861646,0.008312382336467828
2022-11-01,0.008095947161679495,0.009574578138136669,0.010973937960211533
2022-11-02,-0.004254996305115277,-0.015994206971476244,-0.01152708049943163
2022-11-03,-0.020844529884691654,-0.03237821097099203,-0.026608767056625827
2022-11-04,0.0171149845318741,0.014886684170532405,0.00863782411199696
2022-11-07,0.0011887874220180006,0.0018834072184847894,-0.00013188398559886854
2022-11-08,-0.0010658775836950296,0.00900144035953998,0.0011814010491501652
2022-11-09,0.0037068298720126514,-0.003096131726505136,-0.0017722390495545025
2022-11-10,0.01753888553114691,0.021372278290104463,0.025230038117981524
2022-11-11,0.009880670685679993,0.019430556534384413,0.015131953537206533
2022-11-14,-0.0024077902224806103,0.002704928065603296,0.0030166770568680777
2022-11-15,0.003815097147627844,0.011319460883791876,0.00818077121551184
2022-11-16,0.002492305219279345,-0.010893685490863225,0.0006698869142519387
2022-11-17,-0.00669935439187086,-0.01592832421309265,-0.008837153463247448
2022-11-18,0.00623575809987309,0.018644649243294564,0.012783634212806705
2022-11-21,0.001112029640683465,-0.007793820424831455,-0.004318456885817511
2022-11-22,0.007118338034469263,0.005042568159801641,0.002866558617601322
2022-11-23,0.003382692393623321,0.0073618526987755395,0.010338745934209203
2022-11-25,0.007767060601427067,0.0057063985416574425,0.0052644146278840506
2022-11-28,-0.0017555467673582292,-0.0068187782452309165,-0.0001930520563875322
2022-11-29,-0.00567046902920465,-0.007617350352848162,-0.01020690033947267
2022-11-30,0.0005769373758752749,-0.0014138929768483521,-0.0029236944086963755
2022-12-01,0.022647557320821576,0.03357860014460612,0.02713626097959323
2022-12-02,-0.00638644982445713,-0.015950203571056476,-0.0012326827122927549
2022-12-05,0.0030705918570559376,0.00422626580988994,0.004586953699834018
2022-12-06,-0.004688948211849953,-0.011214436285495344,-0.004234320339301645
2022-12-07,0.0019457649748684247,-0.01622345912472911,-0.002710594039124524
2022-12-08,0.0040768500636994,0.0055989923803891894,0.004577378000136756
2022-12-09,-0.0011674860183024105,-0.0005063558208417973,-0.003100401266316455
2022-12-12,-0.003363708340540006,-0.0021014616282181153,-0.0015573475598748441
2022-12-13,0.021543383082072154,0.04087678529191274,0.028902100144689857
2022-12-14,-0.007739226149285794,-0.020988622881591867,-0.017655563038091328
2022-12-15,-0.00769263727620817,-0.0182017558302201,-0.007234700942268012
2022-12-16,-0.012227944177238048,-0.018643782090156047,-0.017792018420470845
2022-12-19,-0.0029423719793764125,-0.004439550212504972,-0.005553035795205297
2022-12-20,-0.004289945005652718,-0.011057063870427264,-0.01589445841591495
2022-12-21,0.008645348609311876,0.010600655775467205,0.00988148649549454
2022-12-22,-0.0010820648254540322,-0.0005220179558862448,-0.002691160368111323
2022-12-23,-0.004399709716942479,-0.008876218762362442,-0.009531365813178528
2022-12-27,0.003285756528733197,0.008270932135077125,-0.0031872514147297977
2022-12-28,0.003162269365063919,-0.0038141817644072873,-0.0016515884105319676
2022-12-29,-0.007007234425057907,-0.004457985862602598,-0.005814376511060493
2022-12-30,0.0016719377218687992,0.002660514044628526,0.001636353277340552
2023-01-03,0.006051828627778422,0.009799108679892976,0.015211667222423264
2023-01-04,0.0006350089443403206,-0.003095847148944064,0.0021346822405847064
2023-01-05,-0.005956993108276354,-0.003810226769959013,-0.007517775901606805
2023-01-06,0.006128720513026709,0.0023314708959132346,0.004657872935463736
2023-01-09,0.01286256217532622,0.020281838932822316,0.01882942854437153
2023-01-10,-0.0038558071404269922,-0.007992454987541087,-0.00433580268435565
2023-01-11,0.0037391056494282537,0.01285986811191453,0.009399597503614032
2023-01-12,0.005062587150385545,0.011319954485990102,0.010031011930624167
2023-01-13,-0.0012069360487324543,-0.007689003986693921,0.0002251155365485596
2023-01-17,0.002427099186619097,0.012347008664994608,0.0020671888847635152
2023-01-18,0.005616136470216526,0.0013298946311848248,0.011359177018772116
2023-01-19,-0.016910255431021426,-0.024184707917634496,-0.015838404156315766
2023-01-20,-0.0015410617213182931,0.0019005589980976012,-0.003077950896350945
2023-01-23,0.0006334282777129552,0.016969911510691826,0.004983592001810021
2023-01-24,0.0024539320318828217,0.005444593751727345,0.005350630118078792
2023-01-25,-0.0017402538753178431,-0.007345597838977036,0.0003043451279949542
2023-01-26,0.004144710228892734,0.018133802844963576,0.01002339440547515
2023-01-27,-0.00167869674182608,0.0013145837946593186,-0.002757891803773083
2023-01-30,-0.0033071106062051436,-0.002130507513103508,-0.0002612904672850912
2023-01-31,-0.00032894294936036683,-0.004146095503111846,-0.0005338889036153645
2023-02-01,0.00624527489267912,0.010171481322847287,0.009268688377363832
2023-02-02,0.003903331870734883,0.023814887956771447,0.019384210304727298
2023-02-03,-0.012918686225091403,-0.007882210395954048,-0.012624968121059753
2023-02-06,-0.00856479043660252,-0.004373219421484831,-0.006445157265481627
2023-02-07,-0.0016596855959610801,-0.002245297386801459,-0.002935931880237908
2023-02-08,0.0028865663701784783,0.01041902649988069,0.005150109149558534
2023-02-09,0.002142365188457118,0.0030983300040636763,0.007304482615670249
2023-02-10,-0.011421167839718804,-0.020631723789484746,-0.02015574444377781
2023-02-13,0.006097734682749989,0.00704678145408244,0.0015843148709469008
2023-02-14,0.003341845317753389,0.0061655537126503734,0.005589169575912889
2023-02-15,-0.008338423856316779,-0.0021641632074246298,-0.0037936841187944607
2023-02-16,-0.005983124111626492,-0.003801687169499357,-0.007998020820572882
2023-02-17,-0.004565584851556115,-0.006678243645510951,-0.007808189426532696
2023-02-21,0.003212128409182835,-0.007387980313964038,-0.004788950954801984
2023-02-22,-0.003215858910721625,-0.00878299656974002,-0.005348943636331494
2023-02-23,-4.398687800888368e-05,0.005106373916437423,0.005242238433725887
2023-02-24,-0.009087030490955161,-0.015290359864338465,-0.009568093242491148
2023-02-27,0.005331109251964561,0.011253688968596354,0.006160672416894819
2023-02-28,-0.007096492986448433,-0.006602170623747905,-0.006804609947507135
2023-03-01,-0.004454461117753938,-0.004581690746370826,-0.000766644268590144
2023-03-02,-0.006008711845022496,-0.006904203608866344,-0.011125288668369461
2023-03-03,0.014065226462247393,0.017902604248981158,0.01829263745185412
2023-03-06,0.008290553639732412,0.013359787489301,0.013128197203710324
2023-03-07,-0.0015206621221884875,-0.00155533115378359,-0.003907197710393873
2023-03-08,-0.009707022206354887,-0.014910391465669082,-0.005240243648974573
2023-03-09,0.003045608025171065,0.0033885965981714783,-0.0012872807994298795
2023-03-10,0.00044028274106477916,-0.02188909213359247,-0.003364811658069943
2023-03-13,0.003710962236199933,-0.02347893276220392,0.0019464072946948421
2023-03-14,0.00447083266538284,0.022759869027175528,0.00234366410365938
2023-03-15,0.0019302931164435488,-0.011805074845342767,-0.0008437434935832707
2023-03-16,0.003905552253213873,0.002409832205286788,0.003693480875591293
2023-03-17,0.006189665337738681,0.020424834435539108,0.009535691246234677
2023-03-20,0.00016467249328289135,-0.00615419741171086,-0.002829906365882739
2023-03-21,0.004088390374030082,0.016478906431237395,0.0031507554718293463
2023-03-22,-0.0061412946928649514,0.0037510547953185647,0.0006519384205890596
2023-03-23,-0.0026601437243405357,-0.009129259188362715,-0.0028022376313094895
2023-03-24,-0.0014075030677375144,-0.00822593265735061,0.0016323873675225817
2023-03-27,0.006855152704677625,0.016027131675979023,0.0019965096087087176
2023-03-28,-0.0005121188716318281,-0.005902887474934504,-0.006626085834830731
2023-03-29,0.004754803308939737,0.01051124394026104,0.004234596267808088
2023-03-30,0.005823331351428429,0.010401770280789702,0.009172543505877062
2023-03-31,0.005588304588941551,0.0014106760640659743,0.00425449929563273
2023-04-03,0.006809145658768667,0.010354260695473183,0.009244073143571363
2023-04-04,0.0029351346257520117,0.006775088308250021,0.0036873231181182575
2023-04-05,0.008921505588154854,-0.009013107104055451,0.0021171537992221495
2023-04-06,0.00835176090658818,-0.002794772290602765,0.0007358384042983172
2023-04-10,-0.0062089493872125034,-0.0003933071173392033,-0.0031137287842093464
2023-04-11,0.0025549952930783437,0.00897659741331469,0.0031933152846618904
2023-04-12,0.004235429559775961,0.00392431127113424,0.002354652818167402
2023-04-13,-0.0002983280603663374,-0.00653105406314991,-0.003918642760185764
2023-04-14,-0.0032840121598515237,0.00887137164013918,-0.000879813129648444
2023-04-17,-0.005883807023616128,-0.0010659027337084348,-0.004321208746755701
2023-04-18,-0.000975571378606821,0.0077841914058989214,0.002333816775655739
2023-04-19,-0.001861382126481681,-0.008085005947989554,-0.004465592034158128
2023-04-20,0.0028208814000316718,-0.0024501597638905137,0.0020713351292775744
2023-04-21,0.004709744895453616,0.0023832143362381153,0.0032234273666555957
2023-04-24,-0.002925914245118233,-0.0004850834323092412,-0.0015826373669605375
2023-04-25,0.005593499907640798,-0.003422671370042374,0.003167371505487738
2023-04-26,-0.002984030275711147,-0.009401172111063394,-0.003910184781345771
2023-04-27,-0.010053164044098173,0.0006884924674601667,-0.005542636911196208
2023-04-28,0.006619215868211681,0.01103173277375702,0.010459377681558158
2023-05-01,0.002948694485866543,0.009672303138415161,0.003263891060494783
2023-05-02,-0.0037353592619631115,-0.0016850247383837225,-0.00583676094869432
2023-05-03,0.001874883230008395,-0.008221303646491207,0.0027595528725367973
2023-05-04,-0.004312033258525694,-0.010769116339823581,-0.009404964405857807
2023-05-05,-0.002103752931347347,0.004865868035857535,-0.0003877506918112065
2023-05-08,0.0031431398700014768,0.009928780940123838,0.0027756461439797596
2023-05-09,-0.0030914088350556534,-0.004455578522178705,-0.002750648674238043
2023-05-10,0.0029524009331072243,0.006688740829255746,0.004670308909884646
2023-05-11,-0.0004042723648193247,-0.004663117201680889,0.0034912796062620995
2023-05-12,-0.0008297677622849386,0.003568436183868373,0.0011914352651432036
2023-05-15,-0.0025370956165410297,-0.002902596659701606,-0.00806231254341352
2023-05-16,-0.00717405180098607,-0.0008733864082601794,-0.004354181282127412
2023-05-17,-0.006188077161031091,0.0011896405707709778,0.0033700074801996664
2023-05-18,-0.007134833086737125,0.006184202737374855,0.00029573500033617216
2023-05-19,0.0017973540270377342,0.01270175527166173,0.00394194029594952
2023-05-22,0.00013786598007015094,-0.0036413536674133606,-0.0022243260915608687
2023-05-23,-0.0056069708250959804,-0.0037263823455188083,-0.005475304755316457
2023-05-24,0.0006742506656229885,-0.01117301428208839,-0.0033183892667459905
2023-05-25,-0.010881025324640525,0.005625476930580575,0.0010846079007895693
2023-05-26,-0.004198628104538971,0.0014225953384630063,-0.0014502456908798591
2023-05-30,-8.825486871211208e-05,0.016131845632936903,0.014792900188857195
2023-05-31,-0.001110508780156838,-0.008885717616210154,-0.0030040728054913086
2023-06-01,0.0074585167017946485,-0.0004543447278374524,0.005863371495588799
2023-06-02,0.0025345901041959884,0.015331799572853688,0.0081145854392886
2023-06-05,0.0030468250389805718,0.008904424849517145,-0.001065088053316599
2023-06-06,0.0015874641433410996,-0.0037589971249712972,-0.0003214428690309079
2023-06-07,-0.0028323306916233637,0.004148186394628883,0.003784994321791313
2023-06-08,0.0019460114656491,-0.004247872336450742,-0.007638244823896168
2023-06-09,0.0037014019827978917,0.007828954190476134,0.007592216507129601
2023-06-12,-0.0009190384836265109,0.0022327625827451847,0.003859277381192694
2023-06-13,0.00023422097644942852,0.010210791304345879,0.0056179048679033
2023-06-14,0.0024274548423071085,0.0038820973648312496,0.0004488898764980042
2023-06-15,-0.000655791895982194,-0.0015560220508425981,0.004576527379554341
2023-06-16,0.00841317836762201,0.019104038028060932,0.009171936116496492
2023-06-20,-0.004750197921704391,-0.012572887613425121,-0.004927571742583558
2023-06-21,-0.00505764249449836,-0.0029487660377893743,-0.0029331239201030534
2023-06-22,0.003915174206065686,-0.005066956922364807,-0.0030791869266188375
2023-06-23,0.002021393116326875,-0.002350492683645178,0.002597620022686065
2023-06-26,-0.005061154853245653,-0.0007161110395624837,-0.0012387125528707577
2023-06-27,0.0017008288262372329,-0.0006239756714100375,-0.0004901992571830993
2023-06-28,-0.002625878703490847,0.0062447490751937895,0.003051821896936158
2023-06-29,-0.008045370218822567,0.002091744144688379,-0.003541345517298078
2023-06-30,0.008168255759959608,0.012570082122860926,0.0071113714123063766
2023-07-03,0.005861724713722483,0.003352697396220128,0.006160029084018203
2023-07-05,-0.00035029037028266874,-0.002280474814073563,-0.0050634225248922474
2023-07-06,-0.007666770353310981,-0.005634511182662005,-0.01001519825330488
2023-07-07,-0.005484501950723142,-0.0017979211885187363,-0.005150611005040351
2023-07-10,-0.0016474380344607686,-0.0010258719855706921,-0.0019062009501813028
2023-07-11,0.004998964888420998,0.005180523558785621,0.005981098867304847
2023-07-12,0.008456063250871892,0.013486173467866847,0.010220874940319513
2023-07-13,0.004856367297128239,0.003382704691663907,0.006864851877328881
2023-07-14,0.0011546319449216025,0.005760122526986322,0.0050747997038064875
2023-07-17,-0.0035430600615905528,-0.0029966578582636405,-0.0037247951289958612
2023-07-18,0.0014250113583029744,0.0030503186982877573,0.004082508398992869
2023-07-19,0.004284943332479418,0.010010904704476298,0.006792297408259129
2023-07-20,0.006324842086474991,-0.001845926891949068,-0.0002446901122027167
2023-07-21,0.005197061581849294,-0.00046243029360559795,-0.0005123623876545303
2023-07-24,0.0046035930723038465,-0.0012996776917484354,-0.001445293206852849
2023-07-25,-0.003916728467695418,0.00121325799488603,-0.0038215772149373436
2023-07-26,0.0025393529563937367,0.0012115862109098874,0.004098959920369749
2023-07-27,0.00013458887846695688,0.010011605638395649,0.0021910865999430922
2023-07-28,-0.0064219113199737166,-0.006840628446795449,-0.009307424693268462
2023-07-31,0.0016668643620652013,0.003356107593804003,0.0030196688601945797
2023-08-01,-0.005365533221178831,-0.0024924206969827445,-0.0036532992304032065
2023-08-02,-0.008655244374397353,-0.006618699051107568,-0.011255769434732811
2023-08-03,-0.004616080840802783,-0.011494585640747457,-0.014522438356058643
2023-08-04,-0.0007683623839248588,0.005981371439698124,0.003420739616563661
2023-08-07,-0.001346092447724545,-0.0044594697538544725,0.0013599240721162702
2023-08-08,0.001412962328937617,-0.0014040991371349065,0.002279093929149756
2023-08-09,0.002575728011942946,0.002120200720133303,0.0013546085695429698
2023-08-10,0.002456855518154333,-0.0018706868146931566,-0.0004618101853318899
2023-08-11,-0.006718955366735946,-0.009415737963813786,-0.012821656503457658
2023-08-14,0.002338540166563874,0.0016444002591564644,0.0006088908540269333
2023-08-15,-0.005038034756020715,0.0035303562915363074,0.00039561689588842844
2023-08-16,-0.004506016689274306,-0.008537332595722424,-0.007316374377501033
2023-08-17,-0.00413968873608761,-0.0029382224643637045,-0.0050722131675179135
2023-08-18,-0.005358588424629995,-0.017657967441413347,-0.01089425566054134
2023-08-21,0.0013943460961582943,0.009645372438206401,0.0024905470347094108
2023-08-22,-0.002737812698590858,0.008296090629830388,0.004891402279612622
2023-08-23,0.005744046715231654,-0.0043744612188483245,0.00454291571365042
2023-08-24,0.0006049151181282131,0.012384684528129242,0.01095145982827921
2023-08-25,-0.0015039058675329064,-0.013515105646168535,-0.010085355946486163
2023-08-28,0.006167845604310385,0.008115188236230031,0.009052513207867863
2023-08-29,-6.147131364619973e-05,0.0009272602794667684,-0.0022873717925247397
2023-08-30,0.008318993886933246,0.015497568048519428,0.014310714956439475
2023-08-31,0.00014409917507074432,0.004760503529947613,0.004436962692774582
2023-09-01,-0.0014939877316084704,0.0033655887844841192,0.00014388428694922517
2023-09-05,-0.008199925657995877,-0.00538413185554909,-0.009577097041971138
2023-09-06,-0.007351710692547031,-0.005169526645037559,-0.003907782394466785
2023-09-07,0.0015730905078170654,-0.011797330566374331,-0.007461097299426234
2023-09-08,0.0019355103815472674,0.004039445555330978,0.004040713574418398
2023-09-11,0.001878098332187772,0.0075072673539169354,0.001622446896084905
2023-09-12,0.00036703155296402556,-0.002877995919619014,-0.0009157227976355209
2023-09-13,0.0006167836932733373,-0.0016331442755569414,-0.0008520408646638832
2023-09-14,0.003916916698613715,0.006386898664818341,0.003917319697114374
2023-09-15,0.001456422309498162,-0.0007854977853104517,-0.0025151590582108917
2023-09-18,-0.002117318587832928,-0.009147004752135257,-0.008098979948050223
2023-09-19,-0.00035810660112411963,-0.0008351859691216879,0.0004897740832599196
2023-09-20,-3.347182479385147e-05,0.0030044710039809353,0.0027050812144402414
2023-09-21,-0.009448829666519498,-0.01871589053244893,-0.01980499951573602
2023-09-22,-0.006245300327546999,-0.007459265077542798,-0.00657872596437874
2023-09-25,-0.006524129420938607,-0.007584576295636247,-0.009616281225406299
2023-09-26,-0.0021720712199995162,-0.00018657505002739327,-0.001137965853634304
2023-09-27,-0.0016167665005729637,-0.004660856347952547,-0.002304501984000118
2023-09-28,-0.007250835172768699,-0.0037696980275835346,-0.010839021105369828
2023-09-29,0.007266976623470978,0.014548324222183329,0.016261567213039552
2023-10-02,-0.01453485373560992,-0.011698746332152066,-0.012270284174150792
2023-10-03,-0.009940276861925557,-0.003656744471897566,-0.009071633258224975
2023-10-04,-0.004048392941731205,-0.0070341814923708945,-0.006723137205034791
2023-10-05,-0.0009991231688925017,0.0054255772838816,0.004841032190185013
2023-10-06,-0.007941335582635989,-0.005631900436900872,-0.012251552008923049
2023-10-09,0.01163711247170296,0.013294602692234925,0.014152549532626058
2023-10-10,0.007666592748139189,0.012535717940614699,0.009158835251119601
2023-10-11,0.008384511147259577,0.006236383186017269,0.01306040353899953
2023-10-12,-0.0003978907734714099,0.003007117944902049,0.0027150501132451764
2023-10-13,-0.001125555796886113,-0.0039823003949776,-0.004433862065925642
2023-10-16,0.0028376285913540578,-0.003193665503622878,-0.00835442724443176
2023-10-17,-0.0030371624173318734,-0.0023282783650999672,-0.007430296601805342
2023-10-18,0.0071617209038332685,0.003188613518371186,-0.0004897976631080161
2023-10-19,-0.0039756227012378575,-0.007462385490491941,-0.006847698398982938
2023-10-20,-0.0036091075901285574,-0.011532512053613497,-0.011163595349398103
2023-10-23,-0.006136993337356733,-0.014953912831214944,-0.009840000535750026
2023-10-24,0.0009138397364791828,0.007244939874564871,0.012220489883236318
2023-10-25,0.0005496496384829186,-0.0017981631827380662,-0.003068661449934784
2023-10-26,-0.004410613006001207,-0.012894228553519405,-0.01030725954167484
2023-10-27,-0.0008799651861278734,-0.005426976386078031,0.00014592777671163003
2023-10-30,-0.004679700044840085,-0.0015210933814944205,-0.002718144755184815
2023-10-31,0.004923268422115212,0.0063352458603163075,0.00647372688050667
2023-11-01,0.0011048430465681047,0.007256643365703752,0.004157606385883916
2023-11-02,0.009411250669048021,0.017604833996397007,0.023128318832842477
2023-11-03,0.016882654410021347,0.015378204319218103,0.019056217444532564
2023-11-06,-0.004745045963764016,0.005379266097204738,-0.004609419962381445
2023-11-07,-0.0033134254796904905,0.0005051573762755446,0.002783894727457437
2023-11-08,0.0023545746918056665,0.004269150046583903,0.006533515248826749
2023-11-09,-0.0022860617322473242,0.002011138375867416,0.003286295136606876
2023-11-10,-0.006379940561402897,-0.0055880802941628005,-0.006545891544893712
2023-11-13,-0.0009494650803171245,0.0074543814224108385,-0.0001063752117004494
2023-11-14,0.01534687006203761,0.01614200423016654,0.022434660745855473
2023-11-15,0.002519112165609849,0.008491590822401696,0.0006948210317970988
2023-11-16,-0.0006532283305746844,-0.001977202059781802,0.00011689102267939963
2023-11-17,0.003961552449702088,0.002270577774268201,0.005214605388570704
2023-11-20,-0.004753967426612049,0.0006440620451297896,-0.002009227454088869
2023-11-21,0.00902169629498717,0.00588191512168712,0.007456719173400073
2023-11-22,0.002643240325336249,0.003971929251062933,0.00512349085356365
2023-11-24,0.001166297138402994,0.00019790631627869537,-0.004358718411315943
2023-11-27,0.0021476321976861,-0.0009229014016679526,0.00033408370311647237
2023-11-28,0.0014053089940344599,-0.0012538778969579667,0.0019497949506707358
2023-11-29,0.0058890346906106394,0.006761127691200297,0.009336592187519255
2023-11-30,-0.0025519564743984313,-0.0036531563448304327,-0.0027999108590875954
2023-12-01,0.0020324274082004212,0.0006367147624897207,-0.0012310598404380092
2023-12-04,0.003245270246085674,-0.0003730499254929187,0.004945394642096468
2023-12-05,0.0014044226986309472,-0.0007462444431813875,0.0044825422116077105
2023-12-06,0.0018339809871767976,0.0077977049641053675,0.010873204241338108
2023-12-07,-0.0007170010841193175,-0.004141054561714208,-0.0020638604006490533
2023-12-08,-0.004559422731346463,0.0012036224695486375,-0.0024718163497739368
2023-12-11,0.0002001892594152288,0.004874777207481085,0.001188010270777928
2023-12-12,0.0010790354905856336,0.004220340301603898,0.0031277951630617196
2023-12-13,0.002776708741012879,0.006195386308438744,0.008050764421350599
2023-12-14,0.023689240984080984,0.01724478672755736,0.02213480562647896
2023-12-15,-0.0034799218142865795,-0.002341909373618445,0.0028135658038018325
2023-12-18,0.002542584255438074,0.0031736330039311422,0.0011341696402638935
2023-12-19,0.001633203214112866,0.003290970377035629,0.003436413050698528
2023-12-20,0.003159067621530731,0.0030263399832790583,0.0028274040472894947
2023-12-21,-0.0028236553218979887,-0.0055490741035473246,-0.000786846187975376
2023-12-22,0.0057010663319077,0.005367918007052053,0.0017769566501340426
2023-12-26,-0.001035401693775917,0.000443151609651915,-0.0031150214903396646
2023-12-27,0.005441907655296285,0.002889848910092141,0.006767384600394344
2023-12-28,0.0022480127353208257,0.0030287973872809015,0.0030599941851740644
2023-12-29,-0.0037854404184559654,-0.0008177754227356449,-0.004327153776034098
2024-01-02,-0.003069921449585622,-0.009087372448227549,-0.009084009241706848
2024-01-03,0.002136345239825088,-0.0036638621945855876,-0.005659681062479804
2024-01-04,-0.0002523959151768951,-0.004527895079062705,-0.002552356603523376
2024-01-05,-0.003042654769013664,-0.001729792557525256,-0.004815237679050277
2024-01-08,-0.0058166826729376675,0.00201092042185258,8.732898821666173e-05
2024-01-09,0.006455605094810135,0.007343673802536532,0.0061103273401341696
2024-01-10,0.0006118166418009885,0.00485302193020587,0.004070775549792671
2024-01-11,-0.0011321704800375532,0.007233763362422874,0.0012450036482783752
2024-01-12,0.006068290547903921,0.0005235180545650753,0.0028512232703617802
2024-01-16,-0.00511466611828526,-0.005399295370402735,-0.008033906434748063
2024-01-17,-0.010517698882159254,-0.007238079733065894,-0.008609769324046312
2024-01-18,-0.0015872703947183986,0.004641549960452185,0.0021929107024978743
2024-01-19,0.003642404188958892,0.00767917366233406,0.0014315822578363493
2024-01-22,0.0019515152144533587,0.01331524479204882,0.012727212653571662
2024-01-23,0.0001721075659872895,-1.5437878919666304e-07,-0.00392334953657405
2024-01-24,0.005731434783261324,0.007851116964278981,0.007352185668458011
2024-01-25,-0.004040179684054235,-0.00047145625032674054,-0.002441388097231867
2024-01-26,0.0035253665812502444,2.05219987550187e-05,-0.00028560957398888754
2024-01-29,0.003458008235625698,0.0002870536832555448,0.0017904747668329168
2024-01-30,0.00542330798215418,0.00580240288972389,0.008443714988781626
2024-01-31,0.004897922558894541,-0.003954673363528172,0.0007274093965316864
2024-02-01,-0.0014663031375313773,-0.008165765954273096,0.0013920689519578483
2024-02-02,0.0019895555900859563,0.010358405118734426,0.0014932357553569808
2024-02-05,-0.003672107531549118,0.008271191151237867,-0.0018514279824272343
2024-02-06,0.0013519454229153904,-0.0003646117331179699,-0.00186738409626539
2024-02-07,0.003911379375357349,0.0056127763772571004,0.0047683808467301695
2024-02-08,-0.0026827696690610026,0.0036470508530366263,-0.00013804593081592244
2024-02-09,0.0005040342007824883,0.0014855443502965748,-0.00021480334912302732
2024-02-12,-0.0028580165421367987,0.004670938644651068,0.003399875881485004
2024-02-13,-0.004667896872589283,-0.013249063530655358,-0.012379701231189456
2024-02-14,-0.004020238207191107,0.004570106889047132,0.00032968565972892874
2024-02-15,0.005398139030256877,0.005032205900537434,0.008479831293788553
2024-02-16,0.0024914949063936653,0.004826905405434401,-0.0017212246412560365
2024-02-20,0.004244582552514808,-0.007933044814812384,-0.003418943048831191
2024-02-21,-0.0023234307379141894,-0.004621065151426018,-0.002600192063008011
2024-02-22,0.002924707514397662,0.01733878118364518,0.008248814488888145
2024-02-23,0.006451722132822857,0.010436364449492697,0.008081359646119602
2024-02-26,0.003343689532711025,-0.0019047126055939945,0.004248024868601208
2024-02-27,-0.003147698484660233,-0.003147755491350157,-0.005122729447405927
2024-02-28,-0.0017688055545913572,-0.0027037974989754243,-0.002308685631430141
2024-02-29,0.0039981981248844445,0.0054222854725611835,0.006433449860226004
2024-03-01,-0.00030165810973514784,0.0017910842179953423,0.0007063090926841653
2024-03-04,0.007181177646605086,0.005992426566819864,0.004708448340840432
2024-03-05,0.0067682458744451335,-0.0034960537680192028,0.004433855184471747
2024-03-06,0.0020660050580030287,0.0006075918980688044,0.0014566293678880625
2024-03-07,0.0064725056854930685,0.005073136802511646,0.00668825099853998
2024-03-08,0.0008465659995446906,0.004521093805742504,0.00038803106823297445
2024-03-11,-0.0006116078674243131,-0.009661344600841115,-0.005128745448053173
2024-03-12,0.0005025613091198533,0.005818170498105957,-0.00034407421387752136
2024-03-13,0.0026767553393041155,0.007128114312380696,0.002004229858456252
2024-03-14,-0.002002244957095778,-0.0002707210543363425,-0.003421668752234353
2024-03-15,-0.007361272403753727,-0.010009790530993046,-0.008865141494808215
2024-03-18,0.0025172681729221935,0.007428344500023831,0.00303855433864042
2024-03-19,0.00047720280699792283,-0.0035991236525330095,-0.0016419466775583476
2024-03-20,0.003132492338910442,0.0070681602236202234,0.00531786532678491
2024-03-21,0.008551739846764495,0.014774067071362307,0.009594993101058779
2024-03-22,-0.0007757533583430121,-0.0024456655284404993,0.002478078075404233
2024-03-25,-0.0030494963377243334,-0.00442424753396542,-0.004693031940038783
2024-03-26,0.0017918316105038912,0.0027508314737825224,0.0007968726919481471
2024-03-27,0.00229228748707877,0.0009210662830390071,0.0026058553399197493
2024-03-28,0.007777280554921218,0.0028753337778884003,0.003853002390613103
2024-04-01,0.0024891711070944567,0.0011848650623134116,-0.0030623608073205855
2024-04-02,-0.009133823026049814,-0.010671429350291084,-0.013777718781826853
2024-04-03,0.0007308457443135907,-0.0010034383340991049,-0.0019562210292749073
2024-04-04,0.005867412814422046,0.011203004160797114,0.012726643281266093
2024-04-05,-0.009550144167835839,-0.01730588694182489,-0.014442748087471258
2024-04-08,0.005836527362585997,0.009116384946417755,0.0034631916113338156
2024-04-09,0.003710736675171855,0.0026002804330580442,0.0043662181858073355
2024-04-10,-0.008377235258971605,-0.013487132531728063,-0.011009445281426932
2024-04-11,0.002955563339584355,0.004284497489886352,-0.0010258794122409045
2024-04-12,0.001076419614521873,-0.0025401984764992225,-0.0003732990090530295
2024-04-15,-0.008694627218020945,0.0014775279393668406,-0.005380152598394395
2024-04-16,-0.006417466155766993,-0.01978141160310931,-0.017114203783633663
2024-04-17,0.00227344890474801,0.0021980852095375703,0.00504394743294192
2024-04-18,-0.0014538238793967428,-0.008042446094421174,-0.0031601002063994296
2024-04-19,-0.0011634649267013852,-0.005060070549484652,-0.0023637511594711614
2024-04-22,-0.002884545955900597,-0.003223660342032919,-0.005111319351920352
2024-04-23,0.0030714176307657937,0.007934559842040168,0.00498635331154662
2024-04-24,0.0015239354398910443,0.009526030414082065,0.0049492196150193735
2024-04-25,-0.000460104569211528,-0.014568868958973469,-0.01370967747834977
2024-04-26,0.0016981546803966907,0.014363574899884268,0.01223121914284273
2024-04-29,0.002055937047339196,0.007386181281599624,0.006290026525927007
2024-04-30,-0.0012822478294773898,-0.002999443179126815,-0.0028824347801730487
2024-05-01,-0.007355188287804348,-0.014118317255739199,-0.006252469473463784
2024-05-02,0.0002645562421175196,0.005524707577912569,0.0015540832707292558
2024-05-03,0.008150780343693764,0.013904654634120162,0.016142454721009836
2024-05-06,0.003435062968780933,0.005066980875130467,0.00277322355283669
2024-05-07,0.004962947689914232,0.0074160516248544806,0.009034105600460186
2024-05-08,-0.0009878468765912585,-0.004444052689431155,-0.005262787735314678
2024-05-09,-0.00035192449666932024,0.00411439767296673,0.0005198816097181421
2024-05-10,0.01064845891669508,0.008562485201580428,0.0069622742413683715
2024-05-13,0.0006423466806357858,0.0014372654707988097,0.002058738800840132
2024-05-14,-0.0017217689617210485,-0.002774830824099128,-0.0012232096627064148
2024-05-15,0.006062704532521668,0.009057576733767059,0.01081786219305898
2024-05-16,0.007940372097076986,0.007702121851054011,0.006885412870253615
2024-05-17,0.0012816022767860868,-0.0020193805317494373,-0.004458807102641238
2024-05-20,0.001364444784681229,0.0014373019498712392,-0.0015819874076089314
2024-05-21,0.000940586547707678,-0.0005474257835823559,0.0025263269020380234
2024-05-22,-0.003327950581166972,0.0025883270613398235,-0.000452903801957483
2024-05-23,-0.0022201389146374595,0.004352980853313371,0.004934493817765118
2024-05-24,-0.008269224942123232,-0.009587975533145499,-0.009369283880204526
2024-05-28,0.0007773872880025845,0.0045847031380121805,0.004333657362496179
2024-05-29,-0.011673181462327875,-0.008655796953972006,-0.01390915054902462
2024-05-30,-0.002293575573685702,-0.00220680109322946,-0.00015987930492129517
2024-05-31,0.003696054797890147,-0.001773097841526794,0.002864685577534565
2024-06-03,0.00694422821233176,0.010370886128312051,0.008298986263725272
2024-06-04,0.0013014923532810307,-0.004839260737220075,0.003980873289322551
2024-06-05,0.005853847560988612,0.008186780426419071,0.008382752316718233
2024-06-06,0.002876526021462489,0.00793174470089486,0.004414909792915545
2024-06-07,-0.0034514105801697337,-0.002467467462797357,-0.0061725872770898695
2024-06-10,-0.0038979808700657648,-0.0008992729842685065,-0.004154916089849881
2024-06-11,0.0012622023349664335,0.001669235673872782,0.001133288238392316
2024-06-12,0.010932611518400082,0.014155443630968545,0.017237732259440898
2024-06-13,-0.006334670929986852,0.0028063444769763635,0.002543836754234174
2024-06-14,0.0016181399428301102,-0.004179354593549012,0.002641458171204225
2024-06-17,-0.00222908927841714,0.002218503123130988,-0.0024816455426685206
2024-06-18,0.006013466359938713,0.009371385976196134,0.007205351794148296
2024-06-20,0.0013903357289977158,0.004167034967084371,0.00045537764314822465
2024-06-21,0.0046723236417438585,-0.005976460887631374,-3.167818499085753e-05
2024-06-24,-0.00219800687083449,-0.0001286071799119215,-0.0008836368467197487
2024-06-25,0.0020673749291033605,-0.0006245410687620856,-0.0002896525563630403
2024-06-26,-0.0059194676429566995,-0.0005515940269242847,-0.0036902021586662226
2024-06-27,0.0030352810436127253,0.0030900623672609484,0.0028831358030431352
2024-06-28,0.0017543579817955735,0.0032820478655055663,0.0028675236165257353
2024-07-01,-0.0059641127385807735,-0.002796185742924173,-0.014576074192109002
2024-07-02,-0.004126433869485746,-0.00353725092328383,-0.0009721419672476636
2024-07-03,0.0047267823855658975,0.009177941402806589,0.007668155294056067
2024-07-05,0.004325938866413637,0.00561344723294388,0.008194185674995948
2024-07-08,0.003575502202464609,0.006651185150956085,0.00516123249030116
2024-07-09,-0.001642799722746835,0.0014763950156466699,0.0005833474144905537
2024-07-10,0.0021736914735730473,0.0014561623229225606,0.0007870825515440494
2024-07-11,0.008075358168204483,0.007844585193252263,0.01002870314805615
2024-07-12,0.0012308866517438677,-0.006786295511607032,-0.0047123542727710134
2024-07-15,0.003095183388134304,0.00789075104799486,0.002467768191688391
2024-07-16,0.0019606927865472024,0.0014944633287159448,0.0031763001867010313
2024-07-17,0.004490038406259611,-0.0072307254472264715,-0.0026705688705560117
2024-07-18,0.0012877815653287161,-0.0005191144535106051,-0.0013335718088669513
2024-07-19,-0.010443747279097804,-0.010903992838996124,-0.009275112493218239
2024-07-22,-4.233172170875488e-05,0.0010499738556208893,0.0021777445810586384
2024-07-23,0.000774407990055126,0.0027849234075740803,-0.000855807525182062
2024-07-24,-0.0045093262070659,-0.010242902966736023,-0.007094002754411499
2024-07-25,-0.006178426777109114,-0.013682769258658745,-0.010628918739624104
2024-07-26,0.0035576003849544513,0.001717781929981177,0.005029322441110873
2024-07-29,0.006042506799023961,0.006896906244096446,0.007236577686992263
2024-07-30,-0.002856859701910963,0.0004396405927442615,0.0006054521302508498
2024-07-31,0.0077063616264927415,0.004979228990275475,0.006315532168531979
2024-08-01,0.004821097097720051,0.006539570655389015,0.007846944227435726
2024-08-02,-0.0013369335199172605,-0.030439787207058755,-0.010443819289133715
2024-08-05,-0.017239960565445633,-0.04500223949068127,-0.01590850742116938
2024-08-06,-0.0011534872895899717,0.014814972527599446,0.0027097580680698567
2024-08-07,0.002564482638075738,0.017815426856283567,0.0017234038772007566
2024-08-08,-0.0034346300379788364,-0.008628838784872861,-0.008637411609169709
2024-08-09,0.011520459155071272,0.011261591148193695,0.012602238630798724
2024-08-12,0.0041954627100129205,0.008304825917340608,0.0029933575632264727
2024-08-13,0.003311003015601832,0.004342870758806239,0.00789584695124983
2024-08-14,0.001563598170741587,0.011779351160111196,0.008095271731696174
2024-08-15,0.006079809717671747,0.012250159207531253,0.002675618464305218
2024-08-16,0.004077014387039002,0.0034940947703925307,0.006369901840950254
2024-08-19,0.0025222341848831764,0.0060024947329206935,0.0035192965730752148
2024-08-20,0.007255786646563012,0.007967988279771188,0.008476183819485427
2024-08-21,-0.00027019597835009623,0.001108946942209199,0.0020893316930695517
2024-08-22,-0.0012491614056996392,0.004983937305969466,0.001206624716732385
2024-08-23,0.001041455598036034,-0.005385967741106112,-0.003394498775520871
2024-08-26,0.007869632030203855,0.006523293597351154,0.005950847317640794
2024-08-27,-0.002932736066792452,-0.006552054747310021,-0.008794965471589644
2024-08-28,-0.0008866847295770919,0.0030744054126885523,0.003978251481568851
2024-08-29,-0.00010793778034279278,-0.0016038669743180245,-0.003574247206147141
2024-08-30,0.0003532717799907825,0.0008210327934810024,0.0017660199502626207
2024-09-03,0.0007513324993448922,-0.0005350142587274842,0.0004877848115592887
2024-09-04,-0.001614327344837685,-0.018323838083233568,-0.009682296018231272
2024-09-05,0.004712410402763156,0.0012540085617680496,0.0067188697823831415
2024-09-06,-0.0056081680334747475,-0.0017243929566885807,-0.00018900303816367088
2024-09-09,-0.004114624008228929,-0.00961922226208034,-0.006374267820122314
2024-09-10,0.005860408436122455,0.006811680705368639,0.00597834520933298
2024-09-11,-0.0032714047154343007,0.000620002909777817,0.0028552497175302173
2024-09-12,0.00013512660443670832,0.011499819577577064,0.006382457940409347
2024-09-13,0.0073284584617261395,0.008468450694808949,0.005479629261384966
2024-09-16,0.006174608926295289,0.003626809409822407,0.002852910347091697
2024-09-17,0.001670324068648199,0.00598134200304723,0.006927854519891285
2024-09-18,-0.0033557329904283506,-0.0024064853273526587,-0.006292647162914156
2024-09-19,0.003406399730302212,0.012896046454776267,0.002470230655278448
2024-09-20,-0.003615738825118453,-0.0025013969847355044,-0.0012177310851104071
2024-09-23,0.0024179596549334104,0.0026416073776478477,-0.0003951106790051732
2024-09-24,0.0035773987277383235,0.002002184229464188,-0.0008291273261209489
2024-09-25,0.0009326073636741761,0.0011569742076453782,0.001755480070403559
2024-09-26,-0.01058982216285731,0.005672906949153678,0.002630310516919776
2024-09-27,0.003968255925147712,-0.0017234646305021029,0.0008828672825314634
2024-09-30,0.0009587067702194751,-0.005179896057601718,-0.0027020301447482796
2024-10-01,0.003069120293691885,0.005224220499179477,0.005078090028097648
2024-10-02,0.002391750536548498,-0.009923195799235507,-0.011783866331214444
2024-10-03,-0.0034800306896513034,-0.0006166049341982394,-0.0004521312871403893
2024-10-04,-0.002025845085615763,0.008795055177684752,-0.0025307042036641922
2024-10-07,4.517436650974815e-06,-0.001834460480503064,-0.0030285172886908686
2024-10-08,-0.005813834273396545,-0.0015403663088120467,-0.0034089861875592933
2024-10-09,-0.0028741084222670965,0.004803528459225825,0.0040686788204225
2024-10-10,0.0051722865339389745,0.004553898607513984,-0.0006055812896989649
2024-10-11,0.0009946142775150157,0.0004860870867924305,-0.001412538307163347
2024-10-14,0.001800107912431237,0.008975085728327281,0.003502269958405746
2024-10-15,-0.0005408368485886328,0.005798035721546357,0.009583656439996924
2024-10-16,0.0034021198909786055,-0.008227973899685881,-0.0009986822257476158
2024-10-17,-0.0009656824606221193,0.010572902374510695,0.0017311563595222785
2024-10-18,-0.000558084768730982,-0.003140285770589779,-0.002902279070363267
2024-10-21,0.001540797563823304,-0.00037669093141246,-0.004606668497467404
2024-10-22,-0.006948063107711344,-0.0047958151231911605,-0.004468559618532476
2024-10-23,-0.0024299460637552395,0.00036143980228064976,-0.003280174548734216
2024-10-24,0.0008230417813139823,-0.0022020980531816114,0.0003774169416078444
2024-10-25,0.0004630598056416524,0.0026379760280583753,0.004878779105914344
2024-10-28,-0.007685408051617326,0.0018402251973770323,-0.0019929269245930305
2024-10-29,-0.0014083289493158624,-0.00468624829894293,-0.007580318309830459
2024-10-30,-0.0015076715366200144,0.002483480277637007,0.008817016844443248
2024-10-31,-0.0007074793457181316,-0.009857546935088002,-0.00867194793943422
2024-11-01,0.0034573763120675505,-0.007366639293237887,-0.002808643114535014
2024-11-04,-0.0033101485192107427,-0.0002450411644219219,-6.038236564678278e-05
2024-11-05,0.0009936010001090345,-0.0007703911944936248,-0.0015458059205453178
2024-11-06,0.006196410896422533,0.03234411567937445,0.009018557658253809
2024-11-07,0.0006680142452828441,0.006585030705486661,0.008904151161628748
2024-11-08,0.0029999324879261824,0.0052101136958326855,0.0086356606008966
2024-11-11,0.001518673747011201,0.006105599090103553,0.004750302291124341
2024-11-12,-0.0018438454756084521,-0.0018839116629778552,-0.004946064301987274
2024-11-13,-0.004307455200933896,-0.002188050426891408,-0.0006561041973315972
2024-11-14,-0.00397111284251761,-8.366259975600698e-05,-0.0042460471789778085
2024-11-15,-0.006892623559556554,-0.012723568915086303,-0.010460949188291945
2024-11-18,-0.0018388250447771703,-0.005935044002568057,-0.004717675268943067
2024-11-19,0.0033953841658869166,-0.002575670655866613,0.003629701495650473
2024-11-20,-0.00019045727821809244,0.009697074638811198,0.0028673656299188274
2024-11-21,0.007345334319044161,0.0051152793093094395,0.004400323846027732
2024-11-22,0.007615847079143867,0.00043815652330669863,0.0005282986352388441
2024-11-25,0.0056326181435011335,0.009871034568278425,0.013391290387574008
2024-11-26,-0.0030927974201268027,-0.0012010346302346875,-0.0008940973430303867
2024-11-27,0.005592307501742999,0.002772167815950244,0.005482733001672724
2024-11-29,0.0021478266323362583,-0.0013323428718378105,0.0023819778736692723
2024-12-02,0.0010401351922311175,0.005519899179606602,0.0025173508741213714
2024-12-03,0.0001514064831944495,0.0006966710071314441,0.003248462763893967
2024-12-04,-0.005957494967980592,0.0037122213849909436,-0.0033939128914276754
2024-12-05,-0.0023224261518134393,0.0033518816429178866,0.006805515197583612
2024-12-06,-0.00020504870495208216,-0.0003619795421688776,0.004050875782420138
2024-12-09,-0.0027436668795609576,0.00041143594414050355,-0.00283594338960671
2024-12-10,-0.002477778507980588,-0.00381771105149864,-0.006418734722393471
2024-12-11,-0.001017819772364592,0.000677360840867447,0.0006214255993227446
2024-12-12,-0.00739411103067289,0.0013205660659256768,-0.005353548100736738
2024-12-13,-0.007225791193801734,-0.00029676818259483095,-0.0038446308682881236
2024-12-16,-0.0026162335996776642,-0.000659592484996252,-0.001497073520291825
2024-12-17,-0.010547264706296633,-0.0029869190022856484,-0.001924717767640227
2024-12-18,-0.0013796265979292288,-0.0003475274668881534,-0.0010933246143337572
2024-12-19,-0.016804946257789388,-0.020894726361897265,-0.020984124294054052
2024-12-20,-0.002283132407394972,-0.012905684137752949,-0.0056541878246245
2024-12-23,0.0026925922861689155,0.015676203386760124,0.007734003756940132
2024-12-24,0.00011005129425423199,0.008749485094154075,0.00016806000554496665
2024-12-26,0.0038670474924296094,0.00577129863473802,0.0042440840289411415
2024-12-27,-0.0006162039207298076,-0.0032694029902361477,-0.0007232722716180584
2024-12-30,-0.0019582477532191778,-0.016149510393632327,-0.008089368429253053
2024-12-31,-0.0006004687321137236,0.0034359517073907497,0.003427829845811914
2025-01-02,0.006370396120209287,-0.0008815088056898235,-0.002026689765467382
2025-01-03,-0.00012079907223327968,-0.003155766720657649,-0.0022579241731509377
2025-01-06,0.0005182522912159371,0.014875868034696094,0.005870386614575418
2025-01-07,-0.0007853224553592275,0.001928508578971977,-0.0009106626045681133
2025-01-08,-0.0039954770061451095,-0.014595991948487153,-0.013976969806768456
2025-01-10,0.003749127885829484,-0.004790176193237183,-0.0037633685787406
2025-01-13,-0.003558771535849159,-0.017256052085024565,-0.009181080943685305
2025-01-14,0.0056639104396860596,0.014918998327726252,0.007548445636990885
2025-01-15,0.009387392581757581,0.010216452815813737,0.013028848825571116
2025-01-16,-0.0007123175125400838,0.00650469490632144,0.003626039126995284
2025-01-17,0.007660583268496612,0.004695753836160499,0.006464722878184226
2025-01-21,0.005098563399190903,0.006214777523032344,0.00583337305765581
2025-01-22,0.004261084459890929,0.008740308903321115,0.0051531766663626575
2025-01-23,-0.0057699337423939845,-0.0001980938341011873,-0.005718041359867754
2025-01-24,0.004032058223243151,0.006619311259518312,0.004340906344122697
2025-01-27,0.0036711866862515485,-0.024597768773925388,-0.008116605526690534
2025-01-28,0.005211484589835891,0.009767755075531293,0.004408747426422277
2025-01-29,-0.005752929038222221,0.00516135891605507,0.005783526528729377
2025-01-30,0.004403021140967578,0.0003976440683313154,0.00014816969575690562
2025-01-31,0.0024028685078187895,0.005861244791708131,0.0033809799865901265
2025-02-03,-0.008215783043226343,-0.02441156809704037,-0.012311367757573577
2025-02-04,0.0012045309519768121,0.008706479720032245,0.0005726954933857435
2025-02-05,0.011533185164191995,0.0047003279837150025,0.011500894708651187
2025-02-06,0.00564435571470101,0.008907058573546678,0.007177731667735632
2025-02-07,-0.004629234186756315,0.0014851696868152242,-0.0018687431646517542
2025-02-10,0.00242315566073259,-0.004712437660894575,-0.0027378335673765132
2025-02-11,0.0011158929777330684,-0.002450330875849005,-0.00474156175353424
2025-02-12,-0.005358618937849169,-0.005559646679375363,-0.008938383285868956
2025-02-13,0.004779577710812832,0.00881173275411462,0.008952917884520373
2025-02-14,0.007815879476280374,0.00903252211928729,0.011277252538233286
2025-02-18,-0.005890799956448922,0.0015412803103367345,-0.0028345172368076546
2025-02-19,0.0038222898980366793,-0.0013096830863827957,-0.0034513222431212577
2025-02-20,0.001350903446992513,0.0023930724540019988,0.003709908794858041
2025-02-21,0.003036679719549573,-0.002256538550564291,0.0005453654406268218
2025-02-24,0.0006930452409854571,-0.013340804823296915,-0.005933987475645419
2025-02-25,0.004576899188535988,-0.00808940365048394,0.002489968483157635
2025-02-26,-0.000995754426503792,-0.0020429822150038746,0.0007528390342839589
2025-02-27,-0.005391408274479925,0.0015436004018731797,0.0004449263597964936
2025-02-28,-0.0011888011473758509,-0.018915915219757773,-0.00898395619697383
2025-03-03,0.007603243880232702,0.01813651487436574,0.010218640509337983
2025-03-04,-0.0017898653223331618,-0.02762573845629568,-0.012068300107520889
2025-03-05,-0.011136380702152948,-0.005209531651919064,-0.006933608107970923
2025-03-06,-0.0017632350149789922,-0.0020984568958862804,-0.005977239261015721
2025-03-07,0.0023427181849176026,-0.007958344788949967,-0.001857246580317406
2025-03-10,0.003397869743351656,-0.00579787557677558,-0.0037420340397449348
2025-03-11,-0.0013978469350948153,-0.01442934422128872,-0.009140718722308016
2025-03-12,-0.009908916772632836,0.004951547616871554,-0.0012942198769764438
2025-03-13,-0.0033051262483034805,-0.00654602209158528,-0.0057942642672682565
2025-03-14,0.002368059256620869,-0.004261498823886933,-0.0006368825041736855
2025-03-17,0.007620439651451649,0.012012035602357418,0.01071799491516554
2025-03-18,0.009493721773020214,0.00357142973710034,-0.0007646245744963309
2025-03-19,-0.0019337010743740723,-0.003487916888728626,0.00030349729115923844
2025-03-20,0.004688077699991355,0.0008884902781092219,0.007238026308940038
2025-03-21,-0.003098051183624384,-0.004202800919637317,-0.006296132647365038
2025-03-24,0.0007276220749961038,0.02059769059254668,0.00740954462333554
2025-03-25,0.0023857544217360527,0.007883802403935158,0.0019364885842191979
2025-03-26,-0.0018669909530019124,-0.00019115476111108975,-0.0009185374951673265
2025-03-27,0.0002566709701317116,-0.013926020702781927,-0.010771979188814007
2025-03-28,0.005117321199402891,-0.0029088898739354496,0.0028917294603998615
2025-03-31,-0.0009739049111665565,-0.02776162956089223,-0.010648965394197685
2025-04-01,0.009873828472253932,0.01385887412692921,0.00984088545319266
2025-04-02,-0.0005649843562710588,-0.00430545383978842,0.0023263569292234724
2025-04-03,-0.009941867665493542,-0.01790821358261452,-0.010095378603265192
2025-04-04,-0.014512143289343138,-0.03933156421918549,-0.0187134620130484
2025-04-07,-0.048395399597301214,-0.06584299248851788,-0.047065870744251795
2025-04-08,0.021950174705299252,0.06678383500705531,0.028751180128075045
2025-04-09,-0.032134865193238715,-0.054458929115626,-0.04168077423737737
2025-04-10,0.0423081154505236,0.07848968455195182,0.04924806815266853
2025-04-11,-0.0014701645183426981,-0.017212382699703266,-0.01885260389350747
2025-04-14,0.015694901194100552,0.0402284805213291,0.0312641270160848
2025-04-15,0.004777098155230863,-0.00805080737931152,-0.005974581939055933
2025-04-16,0.003008466584947911,-0.014805254283236757,-0.005899874318881592
2025-04-17,-0.004508888701783009,-0.007598503912764842,-0.003465669319352881
2025-04-21,0.004427179237834977,-0.012281225832616816,-0.013911287961232331
2025-04-22,-0.0021367317780340844,-0.001956949655708584,-0.0001579740235359672
2025-04-23,0.01050713029715622,0.0390085239837048,0.03289607206187952
2025-04-24,-0.00527365752535891,-0.006864924148906493,-0.007944373819632177
2025-04-25,0.0028372839311809894,0.018501452478209668,0.015054059597681224
2025-04-28,0.0011363191925188865,0.00867105665639123,0.004122798373825808
2025-04-29,0.0010518051469512457,-0.004497927599000473,0.0002788593530785202
2025-04-30,0.004892245867588851,-0.0024411267217377963,0.0005953535559952926
2025-05-01,-0.0016427253181998669,0.02337608642106659,0.013172235144034828
2025-05-02,0.00046785334035037707,0.007780507222937771,-0.00227775868271567
2025-05-05,0.0023914623968388504,-0.0038248672694970454,-0.0039366946522952475
2025-05-06,0.001309785494050475,-0.008247805946238196,-0.007467306389069806
2025-05-07,0.003987796824026946,0.003978986367860982,0.007548713675861808
2025-05-08,0.0014087749848288311,0.009086798563041176,0.005907073814698772
2025-05-09,-0.005697686446702099,0.0021937584977105296,-0.0033190526505794795
2025-05-12,-0.003188585602504901,0.026461649628619632,0.013026424613399845
2025-05-13,-0.002023259256192178,0.0033362280536282096,0.0008440590717396109
2025-05-14,-0.006596709448692728,0.007541917692147404,0.0027603336398480667
2025-05-15,-0.0021499398378682644,-0.0038276664796964566,-0.0028563735004101475
2025-05-16,0.011973426898391315,0.00971720121652897,0.01162265964433038
2025-05-19,0.00149725263151268,-0.00532764019862797,-0.012221561540643178
2025-05-20,0.00658464932701297,0.0084849446466575,0.007540656953695901
2025-05-21,0.0009134066699179044,-0.007840346099078799,-0.008215873568148702
2025-05-22,-0.011022869292505177,-0.009822679586822258,-0.011373080510146205
2025-05-23,0.002769040295076408,-0.011464543874873168,-0.0008921047709617765
2025-05-27,0.005777643450645575,0.01751791932031077,0.01324760907204121
2025-05-28,0.003554138817955188,0.009367488626109033,0.005901657830636875
2025-05-29,-0.0018003645002219182,0.002535686334731002,0.0032073632783698345
2025-05-30,-0.0007572563842712654,-0.006963823572620598,-0.00268598274221894
2025-06-02,0.005398374370241488,-0.001986560552403427,-0.0034336271244175265
2025-06-03,0.0044582436913369605,0.00779212762824133,0.005378729854545971
2025-06-04,0.0018329533993566294,0.007799707843753723,0.006318363765213864
2025-06-05,2.2121131403096683e-05,0.0011221811544983584,0.004823002234306495
2025-06-06,-0.0033738471799505954,0.001723468172131426,-0.003072982019242288
2025-06-09,-0.004700296001291959,0.0017706562784844948,-0.0024345463781227043
2025-06-10,0.004273980816501544,0.0008338185503422579,0.0054862220458246295
2025-06-11,0.0001859231558871688,0.006614160730479046,0.0026211525531954823
2025-06-12,0.0025675102582876086,-0.006918435117105881,0.0008833589453116188
2025-06-13,0.004815876100511263,-0.0025165191782137164,-0.0022464224489183947
2025-06-16,-0.0034192662041354627,0.0031746898577018623,-0.0010930554249881654
2025-06-17,-0.004074695134063111,-0.0003165081752255494,-0.000561610824183556
2025-06-18,-0.00015334337519334884,-0.002949075762256781,0.0023235277695150547
2025-06-20,-0.0030645575565881877,0.002855743615869155,-0.0016935585485180042
2025-06-23,0.002695903878301653,-0.00558173465261369,0.0003194473473659091
2025-06-24,0.002605247780453901,0.015612408016938417,0.007250778961302284
2025-06-25,0.00250294557932218,0.005923920662055382,0.006514882097981501
2025-06-26,-0.002201985605424839,0.001776588291665382,0.0032701308637506535
2025-06-27,-0.0009348095605191675,0.006387653585709252,0.0037412360339300842
2025-06-30,0.003620141040851621,0.007342453358569978,0.005730130609029559
2025-07-01,0.008090134699748841,-0.0016522422352055477,0.0017346867283228873
2025-07-02,0.0015190172611261321,0.001427706973587295,-0.003409784073097777
2025-07-03,0.0011665298170833172,0.00844082686849612,0.004972697363281586
2025-07-07,-0.0020976683116762374,0.0014619797884884989,-0.002013706922203618
2025-07-08,-0.003532165532251552,-0.0032244535066032753,-0.006418107092711889
2025-07-09,0.0002128460971264623,0.0022853751055824656,0.004269450402890263
2025-07-10,0.0025892985898481324,0.0022962248684552655,0.004347921155978351
2025-07-11,0.0002426674223034997,-0.0023390837091228356,-0.004167464824896739
2025-07-14,-0.0006393529218607918,0.0006743315088002522,-0.0027961762730203347
2025-07-15,0.0018854774276122477,0.006996725025593786,0.005834688899765528
2025-07-16,-0.007063307484032055,-0.006023725475554853,-0.006455066973972334
2025-07-17,0.0005750077149710986,0.0010581804210221257,0.0003534795003624414
2025-07-18,0.007232820364607706,0.007847476990828328,0.005694096060466114
2025-07-21,0.005129315497965914,-0.0008421368694520037,0.003193738777401611
2025-07-22,-0.00011148766312973901,0.0005248039387368841,8.288171325228079e-05
2025-07-23,0.00798293839199471,0.003894459912246795,0.0017796747947221637
2025-07-24,-0.005118281174723127,0.004829331595756825,0.0005733867652264468
2025-07-25,-0.001162230336221648,0.0007722598014601179,0.001632219719990813
2025-07-28,0.00021235088827076254,0.0037631780842835028,0.0031436924577685765
2025-07-29,-0.002480988412839724,0.0013646473348094545,0.0019352411285225913
2025-07-30,0.001408893011572987,-0.003806653452081199,0.00022092364175090333
2025-07-31,-0.0034954174093216883,0.005566860409029761,0.004999624339988173
2025-08-01,0.002414991779826847,-0.02058001220177197,-0.008837339416002687
2025-08-04,0.003279386644234439,-0.0010059183524961934,0.0012237808859249192
2025-08-05,0.004586710529474125,0.009781507040277582,0.005368694994707334
2025-08-06,-0.0014642990035993453,-0.0043368269992405395,-0.002647665470807814
2025-08-07,0.002968909817450127,0.011429886727382543,0.007222239264607788
2025-08-08,0.0020323187101085605,-0.0034263071266176226,-0.004603521757691631
2025-08-11,-0.0013971099258570652,0.005362333361886629,0.00404157689104383
2025-08-12,-0.001906192644862692,0.001302026559589775,-0.0021431650467157674
2025-08-13,0.004160517518368323,0.010371411215930326,0.00870845090957273
2025-08-14,-0.00103741449834438,-0.003287310353046191,-0.0016521312027313328
2025-08-15,-0.0028166994180336413,0.004978404334938347,-0.0008982757510890508
2025-08-18,-0.0008810579329496804,-0.004845386629964699,-0.0036456947559675877
2025-08-19,-0.001359489091630972,0.00040444933551087026,1.1404517195634479e-05
2025-08-20,0.0038226227275943714,-0.0057842408678766555,-0.0028227677085209233
2025-08-21,-0.0008154353618825549,-0.004879585438819611,-0.0030663785521606755
2025-08-22,0.000965904970288145,0.0023260780942542247,0.002643398017320742
2025-08-25,0.002024840669196726,0.009846783668529868,0.00544740747920347
2025-08-26,-0.0052250550372583415,-0.002856784938527035,-0.002728719855623485
2025-08-27,-0.00020302691161311337,0.0036903696260772723,0.00036471793354144735
2025-08-28,0.00495036756985523,0.004142266485903434,0.0055976699269822735
2025-08-29,-0.001745172396982575,0.0003553635294695212,0.00012099023139455767
2025-09-02,-0.0011345960193130944,-0.015398410294164555,-0.012947893868517534
2025-09-03,0.003928457143795194,0.0081097981398075,0.006267279987692343
2025-09-04,0.0042426241509729845,0.0027229848445027294,0.006707701915409548
2025-09-05,0.005648626179332705,0.010955617107752724,0.012089385341067738
2025-09-08,0.0037334307429546243,-0.004390022967708518,0.0016733500845627523
2025-09-09,-9.815117143863183e-05,0.0005395840562869569,0.0013554945421703213
2025-09-10,0.0008781425661499309,0.007165300695444632,0.004299188499109707
2025-09-11,0.0014861469322924314,0.0008568018846613068,0.0027960181372230775
2025-09-12,0.004612121783071688,0.00522784043884017,0.0027807380512761435
2025-09-15,0.0014303277893643607,0.0031022513440688293,0.0032862994699218717
2025-09-16,0.00032916196647092555,0.0027741716520059967,0.0013982301560281573
2025-09-17,-0.0007644276123638383,-0.002207110644477983,0.0014285540025522406
2025-09-18,-0.005772717865131116,0.0028484285164445122,-0.004684909193630205
2025-09-19,0.002178057779735232,0.003439030331592541,0.001211947372750277
2025-09-22,0.0014577896784695454,-0.00019632366355615272,-0.001240541912772497
2025-09-23,0.004922054169291146,0.00682574174150874,0.00477101797503483
2025-09-24,0.000790889080679813,-0.0033147549594640946,-0.00149429518765678
2025-09-25,-0.00240024627923463,-0.009886923995940267,-0.006964948974150742
2025-09-26,-0.0026145039860040464,0.0023862449498162075,0.0020619761514233392
2025-09-29,0.009351403353547338,0.007353887151798855,0.00576081855891557
2025-09-30,3.2400012830668956e-05,-0.0021524662337111256,0.00036606813560289306
2025-10-01,0.00552761008938929,0.00036206717058706595,0.0006694001528647408
2025-10-02,0.0021719588043502824,0.01097754470915313,0.005960504385360199
2025-10-03,0.0015652374818215797,-0.0006860915946048651,0.0010215199561647071
2025-10-06,0.0035996874029791126,0.002432865482243418,-0.0026460449556542816
2025-10-07,0.003608354498223054,0.0013697790802595922,0.001994268457483317
2025-10-08,0.006065502261338951,-0.0034049149674274526,0.0007894495285032171
2025-10-09,0.0014062198902571321,0.004893728449012258,0.0010165972885603392
2025-10-10,-0.0028177449281751032,-0.002078694819593996,0.0023863173219320416
2025-10-13,-0.0010709047687552653,-0.01707993876823588,-0.008914390018296902
2025-10-14,0.0016116758251063512,-0.005267611244108683,-0.0015211797207990816
2025-10-15,0.014536487263687947,0.014684205647936377,0.0101784043677962
2025-10-16,0.0039231256761371736,3.120486158358915e-08,-0.0019349462518795325
2025-10-17,-0.0007773847167443781,-0.010977484953222705,-0.0033606607768180913
2025-10-20,0.0056510282750095175,0.011857436744380223,0.00803505211593274
2025-10-21,-0.004128719937307568,0.006173897811329931,0.0060222679464753785
2025-10-22,-0.008331269617619985,0.0008340736945897653,0.0005004260208860245
2025-10-23,0.003643658364694602,-0.005773803017881218,-0.005116617931168954
2025-10-24,0.0014437368988979848,0.012482828085299547,0.007402373135686213
2025-10-27,-0.0042586506663393475,0.009268750087715105,0.004382120399667854
2025-10-28,-0.00325168602737802,0.006327535700298981,0.006117983644699265
2025-10-29,-0.0017088017643601683,0.002430650840452131,0.0015890620459694026
2025-10-30,-0.011188039575342423,-0.006998405879652503,-0.010685780705365945
2025-10-31,0.000692927830131973,0.0016669002995517435,0.0017524253521619126
2025-11-03,-0.0023137780645241524,0.0009196423805450937,-0.0021701367373028195
2025-11-04,-0.006015006502804066,-0.013942563094380689,-0.007651410484040588
2025-11-05,0.00023649658875379842,-0.001671337108606008,-0.0022057369460352972
2025-11-06,0.0008100120171719016,0.002207465171460088,0.0015479034442414717
2025-11-07,-0.0019136266380135325,-0.012653933863873035,-0.008485596412033414
2025-11-10,0.011755944732372514,0.013969009839424729,0.008963293943693173
2025-11-11,0.004423948305194436,0.0040015052315067745,0.004457022608355077
2025-11-12,0.004213272212017616,0.007118151016574981,0.004270878231769082
2025-11-13,0.00249311101658356,-0.006264697448684409,-0.004425856540057804
2025-11-14,-0.01402570159387384,-0.022218887928631137,-0.01337585399722685
2025-11-17,0.0005254252440591856,0.006492525799368876,0.0007325835299196279
2025-11-18,-0.0013565908980096575,-0.011348403697885479,-0.005596670203086384
2025-11-19,0.0008526367858743278,-0.0019935674157639527,-0.0017333003346859722
2025-11-20,0.0008597602997817422,0.01835695732431608,0.009938225292253522
2025-11-21,-0.004580918322678151,-0.02654144052546148,-0.01295820045770364
2025-11-24,0.0053157005005122215,0.01166327530258049,0.008336452197530297
2025-11-25,0.005596024111006015,0.008963436326810292,0.006978978667480451
2025-11-26,0.005380377317153906,0.01346044515577316,0.007367617502324376
2025-11-28,0.008108510959224269,0.004766501561413339,0.0042353662080282465
2025-12-01,-6.988904847116117e-05,-0.0030108447385468473,-0.007522662950216486
2025-12-02,-0.0039046089263352624,0.0045815094360937,0.0015333657561064306
2025-12-03,-0.0015048462741302782,-0.0019796759030585864,0.00034751429954478236
2025-12-04,-0.0005393545371310537,0.006950039997526636,0.0041250679135092835
2025-12-05,-0.0002966042413597991,0.0002480194028549043,-0.0014707833462553666
2025-12-08,-0.0036246276251726828,0.0016340477816125798,-0.0006457862608128197
2025-12-09,-0.004411390074955501,-0.005010314366701296,-0.0023258763822885608
2025-12-10,-0.0009685037291777832,-0.0008636261232669584,-0.0020576738476666854
2025-12-11,0.005852044209831764,0.0037798439524086014,0.005404282044307607
2025-12-12,0.00826646616987281,0.004422435558753879,-0.0032547785606908525
2025-12-15,0.0009894590005699033,-0.0035310686037931527,-0.0005621854624059839
2025-12-16,-0.0018314443646352263,-0.009493388897596877,-0.00811281196857363
2025-12-17,-0.0012256870035926015,0.0009716864122926161,0.002601580480784893
2025-12-18,0.0002868732771372784,-0.003368273624005824,0.00026133868830664504
2025-12-19,-0.0007924142218607155,0.0014600610764792243,6.34335759096327e-05
2025-12-22,0.0037829902305261953,0.010863263267561596,0.005650465938701288
2025-12-23,0.001717112928179887,-2.9270888058263722e-05,-0.0016190197803846564
2025-12-24,0.0032441138190451024,0.005892545030965035,0.006705401573877889
2025-12-26,0.005588824287676486,0.003910171369539528,0.0038957670405684207
2025-12-29,-0.006919390053692909,-0.00448864322272402,-0.0033742371412480935
2025-12-30,-0.0004905721367851612,-0.00013085176598837123,-0.0010335950471285216
