Date,XLK,XLV,XLF,XLE,XLI,XLY,XLP,XLU,XLB,TLT,GLD,SPY
2006-01-04,0.0,0.111360152670242,0.08863984732975815,0.2,4.1099565997566775e-17,0.0,0.0,0.2,0.0,0.2,0.2,0.0
2006-01-05,0.0,0.111360152670242,0.08863984732975815,0.2,4.1099565997566775e-17,0.0,0.0,0.2,0.0,0.2,0.2,0.0
2006-01-06,0.0,0.2,0.0,0.2,0.0,0.0,0.0,0.2,0.1999999999999999,3.737424637222508e-16,0.2,2.6871610673739505e-17
2006-01-09,0.0,0.2,0.0,0.2,0.0,0.0,0.0,0.2,0.1999999999999999,3.737424637222508e-16,0.2,2.6871610673739505e-17
2006-01-10,0.0,0.2,0.0,0.2,0.0,0.0,0.0,0.2,0.1999999999999999,3.737424637222508e-16,0.2,2.6871610673739505e-17
2006-01-11,0.0,0.2,0.0,0.2,0.0,0.0,0.0,0.2,0.1999999999999999,3.737424637222508e-16,0.2,2.6871610673739505e-17
2006-01-12,0.0,0.2,0.0,0.2,0.0,0.0,0.0,0.2,0.1999999999999999,3.737424637222508e-16,0.2,2.6871610673739505e-17
2006-01-13,0.09440792034821036,0.0,0.12397729630529475,0.19999999999999987,0.0,2.5030975284826904e-16,1.4064270310136026e-16,0.2,0.1195770687690565,1.8984515294146806e-16,0.1999999999999999,0.06203771457743803
2006-01-17,0.09440792034821036,0.0,0.12397729630529475,0.19999999999999987,0.0,2.5030975284826904e-16,1.4064270310136026e-16,0.2,0.1195770687690565,1.8984515294146806e-16,0.1999999999999999,0.06203771457743803
2006-01-18,0.09440792034821036,0.0,0.12397729630529475,0.19999999999999987,0.0,2.5030975284826904e-16,1.4064270310136026e-16,0.2,0.1195770687690565,1.8984515294146806e-16,0.1999999999999999,0.06203771457743803
2006-01-19,0.09440792034821036,0.0,0.12397729630529475,0.19999999999999987,0.0,2.5030975284826904e-16,1.4064270310136026e-16,0.2,0.1195770687690565,1.8984515294146806e-16,0.1999999999999999,0.06203771457743803
2006-01-20,0.09440792034821036,0.0,0.12397729630529475,0.19999999999999987,0.0,2.5030975284826904e-16,1.4064270310136026e-16,0.2,0.1195770687690565,1.8984515294146806e-16,0.1999999999999999,0.06203771457743803
2006-01-23,0.01811586057176147,0.2,0.11105070611990839,0.2,0.0,0.0,0.0,0.2,0.0,0.0,0.2,0.07083343330833035
2006-01-24,0.01811586057176147,0.2,0.11105070611990839,0.2,0.0,0.0,0.0,0.2,0.0,0.0,0.2,0.07083343330833035
2006-01-25,0.01811586057176147,0.2,0.11105070611990839,0.2,0.0,0.0,0.0,0.2,0.0,0.0,0.2,0.07083343330833035
2006-01-26,0.01811586057176147,0.2,0.11105070611990839,0.2,0.0,0.0,0.0,0.2,0.0,0.0,0.2,0.07083343330833035
2006-01-27,0.01811586057176147,0.2,0.11105070611990839,0.2,0.0,0.0,0.0,0.2,0.0,0.0,0.2,0.07083343330833035
2006-01-30,0.08228924620137015,0.0,0.07246827424730927,0.2,0.0,0.0,0.0,0.2,0.19999999999999987,0.0,0.2,0.04524247955132084
2006-01-31,0.08228924620137015,0.0,0.07246827424730927,0.2,0.0,0.0,0.0,0.2,0.19999999999999987,0.0,0.2,0.04524247955132084
2006-02-01,0.08228924620137015,0.0,0.07246827424730927,0.2,0.0,0.0,0.0,0.2,0.19999999999999987,0.0,0.2,0.04524247955132084
2006-02-02,0.08228924620137015,0.0,0.07246827424730927,0.2,0.0,0.0,0.0,0.2,0.19999999999999987,0.0,0.2,0.04524247955132084
2006-02-03,0.08228924620137015,0.0,0.07246827424730927,0.2,0.0,0.0,0.0,0.2,0.19999999999999987,0.0,0.2,0.04524247955132084
2006-02-06,0.0,0.19999999999999984,6.487865800153259e-16,0.2,1.7985214297610252e-16,0.0,0.0,0.1999999999999999,0.19999999999999982,0.0,0.2,0.0
2006-02-07,0.0,0.19999999999999984,6.487865800153259e-16,0.2,1.7985214297610252e-16,0.0,0.0,0.1999999999999999,0.19999999999999982,0.0,0.2,0.0
2006-02-08,0.0,0.19999999999999984,6.487865800153259e-16,0.2,1.7985214297610252e-16,0.0,0.0,0.1999999999999999,0.19999999999999982,0.0,0.2,0.0
2006-02-09,0.0,0.19999999999999984,6.487865800153259e-16,0.2,1.7985214297610252e-16,0.0,0.0,0.1999999999999999,0.19999999999999982,0.0,0.2,0.0
2006-02-10,0.0,0.19999999999999984,6.487865800153259e-16,0.2,1.7985214297610252e-16,0.0,0.0,0.1999999999999999,0.19999999999999982,0.0,0.2,0.0
2006-02-13,0.10363297277321777,0.13792063285831613,1.5903890617646743e-16,0.2,2.8449465006019636e-16,6.5357062210141814e-18,1.446562867320894e-16,0.19999999999999987,0.15844639436846536,6.819292851754921e-17,0.19999999999999996,2.65380292814219e-16
2006-02-14,0.10363297277321777,0.13792063285831613,1.5903890617646743e-16,0.2,2.8449465006019636e-16,6.5357062210141814e-18,1.446562867320894e-16,0.19999999999999987,0.15844639436846536,6.819292851754921e-17,0.19999999999999996,2.65380292814219e-16
2006-02-15,0.10363297277321777,0.13792063285831613,1.5903890617646743e-16,0.2,2.8449465006019636e-16,6.5357062210141814e-18,1.446562867320894e-16,0.19999999999999987,0.15844639436846536,6.819292851754921e-17,0.19999999999999996,2.65380292814219e-16
2006-02-16,0.10363297277321777,0.13792063285831613,1.5903890617646743e-16,0.2,2.8449465006019636e-16,6.5357062210141814e-18,1.446562867320894e-16,0.19999999999999987,0.15844639436846536,6.819292851754921e-17,0.19999999999999996,2.65380292814219e-16
2006-02-17,0.10363297277321777,0.13792063285831613,1.5903890617646743e-16,0.2,2.8449465006019636e-16,6.5357062210141814e-18,1.446562867320894e-16,0.19999999999999987,0.15844639436846536,6.819292851754921e-17,0.19999999999999996,2.65380292814219e-16
2006-02-21,0.11787988557950638,0.15010328333729434,0.13201683108319864,0.2,2.734357879008442e-16,2.393376295761751e-17,0.0,0.2,1.595106235876755e-16,0.0,0.2,1.7196694884669331e-16
2006-02-22,0.11787988557950638,0.15010328333729434,0.13201683108319864,0.2,2.734357879008442e-16,2.393376295761751e-17,0.0,0.2,1.595106235876755e-16,0.0,0.2,1.7196694884669331e-16
2006-02-23,0.11787988557950638,0.15010328333729434,0.13201683108319864,0.2,2.734357879008442e-16,2.393376295761751e-17,0.0,0.2,1.595106235876755e-16,0.0,0.2,1.7196694884669331e-16
2006-02-24,0.11787988557950638,0.15010328333729434,0.13201683108319864,0.2,2.734357879008442e-16,2.393376295761751e-17,0.0,0.2,1.595106235876755e-16,0.0,0.2,1.7196694884669331e-16
2006-02-27,0.11787988557950638,0.15010328333729434,0.13201683108319864,0.2,2.734357879008442e-16,2.393376295761751e-17,0.0,0.2,1.595106235876755e-16,0.0,0.2,1.7196694884669331e-16
2006-02-28,0.06247913805151343,0.04841546630123216,0.2,0.1999999999999999,0.06030208333618372,1.590480156549041e-16,6.613633252161577e-17,0.19999999999999987,1.6961136354011247e-16,1.5747507547185286e-16,0.1999999999999998,0.02880331231107043
2006-03-01,0.06247913805151343,0.04841546630123216,0.2,0.1999999999999999,0.06030208333618372,1.590480156549041e-16,6.613633252161577e-17,0.19999999999999987,1.6961136354011247e-16,1.5747507547185286e-16,0.1999999999999998,0.02880331231107043
2006-03-02,0.06247913805151343,0.04841546630123216,0.2,0.1999999999999999,0.06030208333618372,1.590480156549041e-16,6.613633252161577e-17,0.19999999999999987,1.6961136354011247e-16,1.5747507547185286e-16,0.1999999999999998,0.02880331231107043
2006-03-03,0.06247913805151343,0.04841546630123216,0.2,0.1999999999999999,0.06030208333618372,1.590480156549041e-16,6.613633252161577e-17,0.19999999999999987,1.6961136354011247e-16,1.5747507547185286e-16,0.1999999999999998,0.02880331231107043
2006-03-06,0.06247913805151343,0.04841546630123216,0.2,0.1999999999999999,0.06030208333618372,1.590480156549041e-16,6.613633252161577e-17,0.19999999999999987,1.6961136354011247e-16,1.5747507547185286e-16,0.1999999999999998,0.02880331231107043
2006-03-07,0.19999999999999973,1.0985149391628081e-16,0.2,0.2,6.591949208711867e-17,0.0,0.0,0.19999999999999993,2.862041792028678e-17,5.692571160039052e-17,0.2,0.0
2006-03-08,0.19999999999999973,1.0985149391628081e-16,0.2,0.2,6.591949208711867e-17,0.0,0.0,0.19999999999999993,2.862041792028678e-17,5.692571160039052e-17,0.2,0.0
2006-03-09,0.19999999999999973,1.0985149391628081e-16,0.2,0.2,6.591949208711867e-17,0.0,0.0,0.19999999999999993,2.862041792028678e-17,5.692571160039052e-17,0.2,0.0
2006-03-10,0.19999999999999973,1.0985149391628081e-16,0.2,0.2,6.591949208711867e-17,0.0,0.0,0.19999999999999993,2.862041792028678e-17,5.692571160039052e-17,0.2,0.0
2006-03-13,0.19999999999999973,1.0985149391628081e-16,0.2,0.2,6.591949208711867e-17,0.0,0.0,0.19999999999999993,2.862041792028678e-17,5.692571160039052e-17,0.2,0.0
2006-03-14,0.19999999999999973,1.0985149391628081e-16,0.2,0.2,6.591949208711867e-17,0.0,0.0,0.19999999999999993,2.862041792028678e-17,5.692571160039052e-17,0.2,0.0
2006-03-15,0.19999999999999973,1.0985149391628081e-16,0.2,0.2,6.591949208711867e-17,0.0,0.0,0.19999999999999993,2.862041792028678e-17,5.692571160039052e-17,0.2,0.0
2006-03-16,0.19999999999999973,1.0985149391628081e-16,0.2,0.2,6.591949208711867e-17,0.0,0.0,0.19999999999999993,2.862041792028678e-17,5.692571160039052e-17,0.2,0.0
2006-03-17,0.19999999999999973,1.0985149391628081e-16,0.2,0.2,6.591949208711867e-17,0.0,0.0,0.19999999999999993,2.862041792028678e-17,5.692571160039052e-17,0.2,0.0
2006-03-20,0.19999999999999973,1.0985149391628081e-16,0.2,0.2,6.591949208711867e-17,0.0,0.0,0.19999999999999993,2.862041792028678e-17,5.692571160039052e-17,0.2,0.0
2006-03-21,0.19999999999999973,1.0985149391628081e-16,0.2,0.2,6.591949208711867e-17,0.0,0.0,0.19999999999999993,2.862041792028678e-17,5.692571160039052e-17,0.2,0.0
2006-03-22,0.19999999999999973,1.0985149391628081e-16,0.2,0.2,6.591949208711867e-17,0.0,0.0,0.19999999999999993,2.862041792028678e-17,5.692571160039052e-17,0.2,0.0
2006-03-23,0.19999999999999973,1.0985149391628081e-16,0.2,0.2,6.591949208711867e-17,0.0,0.0,0.19999999999999993,2.862041792028678e-17,5.692571160039052e-17,0.2,0.0
2006-03-24,0.19999999999999973,1.0985149391628081e-16,0.2,0.2,6.591949208711867e-17,0.0,0.0,0.19999999999999993,2.862041792028678e-17,5.692571160039052e-17,0.2,0.0
2006-03-27,0.19999999999999973,1.0985149391628081e-16,0.2,0.2,6.591949208711867e-17,0.0,0.0,0.19999999999999993,2.862041792028678e-17,5.692571160039052e-17,0.2,0.0
2006-03-28,0.2,0.0,0.2,0.2,0.05127069084506226,0.0,0.0,0.1016477617117258,0.0,0.0,0.2,0.047081547443212
2006-03-29,0.2,0.0,0.2,0.2,0.05127069084506226,0.0,0.0,0.1016477617117258,0.0,0.0,0.2,0.047081547443212
2006-03-30,0.2,0.0,0.2,0.2,0.05127069084506226,0.0,0.0,0.1016477617117258,0.0,0.0,0.2,0.047081547443212
2006-03-31,0.2,0.0,0.2,0.2,0.05127069084506226,0.0,0.0,0.1016477617117258,0.0,0.0,0.2,0.047081547443212
2006-04-03,0.2,0.0,0.2,0.2,0.05127069084506226,0.0,0.0,0.1016477617117258,0.0,0.0,0.2,0.047081547443212
2006-04-04,0.1999999999999998,2.281984149461195e-16,0.19999999999999965,0.19999999999999987,0.1999999999999999,1.2298510801394154e-16,1.9085485174008358e-16,2.1802426023768055e-16,1.1796119636642288e-16,1.9837649889998336e-17,0.19999999999999987,7.626126595688395e-17
2006-04-05,0.1999999999999998,2.281984149461195e-16,0.19999999999999965,0.19999999999999987,0.1999999999999999,1.2298510801394154e-16,1.9085485174008358e-16,2.1802426023768055e-16,1.1796119636642288e-16,1.9837649889998336e-17,0.19999999999999987,7.626126595688395e-17
2006-04-06,0.1999999999999998,2.281984149461195e-16,0.19999999999999965,0.19999999999999987,0.1999999999999999,1.2298510801394154e-16,1.9085485174008358e-16,2.1802426023768055e-16,1.1796119636642288e-16,1.9837649889998336e-17,0.19999999999999987,7.626126595688395e-17
2006-04-07,0.1999999999999998,2.281984149461195e-16,0.19999999999999965,0.19999999999999987,0.1999999999999999,1.2298510801394154e-16,1.9085485174008358e-16,2.1802426023768055e-16,1.1796119636642288e-16,1.9837649889998336e-17,0.19999999999999987,7.626126595688395e-17
2006-04-10,0.1999999999999998,2.281984149461195e-16,0.19999999999999965,0.19999999999999987,0.1999999999999999,1.2298510801394154e-16,1.9085485174008358e-16,2.1802426023768055e-16,1.1796119636642288e-16,1.9837649889998336e-17,0.19999999999999987,7.626126595688395e-17
2006-04-11,0.17182220525524056,2.6020852139652106e-18,0.2,0.2,0.11689852163009426,0.0,0.0,8.456776945386935e-18,0.11127927311466497,2.9654623483373055e-17,0.2,1.5959455978986625e-16
2006-04-12,0.17182220525524056,2.6020852139652106e-18,0.2,0.2,0.11689852163009426,0.0,0.0,8.456776945386935e-18,0.11127927311466497,2.9654623483373055e-17,0.2,1.5959455978986625e-16
2006-04-13,0.17182220525524056,2.6020852139652106e-18,0.2,0.2,0.11689852163009426,0.0,0.0,8.456776945386935e-18,0.11127927311466497,2.9654623483373055e-17,0.2,1.5959455978986625e-16
2006-04-17,0.17182220525524056,2.6020852139652106e-18,0.2,0.2,0.11689852163009426,0.0,0.0,8.456776945386935e-18,0.11127927311466497,2.9654623483373055e-17,0.2,1.5959455978986625e-16
2006-04-18,0.17182220525524056,2.6020852139652106e-18,0.2,0.2,0.11689852163009426,0.0,0.0,8.456776945386935e-18,0.11127927311466497,2.9654623483373055e-17,0.2,1.5959455978986625e-16
2006-04-19,0.1364153056347494,1.093959992037874e-16,0.13798857196372918,0.19999999999999993,0.12559612240152154,0.0,5.767955557622884e-17,0.0,0.2,1.7943112168681855e-17,0.2,0.0
2006-04-20,0.1364153056347494,1.093959992037874e-16,0.13798857196372918,0.19999999999999993,0.12559612240152154,0.0,5.767955557622884e-17,0.0,0.2,1.7943112168681855e-17,0.2,0.0
2006-04-21,0.1364153056347494,1.093959992037874e-16,0.13798857196372918,0.19999999999999993,0.12559612240152154,0.0,5.767955557622884e-17,0.0,0.2,1.7943112168681855e-17,0.2,0.0
2006-04-24,0.1364153056347494,1.093959992037874e-16,0.13798857196372918,0.19999999999999993,0.12559612240152154,0.0,5.767955557622884e-17,0.0,0.2,1.7943112168681855e-17,0.2,0.0
2006-04-25,0.1364153056347494,1.093959992037874e-16,0.13798857196372918,0.19999999999999993,0.12559612240152154,0.0,5.767955557622884e-17,0.0,0.2,1.7943112168681855e-17,0.2,0.0
2006-04-26,2.0990154059319366e-16,8.370040771588094e-17,0.19999999999999987,0.2,0.1999999999999992,2.467644144577008e-16,0.0,1.0820337681405334e-16,0.19999999999999984,1.3487475025719675e-16,0.19999999999999993,3.2894693913210205e-16
2006-04-27,2.0990154059319366e-16,8.370040771588094e-17,0.19999999999999987,0.2,0.1999999999999992,2.467644144577008e-16,0.0,1.0820337681405334e-16,0.19999999999999984,1.3487475025719675e-16,0.19999999999999993,3.2894693913210205e-16
2006-04-28,2.0990154059319366e-16,8.370040771588094e-17,0.19999999999999987,0.2,0.1999999999999992,2.467644144577008e-16,0.0,1.0820337681405334e-16,0.19999999999999984,1.3487475025719675e-16,0.19999999999999993,3.2894693913210205e-16
2006-05-01,2.0990154059319366e-16,8.370040771588094e-17,0.19999999999999987,0.2,0.1999999999999992,2.467644144577008e-16,0.0,1.0820337681405334e-16,0.19999999999999984,1.3487475025719675e-16,0.19999999999999993,3.2894693913210205e-16
2006-05-02,2.0990154059319366e-16,8.370040771588094e-17,0.19999999999999987,0.2,0.1999999999999992,2.467644144577008e-16,0.0,1.0820337681405334e-16,0.19999999999999984,1.3487475025719675e-16,0.19999999999999993,3.2894693913210205e-16
2006-05-03,2.0990154059319366e-16,8.370040771588094e-17,0.19999999999999987,0.2,0.1999999999999992,2.467644144577008e-16,0.0,1.0820337681405334e-16,0.19999999999999984,1.3487475025719675e-16,0.19999999999999993,3.2894693913210205e-16
2006-05-04,2.0990154059319366e-16,8.370040771588094e-17,0.19999999999999987,0.2,0.1999999999999992,2.467644144577008e-16,0.0,1.0820337681405334e-16,0.19999999999999984,1.3487475025719675e-16,0.19999999999999993,3.2894693913210205e-16
2006-05-05,2.0990154059319366e-16,8.370040771588094e-17,0.19999999999999987,0.2,0.1999999999999992,2.467644144577008e-16,0.0,1.0820337681405334e-16,0.19999999999999984,1.3487475025719675e-16,0.19999999999999993,3.2894693913210205e-16
2006-05-08,2.0990154059319366e-16,8.370040771588094e-17,0.19999999999999987,0.2,0.1999999999999992,2.467644144577008e-16,0.0,1.0820337681405334e-16,0.19999999999999984,1.3487475025719675e-16,0.19999999999999993,3.2894693913210205e-16
2006-05-09,2.0990154059319366e-16,8.370040771588094e-17,0.19999999999999987,0.2,0.1999999999999992,2.467644144577008e-16,0.0,1.0820337681405334e-16,0.19999999999999984,1.3487475025719675e-16,0.19999999999999993,3.2894693913210205e-16
2006-05-10,2.0990154059319366e-16,8.370040771588094e-17,0.19999999999999987,0.2,0.1999999999999992,2.467644144577008e-16,0.0,1.0820337681405334e-16,0.19999999999999984,1.3487475025719675e-16,0.19999999999999993,3.2894693913210205e-16
2006-05-11,2.0990154059319366e-16,8.370040771588094e-17,0.19999999999999987,0.2,0.1999999999999992,2.467644144577008e-16,0.0,1.0820337681405334e-16,0.19999999999999984,1.3487475025719675e-16,0.19999999999999993,3.2894693913210205e-16
2006-05-12,2.0990154059319366e-16,8.370040771588094e-17,0.19999999999999987,0.2,0.1999999999999992,2.467644144577008e-16,0.0,1.0820337681405334e-16,0.19999999999999984,1.3487475025719675e-16,0.19999999999999993,3.2894693913210205e-16
2006-05-15,2.0990154059319366e-16,8.370040771588094e-17,0.19999999999999987,0.2,0.1999999999999992,2.467644144577008e-16,0.0,1.0820337681405334e-16,0.19999999999999984,1.3487475025719675e-16,0.19999999999999993,3.2894693913210205e-16
2006-05-16,2.0990154059319366e-16,8.370040771588094e-17,0.19999999999999987,0.2,0.1999999999999992,2.467644144577008e-16,0.0,1.0820337681405334e-16,0.19999999999999984,1.3487475025719675e-16,0.19999999999999993,3.2894693913210205e-16
2006-05-17,2.0990154059319366e-16,8.370040771588094e-17,0.19999999999999987,0.2,0.1999999999999992,2.467644144577008e-16,0.0,1.0820337681405334e-16,0.19999999999999984,1.3487475025719675e-16,0.19999999999999993,3.2894693913210205e-16
2006-05-18,2.0990154059319366e-16,8.370040771588094e-17,0.19999999999999987,0.2,0.1999999999999992,2.467644144577008e-16,0.0,1.0820337681405334e-16,0.19999999999999984,1.3487475025719675e-16,0.19999999999999993,3.2894693913210205e-16
2006-05-19,2.0990154059319366e-16,8.370040771588094e-17,0.19999999999999987,0.2,0.1999999999999992,2.467644144577008e-16,0.0,1.0820337681405334e-16,0.19999999999999984,1.3487475025719675e-16,0.19999999999999993,3.2894693913210205e-16
2006-05-22,2.0990154059319366e-16,8.370040771588094e-17,0.19999999999999987,0.2,0.1999999999999992,2.467644144577008e-16,0.0,1.0820337681405334e-16,0.19999999999999984,1.3487475025719675e-16,0.19999999999999993,3.2894693913210205e-16
2006-05-23,2.0990154059319366e-16,8.370040771588094e-17,0.19999999999999987,0.2,0.1999999999999992,2.467644144577008e-16,0.0,1.0820337681405334e-16,0.19999999999999984,1.3487475025719675e-16,0.19999999999999993,3.2894693913210205e-16
2006-05-24,0.0021150648977570964,0.19547917235624107,0.16278409532659022,1.9214627475186227e-17,0.07728941638752784,0.061977699913853525,0.180895874599178,0.0004790507529210017,4.300778325433008e-18,0.19999999999999996,0.10809906201093081,0.010880563755000388
2006-05-25,0.0021150648977570964,0.19547917235624107,0.16278409532659022,1.9214627475186227e-17,0.07728941638752784,0.061977699913853525,0.180895874599178,0.0004790507529210017,4.300778325433008e-18,0.19999999999999996,0.10809906201093081,0.010880563755000388
2006-05-26,0.0021150648977570964,0.19547917235624107,0.16278409532659022,1.9214627475186227e-17,0.07728941638752784,0.061977699913853525,0.180895874599178,0.0004790507529210017,4.300778325433008e-18,0.19999999999999996,0.10809906201093081,0.010880563755000388
2006-05-30,0.0021150648977570964,0.19547917235624107,0.16278409532659022,1.9214627475186227e-17,0.07728941638752784,0.061977699913853525,0.180895874599178,0.0004790507529210017,4.300778325433008e-18,0.19999999999999996,0.10809906201093081,0.010880563755000388
2006-05-31,0.0021150648977570964,0.19547917235624107,0.16278409532659022,1.9214627475186227e-17,0.07728941638752784,0.061977699913853525,0.180895874599178,0.0004790507529210017,4.300778325433008e-18,0.19999999999999996,0.10809906201093081,0.010880563755000388
2006-06-01,0.0,0.1858128312624584,0.16259087979468745,0.0,0.07990310580759827,0.06812342968786471,0.19999999999999996,9.80281413712501e-19,3.516381144305595e-17,0.2,0.10356975344739117,7.627501002955037e-17
2006-06-02,0.0,0.1858128312624584,0.16259087979468745,0.0,0.07990310580759827,0.06812342968786471,0.19999999999999996,9.80281413712501e-19,3.516381144305595e-17,0.2,0.10356975344739117,7.627501002955037e-17
2006-06-05,0.0,0.1858128312624584,0.16259087979468745,0.0,0.07990310580759827,0.06812342968786471,0.19999999999999996,9.80281413712501e-19,3.516381144305595e-17,0.2,0.10356975344739117,7.627501002955037e-17
2006-06-06,0.0,0.1858128312624584,0.16259087979468745,0.0,0.07990310580759827,0.06812342968786471,0.19999999999999996,9.80281413712501e-19,3.516381144305595e-17,0.2,0.10356975344739117,7.627501002955037e-17
2006-06-07,0.0,0.1858128312624584,0.16259087979468745,0.0,0.07990310580759827,0.06812342968786471,0.19999999999999996,9.80281413712501e-19,3.516381144305595e-17,0.2,0.10356975344739117,7.627501002955037e-17
2006-06-08,3.9729308112677705e-16,0.2,0.17359394578901524,3.624993268749157e-17,0.08008773255643557,0.06977266913508748,0.1631395411385174,0.004916525313406291,6.636229848904351e-17,0.19999999999999993,0.10848958606753778,1.7584383130895585e-16
2006-06-09,3.9729308112677705e-16,0.2,0.17359394578901524,3.624993268749157e-17,0.08008773255643557,0.06977266913508748,0.1631395411385174,0.004916525313406291,6.636229848904351e-17,0.19999999999999993,0.10848958606753778,1.7584383130895585e-16
2006-06-12,3.9729308112677705e-16,0.2,0.17359394578901524,3.624993268749157e-17,0.08008773255643557,0.06977266913508748,0.1631395411385174,0.004916525313406291,6.636229848904351e-17,0.19999999999999993,0.10848958606753778,1.7584383130895585e-16
2006-06-13,3.9729308112677705e-16,0.2,0.17359394578901524,3.624993268749157e-17,0.08008773255643557,0.06977266913508748,0.1631395411385174,0.004916525313406291,6.636229848904351e-17,0.19999999999999993,0.10848958606753778,1.7584383130895585e-16
2006-06-14,3.9729308112677705e-16,0.2,0.17359394578901524,3.624993268749157e-17,0.08008773255643557,0.06977266913508748,0.1631395411385174,0.004916525313406291,6.636229848904351e-17,0.19999999999999993,0.10848958606753778,1.7584383130895585e-16
2006-06-15,3.3761696649879813e-17,0.19999999999999998,0.12019361161045405,4.392606274859637e-18,0.09192772856036041,0.07028383452365142,0.19999999999999998,0.021361754319838402,9.616736840439988e-18,0.19999999999999998,0.04557588721102653,0.050657183774669094
2006-06-16,3.3761696649879813e-17,0.19999999999999998,0.12019361161045405,4.392606274859637e-18,0.09192772856036041,0.07028383452365142,0.19999999999999998,0.021361754319838402,9.616736840439988e-18,0.19999999999999998,0.04557588721102653,0.050657183774669094
2006-06-19,3.3761696649879813e-17,0.19999999999999998,0.12019361161045405,4.392606274859637e-18,0.09192772856036041,0.07028383452365142,0.19999999999999998,0.021361754319838402,9.616736840439988e-18,0.19999999999999998,0.04557588721102653,0.050657183774669094
2006-06-20,3.3761696649879813e-17,0.19999999999999998,0.12019361161045405,4.392606274859637e-18,0.09192772856036041,0.07028383452365142,0.19999999999999998,0.021361754319838402,9.616736840439988e-18,0.19999999999999998,0.04557588721102653,0.050657183774669094
2006-06-21,3.3761696649879813e-17,0.19999999999999998,0.12019361161045405,4.392606274859637e-18,0.09192772856036041,0.07028383452365142,0.19999999999999998,0.021361754319838402,9.616736840439988e-18,0.19999999999999998,0.04557588721102653,0.050657183774669094
2006-06-22,3.3761696649879813e-17,0.19999999999999998,0.12019361161045405,4.392606274859637e-18,0.09192772856036041,0.07028383452365142,0.19999999999999998,0.021361754319838402,9.616736840439988e-18,0.19999999999999998,0.04557588721102653,0.050657183774669094
2006-06-23,3.3761696649879813e-17,0.19999999999999998,0.12019361161045405,4.392606274859637e-18,0.09192772856036041,0.07028383452365142,0.19999999999999998,0.021361754319838402,9.616736840439988e-18,0.19999999999999998,0.04557588721102653,0.050657183774669094
2006-06-26,3.3761696649879813e-17,0.19999999999999998,0.12019361161045405,4.392606274859637e-18,0.09192772856036041,0.07028383452365142,0.19999999999999998,0.021361754319838402,9.616736840439988e-18,0.19999999999999998,0.04557588721102653,0.050657183774669094
2006-06-27,3.3761696649879813e-17,0.19999999999999998,0.12019361161045405,4.392606274859637e-18,0.09192772856036041,0.07028383452365142,0.19999999999999998,0.021361754319838402,9.616736840439988e-18,0.19999999999999998,0.04557588721102653,0.050657183774669094
2006-06-28,3.3761696649879813e-17,0.19999999999999998,0.12019361161045405,4.392606274859637e-18,0.09192772856036041,0.07028383452365142,0.19999999999999998,0.021361754319838402,9.616736840439988e-18,0.19999999999999998,0.04557588721102653,0.050657183774669094
2006-06-29,3.3761696649879813e-17,0.19999999999999998,0.12019361161045405,4.392606274859637e-18,0.09192772856036041,0.07028383452365142,0.19999999999999998,0.021361754319838402,9.616736840439988e-18,0.19999999999999998,0.04557588721102653,0.050657183774669094
2006-06-30,3.3761696649879813e-17,0.19999999999999998,0.12019361161045405,4.392606274859637e-18,0.09192772856036041,0.07028383452365142,0.19999999999999998,0.021361754319838402,9.616736840439988e-18,0.19999999999999998,0.04557588721102653,0.050657183774669094
2006-07-03,3.3761696649879813e-17,0.19999999999999998,0.12019361161045405,4.392606274859637e-18,0.09192772856036041,0.07028383452365142,0.19999999999999998,0.021361754319838402,9.616736840439988e-18,0.19999999999999998,0.04557588721102653,0.050657183774669094
2006-07-05,3.3761696649879813e-17,0.19999999999999998,0.12019361161045405,4.392606274859637e-18,0.09192772856036041,0.07028383452365142,0.19999999999999998,0.021361754319838402,9.616736840439988e-18,0.19999999999999998,0.04557588721102653,0.050657183774669094
2006-07-06,3.3761696649879813e-17,0.19999999999999998,0.12019361161045405,4.392606274859637e-18,0.09192772856036041,0.07028383452365142,0.19999999999999998,0.021361754319838402,9.616736840439988e-18,0.19999999999999998,0.04557588721102653,0.050657183774669094
2006-07-07,2.799640327909137e-19,0.2,0.14159043921722486,6.682282036267157e-17,0.08618865423473653,0.05667689056282054,0.19999999936131677,1.5101533300073852e-16,9.690816289963665e-18,0.19999999999999998,0.0987374739948844,0.016806542629016742
2006-07-10,2.799640327909137e-19,0.2,0.14159043921722486,6.682282036267157e-17,0.08618865423473653,0.05667689056282054,0.19999999936131677,1.5101533300073852e-16,9.690816289963665e-18,0.19999999999999998,0.0987374739948844,0.016806542629016742
2006-07-11,2.799640327909137e-19,0.2,0.14159043921722486,6.682282036267157e-17,0.08618865423473653,0.05667689056282054,0.19999999936131677,1.5101533300073852e-16,9.690816289963665e-18,0.19999999999999998,0.0987374739948844,0.016806542629016742
2006-07-12,2.799640327909137e-19,0.2,0.14159043921722486,6.682282036267157e-17,0.08618865423473653,0.05667689056282054,0.19999999936131677,1.5101533300073852e-16,9.690816289963665e-18,0.19999999999999998,0.0987374739948844,0.016806542629016742
2006-07-13,2.799640327909137e-19,0.2,0.14159043921722486,6.682282036267157e-17,0.08618865423473653,0.05667689056282054,0.19999999936131677,1.5101533300073852e-16,9.690816289963665e-18,0.19999999999999998,0.0987374739948844,0.016806542629016742
2006-07-14,1.0111054915265508e-17,0.19999999999999996,0.11578065859291391,9.059640788403795e-20,0.10904682071878875,0.04891348935235512,0.19999999999999998,0.0006977847247047039,0.0,0.2,0.08692851534927024,0.03863273126196745
2006-07-17,1.0111054915265508e-17,0.19999999999999996,0.11578065859291391,9.059640788403795e-20,0.10904682071878875,0.04891348935235512,0.19999999999999998,0.0006977847247047039,0.0,0.2,0.08692851534927024,0.03863273126196745
2006-07-18,1.0111054915265508e-17,0.19999999999999996,0.11578065859291391,9.059640788403795e-20,0.10904682071878875,0.04891348935235512,0.19999999999999998,0.0006977847247047039,0.0,0.2,0.08692851534927024,0.03863273126196745
2006-07-19,1.0111054915265508e-17,0.19999999999999996,0.11578065859291391,9.059640788403795e-20,0.10904682071878875,0.04891348935235512,0.19999999999999998,0.0006977847247047039,0.0,0.2,0.08692851534927024,0.03863273126196745
2006-07-20,1.0111054915265508e-17,0.19999999999999996,0.11578065859291391,9.059640788403795e-20,0.10904682071878875,0.04891348935235512,0.19999999999999998,0.0006977847247047039,0.0,0.2,0.08692851534927024,0.03863273126196745
2006-07-21,9.809670674704595e-19,0.2,0.09974153625052494,1.1470742091635931e-17,0.09315609226162573,0.0427763681060147,0.2,0.009330086864897762,3.925712375328622e-17,0.19999999999999998,0.08341236083420743,0.07158355568272942
2006-07-24,9.809670674704595e-19,0.2,0.09974153625052494,1.1470742091635931e-17,0.09315609226162573,0.0427763681060147,0.2,0.009330086864897762,3.925712375328622e-17,0.19999999999999998,0.08341236083420743,0.07158355568272942
2006-07-25,9.809670674704595e-19,0.2,0.09974153625052494,1.1470742091635931e-17,0.09315609226162573,0.0427763681060147,0.2,0.009330086864897762,3.925712375328622e-17,0.19999999999999998,0.08341236083420743,0.07158355568272942
2006-07-26,9.809670674704595e-19,0.2,0.09974153625052494,1.1470742091635931e-17,0.09315609226162573,0.0427763681060147,0.2,0.009330086864897762,3.925712375328622e-17,0.19999999999999998,0.08341236083420743,0.07158355568272942
2006-07-27,9.809670674704595e-19,0.2,0.09974153625052494,1.1470742091635931e-17,0.09315609226162573,0.0427763681060147,0.2,0.009330086864897762,3.925712375328622e-17,0.19999999999999998,0.08341236083420743,0.07158355568272942
2006-07-28,9.809670674704595e-19,0.2,0.09974153625052494,1.1470742091635931e-17,0.09315609226162573,0.0427763681060147,0.2,0.009330086864897762,3.925712375328622e-17,0.19999999999999998,0.08341236083420743,0.07158355568272942
2006-07-31,9.809670674704595e-19,0.2,0.09974153625052494,1.1470742091635931e-17,0.09315609226162573,0.0427763681060147,0.2,0.009330086864897762,3.925712375328622e-17,0.19999999999999998,0.08341236083420743,0.07158355568272942
2006-08-01,9.809670674704595e-19,0.2,0.09974153625052494,1.1470742091635931e-17,0.09315609226162573,0.0427763681060147,0.2,0.009330086864897762,3.925712375328622e-17,0.19999999999999998,0.08341236083420743,0.07158355568272942
2006-08-02,9.809670674704595e-19,0.2,0.09974153625052494,1.1470742091635931e-17,0.09315609226162573,0.0427763681060147,0.2,0.009330086864897762,3.925712375328622e-17,0.19999999999999998,0.08341236083420743,0.07158355568272942
2006-08-03,9.809670674704595e-19,0.2,0.09974153625052494,1.1470742091635931e-17,0.09315609226162573,0.0427763681060147,0.2,0.009330086864897762,3.925712375328622e-17,0.19999999999999998,0.08341236083420743,0.07158355568272942
2006-08-04,9.809670674704595e-19,0.2,0.09974153625052494,1.1470742091635931e-17,0.09315609226162573,0.0427763681060147,0.2,0.009330086864897762,3.925712375328622e-17,0.19999999999999998,0.08341236083420743,0.07158355568272942
2006-08-07,9.809670674704595e-19,0.2,0.09974153625052494,1.1470742091635931e-17,0.09315609226162573,0.0427763681060147,0.2,0.009330086864897762,3.925712375328622e-17,0.19999999999999998,0.08341236083420743,0.07158355568272942
2006-08-08,9.809670674704595e-19,0.2,0.09974153625052494,1.1470742091635931e-17,0.09315609226162573,0.0427763681060147,0.2,0.009330086864897762,3.925712375328622e-17,0.19999999999999998,0.08341236083420743,0.07158355568272942
2006-08-09,9.809670674704595e-19,0.2,0.09974153625052494,1.1470742091635931e-17,0.09315609226162573,0.0427763681060147,0.2,0.009330086864897762,3.925712375328622e-17,0.19999999999999998,0.08341236083420743,0.07158355568272942
2006-08-10,9.809670674704595e-19,0.2,0.09974153625052494,1.1470742091635931e-17,0.09315609226162573,0.0427763681060147,0.2,0.009330086864897762,3.925712375328622e-17,0.19999999999999998,0.08341236083420743,0.07158355568272942
2006-08-11,0.0,0.0,0.19999999999999968,0.19999999999999998,1.910389236640708e-16,8.298631933178621e-18,3.959506333917062e-16,0.1999999999999999,0.19999999999999987,0.0,0.2,1.8663506938400856e-16
2006-08-14,0.0,0.0,0.19999999999999968,0.19999999999999998,1.910389236640708e-16,8.298631933178621e-18,3.959506333917062e-16,0.1999999999999999,0.19999999999999987,0.0,0.2,1.8663506938400856e-16
2006-08-15,0.0,0.0,0.19999999999999968,0.19999999999999998,1.910389236640708e-16,8.298631933178621e-18,3.959506333917062e-16,0.1999999999999999,0.19999999999999987,0.0,0.2,1.8663506938400856e-16
2006-08-16,0.0,0.0,0.19999999999999968,0.19999999999999998,1.910389236640708e-16,8.298631933178621e-18,3.959506333917062e-16,0.1999999999999999,0.19999999999999987,0.0,0.2,1.8663506938400856e-16
2006-08-17,0.0,0.0,0.19999999999999968,0.19999999999999998,1.910389236640708e-16,8.298631933178621e-18,3.959506333917062e-16,0.1999999999999999,0.19999999999999987,0.0,0.2,1.8663506938400856e-16
2006-08-18,0.0,7.713250862076664e-17,0.19999999999999987,0.2,9.8879238130678e-17,0.0,0.0793379519203911,0.12066204807960905,0.2,0.0,0.2,0.0
2006-08-21,0.0,7.713250862076664e-17,0.19999999999999987,0.2,9.8879238130678e-17,0.0,0.0793379519203911,0.12066204807960905,0.2,0.0,0.2,0.0
2006-08-22,0.0,7.713250862076664e-17,0.19999999999999987,0.2,9.8879238130678e-17,0.0,0.0793379519203911,0.12066204807960905,0.2,0.0,0.2,0.0
2006-08-23,0.0,7.713250862076664e-17,0.19999999999999987,0.2,9.8879238130678e-17,0.0,0.0793379519203911,0.12066204807960905,0.2,0.0,0.2,0.0
2006-08-24,0.0,7.713250862076664e-17,0.19999999999999987,0.2,9.8879238130678e-17,0.0,0.0793379519203911,0.12066204807960905,0.2,0.0,0.2,0.0
2006-08-25,0.0,7.713250862076664e-17,0.19999999999999987,0.2,9.8879238130678e-17,0.0,0.0793379519203911,0.12066204807960905,0.2,0.0,0.2,0.0
2006-08-28,0.0,7.713250862076664e-17,0.19999999999999987,0.2,9.8879238130678e-17,0.0,0.0793379519203911,0.12066204807960905,0.2,0.0,0.2,0.0
2006-08-29,0.0,7.713250862076664e-17,0.19999999999999987,0.2,9.8879238130678e-17,0.0,0.0793379519203911,0.12066204807960905,0.2,0.0,0.2,0.0
2006-08-30,0.0,7.713250862076664e-17,0.19999999999999987,0.2,9.8879238130678e-17,0.0,0.0793379519203911,0.12066204807960905,0.2,0.0,0.2,0.0
2006-08-31,0.0,7.713250862076664e-17,0.19999999999999987,0.2,9.8879238130678e-17,0.0,0.0793379519203911,0.12066204807960905,0.2,0.0,0.2,0.0
2006-09-01,0.0,0.0,0.2,0.2,3.5247909069526495e-18,0.0,0.1999999999999998,1.3704315460216776e-16,0.2,9.853668637807269e-17,0.2,1.1133295587003128e-16
2006-09-05,0.0,0.0,0.2,0.2,3.5247909069526495e-18,0.0,0.1999999999999998,1.3704315460216776e-16,0.2,9.853668637807269e-17,0.2,1.1133295587003128e-16
2006-09-06,0.0,0.0,0.2,0.2,3.5247909069526495e-18,0.0,0.1999999999999998,1.3704315460216776e-16,0.2,9.853668637807269e-17,0.2,1.1133295587003128e-16
2006-09-07,0.0,0.0,0.2,0.2,3.5247909069526495e-18,0.0,0.1999999999999998,1.3704315460216776e-16,0.2,9.853668637807269e-17,0.2,1.1133295587003128e-16
2006-09-08,0.0,0.0,0.2,0.2,3.5247909069526495e-18,0.0,0.1999999999999998,1.3704315460216776e-16,0.2,9.853668637807269e-17,0.2,1.1133295587003128e-16
2006-09-11,0.0,0.0,0.2,0.2,3.5247909069526495e-18,0.0,0.1999999999999998,1.3704315460216776e-16,0.2,9.853668637807269e-17,0.2,1.1133295587003128e-16
2006-09-12,0.0,0.0,0.2,0.2,3.5247909069526495e-18,0.0,0.1999999999999998,1.3704315460216776e-16,0.2,9.853668637807269e-17,0.2,1.1133295587003128e-16
2006-09-13,0.0,0.0,0.2,0.2,3.5247909069526495e-18,0.0,0.1999999999999998,1.3704315460216776e-16,0.2,9.853668637807269e-17,0.2,1.1133295587003128e-16
2006-09-14,0.0,0.0,0.2,0.2,3.5247909069526495e-18,0.0,0.1999999999999998,1.3704315460216776e-16,0.2,9.853668637807269e-17,0.2,1.1133295587003128e-16
2006-09-15,0.0,0.0,0.2,0.2,3.5247909069526495e-18,0.0,0.1999999999999998,1.3704315460216776e-16,0.2,9.853668637807269e-17,0.2,1.1133295587003128e-16
2006-09-18,4.014006004652332e-17,0.0,0.2,8.514563978758409e-17,0.19999999999999993,7.181461404510126e-17,0.2,0.0,0.2,0.0,0.19999999999999987,0.0
2006-09-19,4.014006004652332e-17,0.0,0.2,8.514563978758409e-17,0.19999999999999993,7.181461404510126e-17,0.2,0.0,0.2,0.0,0.19999999999999987,0.0
2006-09-20,4.014006004652332e-17,0.0,0.2,8.514563978758409e-17,0.19999999999999993,7.181461404510126e-17,0.2,0.0,0.2,0.0,0.19999999999999987,0.0
2006-09-21,4.014006004652332e-17,0.0,0.2,8.514563978758409e-17,0.19999999999999993,7.181461404510126e-17,0.2,0.0,0.2,0.0,0.19999999999999987,0.0
2006-09-22,4.014006004652332e-17,0.0,0.2,8.514563978758409e-17,0.19999999999999993,7.181461404510126e-17,0.2,0.0,0.2,0.0,0.19999999999999987,0.0
2006-09-25,4.014006004652332e-17,0.0,0.2,8.514563978758409e-17,0.19999999999999993,7.181461404510126e-17,0.2,0.0,0.2,0.0,0.19999999999999987,0.0
2006-09-26,4.014006004652332e-17,0.0,0.2,8.514563978758409e-17,0.19999999999999993,7.181461404510126e-17,0.2,0.0,0.2,0.0,0.19999999999999987,0.0
2006-09-27,4.014006004652332e-17,0.0,0.2,8.514563978758409e-17,0.19999999999999993,7.181461404510126e-17,0.2,0.0,0.2,0.0,0.19999999999999987,0.0
2006-09-28,4.014006004652332e-17,0.0,0.2,8.514563978758409e-17,0.19999999999999993,7.181461404510126e-17,0.2,0.0,0.2,0.0,0.19999999999999987,0.0
2006-09-29,4.014006004652332e-17,0.0,0.2,8.514563978758409e-17,0.19999999999999993,7.181461404510126e-17,0.2,0.0,0.2,0.0,0.19999999999999987,0.0
2006-10-02,4.014006004652332e-17,0.0,0.2,8.514563978758409e-17,0.19999999999999993,7.181461404510126e-17,0.2,0.0,0.2,0.0,0.19999999999999987,0.0
2006-10-03,4.014006004652332e-17,0.0,0.2,8.514563978758409e-17,0.19999999999999993,7.181461404510126e-17,0.2,0.0,0.2,0.0,0.19999999999999987,0.0
2006-10-04,4.014006004652332e-17,0.0,0.2,8.514563978758409e-17,0.19999999999999993,7.181461404510126e-17,0.2,0.0,0.2,0.0,0.19999999999999987,0.0
2006-10-05,4.014006004652332e-17,0.0,0.2,8.514563978758409e-17,0.19999999999999993,7.181461404510126e-17,0.2,0.0,0.2,0.0,0.19999999999999987,0.0
2006-10-06,4.014006004652332e-17,0.0,0.2,8.514563978758409e-17,0.19999999999999993,7.181461404510126e-17,0.2,0.0,0.2,0.0,0.19999999999999987,0.0
2006-10-09,6.787157224192827e-17,1.6636122101758413e-16,0.19999999999999993,0.0,0.2,0.11031117526128911,0.0,0.0,0.19999999999999987,0.0,0.19999999999999968,0.08968882473871137
2006-10-10,6.787157224192827e-17,1.6636122101758413e-16,0.19999999999999993,0.0,0.2,0.11031117526128911,0.0,0.0,0.19999999999999987,0.0,0.19999999999999968,0.08968882473871137
2006-10-11,6.787157224192827e-17,1.6636122101758413e-16,0.19999999999999993,0.0,0.2,0.11031117526128911,0.0,0.0,0.19999999999999987,0.0,0.19999999999999968,0.08968882473871137
2006-10-12,6.787157224192827e-17,1.6636122101758413e-16,0.19999999999999993,0.0,0.2,0.11031117526128911,0.0,0.0,0.19999999999999987,0.0,0.19999999999999968,0.08968882473871137
2006-10-13,6.787157224192827e-17,1.6636122101758413e-16,0.19999999999999993,0.0,0.2,0.11031117526128911,0.0,0.0,0.19999999999999987,0.0,0.19999999999999968,0.08968882473871137
2006-10-16,2.0381401420874854e-16,1.6827580966779797e-18,0.2,0.0,0.2,0.1999999999999999,0.0,0.0,0.19999999999999996,9.338531095308482e-17,0.2,0.0
2006-10-17,2.0381401420874854e-16,1.6827580966779797e-18,0.2,0.0,0.2,0.1999999999999999,0.0,0.0,0.19999999999999996,9.338531095308482e-17,0.2,0.0
2006-10-18,2.0381401420874854e-16,1.6827580966779797e-18,0.2,0.0,0.2,0.1999999999999999,0.0,0.0,0.19999999999999996,9.338531095308482e-17,0.2,0.0
2006-10-19,2.0381401420874854e-16,1.6827580966779797e-18,0.2,0.0,0.2,0.1999999999999999,0.0,0.0,0.19999999999999996,9.338531095308482e-17,0.2,0.0
2006-10-20,2.0381401420874854e-16,1.6827580966779797e-18,0.2,0.0,0.2,0.1999999999999999,0.0,0.0,0.19999999999999996,9.338531095308482e-17,0.2,0.0
2006-10-23,1.9524946136484041e-16,2.373412773889687e-16,0.2,0.19999999999999993,0.0,8.118144203361611e-17,1.9281834803429342e-16,0.1999999999999999,0.19999999999999962,8.095464506924457e-17,0.19999999999999982,2.937896949014857e-17
2006-10-24,1.9524946136484041e-16,2.373412773889687e-16,0.2,0.19999999999999993,0.0,8.118144203361611e-17,1.9281834803429342e-16,0.1999999999999999,0.19999999999999962,8.095464506924457e-17,0.19999999999999982,2.937896949014857e-17
2006-10-25,1.9524946136484041e-16,2.373412773889687e-16,0.2,0.19999999999999993,0.0,8.118144203361611e-17,1.9281834803429342e-16,0.1999999999999999,0.19999999999999962,8.095464506924457e-17,0.19999999999999982,2.937896949014857e-17
2006-10-26,1.9524946136484041e-16,2.373412773889687e-16,0.2,0.19999999999999993,0.0,8.118144203361611e-17,1.9281834803429342e-16,0.1999999999999999,0.19999999999999962,8.095464506924457e-17,0.19999999999999982,2.937896949014857e-17
2006-10-27,1.9524946136484041e-16,2.373412773889687e-16,0.2,0.19999999999999993,0.0,8.118144203361611e-17,1.9281834803429342e-16,0.1999999999999999,0.19999999999999962,8.095464506924457e-17,0.19999999999999982,2.937896949014857e-17
2006-10-30,1.9524946136484041e-16,2.373412773889687e-16,0.2,0.19999999999999993,0.0,8.118144203361611e-17,1.9281834803429342e-16,0.1999999999999999,0.19999999999999962,8.095464506924457e-17,0.19999999999999982,2.937896949014857e-17
2006-10-31,1.9524946136484041e-16,2.373412773889687e-16,0.2,0.19999999999999993,0.0,8.118144203361611e-17,1.9281834803429342e-16,0.1999999999999999,0.19999999999999962,8.095464506924457e-17,0.19999999999999982,2.937896949014857e-17
2006-11-01,1.9524946136484041e-16,2.373412773889687e-16,0.2,0.19999999999999993,0.0,8.118144203361611e-17,1.9281834803429342e-16,0.1999999999999999,0.19999999999999962,8.095464506924457e-17,0.19999999999999982,2.937896949014857e-17
2006-11-02,1.9524946136484041e-16,2.373412773889687e-16,0.2,0.19999999999999993,0.0,8.118144203361611e-17,1.9281834803429342e-16,0.1999999999999999,0.19999999999999962,8.095464506924457e-17,0.19999999999999982,2.937896949014857e-17
2006-11-03,1.9524946136484041e-16,2.373412773889687e-16,0.2,0.19999999999999993,0.0,8.118144203361611e-17,1.9281834803429342e-16,0.1999999999999999,0.19999999999999962,8.095464506924457e-17,0.19999999999999982,2.937896949014857e-17
2006-11-06,1.532375511988157e-16,0.0,0.2,0.10495747199031628,0.09504252800968462,0.0,2.0285019522979135e-17,0.19999999999999993,0.19999999999999982,0.0,0.2,0.0
2006-11-07,1.532375511988157e-16,0.0,0.2,0.10495747199031628,0.09504252800968462,0.0,2.0285019522979135e-17,0.19999999999999993,0.19999999999999982,0.0,0.2,0.0
2006-11-08,1.532375511988157e-16,0.0,0.2,0.10495747199031628,0.09504252800968462,0.0,2.0285019522979135e-17,0.19999999999999993,0.19999999999999982,0.0,0.2,0.0
2006-11-09,1.532375511988157e-16,0.0,0.2,0.10495747199031628,0.09504252800968462,0.0,2.0285019522979135e-17,0.19999999999999993,0.19999999999999982,0.0,0.2,0.0
2006-11-10,1.532375511988157e-16,0.0,0.2,0.10495747199031628,0.09504252800968462,0.0,2.0285019522979135e-17,0.19999999999999993,0.19999999999999982,0.0,0.2,0.0
2006-11-13,2.710836740848554e-16,1.9889463547567506e-16,0.19999999999999993,0.19999999999999984,0.0,0.0,2.384686125580655e-16,0.19999999999999998,0.2,3.741068770575183e-17,0.19999999999999987,1.6558126010344916e-16
2006-11-14,2.710836740848554e-16,1.9889463547567506e-16,0.19999999999999993,0.19999999999999984,0.0,0.0,2.384686125580655e-16,0.19999999999999998,0.2,3.741068770575183e-17,0.19999999999999987,1.6558126010344916e-16
2006-11-15,2.710836740848554e-16,1.9889463547567506e-16,0.19999999999999993,0.19999999999999984,0.0,0.0,2.384686125580655e-16,0.19999999999999998,0.2,3.741068770575183e-17,0.19999999999999987,1.6558126010344916e-16
2006-11-16,2.710836740848554e-16,1.9889463547567506e-16,0.19999999999999993,0.19999999999999984,0.0,0.0,2.384686125580655e-16,0.19999999999999998,0.2,3.741068770575183e-17,0.19999999999999987,1.6558126010344916e-16
2006-11-17,2.710836740848554e-16,1.9889463547567506e-16,0.19999999999999993,0.19999999999999984,0.0,0.0,2.384686125580655e-16,0.19999999999999998,0.2,3.741068770575183e-17,0.19999999999999987,1.6558126010344916e-16
2006-11-20,0.0,0.0,0.17246215487035588,0.10947522981821865,3.469446951953614e-17,0.118062615311425,0.0,0.2,0.2,1.2143042796045033e-17,0.2,0.0
2006-11-21,0.0,0.0,0.17246215487035588,0.10947522981821865,3.469446951953614e-17,0.118062615311425,0.0,0.2,0.2,1.2143042796045033e-17,0.2,0.0
2006-11-22,0.0,0.0,0.17246215487035588,0.10947522981821865,3.469446951953614e-17,0.118062615311425,0.0,0.2,0.2,1.2143042796045033e-17,0.2,0.0
2006-11-24,0.0,0.0,0.17246215487035588,0.10947522981821865,3.469446951953614e-17,0.118062615311425,0.0,0.2,0.2,1.2143042796045033e-17,0.2,0.0
2006-11-27,0.0,0.0,0.17246215487035588,0.10947522981821865,3.469446951953614e-17,0.118062615311425,0.0,0.2,0.2,1.2143042796045033e-17,0.2,0.0
2006-11-28,0.0,0.0,0.0810608936923145,0.19999999999999998,0.05594142537513609,0.06299768093254969,0.0,0.19999999999999982,0.2,1.1510249460103536e-17,0.2,0.0
2006-11-29,0.0,0.0,0.0810608936923145,0.19999999999999998,0.05594142537513609,0.06299768093254969,0.0,0.19999999999999982,0.2,1.1510249460103536e-17,0.2,0.0
2006-11-30,0.0,0.0,0.0810608936923145,0.19999999999999998,0.05594142537513609,0.06299768093254969,0.0,0.19999999999999982,0.2,1.1510249460103536e-17,0.2,0.0
2006-12-01,0.0,0.0,0.0810608936923145,0.19999999999999998,0.05594142537513609,0.06299768093254969,0.0,0.19999999999999982,0.2,1.1510249460103536e-17,0.2,0.0
2006-12-04,0.0,0.0,0.0810608936923145,0.19999999999999998,0.05594142537513609,0.06299768093254969,0.0,0.19999999999999982,0.2,1.1510249460103536e-17,0.2,0.0
2006-12-05,0.0,0.0,0.07414407232461619,0.2,0.0,0.125855927675384,0.0,0.2,0.2,0.0,0.2,0.0
2006-12-06,0.0,0.0,0.07414407232461619,0.2,0.0,0.125855927675384,0.0,0.2,0.2,0.0,0.2,0.0
2006-12-07,0.0,0.0,0.07414407232461619,0.2,0.0,0.125855927675384,0.0,0.2,0.2,0.0,0.2,0.0
2006-12-08,0.0,0.0,0.07414407232461619,0.2,0.0,0.125855927675384,0.0,0.2,0.2,0.0,0.2,0.0
2006-12-11,0.0,0.0,0.07414407232461619,0.2,0.0,0.125855927675384,0.0,0.2,0.2,0.0,0.2,0.0
2006-12-12,9.219043759497318e-17,1.1331126605270888e-16,0.06454700994728294,0.19999999999999984,0.05472968344651263,0.08072330660620458,5.2583805365546965e-18,0.19999999999999987,0.19999999999999982,1.508604959569485e-16,0.19999999999999996,7.216685397349377e-17
2006-12-13,9.219043759497318e-17,1.1331126605270888e-16,0.06454700994728294,0.19999999999999984,0.05472968344651263,0.08072330660620458,5.2583805365546965e-18,0.19999999999999987,0.19999999999999982,1.508604959569485e-16,0.19999999999999996,7.216685397349377e-17
2006-12-14,9.219043759497318e-17,1.1331126605270888e-16,0.06454700994728294,0.19999999999999984,0.05472968344651263,0.08072330660620458,5.2583805365546965e-18,0.19999999999999987,0.19999999999999982,1.508604959569485e-16,0.19999999999999996,7.216685397349377e-17
2006-12-15,9.219043759497318e-17,1.1331126605270888e-16,0.06454700994728294,0.19999999999999984,0.05472968344651263,0.08072330660620458,5.2583805365546965e-18,0.19999999999999987,0.19999999999999982,1.508604959569485e-16,0.19999999999999996,7.216685397349377e-17
2006-12-18,9.219043759497318e-17,1.1331126605270888e-16,0.06454700994728294,0.19999999999999984,0.05472968344651263,0.08072330660620458,5.2583805365546965e-18,0.19999999999999987,0.19999999999999982,1.508604959569485e-16,0.19999999999999996,7.216685397349377e-17
2006-12-19,0.0,1.3735915958804178e-16,0.2,0.2,0.0,0.0,0.0,0.2,0.2,3.962522799493223e-17,0.19999999999999993,0.0
2006-12-20,0.0,1.3735915958804178e-16,0.2,0.2,0.0,0.0,0.0,0.2,0.2,3.962522799493223e-17,0.19999999999999993,0.0
2006-12-21,0.0,1.3735915958804178e-16,0.2,0.2,0.0,0.0,0.0,0.2,0.2,3.962522799493223e-17,0.19999999999999993,0.0
2006-12-22,0.0,1.3735915958804178e-16,0.2,0.2,0.0,0.0,0.0,0.2,0.2,3.962522799493223e-17,0.19999999999999993,0.0
2006-12-26,0.0,1.3735915958804178e-16,0.2,0.2,0.0,0.0,0.0,0.2,0.2,3.962522799493223e-17,0.19999999999999993,0.0
2006-12-27,1.6814475003583552e-17,1.8424187337106957e-16,0.10839649094638383,0.2,1.1046371087734542e-16,0.09160350905361678,0.0,0.19999999999999998,0.2,1.428765038557025e-16,0.19999999999999948,0.0
2006-12-28,1.6814475003583552e-17,1.8424187337106957e-16,0.10839649094638383,0.2,1.1046371087734542e-16,0.09160350905361678,0.0,0.19999999999999998,0.2,1.428765038557025e-16,0.19999999999999948,0.0
2006-12-29,1.6814475003583552e-17,1.8424187337106957e-16,0.10839649094638383,0.2,1.1046371087734542e-16,0.09160350905361678,0.0,0.19999999999999998,0.2,1.428765038557025e-16,0.19999999999999948,0.0
2007-01-03,1.6814475003583552e-17,1.8424187337106957e-16,0.10839649094638383,0.2,1.1046371087734542e-16,0.09160350905361678,0.0,0.19999999999999998,0.2,1.428765038557025e-16,0.19999999999999948,0.0
2007-01-04,1.6814475003583552e-17,1.8424187337106957e-16,0.10839649094638383,0.2,1.1046371087734542e-16,0.09160350905361678,0.0,0.19999999999999998,0.2,1.428765038557025e-16,0.19999999999999948,0.0
2007-01-05,4.578844896336144e-17,0.0,0.2,6.938893903907228e-17,8.095230391703355e-18,0.1999999999999999,5.190748895809931e-17,0.1999999999999999,0.19999999999999987,0.0,0.2,1.8263516712023107e-16
2007-01-08,4.578844896336144e-17,0.0,0.2,6.938893903907228e-17,8.095230391703355e-18,0.1999999999999999,5.190748895809931e-17,0.1999999999999999,0.19999999999999987,0.0,0.2,1.8263516712023107e-16
2007-01-09,4.578844896336144e-17,0.0,0.2,6.938893903907228e-17,8.095230391703355e-18,0.1999999999999999,5.190748895809931e-17,0.1999999999999999,0.19999999999999987,0.0,0.2,1.8263516712023107e-16
2007-01-10,4.578844896336144e-17,0.0,0.2,6.938893903907228e-17,8.095230391703355e-18,0.1999999999999999,5.190748895809931e-17,0.1999999999999999,0.19999999999999987,0.0,0.2,1.8263516712023107e-16
2007-01-11,4.578844896336144e-17,0.0,0.2,6.938893903907228e-17,8.095230391703355e-18,0.1999999999999999,5.190748895809931e-17,0.1999999999999999,0.19999999999999987,0.0,0.2,1.8263516712023107e-16
2007-01-12,2.619715652109131e-16,0.0,0.17995386730718096,0.0,2.706168622523819e-16,0.19999999999999976,0.1349666046009968,0.1999999999999998,0.1533574237914371,0.0,0.13172210430038528,2.5430711613027094e-16
2007-01-16,2.619715652109131e-16,0.0,0.17995386730718096,0.0,2.706168622523819e-16,0.19999999999999976,0.1349666046009968,0.1999999999999998,0.1533574237914371,0.0,0.13172210430038528,2.5430711613027094e-16
2007-01-17,2.619715652109131e-16,0.0,0.17995386730718096,0.0,2.706168622523819e-16,0.19999999999999976,0.1349666046009968,0.1999999999999998,0.1533574237914371,0.0,0.13172210430038528,2.5430711613027094e-16
2007-01-18,2.619715652109131e-16,0.0,0.17995386730718096,0.0,2.706168622523819e-16,0.19999999999999976,0.1349666046009968,0.1999999999999998,0.1533574237914371,0.0,0.13172210430038528,2.5430711613027094e-16
2007-01-19,2.619715652109131e-16,0.0,0.17995386730718096,0.0,2.706168622523819e-16,0.19999999999999976,0.1349666046009968,0.1999999999999998,0.1533574237914371,0.0,0.13172210430038528,2.5430711613027094e-16
2007-01-22,1.3929260140184573e-16,1.216610540910328e-16,0.19999999999999996,0.0,0.15080687493913,0.19999999999999996,0.07326420404524545,0.0,0.2,0.0,0.17592892101562446,3.788704740736668e-18
2007-01-23,1.3929260140184573e-16,1.216610540910328e-16,0.19999999999999996,0.0,0.15080687493913,0.19999999999999996,0.07326420404524545,0.0,0.2,0.0,0.17592892101562446,3.788704740736668e-18
2007-01-24,1.3929260140184573e-16,1.216610540910328e-16,0.19999999999999996,0.0,0.15080687493913,0.19999999999999996,0.07326420404524545,0.0,0.2,0.0,0.17592892101562446,3.788704740736668e-18
2007-01-25,1.3929260140184573e-16,1.216610540910328e-16,0.19999999999999996,0.0,0.15080687493913,0.19999999999999996,0.07326420404524545,0.0,0.2,0.0,0.17592892101562446,3.788704740736668e-18
2007-01-26,1.3929260140184573e-16,1.216610540910328e-16,0.19999999999999996,0.0,0.15080687493913,0.19999999999999996,0.07326420404524545,0.0,0.2,0.0,0.17592892101562446,3.788704740736668e-18
2007-01-29,1.1527491936513522e-16,0.0,0.2,0.0,0.03670204737990584,0.2,0.14166424080864776,0.02163371181144656,0.2,0.0,0.19999999999999982,1.5594969302410484e-16
2007-01-30,1.1527491936513522e-16,0.0,0.2,0.0,0.03670204737990584,0.2,0.14166424080864776,0.02163371181144656,0.2,0.0,0.19999999999999982,1.5594969302410484e-16
2007-01-31,1.1527491936513522e-16,0.0,0.2,0.0,0.03670204737990584,0.2,0.14166424080864776,0.02163371181144656,0.2,0.0,0.19999999999999982,1.5594969302410484e-16
2007-02-01,1.1527491936513522e-16,0.0,0.2,0.0,0.03670204737990584,0.2,0.14166424080864776,0.02163371181144656,0.2,0.0,0.19999999999999982,1.5594969302410484e-16
2007-02-02,1.1527491936513522e-16,0.0,0.2,0.0,0.03670204737990584,0.2,0.14166424080864776,0.02163371181144656,0.2,0.0,0.19999999999999982,1.5594969302410484e-16
2007-02-05,5.449131506678206e-17,2.1032922284263296e-16,0.2,8.53100310799485e-17,0.06925299411582535,0.2,0.13074700588417457,0.19999999999999996,0.19999999999999968,2.168271549761219e-16,0.0,1.899433783773122e-16
2007-02-06,5.449131506678206e-17,2.1032922284263296e-16,0.2,8.53100310799485e-17,0.06925299411582535,0.2,0.13074700588417457,0.19999999999999996,0.19999999999999968,2.168271549761219e-16,0.0,1.899433783773122e-16
2007-02-07,5.449131506678206e-17,2.1032922284263296e-16,0.2,8.53100310799485e-17,0.06925299411582535,0.2,0.13074700588417457,0.19999999999999996,0.19999999999999968,2.168271549761219e-16,0.0,1.899433783773122e-16
2007-02-08,5.449131506678206e-17,2.1032922284263296e-16,0.2,8.53100310799485e-17,0.06925299411582535,0.2,0.13074700588417457,0.19999999999999996,0.19999999999999968,2.168271549761219e-16,0.0,1.899433783773122e-16
2007-02-09,5.449131506678206e-17,2.1032922284263296e-16,0.2,8.53100310799485e-17,0.06925299411582535,0.2,0.13074700588417457,0.19999999999999996,0.19999999999999968,2.168271549761219e-16,0.0,1.899433783773122e-16
2007-02-12,0.0,8.059547757092276e-17,0.2,9.601234668091701e-17,0.0,0.19999999999999998,0.0,0.2,0.2,0.0,0.2,0.0
2007-02-13,0.0,8.059547757092276e-17,0.2,9.601234668091701e-17,0.0,0.19999999999999998,0.0,0.2,0.2,0.0,0.2,0.0
2007-02-14,0.0,8.059547757092276e-17,0.2,9.601234668091701e-17,0.0,0.19999999999999998,0.0,0.2,0.2,0.0,0.2,0.0
2007-02-15,0.0,8.059547757092276e-17,0.2,9.601234668091701e-17,0.0,0.19999999999999998,0.0,0.2,0.2,0.0,0.2,0.0
2007-02-16,0.0,8.059547757092276e-17,0.2,9.601234668091701e-17,0.0,0.19999999999999998,0.0,0.2,0.2,0.0,0.2,0.0
2007-02-20,0.0,8.059547757092276e-17,0.2,9.601234668091701e-17,0.0,0.19999999999999998,0.0,0.2,0.2,0.0,0.2,0.0
2007-02-21,0.0,8.059547757092276e-17,0.2,9.601234668091701e-17,0.0,0.19999999999999998,0.0,0.2,0.2,0.0,0.2,0.0
2007-02-22,0.0,8.059547757092276e-17,0.2,9.601234668091701e-17,0.0,0.19999999999999998,0.0,0.2,0.2,0.0,0.2,0.0
2007-02-23,0.0,8.059547757092276e-17,0.2,9.601234668091701e-17,0.0,0.19999999999999998,0.0,0.2,0.2,0.0,0.2,0.0
2007-02-26,0.0,8.059547757092276e-17,0.2,9.601234668091701e-17,0.0,0.19999999999999998,0.0,0.2,0.2,0.0,0.2,0.0
2007-02-27,0.0,0.0,0.09994875888047168,0.10005124111952818,0.0,0.2,0.0,0.2,0.2,3.4095491171994106e-17,0.2,0.0
2007-02-28,0.0,0.0,0.09994875888047168,0.10005124111952818,0.0,0.2,0.0,0.2,0.2,3.4095491171994106e-17,0.2,0.0
2007-03-01,0.0,0.0,0.09994875888047168,0.10005124111952818,0.0,0.2,0.0,0.2,0.2,3.4095491171994106e-17,0.2,0.0
2007-03-02,0.0,0.0,0.09994875888047168,0.10005124111952818,0.0,0.2,0.0,0.2,0.2,3.4095491171994106e-17,0.2,0.0
2007-03-05,0.0,0.0,0.09994875888047168,0.10005124111952818,0.0,0.2,0.0,0.2,0.2,3.4095491171994106e-17,0.2,0.0
2007-03-06,2.485984198469854e-22,0.2,8.918951925200995e-17,5.7988093995269676e-18,6.686735437819865e-18,0.16536279535826864,0.2,0.14931001149915193,2.7339932593605508e-18,0.2,0.08532719314257932,2.720726093838548e-16
2007-03-07,2.485984198469854e-22,0.2,8.918951925200995e-17,5.7988093995269676e-18,6.686735437819865e-18,0.16536279535826864,0.2,0.14931001149915193,2.7339932593605508e-18,0.2,0.08532719314257932,2.720726093838548e-16
2007-03-08,2.485984198469854e-22,0.2,8.918951925200995e-17,5.7988093995269676e-18,6.686735437819865e-18,0.16536279535826864,0.2,0.14931001149915193,2.7339932593605508e-18,0.2,0.08532719314257932,2.720726093838548e-16
2007-03-09,2.485984198469854e-22,0.2,8.918951925200995e-17,5.7988093995269676e-18,6.686735437819865e-18,0.16536279535826864,0.2,0.14931001149915193,2.7339932593605508e-18,0.2,0.08532719314257932,2.720726093838548e-16
2007-03-12,2.485984198469854e-22,0.2,8.918951925200995e-17,5.7988093995269676e-18,6.686735437819865e-18,0.16536279535826864,0.2,0.14931001149915193,2.7339932593605508e-18,0.2,0.08532719314257932,2.720726093838548e-16
2007-03-13,2.485984198469854e-22,0.2,8.918951925200995e-17,5.7988093995269676e-18,6.686735437819865e-18,0.16536279535826864,0.2,0.14931001149915193,2.7339932593605508e-18,0.2,0.08532719314257932,2.720726093838548e-16
2007-03-14,2.485984198469854e-22,0.2,8.918951925200995e-17,5.7988093995269676e-18,6.686735437819865e-18,0.16536279535826864,0.2,0.14931001149915193,2.7339932593605508e-18,0.2,0.08532719314257932,2.720726093838548e-16
2007-03-15,2.485984198469854e-22,0.2,8.918951925200995e-17,5.7988093995269676e-18,6.686735437819865e-18,0.16536279535826864,0.2,0.14931001149915193,2.7339932593605508e-18,0.2,0.08532719314257932,2.720726093838548e-16
2007-03-16,2.485984198469854e-22,0.2,8.918951925200995e-17,5.7988093995269676e-18,6.686735437819865e-18,0.16536279535826864,0.2,0.14931001149915193,2.7339932593605508e-18,0.2,0.08532719314257932,2.720726093838548e-16
2007-03-19,2.485984198469854e-22,0.2,8.918951925200995e-17,5.7988093995269676e-18,6.686735437819865e-18,0.16536279535826864,0.2,0.14931001149915193,2.7339932593605508e-18,0.2,0.08532719314257932,2.720726093838548e-16
2007-03-20,2.485984198469854e-22,0.2,8.918951925200995e-17,5.7988093995269676e-18,6.686735437819865e-18,0.16536279535826864,0.2,0.14931001149915193,2.7339932593605508e-18,0.2,0.08532719314257932,2.720726093838548e-16
2007-03-21,2.485984198469854e-22,0.2,8.918951925200995e-17,5.7988093995269676e-18,6.686735437819865e-18,0.16536279535826864,0.2,0.14931001149915193,2.7339932593605508e-18,0.2,0.08532719314257932,2.720726093838548e-16
2007-03-22,2.485984198469854e-22,0.2,8.918951925200995e-17,5.7988093995269676e-18,6.686735437819865e-18,0.16536279535826864,0.2,0.14931001149915193,2.7339932593605508e-18,0.2,0.08532719314257932,2.720726093838548e-16
2007-03-23,2.485984198469854e-22,0.2,8.918951925200995e-17,5.7988093995269676e-18,6.686735437819865e-18,0.16536279535826864,0.2,0.14931001149915193,2.7339932593605508e-18,0.2,0.08532719314257932,2.720726093838548e-16
2007-03-26,2.485984198469854e-22,0.2,8.918951925200995e-17,5.7988093995269676e-18,6.686735437819865e-18,0.16536279535826864,0.2,0.14931001149915193,2.7339932593605508e-18,0.2,0.08532719314257932,2.720726093838548e-16
2007-03-27,2.485984198469854e-22,0.2,8.918951925200995e-17,5.7988093995269676e-18,6.686735437819865e-18,0.16536279535826864,0.2,0.14931001149915193,2.7339932593605508e-18,0.2,0.08532719314257932,2.720726093838548e-16
2007-03-28,2.485984198469854e-22,0.2,8.918951925200995e-17,5.7988093995269676e-18,6.686735437819865e-18,0.16536279535826864,0.2,0.14931001149915193,2.7339932593605508e-18,0.2,0.08532719314257932,2.720726093838548e-16
2007-03-29,2.485984198469854e-22,0.2,8.918951925200995e-17,5.7988093995269676e-18,6.686735437819865e-18,0.16536279535826864,0.2,0.14931001149915193,2.7339932593605508e-18,0.2,0.08532719314257932,2.720726093838548e-16
2007-03-30,2.485984198469854e-22,0.2,8.918951925200995e-17,5.7988093995269676e-18,6.686735437819865e-18,0.16536279535826864,0.2,0.14931001149915193,2.7339932593605508e-18,0.2,0.08532719314257932,2.720726093838548e-16
2007-04-02,2.485984198469854e-22,0.2,8.918951925200995e-17,5.7988093995269676e-18,6.686735437819865e-18,0.16536279535826864,0.2,0.14931001149915193,2.7339932593605508e-18,0.2,0.08532719314257932,2.720726093838548e-16
2007-04-03,2.485984198469854e-22,0.2,8.918951925200995e-17,5.7988093995269676e-18,6.686735437819865e-18,0.16536279535826864,0.2,0.14931001149915193,2.7339932593605508e-18,0.2,0.08532719314257932,2.720726093838548e-16
2007-04-04,2.485984198469854e-22,0.2,8.918951925200995e-17,5.7988093995269676e-18,6.686735437819865e-18,0.16536279535826864,0.2,0.14931001149915193,2.7339932593605508e-18,0.2,0.08532719314257932,2.720726093838548e-16
2007-04-05,2.485984198469854e-22,0.2,8.918951925200995e-17,5.7988093995269676e-18,6.686735437819865e-18,0.16536279535826864,0.2,0.14931001149915193,2.7339932593605508e-18,0.2,0.08532719314257932,2.720726093838548e-16
2007-04-09,2.485984198469854e-22,0.2,8.918951925200995e-17,5.7988093995269676e-18,6.686735437819865e-18,0.16536279535826864,0.2,0.14931001149915193,2.7339932593605508e-18,0.2,0.08532719314257932,2.720726093838548e-16
2007-04-10,2.485984198469854e-22,0.2,8.918951925200995e-17,5.7988093995269676e-18,6.686735437819865e-18,0.16536279535826864,0.2,0.14931001149915193,2.7339932593605508e-18,0.2,0.08532719314257932,2.720726093838548e-16
2007-04-11,2.485984198469854e-22,0.2,8.918951925200995e-17,5.7988093995269676e-18,6.686735437819865e-18,0.16536279535826864,0.2,0.14931001149915193,2.7339932593605508e-18,0.2,0.08532719314257932,2.720726093838548e-16
2007-04-12,2.485984198469854e-22,0.2,8.918951925200995e-17,5.7988093995269676e-18,6.686735437819865e-18,0.16536279535826864,0.2,0.14931001149915193,2.7339932593605508e-18,0.2,0.08532719314257932,2.720726093838548e-16
2007-04-13,2.485984198469854e-22,0.2,8.918951925200995e-17,5.7988093995269676e-18,6.686735437819865e-18,0.16536279535826864,0.2,0.14931001149915193,2.7339932593605508e-18,0.2,0.08532719314257932,2.720726093838548e-16
2007-04-16,2.485984198469854e-22,0.2,8.918951925200995e-17,5.7988093995269676e-18,6.686735437819865e-18,0.16536279535826864,0.2,0.14931001149915193,2.7339932593605508e-18,0.2,0.08532719314257932,2.720726093838548e-16
2007-04-17,2.485984198469854e-22,0.2,8.918951925200995e-17,5.7988093995269676e-18,6.686735437819865e-18,0.16536279535826864,0.2,0.14931001149915193,2.7339932593605508e-18,0.2,0.08532719314257932,2.720726093838548e-16
2007-04-18,4.655833461794206e-21,0.19999999999999993,1.0488778011899758e-16,6.811502935805297e-20,7.899725732067855e-22,0.14964588905798723,0.15039799051680378,0.19999999999999998,1.8139131749588012e-17,0.2,0.04666389272744689,0.0532922276977623
2007-04-19,4.655833461794206e-21,0.19999999999999993,1.0488778011899758e-16,6.811502935805297e-20,7.899725732067855e-22,0.14964588905798723,0.15039799051680378,0.19999999999999998,1.8139131749588012e-17,0.2,0.04666389272744689,0.0532922276977623
2007-04-20,4.655833461794206e-21,0.19999999999999993,1.0488778011899758e-16,6.811502935805297e-20,7.899725732067855e-22,0.14964588905798723,0.15039799051680378,0.19999999999999998,1.8139131749588012e-17,0.2,0.04666389272744689,0.0532922276977623
2007-04-23,4.655833461794206e-21,0.19999999999999993,1.0488778011899758e-16,6.811502935805297e-20,7.899725732067855e-22,0.14964588905798723,0.15039799051680378,0.19999999999999998,1.8139131749588012e-17,0.2,0.04666389272744689,0.0532922276977623
2007-04-24,4.655833461794206e-21,0.19999999999999993,1.0488778011899758e-16,6.811502935805297e-20,7.899725732067855e-22,0.14964588905798723,0.15039799051680378,0.19999999999999998,1.8139131749588012e-17,0.2,0.04666389272744689,0.0532922276977623
2007-04-25,0.0,0.19999999999999984,9.02907245992766e-17,1.75592212603468e-17,0.0,0.19999999999999993,0.19999999999999998,0.2,0.19999999999999996,2.0748787354428143e-16,0.0,0.0
2007-04-26,0.0,0.19999999999999984,9.02907245992766e-17,1.75592212603468e-17,0.0,0.19999999999999993,0.19999999999999998,0.2,0.19999999999999996,2.0748787354428143e-16,0.0,0.0
2007-04-27,0.0,0.19999999999999984,9.02907245992766e-17,1.75592212603468e-17,0.0,0.19999999999999993,0.19999999999999998,0.2,0.19999999999999996,2.0748787354428143e-16,0.0,0.0
2007-04-30,0.0,0.19999999999999984,9.02907245992766e-17,1.75592212603468e-17,0.0,0.19999999999999993,0.19999999999999998,0.2,0.19999999999999996,2.0748787354428143e-16,0.0,0.0
2007-05-01,0.0,0.19999999999999984,9.02907245992766e-17,1.75592212603468e-17,0.0,0.19999999999999993,0.19999999999999998,0.2,0.19999999999999996,2.0748787354428143e-16,0.0,0.0
2007-05-02,5.201764294303102e-17,0.19999999999999993,0.0,0.09298658262193596,6.186090715297468e-17,0.04990893149817228,0.2,0.1999999999999997,0.2,1.1735064168195324e-16,7.615991822831966e-17,0.057104485879891725
2007-05-03,5.201764294303102e-17,0.19999999999999993,0.0,0.09298658262193596,6.186090715297468e-17,0.04990893149817228,0.2,0.1999999999999997,0.2,1.1735064168195324e-16,7.615991822831966e-17,0.057104485879891725
2007-05-04,5.201764294303102e-17,0.19999999999999993,0.0,0.09298658262193596,6.186090715297468e-17,0.04990893149817228,0.2,0.1999999999999997,0.2,1.1735064168195324e-16,7.615991822831966e-17,0.057104485879891725
2007-05-07,5.201764294303102e-17,0.19999999999999993,0.0,0.09298658262193596,6.186090715297468e-17,0.04990893149817228,0.2,0.1999999999999997,0.2,1.1735064168195324e-16,7.615991822831966e-17,0.057104485879891725
2007-05-08,5.201764294303102e-17,0.19999999999999993,0.0,0.09298658262193596,6.186090715297468e-17,0.04990893149817228,0.2,0.1999999999999997,0.2,1.1735064168195324e-16,7.615991822831966e-17,0.057104485879891725
2007-05-09,0.040935641098106365,0.2,3.469446951953614e-17,7.090682208055199e-17,3.209238430557093e-17,0.046590431339841226,0.2,0.2,0.1999999999999999,2.894819800536297e-17,4.163336342344337e-17,0.11247392756205213
2007-05-10,0.040935641098106365,0.2,3.469446951953614e-17,7.090682208055199e-17,3.209238430557093e-17,0.046590431339841226,0.2,0.2,0.1999999999999999,2.894819800536297e-17,4.163336342344337e-17,0.11247392756205213
2007-05-11,0.040935641098106365,0.2,3.469446951953614e-17,7.090682208055199e-17,3.209238430557093e-17,0.046590431339841226,0.2,0.2,0.1999999999999999,2.894819800536297e-17,4.163336342344337e-17,0.11247392756205213
2007-05-14,0.040935641098106365,0.2,3.469446951953614e-17,7.090682208055199e-17,3.209238430557093e-17,0.046590431339841226,0.2,0.2,0.1999999999999999,2.894819800536297e-17,4.163336342344337e-17,0.11247392756205213
2007-05-15,0.040935641098106365,0.2,3.469446951953614e-17,7.090682208055199e-17,3.209238430557093e-17,0.046590431339841226,0.2,0.2,0.1999999999999999,2.894819800536297e-17,4.163336342344337e-17,0.11247392756205213
2007-05-16,0.19999999999999996,0.1999999999999999,0.055423647885820694,1.830123825859456e-16,0.0,2.233824477738193e-16,1.3877787807814457e-16,0.1999999999999997,0.19999999999999976,1.682754684050112e-16,6.279250125049565e-17,0.1445763521141793
2007-05-17,0.19999999999999996,0.1999999999999999,0.055423647885820694,1.830123825859456e-16,0.0,2.233824477738193e-16,1.3877787807814457e-16,0.1999999999999997,0.19999999999999976,1.682754684050112e-16,6.279250125049565e-17,0.1445763521141793
2007-05-18,0.19999999999999996,0.1999999999999999,0.055423647885820694,1.830123825859456e-16,0.0,2.233824477738193e-16,1.3877787807814457e-16,0.1999999999999997,0.19999999999999976,1.682754684050112e-16,6.279250125049565e-17,0.1445763521141793
2007-05-21,0.19999999999999996,0.1999999999999999,0.055423647885820694,1.830123825859456e-16,0.0,2.233824477738193e-16,1.3877787807814457e-16,0.1999999999999997,0.19999999999999976,1.682754684050112e-16,6.279250125049565e-17,0.1445763521141793
2007-05-22,0.19999999999999996,0.1999999999999999,0.055423647885820694,1.830123825859456e-16,0.0,2.233824477738193e-16,1.3877787807814457e-16,0.1999999999999997,0.19999999999999976,1.682754684050112e-16,6.279250125049565e-17,0.1445763521141793
2007-05-23,0.2,0.0967571245571095,0.0,0.19999999999999996,0.0,0.0,0.0,0.19999999999999982,0.1999999999999999,1.799090522672354e-16,1.1659408328313658e-16,0.10324287544289056
2007-05-24,0.2,0.0967571245571095,0.0,0.19999999999999996,0.0,0.0,0.0,0.19999999999999982,0.1999999999999999,1.799090522672354e-16,1.1659408328313658e-16,0.10324287544289056
2007-05-25,0.2,0.0967571245571095,0.0,0.19999999999999996,0.0,0.0,0.0,0.19999999999999982,0.1999999999999999,1.799090522672354e-16,1.1659408328313658e-16,0.10324287544289056
2007-05-29,0.2,0.0967571245571095,0.0,0.19999999999999996,0.0,0.0,0.0,0.19999999999999982,0.1999999999999999,1.799090522672354e-16,1.1659408328313658e-16,0.10324287544289056
2007-05-30,0.2,0.0967571245571095,0.0,0.19999999999999996,0.0,0.0,0.0,0.19999999999999982,0.1999999999999999,1.799090522672354e-16,1.1659408328313658e-16,0.10324287544289056
2007-05-31,0.1999999999999998,0.19999999999999998,1.4219578236652944e-16,0.2,0.0,6.390565885435859e-17,0.0,0.2,0.2,0.0,0.0,0.0
2007-06-01,0.1999999999999998,0.19999999999999998,1.4219578236652944e-16,0.2,0.0,6.390565885435859e-17,0.0,0.2,0.2,0.0,0.0,0.0
2007-06-04,0.1999999999999998,0.19999999999999998,1.4219578236652944e-16,0.2,0.0,6.390565885435859e-17,0.0,0.2,0.2,0.0,0.0,0.0
2007-06-05,0.1999999999999998,0.19999999999999998,1.4219578236652944e-16,0.2,0.0,6.390565885435859e-17,0.0,0.2,0.2,0.0,0.0,0.0
2007-06-06,0.1999999999999998,0.19999999999999998,1.4219578236652944e-16,0.2,0.0,6.390565885435859e-17,0.0,0.2,0.2,0.0,0.0,0.0
2007-06-07,0.19999999999999984,0.08824154138682375,2.7878117919365804e-16,0.19999999999999968,1.8177009516900726e-16,2.0816681711721685e-17,2.175765225567533e-16,0.19999999999999984,0.19999999999999982,1.5670281626423645e-16,1.2356283581411383e-16,0.1117584586131761
2007-06-08,0.19999999999999984,0.08824154138682375,2.7878117919365804e-16,0.19999999999999968,1.8177009516900726e-16,2.0816681711721685e-17,2.175765225567533e-16,0.19999999999999984,0.19999999999999982,1.5670281626423645e-16,1.2356283581411383e-16,0.1117584586131761
2007-06-11,0.19999999999999984,0.08824154138682375,2.7878117919365804e-16,0.19999999999999968,1.8177009516900726e-16,2.0816681711721685e-17,2.175765225567533e-16,0.19999999999999984,0.19999999999999982,1.5670281626423645e-16,1.2356283581411383e-16,0.1117584586131761
2007-06-12,0.19999999999999984,0.08824154138682375,2.7878117919365804e-16,0.19999999999999968,1.8177009516900726e-16,2.0816681711721685e-17,2.175765225567533e-16,0.19999999999999984,0.19999999999999982,1.5670281626423645e-16,1.2356283581411383e-16,0.1117584586131761
2007-06-13,0.19999999999999984,0.08824154138682375,2.7878117919365804e-16,0.19999999999999968,1.8177009516900726e-16,2.0816681711721685e-17,2.175765225567533e-16,0.19999999999999984,0.19999999999999982,1.5670281626423645e-16,1.2356283581411383e-16,0.1117584586131761
2007-06-14,9.093174210507006e-18,0.17147639848578405,3.816507109096315e-18,4.035197327225847e-18,0.04651580914150126,0.08743461783174607,0.2,0.16403058856749927,6.716208106652237e-22,0.2,0.02956002735023914,0.10098255862323026
2007-06-15,9.093174210507006e-18,0.17147639848578405,3.816507109096315e-18,4.035197327225847e-18,0.04651580914150126,0.08743461783174607,0.2,0.16403058856749927,6.716208106652237e-22,0.2,0.02956002735023914,0.10098255862323026
2007-06-18,9.093174210507006e-18,0.17147639848578405,3.816507109096315e-18,4.035197327225847e-18,0.04651580914150126,0.08743461783174607,0.2,0.16403058856749927,6.716208106652237e-22,0.2,0.02956002735023914,0.10098255862323026
2007-06-19,9.093174210507006e-18,0.17147639848578405,3.816507109096315e-18,4.035197327225847e-18,0.04651580914150126,0.08743461783174607,0.2,0.16403058856749927,6.716208106652237e-22,0.2,0.02956002735023914,0.10098255862323026
2007-06-20,9.093174210507006e-18,0.17147639848578405,3.816507109096315e-18,4.035197327225847e-18,0.04651580914150126,0.08743461783174607,0.2,0.16403058856749927,6.716208106652237e-22,0.2,0.02956002735023914,0.10098255862323026
2007-06-21,3.432447669933772e-20,0.08463514230841762,1.213624596084135e-18,2.2645793615435533e-19,6.209676820120375e-16,0.05836139497091295,0.2,0.09997454533183116,1.7872580641222575e-17,0.19999999999999993,0.15702891738883856,0.199999999999999
2007-06-22,3.432447669933772e-20,0.08463514230841762,1.213624596084135e-18,2.2645793615435533e-19,6.209676820120375e-16,0.05836139497091295,0.2,0.09997454533183116,1.7872580641222575e-17,0.19999999999999993,0.15702891738883856,0.199999999999999
2007-06-25,3.432447669933772e-20,0.08463514230841762,1.213624596084135e-18,2.2645793615435533e-19,6.209676820120375e-16,0.05836139497091295,0.2,0.09997454533183116,1.7872580641222575e-17,0.19999999999999993,0.15702891738883856,0.199999999999999
2007-06-26,3.432447669933772e-20,0.08463514230841762,1.213624596084135e-18,2.2645793615435533e-19,6.209676820120375e-16,0.05836139497091295,0.2,0.09997454533183116,1.7872580641222575e-17,0.19999999999999993,0.15702891738883856,0.199999999999999
2007-06-27,3.432447669933772e-20,0.08463514230841762,1.213624596084135e-18,2.2645793615435533e-19,6.209676820120375e-16,0.05836139497091295,0.2,0.09997454533183116,1.7872580641222575e-17,0.19999999999999993,0.15702891738883856,0.199999999999999
2007-06-28,2.264326225273659e-17,0.162402506204337,3.3717417569780257e-21,3.5701318750491286e-18,3.6114185451610254e-17,0.08601404144436663,0.2,6.421856836923761e-07,1.1215604164925176e-17,0.19999999999999987,0.16360352984097526,0.18797928032463754
2007-06-29,2.264326225273659e-17,0.162402506204337,3.3717417569780257e-21,3.5701318750491286e-18,3.6114185451610254e-17,0.08601404144436663,0.2,6.421856836923761e-07,1.1215604164925176e-17,0.19999999999999987,0.16360352984097526,0.18797928032463754
2007-07-02,2.264326225273659e-17,0.162402506204337,3.3717417569780257e-21,3.5701318750491286e-18,3.6114185451610254e-17,0.08601404144436663,0.2,6.421856836923761e-07,1.1215604164925176e-17,0.19999999999999987,0.16360352984097526,0.18797928032463754
2007-07-03,2.264326225273659e-17,0.162402506204337,3.3717417569780257e-21,3.5701318750491286e-18,3.6114185451610254e-17,0.08601404144436663,0.2,6.421856836923761e-07,1.1215604164925176e-17,0.19999999999999987,0.16360352984097526,0.18797928032463754
2007-07-05,2.264326225273659e-17,0.162402506204337,3.3717417569780257e-21,3.5701318750491286e-18,3.6114185451610254e-17,0.08601404144436663,0.2,6.421856836923761e-07,1.1215604164925176e-17,0.19999999999999987,0.16360352984097526,0.18797928032463754
2007-07-06,2.264326225273659e-17,0.162402506204337,3.3717417569780257e-21,3.5701318750491286e-18,3.6114185451610254e-17,0.08601404144436663,0.2,6.421856836923761e-07,1.1215604164925176e-17,0.19999999999999987,0.16360352984097526,0.18797928032463754
2007-07-09,2.264326225273659e-17,0.162402506204337,3.3717417569780257e-21,3.5701318750491286e-18,3.6114185451610254e-17,0.08601404144436663,0.2,6.421856836923761e-07,1.1215604164925176e-17,0.19999999999999987,0.16360352984097526,0.18797928032463754
2007-07-10,2.264326225273659e-17,0.162402506204337,3.3717417569780257e-21,3.5701318750491286e-18,3.6114185451610254e-17,0.08601404144436663,0.2,6.421856836923761e-07,1.1215604164925176e-17,0.19999999999999987,0.16360352984097526,0.18797928032463754
2007-07-11,2.264326225273659e-17,0.162402506204337,3.3717417569780257e-21,3.5701318750491286e-18,3.6114185451610254e-17,0.08601404144436663,0.2,6.421856836923761e-07,1.1215604164925176e-17,0.19999999999999987,0.16360352984097526,0.18797928032463754
2007-07-12,2.264326225273659e-17,0.162402506204337,3.3717417569780257e-21,3.5701318750491286e-18,3.6114185451610254e-17,0.08601404144436663,0.2,6.421856836923761e-07,1.1215604164925176e-17,0.19999999999999987,0.16360352984097526,0.18797928032463754
2007-07-13,2.264326225273659e-17,0.162402506204337,3.3717417569780257e-21,3.5701318750491286e-18,3.6114185451610254e-17,0.08601404144436663,0.2,6.421856836923761e-07,1.1215604164925176e-17,0.19999999999999987,0.16360352984097526,0.18797928032463754
2007-07-16,2.264326225273659e-17,0.162402506204337,3.3717417569780257e-21,3.5701318750491286e-18,3.6114185451610254e-17,0.08601404144436663,0.2,6.421856836923761e-07,1.1215604164925176e-17,0.19999999999999987,0.16360352984097526,0.18797928032463754
2007-07-17,2.264326225273659e-17,0.162402506204337,3.3717417569780257e-21,3.5701318750491286e-18,3.6114185451610254e-17,0.08601404144436663,0.2,6.421856836923761e-07,1.1215604164925176e-17,0.19999999999999987,0.16360352984097526,0.18797928032463754
2007-07-18,2.264326225273659e-17,0.162402506204337,3.3717417569780257e-21,3.5701318750491286e-18,3.6114185451610254e-17,0.08601404144436663,0.2,6.421856836923761e-07,1.1215604164925176e-17,0.19999999999999987,0.16360352984097526,0.18797928032463754
2007-07-19,2.264326225273659e-17,0.162402506204337,3.3717417569780257e-21,3.5701318750491286e-18,3.6114185451610254e-17,0.08601404144436663,0.2,6.421856836923761e-07,1.1215604164925176e-17,0.19999999999999987,0.16360352984097526,0.18797928032463754
2007-07-20,1.8504518165316705e-18,0.16997610879977731,4.828191665462717e-19,7.225397601877108e-17,1.7810423146982705e-18,0.16015128066739717,0.19999999999999993,5.063134604805216e-18,6.111215282680173e-17,0.2,0.14415076140892133,0.12572184912390408
2007-07-23,1.8504518165316705e-18,0.16997610879977731,4.828191665462717e-19,7.225397601877108e-17,1.7810423146982705e-18,0.16015128066739717,0.19999999999999993,5.063134604805216e-18,6.111215282680173e-17,0.2,0.14415076140892133,0.12572184912390408
2007-07-24,1.8504518165316705e-18,0.16997610879977731,4.828191665462717e-19,7.225397601877108e-17,1.7810423146982705e-18,0.16015128066739717,0.19999999999999993,5.063134604805216e-18,6.111215282680173e-17,0.2,0.14415076140892133,0.12572184912390408
2007-07-25,1.8504518165316705e-18,0.16997610879977731,4.828191665462717e-19,7.225397601877108e-17,1.7810423146982705e-18,0.16015128066739717,0.19999999999999993,5.063134604805216e-18,6.111215282680173e-17,0.2,0.14415076140892133,0.12572184912390408
2007-07-26,1.8504518165316705e-18,0.16997610879977731,4.828191665462717e-19,7.225397601877108e-17,1.7810423146982705e-18,0.16015128066739717,0.19999999999999993,5.063134604805216e-18,6.111215282680173e-17,0.2,0.14415076140892133,0.12572184912390408
2007-07-27,0.0893738903825187,0.13549369547848086,4.601415126477171e-18,2.153701328526485e-17,5.307807562442336e-17,0.06345781493693842,0.2,2.755930492267953e-17,2.9774340544420425e-18,0.2,0.2,0.11167459920206194
2007-07-30,0.0893738903825187,0.13549369547848086,4.601415126477171e-18,2.153701328526485e-17,5.307807562442336e-17,0.06345781493693842,0.2,2.755930492267953e-17,2.9774340544420425e-18,0.2,0.2,0.11167459920206194
2007-07-31,0.0893738903825187,0.13549369547848086,4.601415126477171e-18,2.153701328526485e-17,5.307807562442336e-17,0.06345781493693842,0.2,2.755930492267953e-17,2.9774340544420425e-18,0.2,0.2,0.11167459920206194
2007-08-01,0.0893738903825187,0.13549369547848086,4.601415126477171e-18,2.153701328526485e-17,5.307807562442336e-17,0.06345781493693842,0.2,2.755930492267953e-17,2.9774340544420425e-18,0.2,0.2,0.11167459920206194
2007-08-02,0.0893738903825187,0.13549369547848086,4.601415126477171e-18,2.153701328526485e-17,5.307807562442336e-17,0.06345781493693842,0.2,2.755930492267953e-17,2.9774340544420425e-18,0.2,0.2,0.11167459920206194
2007-08-03,2.922843355538083e-16,0.11801960650504277,3.0984184845046276e-17,0.0,0.12510608076515473,1.1567713738635503e-16,0.19999999999999998,2.753070727519308e-20,1.0237380369852069e-16,0.19999999999999993,0.19999999999999998,0.1568743127298023
2007-08-06,2.922843355538083e-16,0.11801960650504277,3.0984184845046276e-17,0.0,0.12510608076515473,1.1567713738635503e-16,0.19999999999999998,2.753070727519308e-20,1.0237380369852069e-16,0.19999999999999993,0.19999999999999998,0.1568743127298023
2007-08-07,2.922843355538083e-16,0.11801960650504277,3.0984184845046276e-17,0.0,0.12510608076515473,1.1567713738635503e-16,0.19999999999999998,2.753070727519308e-20,1.0237380369852069e-16,0.19999999999999993,0.19999999999999998,0.1568743127298023
2007-08-08,2.922843355538083e-16,0.11801960650504277,3.0984184845046276e-17,0.0,0.12510608076515473,1.1567713738635503e-16,0.19999999999999998,2.753070727519308e-20,1.0237380369852069e-16,0.19999999999999993,0.19999999999999998,0.1568743127298023
2007-08-09,2.922843355538083e-16,0.11801960650504277,3.0984184845046276e-17,0.0,0.12510608076515473,1.1567713738635503e-16,0.19999999999999998,2.753070727519308e-20,1.0237380369852069e-16,0.19999999999999993,0.19999999999999998,0.1568743127298023
2007-08-10,2.922843355538083e-16,0.11801960650504277,3.0984184845046276e-17,0.0,0.12510608076515473,1.1567713738635503e-16,0.19999999999999998,2.753070727519308e-20,1.0237380369852069e-16,0.19999999999999993,0.19999999999999998,0.1568743127298023
2007-08-13,2.922843355538083e-16,0.11801960650504277,3.0984184845046276e-17,0.0,0.12510608076515473,1.1567713738635503e-16,0.19999999999999998,2.753070727519308e-20,1.0237380369852069e-16,0.19999999999999993,0.19999999999999998,0.1568743127298023
2007-08-14,2.922843355538083e-16,0.11801960650504277,3.0984184845046276e-17,0.0,0.12510608076515473,1.1567713738635503e-16,0.19999999999999998,2.753070727519308e-20,1.0237380369852069e-16,0.19999999999999993,0.19999999999999998,0.1568743127298023
2007-08-15,2.922843355538083e-16,0.11801960650504277,3.0984184845046276e-17,0.0,0.12510608076515473,1.1567713738635503e-16,0.19999999999999998,2.753070727519308e-20,1.0237380369852069e-16,0.19999999999999993,0.19999999999999998,0.1568743127298023
2007-08-16,2.922843355538083e-16,0.11801960650504277,3.0984184845046276e-17,0.0,0.12510608076515473,1.1567713738635503e-16,0.19999999999999998,2.753070727519308e-20,1.0237380369852069e-16,0.19999999999999993,0.19999999999999998,0.1568743127298023
2007-08-17,0.11375991210456164,0.19204906539733235,2.9353550894950826e-19,2.0597681766177682e-18,9.883888078376081e-17,6.349793851495304e-19,0.19999999999999998,6.001806218839465e-19,1.9248425728023017e-17,0.2,0.2,0.09419102249810596
2007-08-20,0.11375991210456164,0.19204906539733235,2.9353550894950826e-19,2.0597681766177682e-18,9.883888078376081e-17,6.349793851495304e-19,0.19999999999999998,6.001806218839465e-19,1.9248425728023017e-17,0.2,0.2,0.09419102249810596
2007-08-21,0.11375991210456164,0.19204906539733235,2.9353550894950826e-19,2.0597681766177682e-18,9.883888078376081e-17,6.349793851495304e-19,0.19999999999999998,6.001806218839465e-19,1.9248425728023017e-17,0.2,0.2,0.09419102249810596
2007-08-22,0.11375991210456164,0.19204906539733235,2.9353550894950826e-19,2.0597681766177682e-18,9.883888078376081e-17,6.349793851495304e-19,0.19999999999999998,6.001806218839465e-19,1.9248425728023017e-17,0.2,0.2,0.09419102249810596
2007-08-23,0.11375991210456164,0.19204906539733235,2.9353550894950826e-19,2.0597681766177682e-18,9.883888078376081e-17,6.349793851495304e-19,0.19999999999999998,6.001806218839465e-19,1.9248425728023017e-17,0.2,0.2,0.09419102249810596
2007-08-24,0.11375991210456164,0.19204906539733235,2.9353550894950826e-19,2.0597681766177682e-18,9.883888078376081e-17,6.349793851495304e-19,0.19999999999999998,6.001806218839465e-19,1.9248425728023017e-17,0.2,0.2,0.09419102249810596
2007-08-27,0.11375991210456164,0.19204906539733235,2.9353550894950826e-19,2.0597681766177682e-18,9.883888078376081e-17,6.349793851495304e-19,0.19999999999999998,6.001806218839465e-19,1.9248425728023017e-17,0.2,0.2,0.09419102249810596
2007-08-28,0.11375991210456164,0.19204906539733235,2.9353550894950826e-19,2.0597681766177682e-18,9.883888078376081e-17,6.349793851495304e-19,0.19999999999999998,6.001806218839465e-19,1.9248425728023017e-17,0.2,0.2,0.09419102249810596
2007-08-29,0.11375991210456164,0.19204906539733235,2.9353550894950826e-19,2.0597681766177682e-18,9.883888078376081e-17,6.349793851495304e-19,0.19999999999999998,6.001806218839465e-19,1.9248425728023017e-17,0.2,0.2,0.09419102249810596
2007-08-30,0.11375991210456164,0.19204906539733235,2.9353550894950826e-19,2.0597681766177682e-18,9.883888078376081e-17,6.349793851495304e-19,0.19999999999999998,6.001806218839465e-19,1.9248425728023017e-17,0.2,0.2,0.09419102249810596
2007-08-31,0.11375991210456164,0.19204906539733235,2.9353550894950826e-19,2.0597681766177682e-18,9.883888078376081e-17,6.349793851495304e-19,0.19999999999999998,6.001806218839465e-19,1.9248425728023017e-17,0.2,0.2,0.09419102249810596
2007-09-04,0.11375991210456164,0.19204906539733235,2.9353550894950826e-19,2.0597681766177682e-18,9.883888078376081e-17,6.349793851495304e-19,0.19999999999999998,6.001806218839465e-19,1.9248425728023017e-17,0.2,0.2,0.09419102249810596
2007-09-05,0.11375991210456164,0.19204906539733235,2.9353550894950826e-19,2.0597681766177682e-18,9.883888078376081e-17,6.349793851495304e-19,0.19999999999999998,6.001806218839465e-19,1.9248425728023017e-17,0.2,0.2,0.09419102249810596
2007-09-06,0.11375991210456164,0.19204906539733235,2.9353550894950826e-19,2.0597681766177682e-18,9.883888078376081e-17,6.349793851495304e-19,0.19999999999999998,6.001806218839465e-19,1.9248425728023017e-17,0.2,0.2,0.09419102249810596
2007-09-07,0.11375991210456164,0.19204906539733235,2.9353550894950826e-19,2.0597681766177682e-18,9.883888078376081e-17,6.349793851495304e-19,0.19999999999999998,6.001806218839465e-19,1.9248425728023017e-17,0.2,0.2,0.09419102249810596
2007-09-10,0.11375991210456164,0.19204906539733235,2.9353550894950826e-19,2.0597681766177682e-18,9.883888078376081e-17,6.349793851495304e-19,0.19999999999999998,6.001806218839465e-19,1.9248425728023017e-17,0.2,0.2,0.09419102249810596
2007-09-11,0.11375991210456164,0.19204906539733235,2.9353550894950826e-19,2.0597681766177682e-18,9.883888078376081e-17,6.349793851495304e-19,0.19999999999999998,6.001806218839465e-19,1.9248425728023017e-17,0.2,0.2,0.09419102249810596
2007-09-12,0.11375991210456164,0.19204906539733235,2.9353550894950826e-19,2.0597681766177682e-18,9.883888078376081e-17,6.349793851495304e-19,0.19999999999999998,6.001806218839465e-19,1.9248425728023017e-17,0.2,0.2,0.09419102249810596
2007-09-13,0.11375991210456164,0.19204906539733235,2.9353550894950826e-19,2.0597681766177682e-18,9.883888078376081e-17,6.349793851495304e-19,0.19999999999999998,6.001806218839465e-19,1.9248425728023017e-17,0.2,0.2,0.09419102249810596
2007-09-14,0.11375991210456164,0.19204906539733235,2.9353550894950826e-19,2.0597681766177682e-18,9.883888078376081e-17,6.349793851495304e-19,0.19999999999999998,6.001806218839465e-19,1.9248425728023017e-17,0.2,0.2,0.09419102249810596
2007-09-17,0.11375991210456164,0.19204906539733235,2.9353550894950826e-19,2.0597681766177682e-18,9.883888078376081e-17,6.349793851495304e-19,0.19999999999999998,6.001806218839465e-19,1.9248425728023017e-17,0.2,0.2,0.09419102249810596
2007-09-18,0.11375991210456164,0.19204906539733235,2.9353550894950826e-19,2.0597681766177682e-18,9.883888078376081e-17,6.349793851495304e-19,0.19999999999999998,6.001806218839465e-19,1.9248425728023017e-17,0.2,0.2,0.09419102249810596
2007-09-19,0.11375991210456164,0.19204906539733235,2.9353550894950826e-19,2.0597681766177682e-18,9.883888078376081e-17,6.349793851495304e-19,0.19999999999999998,6.001806218839465e-19,1.9248425728023017e-17,0.2,0.2,0.09419102249810596
2007-09-20,0.11375991210456164,0.19204906539733235,2.9353550894950826e-19,2.0597681766177682e-18,9.883888078376081e-17,6.349793851495304e-19,0.19999999999999998,6.001806218839465e-19,1.9248425728023017e-17,0.2,0.2,0.09419102249810596
2007-09-21,0.11375991210456164,0.19204906539733235,2.9353550894950826e-19,2.0597681766177682e-18,9.883888078376081e-17,6.349793851495304e-19,0.19999999999999998,6.001806218839465e-19,1.9248425728023017e-17,0.2,0.2,0.09419102249810596
2007-09-24,0.11375991210456164,0.19204906539733235,2.9353550894950826e-19,2.0597681766177682e-18,9.883888078376081e-17,6.349793851495304e-19,0.19999999999999998,6.001806218839465e-19,1.9248425728023017e-17,0.2,0.2,0.09419102249810596
2007-09-25,0.11375991210456164,0.19204906539733235,2.9353550894950826e-19,2.0597681766177682e-18,9.883888078376081e-17,6.349793851495304e-19,0.19999999999999998,6.001806218839465e-19,1.9248425728023017e-17,0.2,0.2,0.09419102249810596
2007-09-26,0.11375991210456164,0.19204906539733235,2.9353550894950826e-19,2.0597681766177682e-18,9.883888078376081e-17,6.349793851495304e-19,0.19999999999999998,6.001806218839465e-19,1.9248425728023017e-17,0.2,0.2,0.09419102249810596
2007-09-27,0.11375991210456164,0.19204906539733235,2.9353550894950826e-19,2.0597681766177682e-18,9.883888078376081e-17,6.349793851495304e-19,0.19999999999999998,6.001806218839465e-19,1.9248425728023017e-17,0.2,0.2,0.09419102249810596
2007-09-28,0.11375991210456164,0.19204906539733235,2.9353550894950826e-19,2.0597681766177682e-18,9.883888078376081e-17,6.349793851495304e-19,0.19999999999999998,6.001806218839465e-19,1.9248425728023017e-17,0.2,0.2,0.09419102249810596
2007-10-01,0.11375991210456164,0.19204906539733235,2.9353550894950826e-19,2.0597681766177682e-18,9.883888078376081e-17,6.349793851495304e-19,0.19999999999999998,6.001806218839465e-19,1.9248425728023017e-17,0.2,0.2,0.09419102249810596
2007-10-02,0.11375991210456164,0.19204906539733235,2.9353550894950826e-19,2.0597681766177682e-18,9.883888078376081e-17,6.349793851495304e-19,0.19999999999999998,6.001806218839465e-19,1.9248425728023017e-17,0.2,0.2,0.09419102249810596
2007-10-03,0.11375991210456164,0.19204906539733235,2.9353550894950826e-19,2.0597681766177682e-18,9.883888078376081e-17,6.349793851495304e-19,0.19999999999999998,6.001806218839465e-19,1.9248425728023017e-17,0.2,0.2,0.09419102249810596
2007-10-04,0.11375991210456164,0.19204906539733235,2.9353550894950826e-19,2.0597681766177682e-18,9.883888078376081e-17,6.349793851495304e-19,0.19999999999999998,6.001806218839465e-19,1.9248425728023017e-17,0.2,0.2,0.09419102249810596
2007-10-05,0.11375991210456164,0.19204906539733235,2.9353550894950826e-19,2.0597681766177682e-18,9.883888078376081e-17,6.349793851495304e-19,0.19999999999999998,6.001806218839465e-19,1.9248425728023017e-17,0.2,0.2,0.09419102249810596
2007-10-08,0.11375991210456164,0.19204906539733235,2.9353550894950826e-19,2.0597681766177682e-18,9.883888078376081e-17,6.349793851495304e-19,0.19999999999999998,6.001806218839465e-19,1.9248425728023017e-17,0.2,0.2,0.09419102249810596
2007-10-09,0.11375991210456164,0.19204906539733235,2.9353550894950826e-19,2.0597681766177682e-18,9.883888078376081e-17,6.349793851495304e-19,0.19999999999999998,6.001806218839465e-19,1.9248425728023017e-17,0.2,0.2,0.09419102249810596
2007-10-10,0.11375991210456164,0.19204906539733235,2.9353550894950826e-19,2.0597681766177682e-18,9.883888078376081e-17,6.349793851495304e-19,0.19999999999999998,6.001806218839465e-19,1.9248425728023017e-17,0.2,0.2,0.09419102249810596
2007-10-11,0.11375991210456164,0.19204906539733235,2.9353550894950826e-19,2.0597681766177682e-18,9.883888078376081e-17,6.349793851495304e-19,0.19999999999999998,6.001806218839465e-19,1.9248425728023017e-17,0.2,0.2,0.09419102249810596
2007-10-12,0.11375991210456164,0.19204906539733235,2.9353550894950826e-19,2.0597681766177682e-18,9.883888078376081e-17,6.349793851495304e-19,0.19999999999999998,6.001806218839465e-19,1.9248425728023017e-17,0.2,0.2,0.09419102249810596
2007-10-15,0.11375991210456164,0.19204906539733235,2.9353550894950826e-19,2.0597681766177682e-18,9.883888078376081e-17,6.349793851495304e-19,0.19999999999999998,6.001806218839465e-19,1.9248425728023017e-17,0.2,0.2,0.09419102249810596
2007-10-16,0.11375991210456164,0.19204906539733235,2.9353550894950826e-19,2.0597681766177682e-18,9.883888078376081e-17,6.349793851495304e-19,0.19999999999999998,6.001806218839465e-19,1.9248425728023017e-17,0.2,0.2,0.09419102249810596
2007-10-17,0.11375991210456164,0.19204906539733235,2.9353550894950826e-19,2.0597681766177682e-18,9.883888078376081e-17,6.349793851495304e-19,0.19999999999999998,6.001806218839465e-19,1.9248425728023017e-17,0.2,0.2,0.09419102249810596
2007-10-18,0.11375991210456164,0.19204906539733235,2.9353550894950826e-19,2.0597681766177682e-18,9.883888078376081e-17,6.349793851495304e-19,0.19999999999999998,6.001806218839465e-19,1.9248425728023017e-17,0.2,0.2,0.09419102249810596
2007-10-19,0.11375991210456164,0.19204906539733235,2.9353550894950826e-19,2.0597681766177682e-18,9.883888078376081e-17,6.349793851495304e-19,0.19999999999999998,6.001806218839465e-19,1.9248425728023017e-17,0.2,0.2,0.09419102249810596
2007-10-22,0.11375991210456164,0.19204906539733235,2.9353550894950826e-19,2.0597681766177682e-18,9.883888078376081e-17,6.349793851495304e-19,0.19999999999999998,6.001806218839465e-19,1.9248425728023017e-17,0.2,0.2,0.09419102249810596
2007-10-23,0.11375991210456164,0.19204906539733235,2.9353550894950826e-19,2.0597681766177682e-18,9.883888078376081e-17,6.349793851495304e-19,0.19999999999999998,6.001806218839465e-19,1.9248425728023017e-17,0.2,0.2,0.09419102249810596
2007-10-24,0.11375991210456164,0.19204906539733235,2.9353550894950826e-19,2.0597681766177682e-18,9.883888078376081e-17,6.349793851495304e-19,0.19999999999999998,6.001806218839465e-19,1.9248425728023017e-17,0.2,0.2,0.09419102249810596
2007-10-25,0.11375991210456164,0.19204906539733235,2.9353550894950826e-19,2.0597681766177682e-18,9.883888078376081e-17,6.349793851495304e-19,0.19999999999999998,6.001806218839465e-19,1.9248425728023017e-17,0.2,0.2,0.09419102249810596
2007-10-26,0.11375991210456164,0.19204906539733235,2.9353550894950826e-19,2.0597681766177682e-18,9.883888078376081e-17,6.349793851495304e-19,0.19999999999999998,6.001806218839465e-19,1.9248425728023017e-17,0.2,0.2,0.09419102249810596
2007-10-29,2.5598416012301182e-16,0.1999999999999995,0.0,0.0,2.9074230359166457e-16,0.0,0.2,3.385348345494487e-16,0.0,0.2,0.2,0.2
2007-10-30,2.5598416012301182e-16,0.1999999999999995,0.0,0.0,2.9074230359166457e-16,0.0,0.2,3.385348345494487e-16,0.0,0.2,0.2,0.2
2007-10-31,2.5598416012301182e-16,0.1999999999999995,0.0,0.0,2.9074230359166457e-16,0.0,0.2,3.385348345494487e-16,0.0,0.2,0.2,0.2
2007-11-01,2.5598416012301182e-16,0.1999999999999995,0.0,0.0,2.9074230359166457e-16,0.0,0.2,3.385348345494487e-16,0.0,0.2,0.2,0.2
2007-11-02,2.5598416012301182e-16,0.1999999999999995,0.0,0.0,2.9074230359166457e-16,0.0,0.2,3.385348345494487e-16,0.0,0.2,0.2,0.2
2007-11-05,2.932638629862236e-16,0.19999999999999998,1.4212952885874032e-16,6.207816151434628e-17,0.0,0.026618803333286613,0.19999999999999996,0.0,6.750130050393162e-17,0.2,0.19999999999999993,0.17338119666671306
2007-11-06,2.932638629862236e-16,0.19999999999999998,1.4212952885874032e-16,6.207816151434628e-17,0.0,0.026618803333286613,0.19999999999999996,0.0,6.750130050393162e-17,0.2,0.19999999999999993,0.17338119666671306
2007-11-07,2.932638629862236e-16,0.19999999999999998,1.4212952885874032e-16,6.207816151434628e-17,0.0,0.026618803333286613,0.19999999999999996,0.0,6.750130050393162e-17,0.2,0.19999999999999993,0.17338119666671306
2007-11-08,2.932638629862236e-16,0.19999999999999998,1.4212952885874032e-16,6.207816151434628e-17,0.0,0.026618803333286613,0.19999999999999996,0.0,6.750130050393162e-17,0.2,0.19999999999999993,0.17338119666671306
2007-11-09,2.932638629862236e-16,0.19999999999999998,1.4212952885874032e-16,6.207816151434628e-17,0.0,0.026618803333286613,0.19999999999999996,0.0,6.750130050393162e-17,0.2,0.19999999999999993,0.17338119666671306
2007-11-12,3.480665115303116e-17,0.16033254265540234,3.386548069549554e-17,3.563045752445412e-17,1.5175841093155255e-17,0.15017234085915862,0.19999999999999993,5.16709982719129e-17,3.1075295961187386e-17,0.19999999999999984,0.19999999999999993,0.08949511648543923
2007-11-13,3.480665115303116e-17,0.16033254265540234,3.386548069549554e-17,3.563045752445412e-17,1.5175841093155255e-17,0.15017234085915862,0.19999999999999993,5.16709982719129e-17,3.1075295961187386e-17,0.19999999999999984,0.19999999999999993,0.08949511648543923
2007-11-14,3.480665115303116e-17,0.16033254265540234,3.386548069549554e-17,3.563045752445412e-17,1.5175841093155255e-17,0.15017234085915862,0.19999999999999993,5.16709982719129e-17,3.1075295961187386e-17,0.19999999999999984,0.19999999999999993,0.08949511648543923
2007-11-15,3.480665115303116e-17,0.16033254265540234,3.386548069549554e-17,3.563045752445412e-17,1.5175841093155255e-17,0.15017234085915862,0.19999999999999993,5.16709982719129e-17,3.1075295961187386e-17,0.19999999999999984,0.19999999999999993,0.08949511648543923
2007-11-16,3.480665115303116e-17,0.16033254265540234,3.386548069549554e-17,3.563045752445412e-17,1.5175841093155255e-17,0.15017234085915862,0.19999999999999993,5.16709982719129e-17,3.1075295961187386e-17,0.19999999999999984,0.19999999999999993,0.08949511648543923
2007-11-19,3.480665115303116e-17,0.16033254265540234,3.386548069549554e-17,3.563045752445412e-17,1.5175841093155255e-17,0.15017234085915862,0.19999999999999993,5.16709982719129e-17,3.1075295961187386e-17,0.19999999999999984,0.19999999999999993,0.08949511648543923
2007-11-20,3.480665115303116e-17,0.16033254265540234,3.386548069549554e-17,3.563045752445412e-17,1.5175841093155255e-17,0.15017234085915862,0.19999999999999993,5.16709982719129e-17,3.1075295961187386e-17,0.19999999999999984,0.19999999999999993,0.08949511648543923
2007-11-21,3.480665115303116e-17,0.16033254265540234,3.386548069549554e-17,3.563045752445412e-17,1.5175841093155255e-17,0.15017234085915862,0.19999999999999993,5.16709982719129e-17,3.1075295961187386e-17,0.19999999999999984,0.19999999999999993,0.08949511648543923
2007-11-23,3.480665115303116e-17,0.16033254265540234,3.386548069549554e-17,3.563045752445412e-17,1.5175841093155255e-17,0.15017234085915862,0.19999999999999993,5.16709982719129e-17,3.1075295961187386e-17,0.19999999999999984,0.19999999999999993,0.08949511648543923
2007-11-26,3.480665115303116e-17,0.16033254265540234,3.386548069549554e-17,3.563045752445412e-17,1.5175841093155255e-17,0.15017234085915862,0.19999999999999993,5.16709982719129e-17,3.1075295961187386e-17,0.19999999999999984,0.19999999999999993,0.08949511648543923
2007-11-27,3.480665115303116e-17,0.16033254265540234,3.386548069549554e-17,3.563045752445412e-17,1.5175841093155255e-17,0.15017234085915862,0.19999999999999993,5.16709982719129e-17,3.1075295961187386e-17,0.19999999999999984,0.19999999999999993,0.08949511648543923
2007-11-28,3.480665115303116e-17,0.16033254265540234,3.386548069549554e-17,3.563045752445412e-17,1.5175841093155255e-17,0.15017234085915862,0.19999999999999993,5.16709982719129e-17,3.1075295961187386e-17,0.19999999999999984,0.19999999999999993,0.08949511648543923
2007-11-29,3.480665115303116e-17,0.16033254265540234,3.386548069549554e-17,3.563045752445412e-17,1.5175841093155255e-17,0.15017234085915862,0.19999999999999993,5.16709982719129e-17,3.1075295961187386e-17,0.19999999999999984,0.19999999999999993,0.08949511648543923
2007-11-30,3.480665115303116e-17,0.16033254265540234,3.386548069549554e-17,3.563045752445412e-17,1.5175841093155255e-17,0.15017234085915862,0.19999999999999993,5.16709982719129e-17,3.1075295961187386e-17,0.19999999999999984,0.19999999999999993,0.08949511648543923
2007-12-03,3.480665115303116e-17,0.16033254265540234,3.386548069549554e-17,3.563045752445412e-17,1.5175841093155255e-17,0.15017234085915862,0.19999999999999993,5.16709982719129e-17,3.1075295961187386e-17,0.19999999999999984,0.19999999999999993,0.08949511648543923
2007-12-04,5.63996700982961e-17,0.170553222367656,0.0,1.682378950400798e-17,4.11753452891237e-17,0.12946774478364287,0.1999999999999999,0.09997903284870074,1.3658754396553026e-18,0.2,0.19999999999999996,4.745459490207502e-16
2007-12-05,5.63996700982961e-17,0.170553222367656,0.0,1.682378950400798e-17,4.11753452891237e-17,0.12946774478364287,0.1999999999999999,0.09997903284870074,1.3658754396553026e-18,0.2,0.19999999999999996,4.745459490207502e-16
2007-12-06,5.63996700982961e-17,0.170553222367656,0.0,1.682378950400798e-17,4.11753452891237e-17,0.12946774478364287,0.1999999999999999,0.09997903284870074,1.3658754396553026e-18,0.2,0.19999999999999996,4.745459490207502e-16
2007-12-07,5.63996700982961e-17,0.170553222367656,0.0,1.682378950400798e-17,4.11753452891237e-17,0.12946774478364287,0.1999999999999999,0.09997903284870074,1.3658754396553026e-18,0.2,0.19999999999999996,4.745459490207502e-16
2007-12-10,5.63996700982961e-17,0.170553222367656,0.0,1.682378950400798e-17,4.11753452891237e-17,0.12946774478364287,0.1999999999999999,0.09997903284870074,1.3658754396553026e-18,0.2,0.19999999999999996,4.745459490207502e-16
2007-12-11,5.63996700982961e-17,0.170553222367656,0.0,1.682378950400798e-17,4.11753452891237e-17,0.12946774478364287,0.1999999999999999,0.09997903284870074,1.3658754396553026e-18,0.2,0.19999999999999996,4.745459490207502e-16
2007-12-12,5.63996700982961e-17,0.170553222367656,0.0,1.682378950400798e-17,4.11753452891237e-17,0.12946774478364287,0.1999999999999999,0.09997903284870074,1.3658754396553026e-18,0.2,0.19999999999999996,4.745459490207502e-16
2007-12-13,5.63996700982961e-17,0.170553222367656,0.0,1.682378950400798e-17,4.11753452891237e-17,0.12946774478364287,0.1999999999999999,0.09997903284870074,1.3658754396553026e-18,0.2,0.19999999999999996,4.745459490207502e-16
2007-12-14,5.63996700982961e-17,0.170553222367656,0.0,1.682378950400798e-17,4.11753452891237e-17,0.12946774478364287,0.1999999999999999,0.09997903284870074,1.3658754396553026e-18,0.2,0.19999999999999996,4.745459490207502e-16
2007-12-17,5.63996700982961e-17,0.170553222367656,0.0,1.682378950400798e-17,4.11753452891237e-17,0.12946774478364287,0.1999999999999999,0.09997903284870074,1.3658754396553026e-18,0.2,0.19999999999999996,4.745459490207502e-16
2007-12-18,0.008229515955245115,0.05332870337919604,5.4061163206345055e-18,5.633070518484411e-18,0.005745512948797407,0.037078812693928376,0.19999999999999998,0.09561745502283277,1.2018952282583108e-18,0.19999999999999998,0.19999999999999998,0.2
2007-12-19,0.008229515955245115,0.05332870337919604,5.4061163206345055e-18,5.633070518484411e-18,0.005745512948797407,0.037078812693928376,0.19999999999999998,0.09561745502283277,1.2018952282583108e-18,0.19999999999999998,0.19999999999999998,0.2
2007-12-20,0.008229515955245115,0.05332870337919604,5.4061163206345055e-18,5.633070518484411e-18,0.005745512948797407,0.037078812693928376,0.19999999999999998,0.09561745502283277,1.2018952282583108e-18,0.19999999999999998,0.19999999999999998,0.2
2007-12-21,0.008229515955245115,0.05332870337919604,5.4061163206345055e-18,5.633070518484411e-18,0.005745512948797407,0.037078812693928376,0.19999999999999998,0.09561745502283277,1.2018952282583108e-18,0.19999999999999998,0.19999999999999998,0.2
2007-12-24,0.008229515955245115,0.05332870337919604,5.4061163206345055e-18,5.633070518484411e-18,0.005745512948797407,0.037078812693928376,0.19999999999999998,0.09561745502283277,1.2018952282583108e-18,0.19999999999999998,0.19999999999999998,0.2
2007-12-26,0.008229515955245115,0.05332870337919604,5.4061163206345055e-18,5.633070518484411e-18,0.005745512948797407,0.037078812693928376,0.19999999999999998,0.09561745502283277,1.2018952282583108e-18,0.19999999999999998,0.19999999999999998,0.2
2007-12-27,0.008229515955245115,0.05332870337919604,5.4061163206345055e-18,5.633070518484411e-18,0.005745512948797407,0.037078812693928376,0.19999999999999998,0.09561745502283277,1.2018952282583108e-18,0.19999999999999998,0.19999999999999998,0.2
2007-12-28,0.008229515955245115,0.05332870337919604,5.4061163206345055e-18,5.633070518484411e-18,0.005745512948797407,0.037078812693928376,0.19999999999999998,0.09561745502283277,1.2018952282583108e-18,0.19999999999999998,0.19999999999999998,0.2
2007-12-31,0.008229515955245115,0.05332870337919604,5.4061163206345055e-18,5.633070518484411e-18,0.005745512948797407,0.037078812693928376,0.19999999999999998,0.09561745502283277,1.2018952282583108e-18,0.19999999999999998,0.19999999999999998,0.2
2008-01-02,0.008229515955245115,0.05332870337919604,5.4061163206345055e-18,5.633070518484411e-18,0.005745512948797407,0.037078812693928376,0.19999999999999998,0.09561745502283277,1.2018952282583108e-18,0.19999999999999998,0.19999999999999998,0.2
2008-01-03,0.008229515955245115,0.05332870337919604,5.4061163206345055e-18,5.633070518484411e-18,0.005745512948797407,0.037078812693928376,0.19999999999999998,0.09561745502283277,1.2018952282583108e-18,0.19999999999999998,0.19999999999999998,0.2
2008-01-04,0.008229515955245115,0.05332870337919604,5.4061163206345055e-18,5.633070518484411e-18,0.005745512948797407,0.037078812693928376,0.19999999999999998,0.09561745502283277,1.2018952282583108e-18,0.19999999999999998,0.19999999999999998,0.2
2008-01-07,0.008229515955245115,0.05332870337919604,5.4061163206345055e-18,5.633070518484411e-18,0.005745512948797407,0.037078812693928376,0.19999999999999998,0.09561745502283277,1.2018952282583108e-18,0.19999999999999998,0.19999999999999998,0.2
2008-01-08,0.008229515955245115,0.05332870337919604,5.4061163206345055e-18,5.633070518484411e-18,0.005745512948797407,0.037078812693928376,0.19999999999999998,0.09561745502283277,1.2018952282583108e-18,0.19999999999999998,0.19999999999999998,0.2
2008-01-09,0.008229515955245115,0.05332870337919604,5.4061163206345055e-18,5.633070518484411e-18,0.005745512948797407,0.037078812693928376,0.19999999999999998,0.09561745502283277,1.2018952282583108e-18,0.19999999999999998,0.19999999999999998,0.2
2008-01-10,0.008229515955245115,0.05332870337919604,5.4061163206345055e-18,5.633070518484411e-18,0.005745512948797407,0.037078812693928376,0.19999999999999998,0.09561745502283277,1.2018952282583108e-18,0.19999999999999998,0.19999999999999998,0.2
2008-01-11,0.008229515955245115,0.05332870337919604,5.4061163206345055e-18,5.633070518484411e-18,0.005745512948797407,0.037078812693928376,0.19999999999999998,0.09561745502283277,1.2018952282583108e-18,0.19999999999999998,0.19999999999999998,0.2
2008-01-14,0.008229515955245115,0.05332870337919604,5.4061163206345055e-18,5.633070518484411e-18,0.005745512948797407,0.037078812693928376,0.19999999999999998,0.09561745502283277,1.2018952282583108e-18,0.19999999999999998,0.19999999999999998,0.2
2008-01-15,0.008229515955245115,0.05332870337919604,5.4061163206345055e-18,5.633070518484411e-18,0.005745512948797407,0.037078812693928376,0.19999999999999998,0.09561745502283277,1.2018952282583108e-18,0.19999999999999998,0.19999999999999998,0.2
2008-01-16,0.008229515955245115,0.05332870337919604,5.4061163206345055e-18,5.633070518484411e-18,0.005745512948797407,0.037078812693928376,0.19999999999999998,0.09561745502283277,1.2018952282583108e-18,0.19999999999999998,0.19999999999999998,0.2
2008-01-17,0.008229515955245115,0.05332870337919604,5.4061163206345055e-18,5.633070518484411e-18,0.005745512948797407,0.037078812693928376,0.19999999999999998,0.09561745502283277,1.2018952282583108e-18,0.19999999999999998,0.19999999999999998,0.2
2008-01-18,0.008229515955245115,0.05332870337919604,5.4061163206345055e-18,5.633070518484411e-18,0.005745512948797407,0.037078812693928376,0.19999999999999998,0.09561745502283277,1.2018952282583108e-18,0.19999999999999998,0.19999999999999998,0.2
2008-01-22,0.008229515955245115,0.05332870337919604,5.4061163206345055e-18,5.633070518484411e-18,0.005745512948797407,0.037078812693928376,0.19999999999999998,0.09561745502283277,1.2018952282583108e-18,0.19999999999999998,0.19999999999999998,0.2
2008-01-23,0.008229515955245115,0.05332870337919604,5.4061163206345055e-18,5.633070518484411e-18,0.005745512948797407,0.037078812693928376,0.19999999999999998,0.09561745502283277,1.2018952282583108e-18,0.19999999999999998,0.19999999999999998,0.2
2008-01-24,0.008229515955245115,0.05332870337919604,5.4061163206345055e-18,5.633070518484411e-18,0.005745512948797407,0.037078812693928376,0.19999999999999998,0.09561745502283277,1.2018952282583108e-18,0.19999999999999998,0.19999999999999998,0.2
2008-01-25,3.4218291066027622e-18,0.1827666022818992,8.224613073491716e-18,1.6599537605949016e-17,1.3404873275772699e-17,0.08471294731873572,0.2,0.027134494166372196,6.0121105556162985e-18,0.1999999999999999,0.19999999999999998,0.1053859562329929
2008-01-28,3.4218291066027622e-18,0.1827666022818992,8.224613073491716e-18,1.6599537605949016e-17,1.3404873275772699e-17,0.08471294731873572,0.2,0.027134494166372196,6.0121105556162985e-18,0.1999999999999999,0.19999999999999998,0.1053859562329929
2008-01-29,3.4218291066027622e-18,0.1827666022818992,8.224613073491716e-18,1.6599537605949016e-17,1.3404873275772699e-17,0.08471294731873572,0.2,0.027134494166372196,6.0121105556162985e-18,0.1999999999999999,0.19999999999999998,0.1053859562329929
2008-01-30,3.4218291066027622e-18,0.1827666022818992,8.224613073491716e-18,1.6599537605949016e-17,1.3404873275772699e-17,0.08471294731873572,0.2,0.027134494166372196,6.0121105556162985e-18,0.1999999999999999,0.19999999999999998,0.1053859562329929
2008-01-31,3.4218291066027622e-18,0.1827666022818992,8.224613073491716e-18,1.6599537605949016e-17,1.3404873275772699e-17,0.08471294731873572,0.2,0.027134494166372196,6.0121105556162985e-18,0.1999999999999999,0.19999999999999998,0.1053859562329929
2008-02-01,3.4218291066027622e-18,0.1827666022818992,8.224613073491716e-18,1.6599537605949016e-17,1.3404873275772699e-17,0.08471294731873572,0.2,0.027134494166372196,6.0121105556162985e-18,0.1999999999999999,0.19999999999999998,0.1053859562329929
2008-02-04,3.4218291066027622e-18,0.1827666022818992,8.224613073491716e-18,1.6599537605949016e-17,1.3404873275772699e-17,0.08471294731873572,0.2,0.027134494166372196,6.0121105556162985e-18,0.1999999999999999,0.19999999999999998,0.1053859562329929
2008-02-05,3.4218291066027622e-18,0.1827666022818992,8.224613073491716e-18,1.6599537605949016e-17,1.3404873275772699e-17,0.08471294731873572,0.2,0.027134494166372196,6.0121105556162985e-18,0.1999999999999999,0.19999999999999998,0.1053859562329929
2008-02-06,3.4218291066027622e-18,0.1827666022818992,8.224613073491716e-18,1.6599537605949016e-17,1.3404873275772699e-17,0.08471294731873572,0.2,0.027134494166372196,6.0121105556162985e-18,0.1999999999999999,0.19999999999999998,0.1053859562329929
2008-02-07,3.4218291066027622e-18,0.1827666022818992,8.224613073491716e-18,1.6599537605949016e-17,1.3404873275772699e-17,0.08471294731873572,0.2,0.027134494166372196,6.0121105556162985e-18,0.1999999999999999,0.19999999999999998,0.1053859562329929
2008-02-08,3.4218291066027622e-18,0.1827666022818992,8.224613073491716e-18,1.6599537605949016e-17,1.3404873275772699e-17,0.08471294731873572,0.2,0.027134494166372196,6.0121105556162985e-18,0.1999999999999999,0.19999999999999998,0.1053859562329929
2008-02-11,3.4218291066027622e-18,0.1827666022818992,8.224613073491716e-18,1.6599537605949016e-17,1.3404873275772699e-17,0.08471294731873572,0.2,0.027134494166372196,6.0121105556162985e-18,0.1999999999999999,0.19999999999999998,0.1053859562329929
2008-02-12,3.4218291066027622e-18,0.1827666022818992,8.224613073491716e-18,1.6599537605949016e-17,1.3404873275772699e-17,0.08471294731873572,0.2,0.027134494166372196,6.0121105556162985e-18,0.1999999999999999,0.19999999999999998,0.1053859562329929
2008-02-13,3.4218291066027622e-18,0.1827666022818992,8.224613073491716e-18,1.6599537605949016e-17,1.3404873275772699e-17,0.08471294731873572,0.2,0.027134494166372196,6.0121105556162985e-18,0.1999999999999999,0.19999999999999998,0.1053859562329929
2008-02-14,3.4218291066027622e-18,0.1827666022818992,8.224613073491716e-18,1.6599537605949016e-17,1.3404873275772699e-17,0.08471294731873572,0.2,0.027134494166372196,6.0121105556162985e-18,0.1999999999999999,0.19999999999999998,0.1053859562329929
2008-02-15,3.4218291066027622e-18,0.1827666022818992,8.224613073491716e-18,1.6599537605949016e-17,1.3404873275772699e-17,0.08471294731873572,0.2,0.027134494166372196,6.0121105556162985e-18,0.1999999999999999,0.19999999999999998,0.1053859562329929
2008-02-19,3.4218291066027622e-18,0.1827666022818992,8.224613073491716e-18,1.6599537605949016e-17,1.3404873275772699e-17,0.08471294731873572,0.2,0.027134494166372196,6.0121105556162985e-18,0.1999999999999999,0.19999999999999998,0.1053859562329929
2008-02-20,3.4218291066027622e-18,0.1827666022818992,8.224613073491716e-18,1.6599537605949016e-17,1.3404873275772699e-17,0.08471294731873572,0.2,0.027134494166372196,6.0121105556162985e-18,0.1999999999999999,0.19999999999999998,0.1053859562329929
2008-02-21,3.4218291066027622e-18,0.1827666022818992,8.224613073491716e-18,1.6599537605949016e-17,1.3404873275772699e-17,0.08471294731873572,0.2,0.027134494166372196,6.0121105556162985e-18,0.1999999999999999,0.19999999999999998,0.1053859562329929
2008-02-22,3.4218291066027622e-18,0.1827666022818992,8.224613073491716e-18,1.6599537605949016e-17,1.3404873275772699e-17,0.08471294731873572,0.2,0.027134494166372196,6.0121105556162985e-18,0.1999999999999999,0.19999999999999998,0.1053859562329929
2008-02-25,1.0013575698853512e-17,0.1828416167825676,0.0,1.9061350072743476e-17,9.181079571486123e-18,0.0891357255989368,0.1999999999999999,4.586255189316887e-17,2.2210175679060007e-17,0.19999999999999998,0.2,0.12802265761849574
2008-02-26,1.0013575698853512e-17,0.1828416167825676,0.0,1.9061350072743476e-17,9.181079571486123e-18,0.0891357255989368,0.1999999999999999,4.586255189316887e-17,2.2210175679060007e-17,0.19999999999999998,0.2,0.12802265761849574
2008-02-27,1.0013575698853512e-17,0.1828416167825676,0.0,1.9061350072743476e-17,9.181079571486123e-18,0.0891357255989368,0.1999999999999999,4.586255189316887e-17,2.2210175679060007e-17,0.19999999999999998,0.2,0.12802265761849574
2008-02-28,1.0013575698853512e-17,0.1828416167825676,0.0,1.9061350072743476e-17,9.181079571486123e-18,0.0891357255989368,0.1999999999999999,4.586255189316887e-17,2.2210175679060007e-17,0.19999999999999998,0.2,0.12802265761849574
2008-02-29,1.0013575698853512e-17,0.1828416167825676,0.0,1.9061350072743476e-17,9.181079571486123e-18,0.0891357255989368,0.1999999999999999,4.586255189316887e-17,2.2210175679060007e-17,0.19999999999999998,0.2,0.12802265761849574
2008-03-03,2.1848462752410278e-20,0.15401609097807484,1.538061697211718e-17,2.2158315749806457e-18,3.005256647506494e-18,0.008517454989422454,0.2,0.012353878960208058,0.02511257507229451,0.19999999999999998,0.2,0.2
2008-03-04,2.1848462752410278e-20,0.15401609097807484,1.538061697211718e-17,2.2158315749806457e-18,3.005256647506494e-18,0.008517454989422454,0.2,0.012353878960208058,0.02511257507229451,0.19999999999999998,0.2,0.2
2008-03-05,2.1848462752410278e-20,0.15401609097807484,1.538061697211718e-17,2.2158315749806457e-18,3.005256647506494e-18,0.008517454989422454,0.2,0.012353878960208058,0.02511257507229451,0.19999999999999998,0.2,0.2
2008-03-06,2.1848462752410278e-20,0.15401609097807484,1.538061697211718e-17,2.2158315749806457e-18,3.005256647506494e-18,0.008517454989422454,0.2,0.012353878960208058,0.02511257507229451,0.19999999999999998,0.2,0.2
2008-03-07,2.1848462752410278e-20,0.15401609097807484,1.538061697211718e-17,2.2158315749806457e-18,3.005256647506494e-18,0.008517454989422454,0.2,0.012353878960208058,0.02511257507229451,0.19999999999999998,0.2,0.2
2008-03-10,2.1848462752410278e-20,0.15401609097807484,1.538061697211718e-17,2.2158315749806457e-18,3.005256647506494e-18,0.008517454989422454,0.2,0.012353878960208058,0.02511257507229451,0.19999999999999998,0.2,0.2
2008-03-11,2.1848462752410278e-20,0.15401609097807484,1.538061697211718e-17,2.2158315749806457e-18,3.005256647506494e-18,0.008517454989422454,0.2,0.012353878960208058,0.02511257507229451,0.19999999999999998,0.2,0.2
2008-03-12,2.1848462752410278e-20,0.15401609097807484,1.538061697211718e-17,2.2158315749806457e-18,3.005256647506494e-18,0.008517454989422454,0.2,0.012353878960208058,0.02511257507229451,0.19999999999999998,0.2,0.2
2008-03-13,2.1848462752410278e-20,0.15401609097807484,1.538061697211718e-17,2.2158315749806457e-18,3.005256647506494e-18,0.008517454989422454,0.2,0.012353878960208058,0.02511257507229451,0.19999999999999998,0.2,0.2
2008-03-14,2.1848462752410278e-20,0.15401609097807484,1.538061697211718e-17,2.2158315749806457e-18,3.005256647506494e-18,0.008517454989422454,0.2,0.012353878960208058,0.02511257507229451,0.19999999999999998,0.2,0.2
2008-03-17,2.1848462752410278e-20,0.15401609097807484,1.538061697211718e-17,2.2158315749806457e-18,3.005256647506494e-18,0.008517454989422454,0.2,0.012353878960208058,0.02511257507229451,0.19999999999999998,0.2,0.2
2008-03-18,2.1848462752410278e-20,0.15401609097807484,1.538061697211718e-17,2.2158315749806457e-18,3.005256647506494e-18,0.008517454989422454,0.2,0.012353878960208058,0.02511257507229451,0.19999999999999998,0.2,0.2
2008-03-19,2.1848462752410278e-20,0.15401609097807484,1.538061697211718e-17,2.2158315749806457e-18,3.005256647506494e-18,0.008517454989422454,0.2,0.012353878960208058,0.02511257507229451,0.19999999999999998,0.2,0.2
2008-03-20,2.1848462752410278e-20,0.15401609097807484,1.538061697211718e-17,2.2158315749806457e-18,3.005256647506494e-18,0.008517454989422454,0.2,0.012353878960208058,0.02511257507229451,0.19999999999999998,0.2,0.2
2008-03-24,2.1848462752410278e-20,0.15401609097807484,1.538061697211718e-17,2.2158315749806457e-18,3.005256647506494e-18,0.008517454989422454,0.2,0.012353878960208058,0.02511257507229451,0.19999999999999998,0.2,0.2
2008-03-25,1.1271721230214763e-19,0.2,2.4323170429578383e-19,1.993613321811858e-19,0.006207317215801113,3.096315866412085e-20,0.2,0.0054266799612563785,8.922721476733827e-19,0.2,0.19999999999999998,0.1883660028229427
2008-03-26,1.1271721230214763e-19,0.2,2.4323170429578383e-19,1.993613321811858e-19,0.006207317215801113,3.096315866412085e-20,0.2,0.0054266799612563785,8.922721476733827e-19,0.2,0.19999999999999998,0.1883660028229427
2008-03-27,1.1271721230214763e-19,0.2,2.4323170429578383e-19,1.993613321811858e-19,0.006207317215801113,3.096315866412085e-20,0.2,0.0054266799612563785,8.922721476733827e-19,0.2,0.19999999999999998,0.1883660028229427
2008-03-28,1.1271721230214763e-19,0.2,2.4323170429578383e-19,1.993613321811858e-19,0.006207317215801113,3.096315866412085e-20,0.2,0.0054266799612563785,8.922721476733827e-19,0.2,0.19999999999999998,0.1883660028229427
2008-03-31,1.1271721230214763e-19,0.2,2.4323170429578383e-19,1.993613321811858e-19,0.006207317215801113,3.096315866412085e-20,0.2,0.0054266799612563785,8.922721476733827e-19,0.2,0.19999999999999998,0.1883660028229427
2008-04-01,1.1271721230214763e-19,0.2,2.4323170429578383e-19,1.993613321811858e-19,0.006207317215801113,3.096315866412085e-20,0.2,0.0054266799612563785,8.922721476733827e-19,0.2,0.19999999999999998,0.1883660028229427
2008-04-02,1.1271721230214763e-19,0.2,2.4323170429578383e-19,1.993613321811858e-19,0.006207317215801113,3.096315866412085e-20,0.2,0.0054266799612563785,8.922721476733827e-19,0.2,0.19999999999999998,0.1883660028229427
2008-04-03,1.1271721230214763e-19,0.2,2.4323170429578383e-19,1.993613321811858e-19,0.006207317215801113,3.096315866412085e-20,0.2,0.0054266799612563785,8.922721476733827e-19,0.2,0.19999999999999998,0.1883660028229427
2008-04-04,1.1271721230214763e-19,0.2,2.4323170429578383e-19,1.993613321811858e-19,0.006207317215801113,3.096315866412085e-20,0.2,0.0054266799612563785,8.922721476733827e-19,0.2,0.19999999999999998,0.1883660028229427
2008-04-07,1.1271721230214763e-19,0.2,2.4323170429578383e-19,1.993613321811858e-19,0.006207317215801113,3.096315866412085e-20,0.2,0.0054266799612563785,8.922721476733827e-19,0.2,0.19999999999999998,0.1883660028229427
2008-04-08,1.1271721230214763e-19,0.2,2.4323170429578383e-19,1.993613321811858e-19,0.006207317215801113,3.096315866412085e-20,0.2,0.0054266799612563785,8.922721476733827e-19,0.2,0.19999999999999998,0.1883660028229427
2008-04-09,1.1271721230214763e-19,0.2,2.4323170429578383e-19,1.993613321811858e-19,0.006207317215801113,3.096315866412085e-20,0.2,0.0054266799612563785,8.922721476733827e-19,0.2,0.19999999999999998,0.1883660028229427
2008-04-10,1.1271721230214763e-19,0.2,2.4323170429578383e-19,1.993613321811858e-19,0.006207317215801113,3.096315866412085e-20,0.2,0.0054266799612563785,8.922721476733827e-19,0.2,0.19999999999999998,0.1883660028229427
2008-04-11,1.1271721230214763e-19,0.2,2.4323170429578383e-19,1.993613321811858e-19,0.006207317215801113,3.096315866412085e-20,0.2,0.0054266799612563785,8.922721476733827e-19,0.2,0.19999999999999998,0.1883660028229427
2008-04-14,1.1271721230214763e-19,0.2,2.4323170429578383e-19,1.993613321811858e-19,0.006207317215801113,3.096315866412085e-20,0.2,0.0054266799612563785,8.922721476733827e-19,0.2,0.19999999999999998,0.1883660028229427
2008-04-15,1.1271721230214763e-19,0.2,2.4323170429578383e-19,1.993613321811858e-19,0.006207317215801113,3.096315866412085e-20,0.2,0.0054266799612563785,8.922721476733827e-19,0.2,0.19999999999999998,0.1883660028229427
2008-04-16,1.1271721230214763e-19,0.2,2.4323170429578383e-19,1.993613321811858e-19,0.006207317215801113,3.096315866412085e-20,0.2,0.0054266799612563785,8.922721476733827e-19,0.2,0.19999999999999998,0.1883660028229427
2008-04-17,1.1271721230214763e-19,0.2,2.4323170429578383e-19,1.993613321811858e-19,0.006207317215801113,3.096315866412085e-20,0.2,0.0054266799612563785,8.922721476733827e-19,0.2,0.19999999999999998,0.1883660028229427
2008-04-18,1.1271721230214763e-19,0.2,2.4323170429578383e-19,1.993613321811858e-19,0.006207317215801113,3.096315866412085e-20,0.2,0.0054266799612563785,8.922721476733827e-19,0.2,0.19999999999999998,0.1883660028229427
2008-04-21,1.1271721230214763e-19,0.2,2.4323170429578383e-19,1.993613321811858e-19,0.006207317215801113,3.096315866412085e-20,0.2,0.0054266799612563785,8.922721476733827e-19,0.2,0.19999999999999998,0.1883660028229427
2008-04-22,1.1271721230214763e-19,0.2,2.4323170429578383e-19,1.993613321811858e-19,0.006207317215801113,3.096315866412085e-20,0.2,0.0054266799612563785,8.922721476733827e-19,0.2,0.19999999999999998,0.1883660028229427
2008-04-23,1.1271721230214763e-19,0.2,2.4323170429578383e-19,1.993613321811858e-19,0.006207317215801113,3.096315866412085e-20,0.2,0.0054266799612563785,8.922721476733827e-19,0.2,0.19999999999999998,0.1883660028229427
2008-04-24,1.1271721230214763e-19,0.2,2.4323170429578383e-19,1.993613321811858e-19,0.006207317215801113,3.096315866412085e-20,0.2,0.0054266799612563785,8.922721476733827e-19,0.2,0.19999999999999998,0.1883660028229427
2008-04-25,1.1271721230214763e-19,0.2,2.4323170429578383e-19,1.993613321811858e-19,0.006207317215801113,3.096315866412085e-20,0.2,0.0054266799612563785,8.922721476733827e-19,0.2,0.19999999999999998,0.1883660028229427
2008-04-28,1.1271721230214763e-19,0.2,2.4323170429578383e-19,1.993613321811858e-19,0.006207317215801113,3.096315866412085e-20,0.2,0.0054266799612563785,8.922721476733827e-19,0.2,0.19999999999999998,0.1883660028229427
2008-04-29,1.1271721230214763e-19,0.2,2.4323170429578383e-19,1.993613321811858e-19,0.006207317215801113,3.096315866412085e-20,0.2,0.0054266799612563785,8.922721476733827e-19,0.2,0.19999999999999998,0.1883660028229427
2008-04-30,1.1271721230214763e-19,0.2,2.4323170429578383e-19,1.993613321811858e-19,0.006207317215801113,3.096315866412085e-20,0.2,0.0054266799612563785,8.922721476733827e-19,0.2,0.19999999999999998,0.1883660028229427
2008-05-01,1.1271721230214763e-19,0.2,2.4323170429578383e-19,1.993613321811858e-19,0.006207317215801113,3.096315866412085e-20,0.2,0.0054266799612563785,8.922721476733827e-19,0.2,0.19999999999999998,0.1883660028229427
2008-05-02,1.1271721230214763e-19,0.2,2.4323170429578383e-19,1.993613321811858e-19,0.006207317215801113,3.096315866412085e-20,0.2,0.0054266799612563785,8.922721476733827e-19,0.2,0.19999999999999998,0.1883660028229427
2008-05-05,1.1271721230214763e-19,0.2,2.4323170429578383e-19,1.993613321811858e-19,0.006207317215801113,3.096315866412085e-20,0.2,0.0054266799612563785,8.922721476733827e-19,0.2,0.19999999999999998,0.1883660028229427
2008-05-06,1.1271721230214763e-19,0.2,2.4323170429578383e-19,1.993613321811858e-19,0.006207317215801113,3.096315866412085e-20,0.2,0.0054266799612563785,8.922721476733827e-19,0.2,0.19999999999999998,0.1883660028229427
2008-05-07,1.1271721230214763e-19,0.2,2.4323170429578383e-19,1.993613321811858e-19,0.006207317215801113,3.096315866412085e-20,0.2,0.0054266799612563785,8.922721476733827e-19,0.2,0.19999999999999998,0.1883660028229427
2008-05-08,1.1271721230214763e-19,0.2,2.4323170429578383e-19,1.993613321811858e-19,0.006207317215801113,3.096315866412085e-20,0.2,0.0054266799612563785,8.922721476733827e-19,0.2,0.19999999999999998,0.1883660028229427
2008-05-09,1.1271721230214763e-19,0.2,2.4323170429578383e-19,1.993613321811858e-19,0.006207317215801113,3.096315866412085e-20,0.2,0.0054266799612563785,8.922721476733827e-19,0.2,0.19999999999999998,0.1883660028229427
2008-05-12,1.1271721230214763e-19,0.2,2.4323170429578383e-19,1.993613321811858e-19,0.006207317215801113,3.096315866412085e-20,0.2,0.0054266799612563785,8.922721476733827e-19,0.2,0.19999999999999998,0.1883660028229427
2008-05-13,1.1271721230214763e-19,0.2,2.4323170429578383e-19,1.993613321811858e-19,0.006207317215801113,3.096315866412085e-20,0.2,0.0054266799612563785,8.922721476733827e-19,0.2,0.19999999999999998,0.1883660028229427
2008-05-14,1.1271721230214763e-19,0.2,2.4323170429578383e-19,1.993613321811858e-19,0.006207317215801113,3.096315866412085e-20,0.2,0.0054266799612563785,8.922721476733827e-19,0.2,0.19999999999999998,0.1883660028229427
2008-05-15,1.1271721230214763e-19,0.2,2.4323170429578383e-19,1.993613321811858e-19,0.006207317215801113,3.096315866412085e-20,0.2,0.0054266799612563785,8.922721476733827e-19,0.2,0.19999999999999998,0.1883660028229427
2008-05-16,1.1271721230214763e-19,0.2,2.4323170429578383e-19,1.993613321811858e-19,0.006207317215801113,3.096315866412085e-20,0.2,0.0054266799612563785,8.922721476733827e-19,0.2,0.19999999999999998,0.1883660028229427
2008-05-19,1.1271721230214763e-19,0.2,2.4323170429578383e-19,1.993613321811858e-19,0.006207317215801113,3.096315866412085e-20,0.2,0.0054266799612563785,8.922721476733827e-19,0.2,0.19999999999999998,0.1883660028229427
2008-05-20,0.0,0.0,5.204170427930421e-17,0.2,0.08650400799461236,0.0,0.11349599200538746,3.0357660829594124e-17,0.19999999999999998,0.1999999999999999,0.2,1.196959198423997e-16
2008-05-21,0.0,0.0,5.204170427930421e-17,0.2,0.08650400799461236,0.0,0.11349599200538746,3.0357660829594124e-17,0.19999999999999998,0.1999999999999999,0.2,1.196959198423997e-16
2008-05-22,0.0,0.0,5.204170427930421e-17,0.2,0.08650400799461236,0.0,0.11349599200538746,3.0357660829594124e-17,0.19999999999999998,0.1999999999999999,0.2,1.196959198423997e-16
2008-05-23,0.0,0.0,5.204170427930421e-17,0.2,0.08650400799461236,0.0,0.11349599200538746,3.0357660829594124e-17,0.19999999999999998,0.1999999999999999,0.2,1.196959198423997e-16
2008-05-27,0.0,0.0,5.204170427930421e-17,0.2,0.08650400799461236,0.0,0.11349599200538746,3.0357660829594124e-17,0.19999999999999998,0.1999999999999999,0.2,1.196959198423997e-16
2008-05-28,0.0,0.0,0.0,0.2,9.971221695310176e-18,0.0,0.2,1.0408340855860843e-16,0.19999999999999984,0.2,0.2,0.0
2008-05-29,0.0,0.0,0.0,0.2,9.971221695310176e-18,0.0,0.2,1.0408340855860843e-16,0.19999999999999984,0.2,0.2,0.0
2008-05-30,0.0,0.0,0.0,0.2,9.971221695310176e-18,0.0,0.2,1.0408340855860843e-16,0.19999999999999984,0.2,0.2,0.0
2008-06-02,0.0,0.0,0.0,0.2,9.971221695310176e-18,0.0,0.2,1.0408340855860843e-16,0.19999999999999984,0.2,0.2,0.0
2008-06-03,0.0,0.0,0.0,0.2,9.971221695310176e-18,0.0,0.2,1.0408340855860843e-16,0.19999999999999984,0.2,0.2,0.0
2008-06-04,3.3357466220298634e-16,0.0,5.431768181814407e-17,0.2,0.0,0.0,0.09504391053276028,0.10495608946723933,0.2,0.2,0.19999999999999996,0.0
2008-06-05,3.3357466220298634e-16,0.0,5.431768181814407e-17,0.2,0.0,0.0,0.09504391053276028,0.10495608946723933,0.2,0.2,0.19999999999999996,0.0
2008-06-06,3.3357466220298634e-16,0.0,5.431768181814407e-17,0.2,0.0,0.0,0.09504391053276028,0.10495608946723933,0.2,0.2,0.19999999999999996,0.0
2008-06-09,3.3357466220298634e-16,0.0,5.431768181814407e-17,0.2,0.0,0.0,0.09504391053276028,0.10495608946723933,0.2,0.2,0.19999999999999996,0.0
2008-06-10,3.3357466220298634e-16,0.0,5.431768181814407e-17,0.2,0.0,0.0,0.09504391053276028,0.10495608946723933,0.2,0.2,0.19999999999999996,0.0
2008-06-11,4.264879846020359e-18,0.2,6.603550572673128e-19,3.9933686036282635e-18,1.0827040029915162e-17,2.549941012640466e-18,0.2,0.03009968282617111,8.438674897099622e-17,0.2,0.19999999999999998,0.16990031717382897
2008-06-12,4.264879846020359e-18,0.2,6.603550572673128e-19,3.9933686036282635e-18,1.0827040029915162e-17,2.549941012640466e-18,0.2,0.03009968282617111,8.438674897099622e-17,0.2,0.19999999999999998,0.16990031717382897
2008-06-13,4.264879846020359e-18,0.2,6.603550572673128e-19,3.9933686036282635e-18,1.0827040029915162e-17,2.549941012640466e-18,0.2,0.03009968282617111,8.438674897099622e-17,0.2,0.19999999999999998,0.16990031717382897
2008-06-16,4.264879846020359e-18,0.2,6.603550572673128e-19,3.9933686036282635e-18,1.0827040029915162e-17,2.549941012640466e-18,0.2,0.03009968282617111,8.438674897099622e-17,0.2,0.19999999999999998,0.16990031717382897
2008-06-17,4.264879846020359e-18,0.2,6.603550572673128e-19,3.9933686036282635e-18,1.0827040029915162e-17,2.549941012640466e-18,0.2,0.03009968282617111,8.438674897099622e-17,0.2,0.19999999999999998,0.16990031717382897
2008-06-18,4.264879846020359e-18,0.2,6.603550572673128e-19,3.9933686036282635e-18,1.0827040029915162e-17,2.549941012640466e-18,0.2,0.03009968282617111,8.438674897099622e-17,0.2,0.19999999999999998,0.16990031717382897
2008-06-19,4.264879846020359e-18,0.2,6.603550572673128e-19,3.9933686036282635e-18,1.0827040029915162e-17,2.549941012640466e-18,0.2,0.03009968282617111,8.438674897099622e-17,0.2,0.19999999999999998,0.16990031717382897
2008-06-20,4.264879846020359e-18,0.2,6.603550572673128e-19,3.9933686036282635e-18,1.0827040029915162e-17,2.549941012640466e-18,0.2,0.03009968282617111,8.438674897099622e-17,0.2,0.19999999999999998,0.16990031717382897
2008-06-23,4.264879846020359e-18,0.2,6.603550572673128e-19,3.9933686036282635e-18,1.0827040029915162e-17,2.549941012640466e-18,0.2,0.03009968282617111,8.438674897099622e-17,0.2,0.19999999999999998,0.16990031717382897
2008-06-24,4.264879846020359e-18,0.2,6.603550572673128e-19,3.9933686036282635e-18,1.0827040029915162e-17,2.549941012640466e-18,0.2,0.03009968282617111,8.438674897099622e-17,0.2,0.19999999999999998,0.16990031717382897
2008-06-25,4.264879846020359e-18,0.2,6.603550572673128e-19,3.9933686036282635e-18,1.0827040029915162e-17,2.549941012640466e-18,0.2,0.03009968282617111,8.438674897099622e-17,0.2,0.19999999999999998,0.16990031717382897
2008-06-26,4.264879846020359e-18,0.2,6.603550572673128e-19,3.9933686036282635e-18,1.0827040029915162e-17,2.549941012640466e-18,0.2,0.03009968282617111,8.438674897099622e-17,0.2,0.19999999999999998,0.16990031717382897
2008-06-27,4.264879846020359e-18,0.2,6.603550572673128e-19,3.9933686036282635e-18,1.0827040029915162e-17,2.549941012640466e-18,0.2,0.03009968282617111,8.438674897099622e-17,0.2,0.19999999999999998,0.16990031717382897
2008-06-30,4.264879846020359e-18,0.2,6.603550572673128e-19,3.9933686036282635e-18,1.0827040029915162e-17,2.549941012640466e-18,0.2,0.03009968282617111,8.438674897099622e-17,0.2,0.19999999999999998,0.16990031717382897
2008-07-01,4.264879846020359e-18,0.2,6.603550572673128e-19,3.9933686036282635e-18,1.0827040029915162e-17,2.549941012640466e-18,0.2,0.03009968282617111,8.438674897099622e-17,0.2,0.19999999999999998,0.16990031717382897
2008-07-02,4.264879846020359e-18,0.2,6.603550572673128e-19,3.9933686036282635e-18,1.0827040029915162e-17,2.549941012640466e-18,0.2,0.03009968282617111,8.438674897099622e-17,0.2,0.19999999999999998,0.16990031717382897
2008-07-03,4.264879846020359e-18,0.2,6.603550572673128e-19,3.9933686036282635e-18,1.0827040029915162e-17,2.549941012640466e-18,0.2,0.03009968282617111,8.438674897099622e-17,0.2,0.19999999999999998,0.16990031717382897
2008-07-07,4.264879846020359e-18,0.2,6.603550572673128e-19,3.9933686036282635e-18,1.0827040029915162e-17,2.549941012640466e-18,0.2,0.03009968282617111,8.438674897099622e-17,0.2,0.19999999999999998,0.16990031717382897
2008-07-08,4.264879846020359e-18,0.2,6.603550572673128e-19,3.9933686036282635e-18,1.0827040029915162e-17,2.549941012640466e-18,0.2,0.03009968282617111,8.438674897099622e-17,0.2,0.19999999999999998,0.16990031717382897
2008-07-09,4.264879846020359e-18,0.2,6.603550572673128e-19,3.9933686036282635e-18,1.0827040029915162e-17,2.549941012640466e-18,0.2,0.03009968282617111,8.438674897099622e-17,0.2,0.19999999999999998,0.16990031717382897
2008-07-10,4.264879846020359e-18,0.2,6.603550572673128e-19,3.9933686036282635e-18,1.0827040029915162e-17,2.549941012640466e-18,0.2,0.03009968282617111,8.438674897099622e-17,0.2,0.19999999999999998,0.16990031717382897
2008-07-11,4.264879846020359e-18,0.2,6.603550572673128e-19,3.9933686036282635e-18,1.0827040029915162e-17,2.549941012640466e-18,0.2,0.03009968282617111,8.438674897099622e-17,0.2,0.19999999999999998,0.16990031717382897
2008-07-14,4.264879846020359e-18,0.2,6.603550572673128e-19,3.9933686036282635e-18,1.0827040029915162e-17,2.549941012640466e-18,0.2,0.03009968282617111,8.438674897099622e-17,0.2,0.19999999999999998,0.16990031717382897
2008-07-15,4.264879846020359e-18,0.2,6.603550572673128e-19,3.9933686036282635e-18,1.0827040029915162e-17,2.549941012640466e-18,0.2,0.03009968282617111,8.438674897099622e-17,0.2,0.19999999999999998,0.16990031717382897
2008-07-16,4.264879846020359e-18,0.2,6.603550572673128e-19,3.9933686036282635e-18,1.0827040029915162e-17,2.549941012640466e-18,0.2,0.03009968282617111,8.438674897099622e-17,0.2,0.19999999999999998,0.16990031717382897
2008-07-17,4.264879846020359e-18,0.2,6.603550572673128e-19,3.9933686036282635e-18,1.0827040029915162e-17,2.549941012640466e-18,0.2,0.03009968282617111,8.438674897099622e-17,0.2,0.19999999999999998,0.16990031717382897
2008-07-18,4.264879846020359e-18,0.2,6.603550572673128e-19,3.9933686036282635e-18,1.0827040029915162e-17,2.549941012640466e-18,0.2,0.03009968282617111,8.438674897099622e-17,0.2,0.19999999999999998,0.16990031717382897
2008-07-21,4.264879846020359e-18,0.2,6.603550572673128e-19,3.9933686036282635e-18,1.0827040029915162e-17,2.549941012640466e-18,0.2,0.03009968282617111,8.438674897099622e-17,0.2,0.19999999999999998,0.16990031717382897
2008-07-22,4.264879846020359e-18,0.2,6.603550572673128e-19,3.9933686036282635e-18,1.0827040029915162e-17,2.549941012640466e-18,0.2,0.03009968282617111,8.438674897099622e-17,0.2,0.19999999999999998,0.16990031717382897
2008-07-23,4.264879846020359e-18,0.2,6.603550572673128e-19,3.9933686036282635e-18,1.0827040029915162e-17,2.549941012640466e-18,0.2,0.03009968282617111,8.438674897099622e-17,0.2,0.19999999999999998,0.16990031717382897
2008-07-24,4.264879846020359e-18,0.2,6.603550572673128e-19,3.9933686036282635e-18,1.0827040029915162e-17,2.549941012640466e-18,0.2,0.03009968282617111,8.438674897099622e-17,0.2,0.19999999999999998,0.16990031717382897
2008-07-25,4.264879846020359e-18,0.2,6.603550572673128e-19,3.9933686036282635e-18,1.0827040029915162e-17,2.549941012640466e-18,0.2,0.03009968282617111,8.438674897099622e-17,0.2,0.19999999999999998,0.16990031717382897
2008-07-28,4.264879846020359e-18,0.2,6.603550572673128e-19,3.9933686036282635e-18,1.0827040029915162e-17,2.549941012640466e-18,0.2,0.03009968282617111,8.438674897099622e-17,0.2,0.19999999999999998,0.16990031717382897
2008-07-29,4.264879846020359e-18,0.2,6.603550572673128e-19,3.9933686036282635e-18,1.0827040029915162e-17,2.549941012640466e-18,0.2,0.03009968282617111,8.438674897099622e-17,0.2,0.19999999999999998,0.16990031717382897
2008-07-30,4.264879846020359e-18,0.2,6.603550572673128e-19,3.9933686036282635e-18,1.0827040029915162e-17,2.549941012640466e-18,0.2,0.03009968282617111,8.438674897099622e-17,0.2,0.19999999999999998,0.16990031717382897
2008-07-31,1.3496936068781008e-17,0.2,3.939453705652556e-17,3.471330193856455e-17,1.972978699481462e-17,0.017850866308966557,0.2,0.043148619495941634,1.737450295355181e-19,0.19999999999999987,0.2,0.13900051419509193
2008-08-01,1.3496936068781008e-17,0.2,3.939453705652556e-17,3.471330193856455e-17,1.972978699481462e-17,0.017850866308966557,0.2,0.043148619495941634,1.737450295355181e-19,0.19999999999999987,0.2,0.13900051419509193
2008-08-04,1.3496936068781008e-17,0.2,3.939453705652556e-17,3.471330193856455e-17,1.972978699481462e-17,0.017850866308966557,0.2,0.043148619495941634,1.737450295355181e-19,0.19999999999999987,0.2,0.13900051419509193
2008-08-05,1.3496936068781008e-17,0.2,3.939453705652556e-17,3.471330193856455e-17,1.972978699481462e-17,0.017850866308966557,0.2,0.043148619495941634,1.737450295355181e-19,0.19999999999999987,0.2,0.13900051419509193
2008-08-06,1.3496936068781008e-17,0.2,3.939453705652556e-17,3.471330193856455e-17,1.972978699481462e-17,0.017850866308966557,0.2,0.043148619495941634,1.737450295355181e-19,0.19999999999999987,0.2,0.13900051419509193
2008-08-07,1.3496936068781008e-17,0.2,3.939453705652556e-17,3.471330193856455e-17,1.972978699481462e-17,0.017850866308966557,0.2,0.043148619495941634,1.737450295355181e-19,0.19999999999999987,0.2,0.13900051419509193
2008-08-08,1.3496936068781008e-17,0.2,3.939453705652556e-17,3.471330193856455e-17,1.972978699481462e-17,0.017850866308966557,0.2,0.043148619495941634,1.737450295355181e-19,0.19999999999999987,0.2,0.13900051419509193
2008-08-11,1.3496936068781008e-17,0.2,3.939453705652556e-17,3.471330193856455e-17,1.972978699481462e-17,0.017850866308966557,0.2,0.043148619495941634,1.737450295355181e-19,0.19999999999999987,0.2,0.13900051419509193
2008-08-12,1.3496936068781008e-17,0.2,3.939453705652556e-17,3.471330193856455e-17,1.972978699481462e-17,0.017850866308966557,0.2,0.043148619495941634,1.737450295355181e-19,0.19999999999999987,0.2,0.13900051419509193
2008-08-13,1.3496936068781008e-17,0.2,3.939453705652556e-17,3.471330193856455e-17,1.972978699481462e-17,0.017850866308966557,0.2,0.043148619495941634,1.737450295355181e-19,0.19999999999999987,0.2,0.13900051419509193
2008-08-14,2.1729052085979088e-17,0.19999999999999996,6.467837181050277e-18,0.0,1.1462270881063322e-17,4.636729840237101e-19,0.2,0.030866349774078764,6.376559474909479e-18,0.2,0.19999999999999998,0.16913365022592175
2008-08-15,2.1729052085979088e-17,0.19999999999999996,6.467837181050277e-18,0.0,1.1462270881063322e-17,4.636729840237101e-19,0.2,0.030866349774078764,6.376559474909479e-18,0.2,0.19999999999999998,0.16913365022592175
2008-08-18,2.1729052085979088e-17,0.19999999999999996,6.467837181050277e-18,0.0,1.1462270881063322e-17,4.636729840237101e-19,0.2,0.030866349774078764,6.376559474909479e-18,0.2,0.19999999999999998,0.16913365022592175
2008-08-19,2.1729052085979088e-17,0.19999999999999996,6.467837181050277e-18,0.0,1.1462270881063322e-17,4.636729840237101e-19,0.2,0.030866349774078764,6.376559474909479e-18,0.2,0.19999999999999998,0.16913365022592175
2008-08-20,2.1729052085979088e-17,0.19999999999999996,6.467837181050277e-18,0.0,1.1462270881063322e-17,4.636729840237101e-19,0.2,0.030866349774078764,6.376559474909479e-18,0.2,0.19999999999999998,0.16913365022592175
2008-08-21,0.0,0.2,0.0,3.1362309001545e-18,1.6306400674181987e-16,1.630584741604207e-16,0.2,0.057990334197514475,1.0085190410296439e-16,0.2,0.19999999999999998,0.14200966580248503
2008-08-22,0.0,0.2,0.0,3.1362309001545e-18,1.6306400674181987e-16,1.630584741604207e-16,0.2,0.057990334197514475,1.0085190410296439e-16,0.2,0.19999999999999998,0.14200966580248503
2008-08-25,0.0,0.2,0.0,3.1362309001545e-18,1.6306400674181987e-16,1.630584741604207e-16,0.2,0.057990334197514475,1.0085190410296439e-16,0.2,0.19999999999999998,0.14200966580248503
2008-08-26,0.0,0.2,0.0,3.1362309001545e-18,1.6306400674181987e-16,1.630584741604207e-16,0.2,0.057990334197514475,1.0085190410296439e-16,0.2,0.19999999999999998,0.14200966580248503
2008-08-27,0.0,0.2,0.0,3.1362309001545e-18,1.6306400674181987e-16,1.630584741604207e-16,0.2,0.057990334197514475,1.0085190410296439e-16,0.2,0.19999999999999998,0.14200966580248503
2008-08-28,0.0,0.2,0.0,3.1362309001545e-18,1.6306400674181987e-16,1.630584741604207e-16,0.2,0.057990334197514475,1.0085190410296439e-16,0.2,0.19999999999999998,0.14200966580248503
2008-08-29,0.0,0.2,0.0,3.1362309001545e-18,1.6306400674181987e-16,1.630584741604207e-16,0.2,0.057990334197514475,1.0085190410296439e-16,0.2,0.19999999999999998,0.14200966580248503
2008-09-02,0.0,0.2,0.0,3.1362309001545e-18,1.6306400674181987e-16,1.630584741604207e-16,0.2,0.057990334197514475,1.0085190410296439e-16,0.2,0.19999999999999998,0.14200966580248503
2008-09-03,0.0,0.2,0.0,3.1362309001545e-18,1.6306400674181987e-16,1.630584741604207e-16,0.2,0.057990334197514475,1.0085190410296439e-16,0.2,0.19999999999999998,0.14200966580248503
2008-09-04,0.0,0.2,0.0,3.1362309001545e-18,1.6306400674181987e-16,1.630584741604207e-16,0.2,0.057990334197514475,1.0085190410296439e-16,0.2,0.19999999999999998,0.14200966580248503
2008-09-05,2.3717867904915168e-18,0.19999999999999996,3.704514963539046e-21,2.5778093110106584e-18,0.029053775246926688,0.060295326121737325,0.19999999999999993,0.06239153905638198,2.4452526435589994e-19,0.2,0.2,0.04825935957495398
2008-09-08,2.3717867904915168e-18,0.19999999999999996,3.704514963539046e-21,2.5778093110106584e-18,0.029053775246926688,0.060295326121737325,0.19999999999999993,0.06239153905638198,2.4452526435589994e-19,0.2,0.2,0.04825935957495398
2008-09-09,2.3717867904915168e-18,0.19999999999999996,3.704514963539046e-21,2.5778093110106584e-18,0.029053775246926688,0.060295326121737325,0.19999999999999993,0.06239153905638198,2.4452526435589994e-19,0.2,0.2,0.04825935957495398
2008-09-10,2.3717867904915168e-18,0.19999999999999996,3.704514963539046e-21,2.5778093110106584e-18,0.029053775246926688,0.060295326121737325,0.19999999999999993,0.06239153905638198,2.4452526435589994e-19,0.2,0.2,0.04825935957495398
2008-09-11,2.3717867904915168e-18,0.19999999999999996,3.704514963539046e-21,2.5778093110106584e-18,0.029053775246926688,0.060295326121737325,0.19999999999999993,0.06239153905638198,2.4452526435589994e-19,0.2,0.2,0.04825935957495398
2008-09-12,2.059986368932616e-18,0.19999999999999982,3.5964354848061977e-17,1.5443209825012165e-17,0.054599747731166534,0.05259980815936091,0.19999999999999998,0.07559655529439047,0.017203888815082533,0.2,0.19999999999999998,0.0
2008-09-15,2.059986368932616e-18,0.19999999999999982,3.5964354848061977e-17,1.5443209825012165e-17,0.054599747731166534,0.05259980815936091,0.19999999999999998,0.07559655529439047,0.017203888815082533,0.2,0.19999999999999998,0.0
2008-09-16,2.059986368932616e-18,0.19999999999999982,3.5964354848061977e-17,1.5443209825012165e-17,0.054599747731166534,0.05259980815936091,0.19999999999999998,0.07559655529439047,0.017203888815082533,0.2,0.19999999999999998,0.0
2008-09-17,2.059986368932616e-18,0.19999999999999982,3.5964354848061977e-17,1.5443209825012165e-17,0.054599747731166534,0.05259980815936091,0.19999999999999998,0.07559655529439047,0.017203888815082533,0.2,0.19999999999999998,0.0
2008-09-18,2.059986368932616e-18,0.19999999999999982,3.5964354848061977e-17,1.5443209825012165e-17,0.054599747731166534,0.05259980815936091,0.19999999999999998,0.07559655529439047,0.017203888815082533,0.2,0.19999999999999998,0.0
2008-09-19,2.806051740851184e-17,0.19999999999999998,8.403567378767477e-17,2.0026342484905317e-17,0.05711165578591505,0.03921425310111053,0.2,0.06630428516868672,0.0066672772035837515,0.19999999999999987,0.19999999999999996,0.030702528740702794
2008-09-22,2.806051740851184e-17,0.19999999999999998,8.403567378767477e-17,2.0026342484905317e-17,0.05711165578591505,0.03921425310111053,0.2,0.06630428516868672,0.0066672772035837515,0.19999999999999987,0.19999999999999996,0.030702528740702794
2008-09-23,2.806051740851184e-17,0.19999999999999998,8.403567378767477e-17,2.0026342484905317e-17,0.05711165578591505,0.03921425310111053,0.2,0.06630428516868672,0.0066672772035837515,0.19999999999999987,0.19999999999999996,0.030702528740702794
2008-09-24,2.806051740851184e-17,0.19999999999999998,8.403567378767477e-17,2.0026342484905317e-17,0.05711165578591505,0.03921425310111053,0.2,0.06630428516868672,0.0066672772035837515,0.19999999999999987,0.19999999999999996,0.030702528740702794
2008-09-25,2.806051740851184e-17,0.19999999999999998,8.403567378767477e-17,2.0026342484905317e-17,0.05711165578591505,0.03921425310111053,0.2,0.06630428516868672,0.0066672772035837515,0.19999999999999987,0.19999999999999996,0.030702528740702794
2008-09-26,1.06233324660825e-17,0.15013570078161423,6.077462969372998e-18,7.64067973936643e-18,6.1584375256345394e-18,5.597331018211848e-18,0.2,0.10223840009234177,0.013746922970547526,0.19999999999999998,0.19999999999999998,0.13387897615549654
2008-09-29,1.06233324660825e-17,0.15013570078161423,6.077462969372998e-18,7.64067973936643e-18,6.1584375256345394e-18,5.597331018211848e-18,0.2,0.10223840009234177,0.013746922970547526,0.19999999999999998,0.19999999999999998,0.13387897615549654
2008-09-30,1.06233324660825e-17,0.15013570078161423,6.077462969372998e-18,7.64067973936643e-18,6.1584375256345394e-18,5.597331018211848e-18,0.2,0.10223840009234177,0.013746922970547526,0.19999999999999998,0.19999999999999998,0.13387897615549654
2008-10-01,1.06233324660825e-17,0.15013570078161423,6.077462969372998e-18,7.64067973936643e-18,6.1584375256345394e-18,5.597331018211848e-18,0.2,0.10223840009234177,0.013746922970547526,0.19999999999999998,0.19999999999999998,0.13387897615549654
2008-10-02,1.06233324660825e-17,0.15013570078161423,6.077462969372998e-18,7.64067973936643e-18,6.1584375256345394e-18,5.597331018211848e-18,0.2,0.10223840009234177,0.013746922970547526,0.19999999999999998,0.19999999999999998,0.13387897615549654
2008-10-03,1.8966895848050716e-18,0.2,2.759901285989327e-17,6.719197654535807e-18,1.5091405147421462e-17,7.493245632752078e-18,0.2,0.10994469132047299,0.011940876454533044,0.2,0.2,0.07811443222499398
2008-10-06,1.8966895848050716e-18,0.2,2.759901285989327e-17,6.719197654535807e-18,1.5091405147421462e-17,7.493245632752078e-18,0.2,0.10994469132047299,0.011940876454533044,0.2,0.2,0.07811443222499398
2008-10-07,1.8966895848050716e-18,0.2,2.759901285989327e-17,6.719197654535807e-18,1.5091405147421462e-17,7.493245632752078e-18,0.2,0.10994469132047299,0.011940876454533044,0.2,0.2,0.07811443222499398
2008-10-08,1.8966895848050716e-18,0.2,2.759901285989327e-17,6.719197654535807e-18,1.5091405147421462e-17,7.493245632752078e-18,0.2,0.10994469132047299,0.011940876454533044,0.2,0.2,0.07811443222499398
2008-10-09,1.8966895848050716e-18,0.2,2.759901285989327e-17,6.719197654535807e-18,1.5091405147421462e-17,7.493245632752078e-18,0.2,0.10994469132047299,0.011940876454533044,0.2,0.2,0.07811443222499398
2008-10-10,7.559164272159719e-18,0.2,0.0,0.0,6.743895095515387e-17,1.8650718016527862e-17,0.07502901523501254,0.19999999999999996,0.07729179421675597,0.2,0.2,0.04767919054823126
2008-10-13,7.559164272159719e-18,0.2,0.0,0.0,6.743895095515387e-17,1.8650718016527862e-17,0.07502901523501254,0.19999999999999996,0.07729179421675597,0.2,0.2,0.04767919054823126
2008-10-14,7.559164272159719e-18,0.2,0.0,0.0,6.743895095515387e-17,1.8650718016527862e-17,0.07502901523501254,0.19999999999999996,0.07729179421675597,0.2,0.2,0.04767919054823126
2008-10-15,7.559164272159719e-18,0.2,0.0,0.0,6.743895095515387e-17,1.8650718016527862e-17,0.07502901523501254,0.19999999999999996,0.07729179421675597,0.2,0.2,0.04767919054823126
2008-10-16,7.559164272159719e-18,0.2,0.0,0.0,6.743895095515387e-17,1.8650718016527862e-17,0.07502901523501254,0.19999999999999996,0.07729179421675597,0.2,0.2,0.04767919054823126
2008-10-17,6.307721659432217e-22,0.19999999999999982,1.1785527570574028e-16,4.92967031991767e-19,8.063108933676975e-17,4.095125154071156e-18,0.17586853611765227,0.19999999999999965,1.4746480778874807e-16,0.2,0.2,0.02413146388234794
2008-10-20,6.307721659432217e-22,0.19999999999999982,1.1785527570574028e-16,4.92967031991767e-19,8.063108933676975e-17,4.095125154071156e-18,0.17586853611765227,0.19999999999999965,1.4746480778874807e-16,0.2,0.2,0.02413146388234794
2008-10-21,6.307721659432217e-22,0.19999999999999982,1.1785527570574028e-16,4.92967031991767e-19,8.063108933676975e-17,4.095125154071156e-18,0.17586853611765227,0.19999999999999965,1.4746480778874807e-16,0.2,0.2,0.02413146388234794
2008-10-22,6.307721659432217e-22,0.19999999999999982,1.1785527570574028e-16,4.92967031991767e-19,8.063108933676975e-17,4.095125154071156e-18,0.17586853611765227,0.19999999999999965,1.4746480778874807e-16,0.2,0.2,0.02413146388234794
2008-10-23,6.307721659432217e-22,0.19999999999999982,1.1785527570574028e-16,4.92967031991767e-19,8.063108933676975e-17,4.095125154071156e-18,0.17586853611765227,0.19999999999999965,1.4746480778874807e-16,0.2,0.2,0.02413146388234794
2008-10-24,3.604765351802653e-18,0.19999999999999996,5.3027064503701973e-17,9.426715334841739e-17,1.4297876109273553e-16,4.846063315667719e-17,0.1365265863986055,0.2,3.449821290805857e-18,0.19999999999999982,0.2,0.06347341360139426
2008-10-27,3.604765351802653e-18,0.19999999999999996,5.3027064503701973e-17,9.426715334841739e-17,1.4297876109273553e-16,4.846063315667719e-17,0.1365265863986055,0.2,3.449821290805857e-18,0.19999999999999982,0.2,0.06347341360139426
2008-10-28,3.604765351802653e-18,0.19999999999999996,5.3027064503701973e-17,9.426715334841739e-17,1.4297876109273553e-16,4.846063315667719e-17,0.1365265863986055,0.2,3.449821290805857e-18,0.19999999999999982,0.2,0.06347341360139426
2008-10-29,3.604765351802653e-18,0.19999999999999996,5.3027064503701973e-17,9.426715334841739e-17,1.4297876109273553e-16,4.846063315667719e-17,0.1365265863986055,0.2,3.449821290805857e-18,0.19999999999999982,0.2,0.06347341360139426
2008-10-30,3.604765351802653e-18,0.19999999999999996,5.3027064503701973e-17,9.426715334841739e-17,1.4297876109273553e-16,4.846063315667719e-17,0.1365265863986055,0.2,3.449821290805857e-18,0.19999999999999982,0.2,0.06347341360139426
2008-10-31,3.604765351802653e-18,0.19999999999999996,5.3027064503701973e-17,9.426715334841739e-17,1.4297876109273553e-16,4.846063315667719e-17,0.1365265863986055,0.2,3.449821290805857e-18,0.19999999999999982,0.2,0.06347341360139426
2008-11-03,3.604765351802653e-18,0.19999999999999996,5.3027064503701973e-17,9.426715334841739e-17,1.4297876109273553e-16,4.846063315667719e-17,0.1365265863986055,0.2,3.449821290805857e-18,0.19999999999999982,0.2,0.06347341360139426
2008-11-04,3.604765351802653e-18,0.19999999999999996,5.3027064503701973e-17,9.426715334841739e-17,1.4297876109273553e-16,4.846063315667719e-17,0.1365265863986055,0.2,3.449821290805857e-18,0.19999999999999982,0.2,0.06347341360139426
2008-11-05,3.604765351802653e-18,0.19999999999999996,5.3027064503701973e-17,9.426715334841739e-17,1.4297876109273553e-16,4.846063315667719e-17,0.1365265863986055,0.2,3.449821290805857e-18,0.19999999999999982,0.2,0.06347341360139426
2008-11-06,3.604765351802653e-18,0.19999999999999996,5.3027064503701973e-17,9.426715334841739e-17,1.4297876109273553e-16,4.846063315667719e-17,0.1365265863986055,0.2,3.449821290805857e-18,0.19999999999999982,0.2,0.06347341360139426
2008-11-07,3.9926777455322886e-18,0.19999999999999987,1.2539654068778572e-19,1.9887936883826526e-19,1.0545824650940734e-18,4.3007004690215476e-16,0.08843892248799673,0.2,1.635717992450435e-18,0.2,0.2,0.11156107751200368
2008-11-10,3.9926777455322886e-18,0.19999999999999987,1.2539654068778572e-19,1.9887936883826526e-19,1.0545824650940734e-18,4.3007004690215476e-16,0.08843892248799673,0.2,1.635717992450435e-18,0.2,0.2,0.11156107751200368
2008-11-11,3.9926777455322886e-18,0.19999999999999987,1.2539654068778572e-19,1.9887936883826526e-19,1.0545824650940734e-18,4.3007004690215476e-16,0.08843892248799673,0.2,1.635717992450435e-18,0.2,0.2,0.11156107751200368
2008-11-12,3.9926777455322886e-18,0.19999999999999987,1.2539654068778572e-19,1.9887936883826526e-19,1.0545824650940734e-18,4.3007004690215476e-16,0.08843892248799673,0.2,1.635717992450435e-18,0.2,0.2,0.11156107751200368
2008-11-13,3.9926777455322886e-18,0.19999999999999987,1.2539654068778572e-19,1.9887936883826526e-19,1.0545824650940734e-18,4.3007004690215476e-16,0.08843892248799673,0.2,1.635717992450435e-18,0.2,0.2,0.11156107751200368
2008-11-14,8.012344526598184e-17,0.19999999999999998,0.0,7.511058887968021e-17,0.0,5.27497406952554e-17,0.2,0.2,1.2103779429413147e-16,0.19999999999999987,0.19999999999999993,0.0
2008-11-17,8.012344526598184e-17,0.19999999999999998,0.0,7.511058887968021e-17,0.0,5.27497406952554e-17,0.2,0.2,1.2103779429413147e-16,0.19999999999999987,0.19999999999999993,0.0
2008-11-18,8.012344526598184e-17,0.19999999999999998,0.0,7.511058887968021e-17,0.0,5.27497406952554e-17,0.2,0.2,1.2103779429413147e-16,0.19999999999999987,0.19999999999999993,0.0
2008-11-19,8.012344526598184e-17,0.19999999999999998,0.0,7.511058887968021e-17,0.0,5.27497406952554e-17,0.2,0.2,1.2103779429413147e-16,0.19999999999999987,0.19999999999999993,0.0
2008-11-20,8.012344526598184e-17,0.19999999999999998,0.0,7.511058887968021e-17,0.0,5.27497406952554e-17,0.2,0.2,1.2103779429413147e-16,0.19999999999999987,0.19999999999999993,0.0
2008-11-21,8.012344526598184e-17,0.19999999999999998,0.0,7.511058887968021e-17,0.0,5.27497406952554e-17,0.2,0.2,1.2103779429413147e-16,0.19999999999999987,0.19999999999999993,0.0
2008-11-24,8.012344526598184e-17,0.19999999999999998,0.0,7.511058887968021e-17,0.0,5.27497406952554e-17,0.2,0.2,1.2103779429413147e-16,0.19999999999999987,0.19999999999999993,0.0
2008-11-25,8.012344526598184e-17,0.19999999999999998,0.0,7.511058887968021e-17,0.0,5.27497406952554e-17,0.2,0.2,1.2103779429413147e-16,0.19999999999999987,0.19999999999999993,0.0
2008-11-26,8.012344526598184e-17,0.19999999999999998,0.0,7.511058887968021e-17,0.0,5.27497406952554e-17,0.2,0.2,1.2103779429413147e-16,0.19999999999999987,0.19999999999999993,0.0
2008-11-28,8.012344526598184e-17,0.19999999999999998,0.0,7.511058887968021e-17,0.0,5.27497406952554e-17,0.2,0.2,1.2103779429413147e-16,0.19999999999999987,0.19999999999999993,0.0
2008-12-01,8.012344526598184e-17,0.19999999999999998,0.0,7.511058887968021e-17,0.0,5.27497406952554e-17,0.2,0.2,1.2103779429413147e-16,0.19999999999999987,0.19999999999999993,0.0
2008-12-02,8.012344526598184e-17,0.19999999999999998,0.0,7.511058887968021e-17,0.0,5.27497406952554e-17,0.2,0.2,1.2103779429413147e-16,0.19999999999999987,0.19999999999999993,0.0
2008-12-03,8.012344526598184e-17,0.19999999999999998,0.0,7.511058887968021e-17,0.0,5.27497406952554e-17,0.2,0.2,1.2103779429413147e-16,0.19999999999999987,0.19999999999999993,0.0
2008-12-04,8.012344526598184e-17,0.19999999999999998,0.0,7.511058887968021e-17,0.0,5.27497406952554e-17,0.2,0.2,1.2103779429413147e-16,0.19999999999999987,0.19999999999999993,0.0
2008-12-05,8.012344526598184e-17,0.19999999999999998,0.0,7.511058887968021e-17,0.0,5.27497406952554e-17,0.2,0.2,1.2103779429413147e-16,0.19999999999999987,0.19999999999999993,0.0
2008-12-08,8.012344526598184e-17,0.19999999999999998,0.0,7.511058887968021e-17,0.0,5.27497406952554e-17,0.2,0.2,1.2103779429413147e-16,0.19999999999999987,0.19999999999999993,0.0
2008-12-09,8.012344526598184e-17,0.19999999999999998,0.0,7.511058887968021e-17,0.0,5.27497406952554e-17,0.2,0.2,1.2103779429413147e-16,0.19999999999999987,0.19999999999999993,0.0
2008-12-10,8.012344526598184e-17,0.19999999999999998,0.0,7.511058887968021e-17,0.0,5.27497406952554e-17,0.2,0.2,1.2103779429413147e-16,0.19999999999999987,0.19999999999999993,0.0
2008-12-11,8.012344526598184e-17,0.19999999999999998,0.0,7.511058887968021e-17,0.0,5.27497406952554e-17,0.2,0.2,1.2103779429413147e-16,0.19999999999999987,0.19999999999999993,0.0
2008-12-12,8.012344526598184e-17,0.19999999999999998,0.0,7.511058887968021e-17,0.0,5.27497406952554e-17,0.2,0.2,1.2103779429413147e-16,0.19999999999999987,0.19999999999999993,0.0
2008-12-15,8.012344526598184e-17,0.19999999999999998,0.0,7.511058887968021e-17,0.0,5.27497406952554e-17,0.2,0.2,1.2103779429413147e-16,0.19999999999999987,0.19999999999999993,0.0
2008-12-16,8.012344526598184e-17,0.19999999999999998,0.0,7.511058887968021e-17,0.0,5.27497406952554e-17,0.2,0.2,1.2103779429413147e-16,0.19999999999999987,0.19999999999999993,0.0
2008-12-17,8.012344526598184e-17,0.19999999999999998,0.0,7.511058887968021e-17,0.0,5.27497406952554e-17,0.2,0.2,1.2103779429413147e-16,0.19999999999999987,0.19999999999999993,0.0
2008-12-18,8.012344526598184e-17,0.19999999999999998,0.0,7.511058887968021e-17,0.0,5.27497406952554e-17,0.2,0.2,1.2103779429413147e-16,0.19999999999999987,0.19999999999999993,0.0
2008-12-19,8.012344526598184e-17,0.19999999999999998,0.0,7.511058887968021e-17,0.0,5.27497406952554e-17,0.2,0.2,1.2103779429413147e-16,0.19999999999999987,0.19999999999999993,0.0
2008-12-22,8.012344526598184e-17,0.19999999999999998,0.0,7.511058887968021e-17,0.0,5.27497406952554e-17,0.2,0.2,1.2103779429413147e-16,0.19999999999999987,0.19999999999999993,0.0
2008-12-23,8.012344526598184e-17,0.19999999999999998,0.0,7.511058887968021e-17,0.0,5.27497406952554e-17,0.2,0.2,1.2103779429413147e-16,0.19999999999999987,0.19999999999999993,0.0
2008-12-24,8.012344526598184e-17,0.19999999999999998,0.0,7.511058887968021e-17,0.0,5.27497406952554e-17,0.2,0.2,1.2103779429413147e-16,0.19999999999999987,0.19999999999999993,0.0
2008-12-26,8.012344526598184e-17,0.19999999999999998,0.0,7.511058887968021e-17,0.0,5.27497406952554e-17,0.2,0.2,1.2103779429413147e-16,0.19999999999999987,0.19999999999999993,0.0
2008-12-29,8.012344526598184e-17,0.19999999999999998,0.0,7.511058887968021e-17,0.0,5.27497406952554e-17,0.2,0.2,1.2103779429413147e-16,0.19999999999999987,0.19999999999999993,0.0
2008-12-30,8.012344526598184e-17,0.19999999999999998,0.0,7.511058887968021e-17,0.0,5.27497406952554e-17,0.2,0.2,1.2103779429413147e-16,0.19999999999999987,0.19999999999999993,0.0
2008-12-31,8.012344526598184e-17,0.19999999999999998,0.0,7.511058887968021e-17,0.0,5.27497406952554e-17,0.2,0.2,1.2103779429413147e-16,0.19999999999999987,0.19999999999999993,0.0
2009-01-02,8.012344526598184e-17,0.19999999999999998,0.0,7.511058887968021e-17,0.0,5.27497406952554e-17,0.2,0.2,1.2103779429413147e-16,0.19999999999999987,0.19999999999999993,0.0
2009-01-05,8.012344526598184e-17,0.19999999999999998,0.0,7.511058887968021e-17,0.0,5.27497406952554e-17,0.2,0.2,1.2103779429413147e-16,0.19999999999999987,0.19999999999999993,0.0
2009-01-06,8.012344526598184e-17,0.19999999999999998,0.0,7.511058887968021e-17,0.0,5.27497406952554e-17,0.2,0.2,1.2103779429413147e-16,0.19999999999999987,0.19999999999999993,0.0
2009-01-07,8.012344526598184e-17,0.19999999999999998,0.0,7.511058887968021e-17,0.0,5.27497406952554e-17,0.2,0.2,1.2103779429413147e-16,0.19999999999999987,0.19999999999999993,0.0
2009-01-08,8.012344526598184e-17,0.19999999999999998,0.0,7.511058887968021e-17,0.0,5.27497406952554e-17,0.2,0.2,1.2103779429413147e-16,0.19999999999999987,0.19999999999999993,0.0
2009-01-09,8.012344526598184e-17,0.19999999999999998,0.0,7.511058887968021e-17,0.0,5.27497406952554e-17,0.2,0.2,1.2103779429413147e-16,0.19999999999999987,0.19999999999999993,0.0
2009-01-12,8.012344526598184e-17,0.19999999999999998,0.0,7.511058887968021e-17,0.0,5.27497406952554e-17,0.2,0.2,1.2103779429413147e-16,0.19999999999999987,0.19999999999999993,0.0
2009-01-13,8.012344526598184e-17,0.19999999999999998,0.0,7.511058887968021e-17,0.0,5.27497406952554e-17,0.2,0.2,1.2103779429413147e-16,0.19999999999999987,0.19999999999999993,0.0
2009-01-14,8.012344526598184e-17,0.19999999999999998,0.0,7.511058887968021e-17,0.0,5.27497406952554e-17,0.2,0.2,1.2103779429413147e-16,0.19999999999999987,0.19999999999999993,0.0
2009-01-15,8.012344526598184e-17,0.19999999999999998,0.0,7.511058887968021e-17,0.0,5.27497406952554e-17,0.2,0.2,1.2103779429413147e-16,0.19999999999999987,0.19999999999999993,0.0
2009-01-16,8.012344526598184e-17,0.19999999999999998,0.0,7.511058887968021e-17,0.0,5.27497406952554e-17,0.2,0.2,1.2103779429413147e-16,0.19999999999999987,0.19999999999999993,0.0
2009-01-20,8.012344526598184e-17,0.19999999999999998,0.0,7.511058887968021e-17,0.0,5.27497406952554e-17,0.2,0.2,1.2103779429413147e-16,0.19999999999999987,0.19999999999999993,0.0
2009-01-21,8.012344526598184e-17,0.19999999999999998,0.0,7.511058887968021e-17,0.0,5.27497406952554e-17,0.2,0.2,1.2103779429413147e-16,0.19999999999999987,0.19999999999999993,0.0
2009-01-22,8.012344526598184e-17,0.19999999999999998,0.0,7.511058887968021e-17,0.0,5.27497406952554e-17,0.2,0.2,1.2103779429413147e-16,0.19999999999999987,0.19999999999999993,0.0
2009-01-23,8.012344526598184e-17,0.19999999999999998,0.0,7.511058887968021e-17,0.0,5.27497406952554e-17,0.2,0.2,1.2103779429413147e-16,0.19999999999999987,0.19999999999999993,0.0
2009-01-26,8.012344526598184e-17,0.19999999999999998,0.0,7.511058887968021e-17,0.0,5.27497406952554e-17,0.2,0.2,1.2103779429413147e-16,0.19999999999999987,0.19999999999999993,0.0
2009-01-27,8.012344526598184e-17,0.19999999999999998,0.0,7.511058887968021e-17,0.0,5.27497406952554e-17,0.2,0.2,1.2103779429413147e-16,0.19999999999999987,0.19999999999999993,0.0
2009-01-28,8.012344526598184e-17,0.19999999999999998,0.0,7.511058887968021e-17,0.0,5.27497406952554e-17,0.2,0.2,1.2103779429413147e-16,0.19999999999999987,0.19999999999999993,0.0
2009-01-29,8.012344526598184e-17,0.19999999999999998,0.0,7.511058887968021e-17,0.0,5.27497406952554e-17,0.2,0.2,1.2103779429413147e-16,0.19999999999999987,0.19999999999999993,0.0
2009-01-30,8.012344526598184e-17,0.19999999999999998,0.0,7.511058887968021e-17,0.0,5.27497406952554e-17,0.2,0.2,1.2103779429413147e-16,0.19999999999999987,0.19999999999999993,0.0
2009-02-02,8.012344526598184e-17,0.19999999999999998,0.0,7.511058887968021e-17,0.0,5.27497406952554e-17,0.2,0.2,1.2103779429413147e-16,0.19999999999999987,0.19999999999999993,0.0
2009-02-03,8.012344526598184e-17,0.19999999999999998,0.0,7.511058887968021e-17,0.0,5.27497406952554e-17,0.2,0.2,1.2103779429413147e-16,0.19999999999999987,0.19999999999999993,0.0
2009-02-04,8.012344526598184e-17,0.19999999999999998,0.0,7.511058887968021e-17,0.0,5.27497406952554e-17,0.2,0.2,1.2103779429413147e-16,0.19999999999999987,0.19999999999999993,0.0
2009-02-05,8.012344526598184e-17,0.19999999999999998,0.0,7.511058887968021e-17,0.0,5.27497406952554e-17,0.2,0.2,1.2103779429413147e-16,0.19999999999999987,0.19999999999999993,0.0
2009-02-06,8.012344526598184e-17,0.19999999999999998,0.0,7.511058887968021e-17,0.0,5.27497406952554e-17,0.2,0.2,1.2103779429413147e-16,0.19999999999999987,0.19999999999999993,0.0
2009-02-09,8.012344526598184e-17,0.19999999999999998,0.0,7.511058887968021e-17,0.0,5.27497406952554e-17,0.2,0.2,1.2103779429413147e-16,0.19999999999999987,0.19999999999999993,0.0
2009-02-10,8.012344526598184e-17,0.19999999999999998,0.0,7.511058887968021e-17,0.0,5.27497406952554e-17,0.2,0.2,1.2103779429413147e-16,0.19999999999999987,0.19999999999999993,0.0
2009-02-11,8.012344526598184e-17,0.19999999999999998,0.0,7.511058887968021e-17,0.0,5.27497406952554e-17,0.2,0.2,1.2103779429413147e-16,0.19999999999999987,0.19999999999999993,0.0
2009-02-12,8.012344526598184e-17,0.19999999999999998,0.0,7.511058887968021e-17,0.0,5.27497406952554e-17,0.2,0.2,1.2103779429413147e-16,0.19999999999999987,0.19999999999999993,0.0
2009-02-13,8.012344526598184e-17,0.19999999999999998,0.0,7.511058887968021e-17,0.0,5.27497406952554e-17,0.2,0.2,1.2103779429413147e-16,0.19999999999999987,0.19999999999999993,0.0
2009-02-17,8.012344526598184e-17,0.19999999999999998,0.0,7.511058887968021e-17,0.0,5.27497406952554e-17,0.2,0.2,1.2103779429413147e-16,0.19999999999999987,0.19999999999999993,0.0
2009-02-18,8.012344526598184e-17,0.19999999999999998,0.0,7.511058887968021e-17,0.0,5.27497406952554e-17,0.2,0.2,1.2103779429413147e-16,0.19999999999999987,0.19999999999999993,0.0
2009-02-19,8.012344526598184e-17,0.19999999999999998,0.0,7.511058887968021e-17,0.0,5.27497406952554e-17,0.2,0.2,1.2103779429413147e-16,0.19999999999999987,0.19999999999999993,0.0
2009-02-20,8.012344526598184e-17,0.19999999999999998,0.0,7.511058887968021e-17,0.0,5.27497406952554e-17,0.2,0.2,1.2103779429413147e-16,0.19999999999999987,0.19999999999999993,0.0
2009-02-23,8.012344526598184e-17,0.19999999999999998,0.0,7.511058887968021e-17,0.0,5.27497406952554e-17,0.2,0.2,1.2103779429413147e-16,0.19999999999999987,0.19999999999999993,0.0
2009-02-24,8.012344526598184e-17,0.19999999999999998,0.0,7.511058887968021e-17,0.0,5.27497406952554e-17,0.2,0.2,1.2103779429413147e-16,0.19999999999999987,0.19999999999999993,0.0
2009-02-25,8.012344526598184e-17,0.19999999999999998,0.0,7.511058887968021e-17,0.0,5.27497406952554e-17,0.2,0.2,1.2103779429413147e-16,0.19999999999999987,0.19999999999999993,0.0
2009-02-26,8.012344526598184e-17,0.19999999999999998,0.0,7.511058887968021e-17,0.0,5.27497406952554e-17,0.2,0.2,1.2103779429413147e-16,0.19999999999999987,0.19999999999999993,0.0
2009-02-27,8.012344526598184e-17,0.19999999999999998,0.0,7.511058887968021e-17,0.0,5.27497406952554e-17,0.2,0.2,1.2103779429413147e-16,0.19999999999999987,0.19999999999999993,0.0
2009-03-02,8.012344526598184e-17,0.19999999999999998,0.0,7.511058887968021e-17,0.0,5.27497406952554e-17,0.2,0.2,1.2103779429413147e-16,0.19999999999999987,0.19999999999999993,0.0
2009-03-03,8.012344526598184e-17,0.19999999999999998,0.0,7.511058887968021e-17,0.0,5.27497406952554e-17,0.2,0.2,1.2103779429413147e-16,0.19999999999999987,0.19999999999999993,0.0
2009-03-04,8.012344526598184e-17,0.19999999999999998,0.0,7.511058887968021e-17,0.0,5.27497406952554e-17,0.2,0.2,1.2103779429413147e-16,0.19999999999999987,0.19999999999999993,0.0
2009-03-05,8.012344526598184e-17,0.19999999999999998,0.0,7.511058887968021e-17,0.0,5.27497406952554e-17,0.2,0.2,1.2103779429413147e-16,0.19999999999999987,0.19999999999999993,0.0
2009-03-06,8.012344526598184e-17,0.19999999999999998,0.0,7.511058887968021e-17,0.0,5.27497406952554e-17,0.2,0.2,1.2103779429413147e-16,0.19999999999999987,0.19999999999999993,0.0
2009-03-09,8.012344526598184e-17,0.19999999999999998,0.0,7.511058887968021e-17,0.0,5.27497406952554e-17,0.2,0.2,1.2103779429413147e-16,0.19999999999999987,0.19999999999999993,0.0
2009-03-10,8.012344526598184e-17,0.19999999999999998,0.0,7.511058887968021e-17,0.0,5.27497406952554e-17,0.2,0.2,1.2103779429413147e-16,0.19999999999999987,0.19999999999999993,0.0
2009-03-11,8.012344526598184e-17,0.19999999999999998,0.0,7.511058887968021e-17,0.0,5.27497406952554e-17,0.2,0.2,1.2103779429413147e-16,0.19999999999999987,0.19999999999999993,0.0
2009-03-12,8.012344526598184e-17,0.19999999999999998,0.0,7.511058887968021e-17,0.0,5.27497406952554e-17,0.2,0.2,1.2103779429413147e-16,0.19999999999999987,0.19999999999999993,0.0
2009-03-13,8.012344526598184e-17,0.19999999999999998,0.0,7.511058887968021e-17,0.0,5.27497406952554e-17,0.2,0.2,1.2103779429413147e-16,0.19999999999999987,0.19999999999999993,0.0
2009-03-16,8.012344526598184e-17,0.19999999999999998,0.0,7.511058887968021e-17,0.0,5.27497406952554e-17,0.2,0.2,1.2103779429413147e-16,0.19999999999999987,0.19999999999999993,0.0
2009-03-17,8.012344526598184e-17,0.19999999999999998,0.0,7.511058887968021e-17,0.0,5.27497406952554e-17,0.2,0.2,1.2103779429413147e-16,0.19999999999999987,0.19999999999999993,0.0
2009-03-18,8.012344526598184e-17,0.19999999999999998,0.0,7.511058887968021e-17,0.0,5.27497406952554e-17,0.2,0.2,1.2103779429413147e-16,0.19999999999999987,0.19999999999999993,0.0
2009-03-19,8.012344526598184e-17,0.19999999999999998,0.0,7.511058887968021e-17,0.0,5.27497406952554e-17,0.2,0.2,1.2103779429413147e-16,0.19999999999999987,0.19999999999999993,0.0
2009-03-20,8.012344526598184e-17,0.19999999999999998,0.0,7.511058887968021e-17,0.0,5.27497406952554e-17,0.2,0.2,1.2103779429413147e-16,0.19999999999999987,0.19999999999999993,0.0
2009-03-23,8.012344526598184e-17,0.19999999999999998,0.0,7.511058887968021e-17,0.0,5.27497406952554e-17,0.2,0.2,1.2103779429413147e-16,0.19999999999999987,0.19999999999999993,0.0
2009-03-24,8.012344526598184e-17,0.19999999999999998,0.0,7.511058887968021e-17,0.0,5.27497406952554e-17,0.2,0.2,1.2103779429413147e-16,0.19999999999999987,0.19999999999999993,0.0
2009-03-25,8.012344526598184e-17,0.19999999999999998,0.0,7.511058887968021e-17,0.0,5.27497406952554e-17,0.2,0.2,1.2103779429413147e-16,0.19999999999999987,0.19999999999999993,0.0
2009-03-26,8.012344526598184e-17,0.19999999999999998,0.0,7.511058887968021e-17,0.0,5.27497406952554e-17,0.2,0.2,1.2103779429413147e-16,0.19999999999999987,0.19999999999999993,0.0
2009-03-27,8.012344526598184e-17,0.19999999999999998,0.0,7.511058887968021e-17,0.0,5.27497406952554e-17,0.2,0.2,1.2103779429413147e-16,0.19999999999999987,0.19999999999999993,0.0
2009-03-30,8.012344526598184e-17,0.19999999999999998,0.0,7.511058887968021e-17,0.0,5.27497406952554e-17,0.2,0.2,1.2103779429413147e-16,0.19999999999999987,0.19999999999999993,0.0
2009-03-31,8.012344526598184e-17,0.19999999999999998,0.0,7.511058887968021e-17,0.0,5.27497406952554e-17,0.2,0.2,1.2103779429413147e-16,0.19999999999999987,0.19999999999999993,0.0
2009-04-01,8.012344526598184e-17,0.19999999999999998,0.0,7.511058887968021e-17,0.0,5.27497406952554e-17,0.2,0.2,1.2103779429413147e-16,0.19999999999999987,0.19999999999999993,0.0
2009-04-02,8.012344526598184e-17,0.19999999999999998,0.0,7.511058887968021e-17,0.0,5.27497406952554e-17,0.2,0.2,1.2103779429413147e-16,0.19999999999999987,0.19999999999999993,0.0
2009-04-03,8.012344526598184e-17,0.19999999999999998,0.0,7.511058887968021e-17,0.0,5.27497406952554e-17,0.2,0.2,1.2103779429413147e-16,0.19999999999999987,0.19999999999999993,0.0
2009-04-06,8.012344526598184e-17,0.19999999999999998,0.0,7.511058887968021e-17,0.0,5.27497406952554e-17,0.2,0.2,1.2103779429413147e-16,0.19999999999999987,0.19999999999999993,0.0
2009-04-07,8.012344526598184e-17,0.19999999999999998,0.0,7.511058887968021e-17,0.0,5.27497406952554e-17,0.2,0.2,1.2103779429413147e-16,0.19999999999999987,0.19999999999999993,0.0
2009-04-08,8.012344526598184e-17,0.19999999999999998,0.0,7.511058887968021e-17,0.0,5.27497406952554e-17,0.2,0.2,1.2103779429413147e-16,0.19999999999999987,0.19999999999999993,0.0
2009-04-09,8.012344526598184e-17,0.19999999999999998,0.0,7.511058887968021e-17,0.0,5.27497406952554e-17,0.2,0.2,1.2103779429413147e-16,0.19999999999999987,0.19999999999999993,0.0
2009-04-13,8.012344526598184e-17,0.19999999999999998,0.0,7.511058887968021e-17,0.0,5.27497406952554e-17,0.2,0.2,1.2103779429413147e-16,0.19999999999999987,0.19999999999999993,0.0
2009-04-14,8.012344526598184e-17,0.19999999999999998,0.0,7.511058887968021e-17,0.0,5.27497406952554e-17,0.2,0.2,1.2103779429413147e-16,0.19999999999999987,0.19999999999999993,0.0
2009-04-15,8.012344526598184e-17,0.19999999999999998,0.0,7.511058887968021e-17,0.0,5.27497406952554e-17,0.2,0.2,1.2103779429413147e-16,0.19999999999999987,0.19999999999999993,0.0
2009-04-16,8.012344526598184e-17,0.19999999999999998,0.0,7.511058887968021e-17,0.0,5.27497406952554e-17,0.2,0.2,1.2103779429413147e-16,0.19999999999999987,0.19999999999999993,0.0
2009-04-17,8.012344526598184e-17,0.19999999999999998,0.0,7.511058887968021e-17,0.0,5.27497406952554e-17,0.2,0.2,1.2103779429413147e-16,0.19999999999999987,0.19999999999999993,0.0
2009-04-20,8.012344526598184e-17,0.19999999999999998,0.0,7.511058887968021e-17,0.0,5.27497406952554e-17,0.2,0.2,1.2103779429413147e-16,0.19999999999999987,0.19999999999999993,0.0
2009-04-21,8.012344526598184e-17,0.19999999999999998,0.0,7.511058887968021e-17,0.0,5.27497406952554e-17,0.2,0.2,1.2103779429413147e-16,0.19999999999999987,0.19999999999999993,0.0
2009-04-22,8.012344526598184e-17,0.19999999999999998,0.0,7.511058887968021e-17,0.0,5.27497406952554e-17,0.2,0.2,1.2103779429413147e-16,0.19999999999999987,0.19999999999999993,0.0
2009-04-23,8.012344526598184e-17,0.19999999999999998,0.0,7.511058887968021e-17,0.0,5.27497406952554e-17,0.2,0.2,1.2103779429413147e-16,0.19999999999999987,0.19999999999999993,0.0
2009-04-24,8.012344526598184e-17,0.19999999999999998,0.0,7.511058887968021e-17,0.0,5.27497406952554e-17,0.2,0.2,1.2103779429413147e-16,0.19999999999999987,0.19999999999999993,0.0
2009-04-27,8.012344526598184e-17,0.19999999999999998,0.0,7.511058887968021e-17,0.0,5.27497406952554e-17,0.2,0.2,1.2103779429413147e-16,0.19999999999999987,0.19999999999999993,0.0
2009-04-28,8.012344526598184e-17,0.19999999999999998,0.0,7.511058887968021e-17,0.0,5.27497406952554e-17,0.2,0.2,1.2103779429413147e-16,0.19999999999999987,0.19999999999999993,0.0
2009-04-29,8.012344526598184e-17,0.19999999999999998,0.0,7.511058887968021e-17,0.0,5.27497406952554e-17,0.2,0.2,1.2103779429413147e-16,0.19999999999999987,0.19999999999999993,0.0
2009-04-30,8.012344526598184e-17,0.19999999999999998,0.0,7.511058887968021e-17,0.0,5.27497406952554e-17,0.2,0.2,1.2103779429413147e-16,0.19999999999999987,0.19999999999999993,0.0
2009-05-01,8.012344526598184e-17,0.19999999999999998,0.0,7.511058887968021e-17,0.0,5.27497406952554e-17,0.2,0.2,1.2103779429413147e-16,0.19999999999999987,0.19999999999999993,0.0
2009-05-04,8.012344526598184e-17,0.19999999999999998,0.0,7.511058887968021e-17,0.0,5.27497406952554e-17,0.2,0.2,1.2103779429413147e-16,0.19999999999999987,0.19999999999999993,0.0
2009-05-05,8.012344526598184e-17,0.19999999999999998,0.0,7.511058887968021e-17,0.0,5.27497406952554e-17,0.2,0.2,1.2103779429413147e-16,0.19999999999999987,0.19999999999999993,0.0
2009-05-06,8.012344526598184e-17,0.19999999999999998,0.0,7.511058887968021e-17,0.0,5.27497406952554e-17,0.2,0.2,1.2103779429413147e-16,0.19999999999999987,0.19999999999999993,0.0
2009-05-07,8.012344526598184e-17,0.19999999999999998,0.0,7.511058887968021e-17,0.0,5.27497406952554e-17,0.2,0.2,1.2103779429413147e-16,0.19999999999999987,0.19999999999999993,0.0
2009-05-08,8.012344526598184e-17,0.19999999999999998,0.0,7.511058887968021e-17,0.0,5.27497406952554e-17,0.2,0.2,1.2103779429413147e-16,0.19999999999999987,0.19999999999999993,0.0
2009-05-11,8.012344526598184e-17,0.19999999999999998,0.0,7.511058887968021e-17,0.0,5.27497406952554e-17,0.2,0.2,1.2103779429413147e-16,0.19999999999999987,0.19999999999999993,0.0
2009-05-12,8.012344526598184e-17,0.19999999999999998,0.0,7.511058887968021e-17,0.0,5.27497406952554e-17,0.2,0.2,1.2103779429413147e-16,0.19999999999999987,0.19999999999999993,0.0
2009-05-13,8.012344526598184e-17,0.19999999999999998,0.0,7.511058887968021e-17,0.0,5.27497406952554e-17,0.2,0.2,1.2103779429413147e-16,0.19999999999999987,0.19999999999999993,0.0
2009-05-14,8.012344526598184e-17,0.19999999999999998,0.0,7.511058887968021e-17,0.0,5.27497406952554e-17,0.2,0.2,1.2103779429413147e-16,0.19999999999999987,0.19999999999999993,0.0
2009-05-15,8.012344526598184e-17,0.19999999999999998,0.0,7.511058887968021e-17,0.0,5.27497406952554e-17,0.2,0.2,1.2103779429413147e-16,0.19999999999999987,0.19999999999999993,0.0
2009-05-18,8.012344526598184e-17,0.19999999999999998,0.0,7.511058887968021e-17,0.0,5.27497406952554e-17,0.2,0.2,1.2103779429413147e-16,0.19999999999999987,0.19999999999999993,0.0
2009-05-19,8.012344526598184e-17,0.19999999999999998,0.0,7.511058887968021e-17,0.0,5.27497406952554e-17,0.2,0.2,1.2103779429413147e-16,0.19999999999999987,0.19999999999999993,0.0
2009-05-20,8.012344526598184e-17,0.19999999999999998,0.0,7.511058887968021e-17,0.0,5.27497406952554e-17,0.2,0.2,1.2103779429413147e-16,0.19999999999999987,0.19999999999999993,0.0
2009-05-21,8.012344526598184e-17,0.19999999999999998,0.0,7.511058887968021e-17,0.0,5.27497406952554e-17,0.2,0.2,1.2103779429413147e-16,0.19999999999999987,0.19999999999999993,0.0
2009-05-22,8.012344526598184e-17,0.19999999999999998,0.0,7.511058887968021e-17,0.0,5.27497406952554e-17,0.2,0.2,1.2103779429413147e-16,0.19999999999999987,0.19999999999999993,0.0
2009-05-26,8.012344526598184e-17,0.19999999999999998,0.0,7.511058887968021e-17,0.0,5.27497406952554e-17,0.2,0.2,1.2103779429413147e-16,0.19999999999999987,0.19999999999999993,0.0
2009-05-27,8.012344526598184e-17,0.19999999999999998,0.0,7.511058887968021e-17,0.0,5.27497406952554e-17,0.2,0.2,1.2103779429413147e-16,0.19999999999999987,0.19999999999999993,0.0
2009-05-28,8.012344526598184e-17,0.19999999999999998,0.0,7.511058887968021e-17,0.0,5.27497406952554e-17,0.2,0.2,1.2103779429413147e-16,0.19999999999999987,0.19999999999999993,0.0
2009-05-29,8.012344526598184e-17,0.19999999999999998,0.0,7.511058887968021e-17,0.0,5.27497406952554e-17,0.2,0.2,1.2103779429413147e-16,0.19999999999999987,0.19999999999999993,0.0
2009-06-01,8.012344526598184e-17,0.19999999999999998,0.0,7.511058887968021e-17,0.0,5.27497406952554e-17,0.2,0.2,1.2103779429413147e-16,0.19999999999999987,0.19999999999999993,0.0
2009-06-02,8.012344526598184e-17,0.19999999999999998,0.0,7.511058887968021e-17,0.0,5.27497406952554e-17,0.2,0.2,1.2103779429413147e-16,0.19999999999999987,0.19999999999999993,0.0
2009-06-03,8.012344526598184e-17,0.19999999999999998,0.0,7.511058887968021e-17,0.0,5.27497406952554e-17,0.2,0.2,1.2103779429413147e-16,0.19999999999999987,0.19999999999999993,0.0
2009-06-04,8.012344526598184e-17,0.19999999999999998,0.0,7.511058887968021e-17,0.0,5.27497406952554e-17,0.2,0.2,1.2103779429413147e-16,0.19999999999999987,0.19999999999999993,0.0
2009-06-05,8.012344526598184e-17,0.19999999999999998,0.0,7.511058887968021e-17,0.0,5.27497406952554e-17,0.2,0.2,1.2103779429413147e-16,0.19999999999999987,0.19999999999999993,0.0
2009-06-08,8.012344526598184e-17,0.19999999999999998,0.0,7.511058887968021e-17,0.0,5.27497406952554e-17,0.2,0.2,1.2103779429413147e-16,0.19999999999999987,0.19999999999999993,0.0
2009-06-09,8.012344526598184e-17,0.19999999999999998,0.0,7.511058887968021e-17,0.0,5.27497406952554e-17,0.2,0.2,1.2103779429413147e-16,0.19999999999999987,0.19999999999999993,0.0
2009-06-10,8.012344526598184e-17,0.19999999999999998,0.0,7.511058887968021e-17,0.0,5.27497406952554e-17,0.2,0.2,1.2103779429413147e-16,0.19999999999999987,0.19999999999999993,0.0
2009-06-11,8.012344526598184e-17,0.19999999999999998,0.0,7.511058887968021e-17,0.0,5.27497406952554e-17,0.2,0.2,1.2103779429413147e-16,0.19999999999999987,0.19999999999999993,0.0
2009-06-12,8.012344526598184e-17,0.19999999999999998,0.0,7.511058887968021e-17,0.0,5.27497406952554e-17,0.2,0.2,1.2103779429413147e-16,0.19999999999999987,0.19999999999999993,0.0
2009-06-15,8.012344526598184e-17,0.19999999999999998,0.0,7.511058887968021e-17,0.0,5.27497406952554e-17,0.2,0.2,1.2103779429413147e-16,0.19999999999999987,0.19999999999999993,0.0
2009-06-16,8.012344526598184e-17,0.19999999999999998,0.0,7.511058887968021e-17,0.0,5.27497406952554e-17,0.2,0.2,1.2103779429413147e-16,0.19999999999999987,0.19999999999999993,0.0
2009-06-17,8.012344526598184e-17,0.19999999999999998,0.0,7.511058887968021e-17,0.0,5.27497406952554e-17,0.2,0.2,1.2103779429413147e-16,0.19999999999999987,0.19999999999999993,0.0
2009-06-18,8.012344526598184e-17,0.19999999999999998,0.0,7.511058887968021e-17,0.0,5.27497406952554e-17,0.2,0.2,1.2103779429413147e-16,0.19999999999999987,0.19999999999999993,0.0
2009-06-19,8.012344526598184e-17,0.19999999999999998,0.0,7.511058887968021e-17,0.0,5.27497406952554e-17,0.2,0.2,1.2103779429413147e-16,0.19999999999999987,0.19999999999999993,0.0
2009-06-22,8.012344526598184e-17,0.19999999999999998,0.0,7.511058887968021e-17,0.0,5.27497406952554e-17,0.2,0.2,1.2103779429413147e-16,0.19999999999999987,0.19999999999999993,0.0
2009-06-23,0.0,0.19999999999999987,5.065392549852277e-16,8.856759596586673e-17,1.5782065756897166e-16,0.1999999999999998,0.19999999999999998,1.2709370476521343e-17,6.27683330637943e-18,0.1999999999999999,0.19999999999999984,3.3837786671051454e-17
2009-06-24,0.0,0.19999999999999987,5.065392549852277e-16,8.856759596586673e-17,1.5782065756897166e-16,0.1999999999999998,0.19999999999999998,1.2709370476521343e-17,6.27683330637943e-18,0.1999999999999999,0.19999999999999984,3.3837786671051454e-17
2009-06-25,0.0,0.19999999999999987,5.065392549852277e-16,8.856759596586673e-17,1.5782065756897166e-16,0.1999999999999998,0.19999999999999998,1.2709370476521343e-17,6.27683330637943e-18,0.1999999999999999,0.19999999999999984,3.3837786671051454e-17
2009-06-26,0.0,0.19999999999999987,5.065392549852277e-16,8.856759596586673e-17,1.5782065756897166e-16,0.1999999999999998,0.19999999999999998,1.2709370476521343e-17,6.27683330637943e-18,0.1999999999999999,0.19999999999999984,3.3837786671051454e-17
2009-06-29,0.0,0.19999999999999987,5.065392549852277e-16,8.856759596586673e-17,1.5782065756897166e-16,0.1999999999999998,0.19999999999999998,1.2709370476521343e-17,6.27683330637943e-18,0.1999999999999999,0.19999999999999984,3.3837786671051454e-17
2009-06-30,0.0,0.19999999999999987,5.065392549852277e-16,8.856759596586673e-17,1.5782065756897166e-16,0.1999999999999998,0.19999999999999998,1.2709370476521343e-17,6.27683330637943e-18,0.1999999999999999,0.19999999999999984,3.3837786671051454e-17
2009-07-01,0.0,0.19999999999999987,5.065392549852277e-16,8.856759596586673e-17,1.5782065756897166e-16,0.1999999999999998,0.19999999999999998,1.2709370476521343e-17,6.27683330637943e-18,0.1999999999999999,0.19999999999999984,3.3837786671051454e-17
2009-07-02,0.0,0.19999999999999987,5.065392549852277e-16,8.856759596586673e-17,1.5782065756897166e-16,0.1999999999999998,0.19999999999999998,1.2709370476521343e-17,6.27683330637943e-18,0.1999999999999999,0.19999999999999984,3.3837786671051454e-17
2009-07-06,0.0,0.19999999999999987,5.065392549852277e-16,8.856759596586673e-17,1.5782065756897166e-16,0.1999999999999998,0.19999999999999998,1.2709370476521343e-17,6.27683330637943e-18,0.1999999999999999,0.19999999999999984,3.3837786671051454e-17
2009-07-07,0.0,0.19999999999999987,5.065392549852277e-16,8.856759596586673e-17,1.5782065756897166e-16,0.1999999999999998,0.19999999999999998,1.2709370476521343e-17,6.27683330637943e-18,0.1999999999999999,0.19999999999999984,3.3837786671051454e-17
2009-07-08,0.0,0.19999999999999987,5.065392549852277e-16,8.856759596586673e-17,1.5782065756897166e-16,0.1999999999999998,0.19999999999999998,1.2709370476521343e-17,6.27683330637943e-18,0.1999999999999999,0.19999999999999984,3.3837786671051454e-17
2009-07-09,0.0,0.19999999999999987,5.065392549852277e-16,8.856759596586673e-17,1.5782065756897166e-16,0.1999999999999998,0.19999999999999998,1.2709370476521343e-17,6.27683330637943e-18,0.1999999999999999,0.19999999999999984,3.3837786671051454e-17
2009-07-10,0.0,0.19999999999999987,5.065392549852277e-16,8.856759596586673e-17,1.5782065756897166e-16,0.1999999999999998,0.19999999999999998,1.2709370476521343e-17,6.27683330637943e-18,0.1999999999999999,0.19999999999999984,3.3837786671051454e-17
2009-07-13,0.0,0.19999999999999987,5.065392549852277e-16,8.856759596586673e-17,1.5782065756897166e-16,0.1999999999999998,0.19999999999999998,1.2709370476521343e-17,6.27683330637943e-18,0.1999999999999999,0.19999999999999984,3.3837786671051454e-17
2009-07-14,0.0,0.19999999999999987,5.065392549852277e-16,8.856759596586673e-17,1.5782065756897166e-16,0.1999999999999998,0.19999999999999998,1.2709370476521343e-17,6.27683330637943e-18,0.1999999999999999,0.19999999999999984,3.3837786671051454e-17
2009-07-15,0.0,0.0,0.2,0.0,0.0,0.2,0.2,0.0,0.0,0.2,0.2,0.0
2009-07-16,0.0,0.0,0.2,0.0,0.0,0.2,0.2,0.0,0.0,0.2,0.2,0.0
2009-07-17,0.0,0.0,0.2,0.0,0.0,0.2,0.2,0.0,0.0,0.2,0.2,0.0
2009-07-20,0.0,0.0,0.2,0.0,0.0,0.2,0.2,0.0,0.0,0.2,0.2,0.0
2009-07-21,0.0,0.0,0.2,0.0,0.0,0.2,0.2,0.0,0.0,0.2,0.2,0.0
2009-07-22,0.1999999999999999,0.0,1.20714525429087e-16,1.4288645985641557e-16,9.917172000258596e-17,0.19999999999999982,0.19999999999999993,1.1402836812295288e-17,6.970411457180878e-17,0.19999999999999998,0.19999999999999984,7.304244764568531e-17
2009-07-23,0.1999999999999999,0.0,1.20714525429087e-16,1.4288645985641557e-16,9.917172000258596e-17,0.19999999999999982,0.19999999999999993,1.1402836812295288e-17,6.970411457180878e-17,0.19999999999999998,0.19999999999999984,7.304244764568531e-17
2009-07-24,0.1999999999999999,0.0,1.20714525429087e-16,1.4288645985641557e-16,9.917172000258596e-17,0.19999999999999982,0.19999999999999993,1.1402836812295288e-17,6.970411457180878e-17,0.19999999999999998,0.19999999999999984,7.304244764568531e-17
2009-07-27,0.1999999999999999,0.0,1.20714525429087e-16,1.4288645985641557e-16,9.917172000258596e-17,0.19999999999999982,0.19999999999999993,1.1402836812295288e-17,6.970411457180878e-17,0.19999999999999998,0.19999999999999984,7.304244764568531e-17
2009-07-28,0.1999999999999999,0.0,1.20714525429087e-16,1.4288645985641557e-16,9.917172000258596e-17,0.19999999999999982,0.19999999999999993,1.1402836812295288e-17,6.970411457180878e-17,0.19999999999999998,0.19999999999999984,7.304244764568531e-17
2009-07-29,0.1999999999999999,0.0,1.20714525429087e-16,1.4288645985641557e-16,9.917172000258596e-17,0.19999999999999982,0.19999999999999993,1.1402836812295288e-17,6.970411457180878e-17,0.19999999999999998,0.19999999999999984,7.304244764568531e-17
2009-07-30,0.1999999999999999,0.0,1.20714525429087e-16,1.4288645985641557e-16,9.917172000258596e-17,0.19999999999999982,0.19999999999999993,1.1402836812295288e-17,6.970411457180878e-17,0.19999999999999998,0.19999999999999984,7.304244764568531e-17
2009-07-31,0.1999999999999999,0.0,1.20714525429087e-16,1.4288645985641557e-16,9.917172000258596e-17,0.19999999999999982,0.19999999999999993,1.1402836812295288e-17,6.970411457180878e-17,0.19999999999999998,0.19999999999999984,7.304244764568531e-17
2009-08-03,0.1999999999999999,0.0,1.20714525429087e-16,1.4288645985641557e-16,9.917172000258596e-17,0.19999999999999982,0.19999999999999993,1.1402836812295288e-17,6.970411457180878e-17,0.19999999999999998,0.19999999999999984,7.304244764568531e-17
2009-08-04,0.1999999999999999,0.0,1.20714525429087e-16,1.4288645985641557e-16,9.917172000258596e-17,0.19999999999999982,0.19999999999999993,1.1402836812295288e-17,6.970411457180878e-17,0.19999999999999998,0.19999999999999984,7.304244764568531e-17
2009-08-05,0.1999999999999999,0.0,1.20714525429087e-16,1.4288645985641557e-16,9.917172000258596e-17,0.19999999999999982,0.19999999999999993,1.1402836812295288e-17,6.970411457180878e-17,0.19999999999999998,0.19999999999999984,7.304244764568531e-17
2009-08-06,0.1999999999999999,0.0,1.20714525429087e-16,1.4288645985641557e-16,9.917172000258596e-17,0.19999999999999982,0.19999999999999993,1.1402836812295288e-17,6.970411457180878e-17,0.19999999999999998,0.19999999999999984,7.304244764568531e-17
2009-08-07,0.1999999999999999,0.0,1.20714525429087e-16,1.4288645985641557e-16,9.917172000258596e-17,0.19999999999999982,0.19999999999999993,1.1402836812295288e-17,6.970411457180878e-17,0.19999999999999998,0.19999999999999984,7.304244764568531e-17
2009-08-10,0.1999999999999999,0.0,1.20714525429087e-16,1.4288645985641557e-16,9.917172000258596e-17,0.19999999999999982,0.19999999999999993,1.1402836812295288e-17,6.970411457180878e-17,0.19999999999999998,0.19999999999999984,7.304244764568531e-17
2009-08-11,0.1999999999999999,0.0,1.20714525429087e-16,1.4288645985641557e-16,9.917172000258596e-17,0.19999999999999982,0.19999999999999993,1.1402836812295288e-17,6.970411457180878e-17,0.19999999999999998,0.19999999999999984,7.304244764568531e-17
2009-08-12,0.10399337476122181,1.8735013540549517e-16,0.19999999999999993,1.9949319973733282e-17,5.594483210025203e-17,0.19999999999999984,0.0960066252387777,9.194034422677078e-17,2.38524477946811e-16,0.2,0.2,6.635317295611287e-17
2009-08-13,0.10399337476122181,1.8735013540549517e-16,0.19999999999999993,1.9949319973733282e-17,5.594483210025203e-17,0.19999999999999984,0.0960066252387777,9.194034422677078e-17,2.38524477946811e-16,0.2,0.2,6.635317295611287e-17
2009-08-14,0.10399337476122181,1.8735013540549517e-16,0.19999999999999993,1.9949319973733282e-17,5.594483210025203e-17,0.19999999999999984,0.0960066252387777,9.194034422677078e-17,2.38524477946811e-16,0.2,0.2,6.635317295611287e-17
2009-08-17,0.10399337476122181,1.8735013540549517e-16,0.19999999999999993,1.9949319973733282e-17,5.594483210025203e-17,0.19999999999999984,0.0960066252387777,9.194034422677078e-17,2.38524477946811e-16,0.2,0.2,6.635317295611287e-17
2009-08-18,0.10399337476122181,1.8735013540549517e-16,0.19999999999999993,1.9949319973733282e-17,5.594483210025203e-17,0.19999999999999984,0.0960066252387777,9.194034422677078e-17,2.38524477946811e-16,0.2,0.2,6.635317295611287e-17
2009-08-19,0.06743574464296308,0.06578267543403991,0.2,8.379448204242686e-17,9.788911028473842e-17,0.1999999999999998,0.06678157992299708,6.433305304631206e-17,0.0,0.19999999999999993,0.19999999999999993,1.3002492434360422e-18
2009-08-20,0.06743574464296308,0.06578267543403991,0.2,8.379448204242686e-17,9.788911028473842e-17,0.1999999999999998,0.06678157992299708,6.433305304631206e-17,0.0,0.19999999999999993,0.19999999999999993,1.3002492434360422e-18
2009-08-21,0.06743574464296308,0.06578267543403991,0.2,8.379448204242686e-17,9.788911028473842e-17,0.1999999999999998,0.06678157992299708,6.433305304631206e-17,0.0,0.19999999999999993,0.19999999999999993,1.3002492434360422e-18
2009-08-24,0.06743574464296308,0.06578267543403991,0.2,8.379448204242686e-17,9.788911028473842e-17,0.1999999999999998,0.06678157992299708,6.433305304631206e-17,0.0,0.19999999999999993,0.19999999999999993,1.3002492434360422e-18
2009-08-25,0.06743574464296308,0.06578267543403991,0.2,8.379448204242686e-17,9.788911028473842e-17,0.1999999999999998,0.06678157992299708,6.433305304631206e-17,0.0,0.19999999999999993,0.19999999999999993,1.3002492434360422e-18
2009-08-26,0.1999999999999995,2.3418766925686896e-17,0.2,2.6725583551767684e-17,0.0,0.2,4.756937031780151e-16,1.680513367352532e-17,3.496552006265752e-17,0.1999999999999999,0.2,0.0
2009-08-27,0.1999999999999995,2.3418766925686896e-17,0.2,2.6725583551767684e-17,0.0,0.2,4.756937031780151e-16,1.680513367352532e-17,3.496552006265752e-17,0.1999999999999999,0.2,0.0
2009-08-28,0.1999999999999995,2.3418766925686896e-17,0.2,2.6725583551767684e-17,0.0,0.2,4.756937031780151e-16,1.680513367352532e-17,3.496552006265752e-17,0.1999999999999999,0.2,0.0
2009-08-31,0.1999999999999995,2.3418766925686896e-17,0.2,2.6725583551767684e-17,0.0,0.2,4.756937031780151e-16,1.680513367352532e-17,3.496552006265752e-17,0.1999999999999999,0.2,0.0
2009-09-01,0.1999999999999995,2.3418766925686896e-17,0.2,2.6725583551767684e-17,0.0,0.2,4.756937031780151e-16,1.680513367352532e-17,3.496552006265752e-17,0.1999999999999999,0.2,0.0
2009-09-02,0.08110257105692498,0.06493582219772169,0.2,1.74122868901172e-16,4.85722573273506e-17,0.19999999999999982,0.05396160674535328,1.0695654431569501e-16,9.600610237359142e-17,0.19999999999999982,0.19999999999999987,1.4365678785432934e-16
2009-09-03,0.08110257105692498,0.06493582219772169,0.2,1.74122868901172e-16,4.85722573273506e-17,0.19999999999999982,0.05396160674535328,1.0695654431569501e-16,9.600610237359142e-17,0.19999999999999982,0.19999999999999987,1.4365678785432934e-16
2009-09-04,0.08110257105692498,0.06493582219772169,0.2,1.74122868901172e-16,4.85722573273506e-17,0.19999999999999982,0.05396160674535328,1.0695654431569501e-16,9.600610237359142e-17,0.19999999999999982,0.19999999999999987,1.4365678785432934e-16
2009-09-08,0.08110257105692498,0.06493582219772169,0.2,1.74122868901172e-16,4.85722573273506e-17,0.19999999999999982,0.05396160674535328,1.0695654431569501e-16,9.600610237359142e-17,0.19999999999999982,0.19999999999999987,1.4365678785432934e-16
2009-09-09,0.08110257105692498,0.06493582219772169,0.2,1.74122868901172e-16,4.85722573273506e-17,0.19999999999999982,0.05396160674535328,1.0695654431569501e-16,9.600610237359142e-17,0.19999999999999982,0.19999999999999987,1.4365678785432934e-16
2009-09-10,0.2,0.0,0.12737294086100548,4.816733590255021e-17,0.0,0.19999999999999996,0.0,0.0,0.07262705913899452,0.2,0.2,1.9777662694584252e-17
2009-09-11,0.2,0.0,0.12737294086100548,4.816733590255021e-17,0.0,0.19999999999999996,0.0,0.0,0.07262705913899452,0.2,0.2,1.9777662694584252e-17
2009-09-14,0.2,0.0,0.12737294086100548,4.816733590255021e-17,0.0,0.19999999999999996,0.0,0.0,0.07262705913899452,0.2,0.2,1.9777662694584252e-17
2009-09-15,0.2,0.0,0.12737294086100548,4.816733590255021e-17,0.0,0.19999999999999996,0.0,0.0,0.07262705913899452,0.2,0.2,1.9777662694584252e-17
2009-09-16,0.2,0.0,0.12737294086100548,4.816733590255021e-17,0.0,0.19999999999999996,0.0,0.0,0.07262705913899452,0.2,0.2,1.9777662694584252e-17
2009-09-17,0.2,0.0,0.19999999999999998,0.09638412381402996,0.0,0.2,0.0,0.0,0.10361587618597028,5.566051220818978e-17,0.1999999999999999,0.0
2009-09-18,0.2,0.0,0.19999999999999998,0.09638412381402996,0.0,0.2,0.0,0.0,0.10361587618597028,5.566051220818978e-17,0.1999999999999999,0.0
2009-09-21,0.2,0.0,0.19999999999999998,0.09638412381402996,0.0,0.2,0.0,0.0,0.10361587618597028,5.566051220818978e-17,0.1999999999999999,0.0
2009-09-22,0.2,0.0,0.19999999999999998,0.09638412381402996,0.0,0.2,0.0,0.0,0.10361587618597028,5.566051220818978e-17,0.1999999999999999,0.0
2009-09-23,0.2,0.0,0.19999999999999998,0.09638412381402996,0.0,0.2,0.0,0.0,0.10361587618597028,5.566051220818978e-17,0.1999999999999999,0.0
2009-09-24,0.2,0.0,0.19999999999999996,0.0,1.7108704972006865e-17,0.2,1.732686592940394e-17,0.0,0.0,0.2,0.2,3.0861323176806714e-17
2009-09-25,0.2,0.0,0.19999999999999996,0.0,1.7108704972006865e-17,0.2,1.732686592940394e-17,0.0,0.0,0.2,0.2,3.0861323176806714e-17
2009-09-28,0.2,0.0,0.19999999999999996,0.0,1.7108704972006865e-17,0.2,1.732686592940394e-17,0.0,0.0,0.2,0.2,3.0861323176806714e-17
2009-09-29,0.2,0.0,0.19999999999999996,0.0,1.7108704972006865e-17,0.2,1.732686592940394e-17,0.0,0.0,0.2,0.2,3.0861323176806714e-17
2009-09-30,0.2,0.0,0.19999999999999996,0.0,1.7108704972006865e-17,0.2,1.732686592940394e-17,0.0,0.0,0.2,0.2,3.0861323176806714e-17
2009-10-01,0.19999999999999998,9.584493949658521e-17,0.2,2.6832798370957448e-17,6.933023080970545e-17,0.19999999999999968,8.305233395673657e-17,1.0707396728351774e-16,0.2,0.0,0.19999999999999973,4.131749831846749e-17
2009-10-02,0.19999999999999998,9.584493949658521e-17,0.2,2.6832798370957448e-17,6.933023080970545e-17,0.19999999999999968,8.305233395673657e-17,1.0707396728351774e-16,0.2,0.0,0.19999999999999973,4.131749831846749e-17
2009-10-05,0.19999999999999998,9.584493949658521e-17,0.2,2.6832798370957448e-17,6.933023080970545e-17,0.19999999999999968,8.305233395673657e-17,1.0707396728351774e-16,0.2,0.0,0.19999999999999973,4.131749831846749e-17
2009-10-06,0.19999999999999998,9.584493949658521e-17,0.2,2.6832798370957448e-17,6.933023080970545e-17,0.19999999999999968,8.305233395673657e-17,1.0707396728351774e-16,0.2,0.0,0.19999999999999973,4.131749831846749e-17
2009-10-07,0.19999999999999998,9.584493949658521e-17,0.2,2.6832798370957448e-17,6.933023080970545e-17,0.19999999999999968,8.305233395673657e-17,1.0707396728351774e-16,0.2,0.0,0.19999999999999973,4.131749831846749e-17
2009-10-08,0.19999999999999998,9.584493949658521e-17,0.2,2.6832798370957448e-17,6.933023080970545e-17,0.19999999999999968,8.305233395673657e-17,1.0707396728351774e-16,0.2,0.0,0.19999999999999973,4.131749831846749e-17
2009-10-09,0.19999999999999998,9.584493949658521e-17,0.2,2.6832798370957448e-17,6.933023080970545e-17,0.19999999999999968,8.305233395673657e-17,1.0707396728351774e-16,0.2,0.0,0.19999999999999973,4.131749831846749e-17
2009-10-12,0.19999999999999998,9.584493949658521e-17,0.2,2.6832798370957448e-17,6.933023080970545e-17,0.19999999999999968,8.305233395673657e-17,1.0707396728351774e-16,0.2,0.0,0.19999999999999973,4.131749831846749e-17
2009-10-13,0.19999999999999998,9.584493949658521e-17,0.2,2.6832798370957448e-17,6.933023080970545e-17,0.19999999999999968,8.305233395673657e-17,1.0707396728351774e-16,0.2,0.0,0.19999999999999973,4.131749831846749e-17
2009-10-14,0.19999999999999998,9.584493949658521e-17,0.2,2.6832798370957448e-17,6.933023080970545e-17,0.19999999999999968,8.305233395673657e-17,1.0707396728351774e-16,0.2,0.0,0.19999999999999973,4.131749831846749e-17
2009-10-15,0.2,1.0055251524564519e-16,1.734723475976807e-16,0.2,0.0,0.19999999999999987,2.419968674346147e-17,9.394149571739878e-17,0.1999999999999999,9.837289765744732e-18,0.1999999999999999,0.0
2009-10-16,0.2,1.0055251524564519e-16,1.734723475976807e-16,0.2,0.0,0.19999999999999987,2.419968674346147e-17,9.394149571739878e-17,0.1999999999999999,9.837289765744732e-18,0.1999999999999999,0.0
2009-10-19,0.2,1.0055251524564519e-16,1.734723475976807e-16,0.2,0.0,0.19999999999999987,2.419968674346147e-17,9.394149571739878e-17,0.1999999999999999,9.837289765744732e-18,0.1999999999999999,0.0
2009-10-20,0.2,1.0055251524564519e-16,1.734723475976807e-16,0.2,0.0,0.19999999999999987,2.419968674346147e-17,9.394149571739878e-17,0.1999999999999999,9.837289765744732e-18,0.1999999999999999,0.0
2009-10-21,0.2,1.0055251524564519e-16,1.734723475976807e-16,0.2,0.0,0.19999999999999987,2.419968674346147e-17,9.394149571739878e-17,0.1999999999999999,9.837289765744732e-18,0.1999999999999999,0.0
2009-10-22,0.2,1.0055251524564519e-16,1.734723475976807e-16,0.2,0.0,0.19999999999999987,2.419968674346147e-17,9.394149571739878e-17,0.1999999999999999,9.837289765744732e-18,0.1999999999999999,0.0
2009-10-23,0.2,1.0055251524564519e-16,1.734723475976807e-16,0.2,0.0,0.19999999999999987,2.419968674346147e-17,9.394149571739878e-17,0.1999999999999999,9.837289765744732e-18,0.1999999999999999,0.0
2009-10-26,0.2,1.0055251524564519e-16,1.734723475976807e-16,0.2,0.0,0.19999999999999987,2.419968674346147e-17,9.394149571739878e-17,0.1999999999999999,9.837289765744732e-18,0.1999999999999999,0.0
2009-10-27,0.2,1.0055251524564519e-16,1.734723475976807e-16,0.2,0.0,0.19999999999999987,2.419968674346147e-17,9.394149571739878e-17,0.1999999999999999,9.837289765744732e-18,0.1999999999999999,0.0
2009-10-28,0.2,1.0055251524564519e-16,1.734723475976807e-16,0.2,0.0,0.19999999999999987,2.419968674346147e-17,9.394149571739878e-17,0.1999999999999999,9.837289765744732e-18,0.1999999999999999,0.0
2009-10-29,0.2,1.0055251524564519e-16,1.734723475976807e-16,0.2,0.0,0.19999999999999987,2.419968674346147e-17,9.394149571739878e-17,0.1999999999999999,9.837289765744732e-18,0.1999999999999999,0.0
2009-10-30,0.2,1.0055251524564519e-16,1.734723475976807e-16,0.2,0.0,0.19999999999999987,2.419968674346147e-17,9.394149571739878e-17,0.1999999999999999,9.837289765744732e-18,0.1999999999999999,0.0
2009-11-02,0.2,1.0055251524564519e-16,1.734723475976807e-16,0.2,0.0,0.19999999999999987,2.419968674346147e-17,9.394149571739878e-17,0.1999999999999999,9.837289765744732e-18,0.1999999999999999,0.0
2009-11-03,0.2,1.0055251524564519e-16,1.734723475976807e-16,0.2,0.0,0.19999999999999987,2.419968674346147e-17,9.394149571739878e-17,0.1999999999999999,9.837289765744732e-18,0.1999999999999999,0.0
2009-11-04,0.2,1.0055251524564519e-16,1.734723475976807e-16,0.2,0.0,0.19999999999999987,2.419968674346147e-17,9.394149571739878e-17,0.1999999999999999,9.837289765744732e-18,0.1999999999999999,0.0
2009-11-05,0.2,1.0055251524564519e-16,1.734723475976807e-16,0.2,0.0,0.19999999999999987,2.419968674346147e-17,9.394149571739878e-17,0.1999999999999999,9.837289765744732e-18,0.1999999999999999,0.0
2009-11-06,0.2,1.0055251524564519e-16,1.734723475976807e-16,0.2,0.0,0.19999999999999987,2.419968674346147e-17,9.394149571739878e-17,0.1999999999999999,9.837289765744732e-18,0.1999999999999999,0.0
2009-11-09,0.2,1.0055251524564519e-16,1.734723475976807e-16,0.2,0.0,0.19999999999999987,2.419968674346147e-17,9.394149571739878e-17,0.1999999999999999,9.837289765744732e-18,0.1999999999999999,0.0
2009-11-10,0.2,1.0055251524564519e-16,1.734723475976807e-16,0.2,0.0,0.19999999999999987,2.419968674346147e-17,9.394149571739878e-17,0.1999999999999999,9.837289765744732e-18,0.1999999999999999,0.0
2009-11-11,0.2,1.0055251524564519e-16,1.734723475976807e-16,0.2,0.0,0.19999999999999987,2.419968674346147e-17,9.394149571739878e-17,0.1999999999999999,9.837289765744732e-18,0.1999999999999999,0.0
2009-11-12,0.2,0.0,0.19999999999999996,0.0,0.0,0.2,0.0,0.0,0.2,8.885014644333217e-17,0.2,1.179419456986172e-17
2009-11-13,0.2,0.0,0.19999999999999996,0.0,0.0,0.2,0.0,0.0,0.2,8.885014644333217e-17,0.2,1.179419456986172e-17
2009-11-16,0.2,0.0,0.19999999999999996,0.0,0.0,0.2,0.0,0.0,0.2,8.885014644333217e-17,0.2,1.179419456986172e-17
2009-11-17,0.2,0.0,0.19999999999999996,0.0,0.0,0.2,0.0,0.0,0.2,8.885014644333217e-17,0.2,1.179419456986172e-17
2009-11-18,0.2,0.0,0.19999999999999996,0.0,0.0,0.2,0.0,0.0,0.2,8.885014644333217e-17,0.2,1.179419456986172e-17
2009-11-19,0.2,0.0,0.19999999999999996,0.0,0.0,0.2,0.0,0.0,0.2,8.885014644333217e-17,0.2,1.179419456986172e-17
2009-11-20,0.2,0.0,0.19999999999999996,0.0,0.0,0.2,0.0,0.0,0.2,8.885014644333217e-17,0.2,1.179419456986172e-17
2009-11-23,0.2,0.0,0.19999999999999996,0.0,0.0,0.2,0.0,0.0,0.2,8.885014644333217e-17,0.2,1.179419456986172e-17
2009-11-24,0.2,0.0,0.19999999999999996,0.0,0.0,0.2,0.0,0.0,0.2,8.885014644333217e-17,0.2,1.179419456986172e-17
2009-11-25,0.2,0.0,0.19999999999999996,0.0,0.0,0.2,0.0,0.0,0.2,8.885014644333217e-17,0.2,1.179419456986172e-17
2009-11-27,0.2,0.0,0.19999999999999996,0.0,0.0,0.2,0.0,0.0,0.2,8.885014644333217e-17,0.2,1.179419456986172e-17
2009-11-30,0.2,0.0,0.19999999999999996,0.0,0.0,0.2,0.0,0.0,0.2,8.885014644333217e-17,0.2,1.179419456986172e-17
2009-12-01,0.2,0.0,0.19999999999999996,0.0,0.0,0.2,0.0,0.0,0.2,8.885014644333217e-17,0.2,1.179419456986172e-17
2009-12-02,0.2,0.0,0.19999999999999996,0.0,0.0,0.2,0.0,0.0,0.2,8.885014644333217e-17,0.2,1.179419456986172e-17
2009-12-03,0.2,0.0,0.19999999999999996,0.0,0.0,0.2,0.0,0.0,0.2,8.885014644333217e-17,0.2,1.179419456986172e-17
2009-12-04,0.2,0.0,0.19999999999999996,0.0,0.0,0.2,0.0,0.0,0.2,8.885014644333217e-17,0.2,1.179419456986172e-17
2009-12-07,0.2,0.0,0.19999999999999996,0.0,0.0,0.2,0.0,0.0,0.2,8.885014644333217e-17,0.2,1.179419456986172e-17
2009-12-08,0.2,0.0,0.19999999999999996,0.0,0.0,0.2,0.0,0.0,0.2,8.885014644333217e-17,0.2,1.179419456986172e-17
2009-12-09,0.2,0.0,0.19999999999999996,0.0,0.0,0.2,0.0,0.0,0.2,8.885014644333217e-17,0.2,1.179419456986172e-17
2009-12-10,0.2,0.0,0.19999999999999996,0.0,0.0,0.2,0.0,0.0,0.2,8.885014644333217e-17,0.2,1.179419456986172e-17
2009-12-11,0.2,0.0,0.19999999999999996,0.0,0.0,0.2,0.0,0.0,0.2,8.885014644333217e-17,0.2,1.179419456986172e-17
2009-12-14,0.2,0.0,0.19999999999999996,0.0,0.0,0.2,0.0,0.0,0.2,8.885014644333217e-17,0.2,1.179419456986172e-17
2009-12-15,0.2,0.0,0.19999999999999996,0.0,0.0,0.2,0.0,0.0,0.2,8.885014644333217e-17,0.2,1.179419456986172e-17
2009-12-16,0.2,0.0,0.19999999999999996,0.0,0.0,0.2,0.0,0.0,0.2,8.885014644333217e-17,0.2,1.179419456986172e-17
2009-12-17,0.2,0.0,0.19999999999999996,0.0,0.0,0.2,0.0,0.0,0.2,8.885014644333217e-17,0.2,1.179419456986172e-17
2009-12-18,0.1999999999999998,3.693423178043703e-17,0.19999999999999996,1.7102798790117902e-16,0.10179569941849761,0.19999999999999984,0.0,7.707777105604577e-18,0.19999999999999996,0.0,0.0982043005815027,6.245004513516506e-17
2009-12-21,0.1999999999999998,3.693423178043703e-17,0.19999999999999996,1.7102798790117902e-16,0.10179569941849761,0.19999999999999984,0.0,7.707777105604577e-18,0.19999999999999996,0.0,0.0982043005815027,6.245004513516506e-17
2009-12-22,0.1999999999999998,3.693423178043703e-17,0.19999999999999996,1.7102798790117902e-16,0.10179569941849761,0.19999999999999984,0.0,7.707777105604577e-18,0.19999999999999996,0.0,0.0982043005815027,6.245004513516506e-17
2009-12-23,0.1999999999999998,3.693423178043703e-17,0.19999999999999996,1.7102798790117902e-16,0.10179569941849761,0.19999999999999984,0.0,7.707777105604577e-18,0.19999999999999996,0.0,0.0982043005815027,6.245004513516506e-17
2009-12-24,0.1999999999999998,3.693423178043703e-17,0.19999999999999996,1.7102798790117902e-16,0.10179569941849761,0.19999999999999984,0.0,7.707777105604577e-18,0.19999999999999996,0.0,0.0982043005815027,6.245004513516506e-17
2009-12-28,0.2,0.0,0.2,0.19999999999999976,0.0,0.2,1.3405847181945145e-16,0.0,0.2,0.0,0.0,1.9684645263444439e-16
2009-12-29,0.2,0.0,0.2,0.19999999999999976,0.0,0.2,1.3405847181945145e-16,0.0,0.2,0.0,0.0,1.9684645263444439e-16
2009-12-30,0.2,0.0,0.2,0.19999999999999976,0.0,0.2,1.3405847181945145e-16,0.0,0.2,0.0,0.0,1.9684645263444439e-16
2009-12-31,0.2,0.0,0.2,0.19999999999999976,0.0,0.2,1.3405847181945145e-16,0.0,0.2,0.0,0.0,1.9684645263444439e-16
2010-01-04,0.2,0.0,0.2,0.19999999999999976,0.0,0.2,1.3405847181945145e-16,0.0,0.2,0.0,0.0,1.9684645263444439e-16
2010-01-05,0.19999999999999973,1.1884734760144695e-16,0.19999999999999937,0.04656383278891638,2.706168622523819e-16,0.1999999999999997,2.541819915320915e-16,3.9530477268629095e-16,0.19999999999999957,0.0,0.07133873254805075,0.08209743466303344
2010-01-06,0.19999999999999973,1.1884734760144695e-16,0.19999999999999937,0.04656383278891638,2.706168622523819e-16,0.1999999999999997,2.541819915320915e-16,3.9530477268629095e-16,0.19999999999999957,0.0,0.07133873254805075,0.08209743466303344
2010-01-07,0.19999999999999973,1.1884734760144695e-16,0.19999999999999937,0.04656383278891638,2.706168622523819e-16,0.1999999999999997,2.541819915320915e-16,3.9530477268629095e-16,0.19999999999999957,0.0,0.07133873254805075,0.08209743466303344
2010-01-08,0.19999999999999973,1.1884734760144695e-16,0.19999999999999937,0.04656383278891638,2.706168622523819e-16,0.1999999999999997,2.541819915320915e-16,3.9530477268629095e-16,0.19999999999999957,0.0,0.07133873254805075,0.08209743466303344
2010-01-11,0.19999999999999973,1.1884734760144695e-16,0.19999999999999937,0.04656383278891638,2.706168622523819e-16,0.1999999999999997,2.541819915320915e-16,3.9530477268629095e-16,0.19999999999999957,0.0,0.07133873254805075,0.08209743466303344
2010-01-12,0.19999999999999984,0.0,0.1999999999999998,1.7958474007780635e-16,0.0,0.19999999999999976,1.4247521676419337e-16,1.0793450894285758e-16,0.19999999999999993,1.7247830282528463e-16,0.2,0.0
2010-01-13,0.19999999999999984,0.0,0.1999999999999998,1.7958474007780635e-16,0.0,0.19999999999999976,1.4247521676419337e-16,1.0793450894285758e-16,0.19999999999999993,1.7247830282528463e-16,0.2,0.0
2010-01-14,0.19999999999999984,0.0,0.1999999999999998,1.7958474007780635e-16,0.0,0.19999999999999976,1.4247521676419337e-16,1.0793450894285758e-16,0.19999999999999993,1.7247830282528463e-16,0.2,0.0
2010-01-15,0.19999999999999984,0.0,0.1999999999999998,1.7958474007780635e-16,0.0,0.19999999999999976,1.4247521676419337e-16,1.0793450894285758e-16,0.19999999999999993,1.7247830282528463e-16,0.2,0.0
2010-01-19,0.19999999999999984,0.0,0.1999999999999998,1.7958474007780635e-16,0.0,0.19999999999999976,1.4247521676419337e-16,1.0793450894285758e-16,0.19999999999999993,1.7247830282528463e-16,0.2,0.0
2010-01-20,0.19999999999999984,5.199102457854237e-17,0.2,7.159239614242172e-17,0.2,0.2,1.1007161012634085e-17,0.0,0.2,0.0,3.011857727278202e-17,0.0
2010-01-21,0.19999999999999984,5.199102457854237e-17,0.2,7.159239614242172e-17,0.2,0.2,1.1007161012634085e-17,0.0,0.2,0.0,3.011857727278202e-17,0.0
2010-01-22,0.19999999999999984,5.199102457854237e-17,0.2,7.159239614242172e-17,0.2,0.2,1.1007161012634085e-17,0.0,0.2,0.0,3.011857727278202e-17,0.0
2010-01-25,0.19999999999999984,5.199102457854237e-17,0.2,7.159239614242172e-17,0.2,0.2,1.1007161012634085e-17,0.0,0.2,0.0,3.011857727278202e-17,0.0
2010-01-26,0.19999999999999984,5.199102457854237e-17,0.2,7.159239614242172e-17,0.2,0.2,1.1007161012634085e-17,0.0,0.2,0.0,3.011857727278202e-17,0.0
2010-01-27,0.19999999999999984,5.199102457854237e-17,0.2,7.159239614242172e-17,0.2,0.2,1.1007161012634085e-17,0.0,0.2,0.0,3.011857727278202e-17,0.0
2010-01-28,0.19999999999999984,5.199102457854237e-17,0.2,7.159239614242172e-17,0.2,0.2,1.1007161012634085e-17,0.0,0.2,0.0,3.011857727278202e-17,0.0
2010-01-29,0.19999999999999984,5.199102457854237e-17,0.2,7.159239614242172e-17,0.2,0.2,1.1007161012634085e-17,0.0,0.2,0.0,3.011857727278202e-17,0.0
2010-02-01,0.19999999999999984,5.199102457854237e-17,0.2,7.159239614242172e-17,0.2,0.2,1.1007161012634085e-17,0.0,0.2,0.0,3.011857727278202e-17,0.0
2010-02-02,0.19999999999999984,5.199102457854237e-17,0.2,7.159239614242172e-17,0.2,0.2,1.1007161012634085e-17,0.0,0.2,0.0,3.011857727278202e-17,0.0
2010-02-03,0.19999999999999984,5.199102457854237e-17,0.2,7.159239614242172e-17,0.2,0.2,1.1007161012634085e-17,0.0,0.2,0.0,3.011857727278202e-17,0.0
2010-02-04,0.19999999999999984,5.199102457854237e-17,0.2,7.159239614242172e-17,0.2,0.2,1.1007161012634085e-17,0.0,0.2,0.0,3.011857727278202e-17,0.0
2010-02-05,0.19999999999999984,5.199102457854237e-17,0.2,7.159239614242172e-17,0.2,0.2,1.1007161012634085e-17,0.0,0.2,0.0,3.011857727278202e-17,0.0
2010-02-08,0.19999999999999984,5.199102457854237e-17,0.2,7.159239614242172e-17,0.2,0.2,1.1007161012634085e-17,0.0,0.2,0.0,3.011857727278202e-17,0.0
2010-02-09,0.19999999999999984,5.199102457854237e-17,0.2,7.159239614242172e-17,0.2,0.2,1.1007161012634085e-17,0.0,0.2,0.0,3.011857727278202e-17,0.0
2010-02-10,0.12639641498757972,3.2696875853708324e-17,8.626859395887523e-18,5.08733813988936e-19,3.629135826840463e-18,2.501607448774e-17,0.2,0.19999999999999998,1.1782946132988711e-18,0.2,0.19647278166968798,0.07713080334273233
2010-02-11,0.12639641498757972,3.2696875853708324e-17,8.626859395887523e-18,5.08733813988936e-19,3.629135826840463e-18,2.501607448774e-17,0.2,0.19999999999999998,1.1782946132988711e-18,0.2,0.19647278166968798,0.07713080334273233
2010-02-12,0.12639641498757972,3.2696875853708324e-17,8.626859395887523e-18,5.08733813988936e-19,3.629135826840463e-18,2.501607448774e-17,0.2,0.19999999999999998,1.1782946132988711e-18,0.2,0.19647278166968798,0.07713080334273233
2010-02-16,0.12639641498757972,3.2696875853708324e-17,8.626859395887523e-18,5.08733813988936e-19,3.629135826840463e-18,2.501607448774e-17,0.2,0.19999999999999998,1.1782946132988711e-18,0.2,0.19647278166968798,0.07713080334273233
2010-02-17,0.12639641498757972,3.2696875853708324e-17,8.626859395887523e-18,5.08733813988936e-19,3.629135826840463e-18,2.501607448774e-17,0.2,0.19999999999999998,1.1782946132988711e-18,0.2,0.19647278166968798,0.07713080334273233
2010-02-18,0.12639641498757972,3.2696875853708324e-17,8.626859395887523e-18,5.08733813988936e-19,3.629135826840463e-18,2.501607448774e-17,0.2,0.19999999999999998,1.1782946132988711e-18,0.2,0.19647278166968798,0.07713080334273233
2010-02-19,0.12639641498757972,3.2696875853708324e-17,8.626859395887523e-18,5.08733813988936e-19,3.629135826840463e-18,2.501607448774e-17,0.2,0.19999999999999998,1.1782946132988711e-18,0.2,0.19647278166968798,0.07713080334273233
2010-02-22,0.12639641498757972,3.2696875853708324e-17,8.626859395887523e-18,5.08733813988936e-19,3.629135826840463e-18,2.501607448774e-17,0.2,0.19999999999999998,1.1782946132988711e-18,0.2,0.19647278166968798,0.07713080334273233
2010-02-23,0.12639641498757972,3.2696875853708324e-17,8.626859395887523e-18,5.08733813988936e-19,3.629135826840463e-18,2.501607448774e-17,0.2,0.19999999999999998,1.1782946132988711e-18,0.2,0.19647278166968798,0.07713080334273233
2010-02-24,0.12639641498757972,3.2696875853708324e-17,8.626859395887523e-18,5.08733813988936e-19,3.629135826840463e-18,2.501607448774e-17,0.2,0.19999999999999998,1.1782946132988711e-18,0.2,0.19647278166968798,0.07713080334273233
2010-02-25,0.12639641498757972,3.2696875853708324e-17,8.626859395887523e-18,5.08733813988936e-19,3.629135826840463e-18,2.501607448774e-17,0.2,0.19999999999999998,1.1782946132988711e-18,0.2,0.19647278166968798,0.07713080334273233
2010-02-26,0.12639641498757972,3.2696875853708324e-17,8.626859395887523e-18,5.08733813988936e-19,3.629135826840463e-18,2.501607448774e-17,0.2,0.19999999999999998,1.1782946132988711e-18,0.2,0.19647278166968798,0.07713080334273233
2010-03-01,0.12639641498757972,3.2696875853708324e-17,8.626859395887523e-18,5.08733813988936e-19,3.629135826840463e-18,2.501607448774e-17,0.2,0.19999999999999998,1.1782946132988711e-18,0.2,0.19647278166968798,0.07713080334273233
2010-03-02,0.12639641498757972,3.2696875853708324e-17,8.626859395887523e-18,5.08733813988936e-19,3.629135826840463e-18,2.501607448774e-17,0.2,0.19999999999999998,1.1782946132988711e-18,0.2,0.19647278166968798,0.07713080334273233
2010-03-03,0.12639641498757972,3.2696875853708324e-17,8.626859395887523e-18,5.08733813988936e-19,3.629135826840463e-18,2.501607448774e-17,0.2,0.19999999999999998,1.1782946132988711e-18,0.2,0.19647278166968798,0.07713080334273233
2010-03-04,0.15560086946418092,0.14454855425560018,3.559811845531461e-17,1.732380127170007e-17,4.8925937593813334e-18,1.1659357327718699e-17,0.2,0.2,3.028281462408974e-17,0.19999999999999998,0.08760292942337873,0.012247646856840065
2010-03-05,0.15560086946418092,0.14454855425560018,3.559811845531461e-17,1.732380127170007e-17,4.8925937593813334e-18,1.1659357327718699e-17,0.2,0.2,3.028281462408974e-17,0.19999999999999998,0.08760292942337873,0.012247646856840065
2010-03-08,0.15560086946418092,0.14454855425560018,3.559811845531461e-17,1.732380127170007e-17,4.8925937593813334e-18,1.1659357327718699e-17,0.2,0.2,3.028281462408974e-17,0.19999999999999998,0.08760292942337873,0.012247646856840065
2010-03-09,0.15560086946418092,0.14454855425560018,3.559811845531461e-17,1.732380127170007e-17,4.8925937593813334e-18,1.1659357327718699e-17,0.2,0.2,3.028281462408974e-17,0.19999999999999998,0.08760292942337873,0.012247646856840065
2010-03-10,0.15560086946418092,0.14454855425560018,3.559811845531461e-17,1.732380127170007e-17,4.8925937593813334e-18,1.1659357327718699e-17,0.2,0.2,3.028281462408974e-17,0.19999999999999998,0.08760292942337873,0.012247646856840065
2010-03-11,0.16237524066690728,0.11962414915058722,1.1712724282715862e-17,5.435695746261937e-17,5.092948444019017e-17,3.6790052635823536e-21,0.19999999999999993,0.19999999999999993,1.6493787091895004e-17,0.2,0.11800061018250552,8.154538338354644e-17
2010-03-12,0.16237524066690728,0.11962414915058722,1.1712724282715862e-17,5.435695746261937e-17,5.092948444019017e-17,3.6790052635823536e-21,0.19999999999999993,0.19999999999999993,1.6493787091895004e-17,0.2,0.11800061018250552,8.154538338354644e-17
2010-03-15,0.16237524066690728,0.11962414915058722,1.1712724282715862e-17,5.435695746261937e-17,5.092948444019017e-17,3.6790052635823536e-21,0.19999999999999993,0.19999999999999993,1.6493787091895004e-17,0.2,0.11800061018250552,8.154538338354644e-17
2010-03-16,0.16237524066690728,0.11962414915058722,1.1712724282715862e-17,5.435695746261937e-17,5.092948444019017e-17,3.6790052635823536e-21,0.19999999999999993,0.19999999999999993,1.6493787091895004e-17,0.2,0.11800061018250552,8.154538338354644e-17
2010-03-17,0.16237524066690728,0.11962414915058722,1.1712724282715862e-17,5.435695746261937e-17,5.092948444019017e-17,3.6790052635823536e-21,0.19999999999999993,0.19999999999999993,1.6493787091895004e-17,0.2,0.11800061018250552,8.154538338354644e-17
2010-03-18,0.16237524066690728,0.11962414915058722,1.1712724282715862e-17,5.435695746261937e-17,5.092948444019017e-17,3.6790052635823536e-21,0.19999999999999993,0.19999999999999993,1.6493787091895004e-17,0.2,0.11800061018250552,8.154538338354644e-17
2010-03-19,0.16237524066690728,0.11962414915058722,1.1712724282715862e-17,5.435695746261937e-17,5.092948444019017e-17,3.6790052635823536e-21,0.19999999999999993,0.19999999999999993,1.6493787091895004e-17,0.2,0.11800061018250552,8.154538338354644e-17
2010-03-22,0.16237524066690728,0.11962414915058722,1.1712724282715862e-17,5.435695746261937e-17,5.092948444019017e-17,3.6790052635823536e-21,0.19999999999999993,0.19999999999999993,1.6493787091895004e-17,0.2,0.11800061018250552,8.154538338354644e-17
2010-03-23,0.16237524066690728,0.11962414915058722,1.1712724282715862e-17,5.435695746261937e-17,5.092948444019017e-17,3.6790052635823536e-21,0.19999999999999993,0.19999999999999993,1.6493787091895004e-17,0.2,0.11800061018250552,8.154538338354644e-17
2010-03-24,0.16237524066690728,0.11962414915058722,1.1712724282715862e-17,5.435695746261937e-17,5.092948444019017e-17,3.6790052635823536e-21,0.19999999999999993,0.19999999999999993,1.6493787091895004e-17,0.2,0.11800061018250552,8.154538338354644e-17
2010-03-25,0.1058828815304054,0.0,0.2,0.0,0.2,0.2,0.0,0.0,0.2,0.0,7.022919572274855e-17,0.09411711846959477
2010-03-26,0.1058828815304054,0.0,0.2,0.0,0.2,0.2,0.0,0.0,0.2,0.0,7.022919572274855e-17,0.09411711846959477
2010-03-29,0.1058828815304054,0.0,0.2,0.0,0.2,0.2,0.0,0.0,0.2,0.0,7.022919572274855e-17,0.09411711846959477
2010-03-30,0.1058828815304054,0.0,0.2,0.0,0.2,0.2,0.0,0.0,0.2,0.0,7.022919572274855e-17,0.09411711846959477
2010-03-31,0.1058828815304054,0.0,0.2,0.0,0.2,0.2,0.0,0.0,0.2,0.0,7.022919572274855e-17,0.09411711846959477
2010-04-01,0.1058828815304054,0.0,0.2,0.0,0.2,0.2,0.0,0.0,0.2,0.0,7.022919572274855e-17,0.09411711846959477
2010-04-05,0.1058828815304054,0.0,0.2,0.0,0.2,0.2,0.0,0.0,0.2,0.0,7.022919572274855e-17,0.09411711846959477
2010-04-06,0.1058828815304054,0.0,0.2,0.0,0.2,0.2,0.0,0.0,0.2,0.0,7.022919572274855e-17,0.09411711846959477
2010-04-07,0.1058828815304054,0.0,0.2,0.0,0.2,0.2,0.0,0.0,0.2,0.0,7.022919572274855e-17,0.09411711846959477
2010-04-08,0.1058828815304054,0.0,0.2,0.0,0.2,0.2,0.0,0.0,0.2,0.0,7.022919572274855e-17,0.09411711846959477
2010-04-09,9.71445146547012e-17,3.2959746043559335e-17,0.2,4.315547600167155e-16,0.19999999999999984,0.19999999999999987,6.938893903907228e-18,8.500145032286355e-17,0.2,0.0,5.204170427930421e-17,0.19999999999999962
2010-04-12,9.71445146547012e-17,3.2959746043559335e-17,0.2,4.315547600167155e-16,0.19999999999999984,0.19999999999999987,6.938893903907228e-18,8.500145032286355e-17,0.2,0.0,5.204170427930421e-17,0.19999999999999962
2010-04-13,9.71445146547012e-17,3.2959746043559335e-17,0.2,4.315547600167155e-16,0.19999999999999984,0.19999999999999987,6.938893903907228e-18,8.500145032286355e-17,0.2,0.0,5.204170427930421e-17,0.19999999999999962
2010-04-14,9.71445146547012e-17,3.2959746043559335e-17,0.2,4.315547600167155e-16,0.19999999999999984,0.19999999999999987,6.938893903907228e-18,8.500145032286355e-17,0.2,0.0,5.204170427930421e-17,0.19999999999999962
2010-04-15,9.71445146547012e-17,3.2959746043559335e-17,0.2,4.315547600167155e-16,0.19999999999999984,0.19999999999999987,6.938893903907228e-18,8.500145032286355e-17,0.2,0.0,5.204170427930421e-17,0.19999999999999962
2010-04-16,0.10728924949937477,1.9878854654265664e-16,0.2,8.424258701956309e-17,0.2,0.19999999999999993,3.4492953895529015e-17,6.93348071478874e-17,0.19999999999999987,0.0,1.1779864425798945e-16,0.09271075050062495
2010-04-19,0.10728924949937477,1.9878854654265664e-16,0.2,8.424258701956309e-17,0.2,0.19999999999999993,3.4492953895529015e-17,6.93348071478874e-17,0.19999999999999987,0.0,1.1779864425798945e-16,0.09271075050062495
2010-04-20,0.10728924949937477,1.9878854654265664e-16,0.2,8.424258701956309e-17,0.2,0.19999999999999993,3.4492953895529015e-17,6.93348071478874e-17,0.19999999999999987,0.0,1.1779864425798945e-16,0.09271075050062495
2010-04-21,0.10728924949937477,1.9878854654265664e-16,0.2,8.424258701956309e-17,0.2,0.19999999999999993,3.4492953895529015e-17,6.93348071478874e-17,0.19999999999999987,0.0,1.1779864425798945e-16,0.09271075050062495
2010-04-22,0.10728924949937477,1.9878854654265664e-16,0.2,8.424258701956309e-17,0.2,0.19999999999999993,3.4492953895529015e-17,6.93348071478874e-17,0.19999999999999987,0.0,1.1779864425798945e-16,0.09271075050062495
2010-04-23,0.10728924949937477,1.9878854654265664e-16,0.2,8.424258701956309e-17,0.2,0.19999999999999993,3.4492953895529015e-17,6.93348071478874e-17,0.19999999999999987,0.0,1.1779864425798945e-16,0.09271075050062495
2010-04-26,0.10728924949937477,1.9878854654265664e-16,0.2,8.424258701956309e-17,0.2,0.19999999999999993,3.4492953895529015e-17,6.93348071478874e-17,0.19999999999999987,0.0,1.1779864425798945e-16,0.09271075050062495
2010-04-27,0.10728924949937477,1.9878854654265664e-16,0.2,8.424258701956309e-17,0.2,0.19999999999999993,3.4492953895529015e-17,6.93348071478874e-17,0.19999999999999987,0.0,1.1779864425798945e-16,0.09271075050062495
2010-04-28,0.10728924949937477,1.9878854654265664e-16,0.2,8.424258701956309e-17,0.2,0.19999999999999993,3.4492953895529015e-17,6.93348071478874e-17,0.19999999999999987,0.0,1.1779864425798945e-16,0.09271075050062495
2010-04-29,0.10728924949937477,1.9878854654265664e-16,0.2,8.424258701956309e-17,0.2,0.19999999999999993,3.4492953895529015e-17,6.93348071478874e-17,0.19999999999999987,0.0,1.1779864425798945e-16,0.09271075050062495
2010-04-30,0.10728924949937477,1.9878854654265664e-16,0.2,8.424258701956309e-17,0.2,0.19999999999999993,3.4492953895529015e-17,6.93348071478874e-17,0.19999999999999987,0.0,1.1779864425798945e-16,0.09271075050062495
2010-05-03,0.10728924949937477,1.9878854654265664e-16,0.2,8.424258701956309e-17,0.2,0.19999999999999993,3.4492953895529015e-17,6.93348071478874e-17,0.19999999999999987,0.0,1.1779864425798945e-16,0.09271075050062495
2010-05-04,0.10728924949937477,1.9878854654265664e-16,0.2,8.424258701956309e-17,0.2,0.19999999999999993,3.4492953895529015e-17,6.93348071478874e-17,0.19999999999999987,0.0,1.1779864425798945e-16,0.09271075050062495
2010-05-05,0.10728924949937477,1.9878854654265664e-16,0.2,8.424258701956309e-17,0.2,0.19999999999999993,3.4492953895529015e-17,6.93348071478874e-17,0.19999999999999987,0.0,1.1779864425798945e-16,0.09271075050062495
2010-05-06,0.10728924949937477,1.9878854654265664e-16,0.2,8.424258701956309e-17,0.2,0.19999999999999993,3.4492953895529015e-17,6.93348071478874e-17,0.19999999999999987,0.0,1.1779864425798945e-16,0.09271075050062495
2010-05-07,0.1300771462549229,8.407987847625087e-17,0.19999999999999982,8.337514706413529e-17,0.19999999999999976,0.19999999999999993,0.0,2.7538735181131813e-17,0.0,0.0,0.13673061499182879,0.13319223875324865
2010-05-10,0.1300771462549229,8.407987847625087e-17,0.19999999999999982,8.337514706413529e-17,0.19999999999999976,0.19999999999999993,0.0,2.7538735181131813e-17,0.0,0.0,0.13673061499182879,0.13319223875324865
2010-05-11,0.1300771462549229,8.407987847625087e-17,0.19999999999999982,8.337514706413529e-17,0.19999999999999976,0.19999999999999993,0.0,2.7538735181131813e-17,0.0,0.0,0.13673061499182879,0.13319223875324865
2010-05-12,0.1300771462549229,8.407987847625087e-17,0.19999999999999982,8.337514706413529e-17,0.19999999999999976,0.19999999999999993,0.0,2.7538735181131813e-17,0.0,0.0,0.13673061499182879,0.13319223875324865
2010-05-13,0.1300771462549229,8.407987847625087e-17,0.19999999999999982,8.337514706413529e-17,0.19999999999999976,0.19999999999999993,0.0,2.7538735181131813e-17,0.0,0.0,0.13673061499182879,0.13319223875324865
2010-05-14,0.01037058159446463,0.2,2.928041609613789e-17,3.8772954569719077e-17,1.3656903280221932e-17,1.6894373792617958e-17,0.2,0.19999999999999993,4.294487324846497e-17,0.2,0.18962941840553532,1.2804222257693595e-16
2010-05-17,0.01037058159446463,0.2,2.928041609613789e-17,3.8772954569719077e-17,1.3656903280221932e-17,1.6894373792617958e-17,0.2,0.19999999999999993,4.294487324846497e-17,0.2,0.18962941840553532,1.2804222257693595e-16
2010-05-18,0.01037058159446463,0.2,2.928041609613789e-17,3.8772954569719077e-17,1.3656903280221932e-17,1.6894373792617958e-17,0.2,0.19999999999999993,4.294487324846497e-17,0.2,0.18962941840553532,1.2804222257693595e-16
2010-05-19,0.01037058159446463,0.2,2.928041609613789e-17,3.8772954569719077e-17,1.3656903280221932e-17,1.6894373792617958e-17,0.2,0.19999999999999993,4.294487324846497e-17,0.2,0.18962941840553532,1.2804222257693595e-16
2010-05-20,0.01037058159446463,0.2,2.928041609613789e-17,3.8772954569719077e-17,1.3656903280221932e-17,1.6894373792617958e-17,0.2,0.19999999999999993,4.294487324846497e-17,0.2,0.18962941840553532,1.2804222257693595e-16
2010-05-21,0.01037058159446463,0.2,2.928041609613789e-17,3.8772954569719077e-17,1.3656903280221932e-17,1.6894373792617958e-17,0.2,0.19999999999999993,4.294487324846497e-17,0.2,0.18962941840553532,1.2804222257693595e-16
2010-05-24,0.01037058159446463,0.2,2.928041609613789e-17,3.8772954569719077e-17,1.3656903280221932e-17,1.6894373792617958e-17,0.2,0.19999999999999993,4.294487324846497e-17,0.2,0.18962941840553532,1.2804222257693595e-16
2010-05-25,0.01037058159446463,0.2,2.928041609613789e-17,3.8772954569719077e-17,1.3656903280221932e-17,1.6894373792617958e-17,0.2,0.19999999999999993,4.294487324846497e-17,0.2,0.18962941840553532,1.2804222257693595e-16
2010-05-26,0.01037058159446463,0.2,2.928041609613789e-17,3.8772954569719077e-17,1.3656903280221932e-17,1.6894373792617958e-17,0.2,0.19999999999999993,4.294487324846497e-17,0.2,0.18962941840553532,1.2804222257693595e-16
2010-05-27,0.01037058159446463,0.2,2.928041609613789e-17,3.8772954569719077e-17,1.3656903280221932e-17,1.6894373792617958e-17,0.2,0.19999999999999993,4.294487324846497e-17,0.2,0.18962941840553532,1.2804222257693595e-16
2010-05-28,0.01037058159446463,0.2,2.928041609613789e-17,3.8772954569719077e-17,1.3656903280221932e-17,1.6894373792617958e-17,0.2,0.19999999999999993,4.294487324846497e-17,0.2,0.18962941840553532,1.2804222257693595e-16
2010-06-01,0.01037058159446463,0.2,2.928041609613789e-17,3.8772954569719077e-17,1.3656903280221932e-17,1.6894373792617958e-17,0.2,0.19999999999999993,4.294487324846497e-17,0.2,0.18962941840553532,1.2804222257693595e-16
2010-06-02,0.01037058159446463,0.2,2.928041609613789e-17,3.8772954569719077e-17,1.3656903280221932e-17,1.6894373792617958e-17,0.2,0.19999999999999993,4.294487324846497e-17,0.2,0.18962941840553532,1.2804222257693595e-16
2010-06-03,0.01037058159446463,0.2,2.928041609613789e-17,3.8772954569719077e-17,1.3656903280221932e-17,1.6894373792617958e-17,0.2,0.19999999999999993,4.294487324846497e-17,0.2,0.18962941840553532,1.2804222257693595e-16
2010-06-04,0.01037058159446463,0.2,2.928041609613789e-17,3.8772954569719077e-17,1.3656903280221932e-17,1.6894373792617958e-17,0.2,0.19999999999999993,4.294487324846497e-17,0.2,0.18962941840553532,1.2804222257693595e-16
2010-06-07,0.01037058159446463,0.2,2.928041609613789e-17,3.8772954569719077e-17,1.3656903280221932e-17,1.6894373792617958e-17,0.2,0.19999999999999993,4.294487324846497e-17,0.2,0.18962941840553532,1.2804222257693595e-16
2010-06-08,0.01037058159446463,0.2,2.928041609613789e-17,3.8772954569719077e-17,1.3656903280221932e-17,1.6894373792617958e-17,0.2,0.19999999999999993,4.294487324846497e-17,0.2,0.18962941840553532,1.2804222257693595e-16
2010-06-09,0.01037058159446463,0.2,2.928041609613789e-17,3.8772954569719077e-17,1.3656903280221932e-17,1.6894373792617958e-17,0.2,0.19999999999999993,4.294487324846497e-17,0.2,0.18962941840553532,1.2804222257693595e-16
2010-06-10,0.01037058159446463,0.2,2.928041609613789e-17,3.8772954569719077e-17,1.3656903280221932e-17,1.6894373792617958e-17,0.2,0.19999999999999993,4.294487324846497e-17,0.2,0.18962941840553532,1.2804222257693595e-16
2010-06-11,0.01037058159446463,0.2,2.928041609613789e-17,3.8772954569719077e-17,1.3656903280221932e-17,1.6894373792617958e-17,0.2,0.19999999999999993,4.294487324846497e-17,0.2,0.18962941840553532,1.2804222257693595e-16
2010-06-14,0.01037058159446463,0.2,2.928041609613789e-17,3.8772954569719077e-17,1.3656903280221932e-17,1.6894373792617958e-17,0.2,0.19999999999999993,4.294487324846497e-17,0.2,0.18962941840553532,1.2804222257693595e-16
2010-06-15,0.01037058159446463,0.2,2.928041609613789e-17,3.8772954569719077e-17,1.3656903280221932e-17,1.6894373792617958e-17,0.2,0.19999999999999993,4.294487324846497e-17,0.2,0.18962941840553532,1.2804222257693595e-16
2010-06-16,0.01037058159446463,0.2,2.928041609613789e-17,3.8772954569719077e-17,1.3656903280221932e-17,1.6894373792617958e-17,0.2,0.19999999999999993,4.294487324846497e-17,0.2,0.18962941840553532,1.2804222257693595e-16
2010-06-17,0.01037058159446463,0.2,2.928041609613789e-17,3.8772954569719077e-17,1.3656903280221932e-17,1.6894373792617958e-17,0.2,0.19999999999999993,4.294487324846497e-17,0.2,0.18962941840553532,1.2804222257693595e-16
2010-06-18,0.01037058159446463,0.2,2.928041609613789e-17,3.8772954569719077e-17,1.3656903280221932e-17,1.6894373792617958e-17,0.2,0.19999999999999993,4.294487324846497e-17,0.2,0.18962941840553532,1.2804222257693595e-16
2010-06-21,0.01037058159446463,0.2,2.928041609613789e-17,3.8772954569719077e-17,1.3656903280221932e-17,1.6894373792617958e-17,0.2,0.19999999999999993,4.294487324846497e-17,0.2,0.18962941840553532,1.2804222257693595e-16
2010-06-22,0.01037058159446463,0.2,2.928041609613789e-17,3.8772954569719077e-17,1.3656903280221932e-17,1.6894373792617958e-17,0.2,0.19999999999999993,4.294487324846497e-17,0.2,0.18962941840553532,1.2804222257693595e-16
2010-06-23,0.01037058159446463,0.2,2.928041609613789e-17,3.8772954569719077e-17,1.3656903280221932e-17,1.6894373792617958e-17,0.2,0.19999999999999993,4.294487324846497e-17,0.2,0.18962941840553532,1.2804222257693595e-16
2010-06-24,0.01037058159446463,0.2,2.928041609613789e-17,3.8772954569719077e-17,1.3656903280221932e-17,1.6894373792617958e-17,0.2,0.19999999999999993,4.294487324846497e-17,0.2,0.18962941840553532,1.2804222257693595e-16
2010-06-25,0.01037058159446463,0.2,2.928041609613789e-17,3.8772954569719077e-17,1.3656903280221932e-17,1.6894373792617958e-17,0.2,0.19999999999999993,4.294487324846497e-17,0.2,0.18962941840553532,1.2804222257693595e-16
2010-06-28,0.01037058159446463,0.2,2.928041609613789e-17,3.8772954569719077e-17,1.3656903280221932e-17,1.6894373792617958e-17,0.2,0.19999999999999993,4.294487324846497e-17,0.2,0.18962941840553532,1.2804222257693595e-16
2010-06-29,0.01037058159446463,0.2,2.928041609613789e-17,3.8772954569719077e-17,1.3656903280221932e-17,1.6894373792617958e-17,0.2,0.19999999999999993,4.294487324846497e-17,0.2,0.18962941840553532,1.2804222257693595e-16
2010-06-30,0.01037058159446463,0.2,2.928041609613789e-17,3.8772954569719077e-17,1.3656903280221932e-17,1.6894373792617958e-17,0.2,0.19999999999999993,4.294487324846497e-17,0.2,0.18962941840553532,1.2804222257693595e-16
2010-07-01,0.01037058159446463,0.2,2.928041609613789e-17,3.8772954569719077e-17,1.3656903280221932e-17,1.6894373792617958e-17,0.2,0.19999999999999993,4.294487324846497e-17,0.2,0.18962941840553532,1.2804222257693595e-16
2010-07-02,0.01037058159446463,0.2,2.928041609613789e-17,3.8772954569719077e-17,1.3656903280221932e-17,1.6894373792617958e-17,0.2,0.19999999999999993,4.294487324846497e-17,0.2,0.18962941840553532,1.2804222257693595e-16
2010-07-06,0.01037058159446463,0.2,2.928041609613789e-17,3.8772954569719077e-17,1.3656903280221932e-17,1.6894373792617958e-17,0.2,0.19999999999999993,4.294487324846497e-17,0.2,0.18962941840553532,1.2804222257693595e-16
2010-07-07,0.01037058159446463,0.2,2.928041609613789e-17,3.8772954569719077e-17,1.3656903280221932e-17,1.6894373792617958e-17,0.2,0.19999999999999993,4.294487324846497e-17,0.2,0.18962941840553532,1.2804222257693595e-16
2010-07-08,0.01037058159446463,0.2,2.928041609613789e-17,3.8772954569719077e-17,1.3656903280221932e-17,1.6894373792617958e-17,0.2,0.19999999999999993,4.294487324846497e-17,0.2,0.18962941840553532,1.2804222257693595e-16
2010-07-09,0.01037058159446463,0.2,2.928041609613789e-17,3.8772954569719077e-17,1.3656903280221932e-17,1.6894373792617958e-17,0.2,0.19999999999999993,4.294487324846497e-17,0.2,0.18962941840553532,1.2804222257693595e-16
2010-07-12,0.01037058159446463,0.2,2.928041609613789e-17,3.8772954569719077e-17,1.3656903280221932e-17,1.6894373792617958e-17,0.2,0.19999999999999993,4.294487324846497e-17,0.2,0.18962941840553532,1.2804222257693595e-16
2010-07-13,0.01037058159446463,0.2,2.928041609613789e-17,3.8772954569719077e-17,1.3656903280221932e-17,1.6894373792617958e-17,0.2,0.19999999999999993,4.294487324846497e-17,0.2,0.18962941840553532,1.2804222257693595e-16
2010-07-14,0.01037058159446463,0.2,2.928041609613789e-17,3.8772954569719077e-17,1.3656903280221932e-17,1.6894373792617958e-17,0.2,0.19999999999999993,4.294487324846497e-17,0.2,0.18962941840553532,1.2804222257693595e-16
2010-07-15,0.01037058159446463,0.2,2.928041609613789e-17,3.8772954569719077e-17,1.3656903280221932e-17,1.6894373792617958e-17,0.2,0.19999999999999993,4.294487324846497e-17,0.2,0.18962941840553532,1.2804222257693595e-16
2010-07-16,0.01037058159446463,0.2,2.928041609613789e-17,3.8772954569719077e-17,1.3656903280221932e-17,1.6894373792617958e-17,0.2,0.19999999999999993,4.294487324846497e-17,0.2,0.18962941840553532,1.2804222257693595e-16
2010-07-19,0.01037058159446463,0.2,2.928041609613789e-17,3.8772954569719077e-17,1.3656903280221932e-17,1.6894373792617958e-17,0.2,0.19999999999999993,4.294487324846497e-17,0.2,0.18962941840553532,1.2804222257693595e-16
2010-07-20,0.01037058159446463,0.2,2.928041609613789e-17,3.8772954569719077e-17,1.3656903280221932e-17,1.6894373792617958e-17,0.2,0.19999999999999993,4.294487324846497e-17,0.2,0.18962941840553532,1.2804222257693595e-16
2010-07-21,0.01037058159446463,0.2,2.928041609613789e-17,3.8772954569719077e-17,1.3656903280221932e-17,1.6894373792617958e-17,0.2,0.19999999999999993,4.294487324846497e-17,0.2,0.18962941840553532,1.2804222257693595e-16
2010-07-22,0.01037058159446463,0.2,2.928041609613789e-17,3.8772954569719077e-17,1.3656903280221932e-17,1.6894373792617958e-17,0.2,0.19999999999999993,4.294487324846497e-17,0.2,0.18962941840553532,1.2804222257693595e-16
2010-07-23,0.01037058159446463,0.2,2.928041609613789e-17,3.8772954569719077e-17,1.3656903280221932e-17,1.6894373792617958e-17,0.2,0.19999999999999993,4.294487324846497e-17,0.2,0.18962941840553532,1.2804222257693595e-16
2010-07-26,0.01037058159446463,0.2,2.928041609613789e-17,3.8772954569719077e-17,1.3656903280221932e-17,1.6894373792617958e-17,0.2,0.19999999999999993,4.294487324846497e-17,0.2,0.18962941840553532,1.2804222257693595e-16
2010-07-27,0.01037058159446463,0.2,2.928041609613789e-17,3.8772954569719077e-17,1.3656903280221932e-17,1.6894373792617958e-17,0.2,0.19999999999999993,4.294487324846497e-17,0.2,0.18962941840553532,1.2804222257693595e-16
2010-07-28,0.01037058159446463,0.2,2.928041609613789e-17,3.8772954569719077e-17,1.3656903280221932e-17,1.6894373792617958e-17,0.2,0.19999999999999993,4.294487324846497e-17,0.2,0.18962941840553532,1.2804222257693595e-16
2010-07-29,0.01037058159446463,0.2,2.928041609613789e-17,3.8772954569719077e-17,1.3656903280221932e-17,1.6894373792617958e-17,0.2,0.19999999999999993,4.294487324846497e-17,0.2,0.18962941840553532,1.2804222257693595e-16
2010-07-30,0.01037058159446463,0.2,2.928041609613789e-17,3.8772954569719077e-17,1.3656903280221932e-17,1.6894373792617958e-17,0.2,0.19999999999999993,4.294487324846497e-17,0.2,0.18962941840553532,1.2804222257693595e-16
2010-08-02,0.01037058159446463,0.2,2.928041609613789e-17,3.8772954569719077e-17,1.3656903280221932e-17,1.6894373792617958e-17,0.2,0.19999999999999993,4.294487324846497e-17,0.2,0.18962941840553532,1.2804222257693595e-16
2010-08-03,0.01037058159446463,0.2,2.928041609613789e-17,3.8772954569719077e-17,1.3656903280221932e-17,1.6894373792617958e-17,0.2,0.19999999999999993,4.294487324846497e-17,0.2,0.18962941840553532,1.2804222257693595e-16
2010-08-04,0.01037058159446463,0.2,2.928041609613789e-17,3.8772954569719077e-17,1.3656903280221932e-17,1.6894373792617958e-17,0.2,0.19999999999999993,4.294487324846497e-17,0.2,0.18962941840553532,1.2804222257693595e-16
2010-08-05,0.01037058159446463,0.2,2.928041609613789e-17,3.8772954569719077e-17,1.3656903280221932e-17,1.6894373792617958e-17,0.2,0.19999999999999993,4.294487324846497e-17,0.2,0.18962941840553532,1.2804222257693595e-16
2010-08-06,0.01037058159446463,0.2,2.928041609613789e-17,3.8772954569719077e-17,1.3656903280221932e-17,1.6894373792617958e-17,0.2,0.19999999999999993,4.294487324846497e-17,0.2,0.18962941840553532,1.2804222257693595e-16
2010-08-09,0.01037058159446463,0.2,2.928041609613789e-17,3.8772954569719077e-17,1.3656903280221932e-17,1.6894373792617958e-17,0.2,0.19999999999999993,4.294487324846497e-17,0.2,0.18962941840553532,1.2804222257693595e-16
2010-08-10,0.01037058159446463,0.2,2.928041609613789e-17,3.8772954569719077e-17,1.3656903280221932e-17,1.6894373792617958e-17,0.2,0.19999999999999993,4.294487324846497e-17,0.2,0.18962941840553532,1.2804222257693595e-16
2010-08-11,0.01037058159446463,0.2,2.928041609613789e-17,3.8772954569719077e-17,1.3656903280221932e-17,1.6894373792617958e-17,0.2,0.19999999999999993,4.294487324846497e-17,0.2,0.18962941840553532,1.2804222257693595e-16
2010-08-12,0.01037058159446463,0.2,2.928041609613789e-17,3.8772954569719077e-17,1.3656903280221932e-17,1.6894373792617958e-17,0.2,0.19999999999999993,4.294487324846497e-17,0.2,0.18962941840553532,1.2804222257693595e-16
2010-08-13,0.01037058159446463,0.2,2.928041609613789e-17,3.8772954569719077e-17,1.3656903280221932e-17,1.6894373792617958e-17,0.2,0.19999999999999993,4.294487324846497e-17,0.2,0.18962941840553532,1.2804222257693595e-16
2010-08-16,0.01037058159446463,0.2,2.928041609613789e-17,3.8772954569719077e-17,1.3656903280221932e-17,1.6894373792617958e-17,0.2,0.19999999999999993,4.294487324846497e-17,0.2,0.18962941840553532,1.2804222257693595e-16
2010-08-17,2.2322817862799407e-17,1.4750928974120541e-16,0.0,2.168338540590807e-18,0.1999999999999998,0.19999999999999998,0.2,8.326672684688674e-17,1.660406470405197e-16,0.19999999999999993,0.19999999999999973,9.202960940325285e-17
2010-08-18,2.2322817862799407e-17,1.4750928974120541e-16,0.0,2.168338540590807e-18,0.1999999999999998,0.19999999999999998,0.2,8.326672684688674e-17,1.660406470405197e-16,0.19999999999999993,0.19999999999999973,9.202960940325285e-17
2010-08-19,2.2322817862799407e-17,1.4750928974120541e-16,0.0,2.168338540590807e-18,0.1999999999999998,0.19999999999999998,0.2,8.326672684688674e-17,1.660406470405197e-16,0.19999999999999993,0.19999999999999973,9.202960940325285e-17
2010-08-20,2.2322817862799407e-17,1.4750928974120541e-16,0.0,2.168338540590807e-18,0.1999999999999998,0.19999999999999998,0.2,8.326672684688674e-17,1.660406470405197e-16,0.19999999999999993,0.19999999999999973,9.202960940325285e-17
2010-08-23,2.2322817862799407e-17,1.4750928974120541e-16,0.0,2.168338540590807e-18,0.1999999999999998,0.19999999999999998,0.2,8.326672684688674e-17,1.660406470405197e-16,0.19999999999999993,0.19999999999999973,9.202960940325285e-17
2010-08-24,2.2322817862799407e-17,1.4750928974120541e-16,0.0,2.168338540590807e-18,0.1999999999999998,0.19999999999999998,0.2,8.326672684688674e-17,1.660406470405197e-16,0.19999999999999993,0.19999999999999973,9.202960940325285e-17
2010-08-25,2.2322817862799407e-17,1.4750928974120541e-16,0.0,2.168338540590807e-18,0.1999999999999998,0.19999999999999998,0.2,8.326672684688674e-17,1.660406470405197e-16,0.19999999999999993,0.19999999999999973,9.202960940325285e-17
2010-08-26,2.2322817862799407e-17,1.4750928974120541e-16,0.0,2.168338540590807e-18,0.1999999999999998,0.19999999999999998,0.2,8.326672684688674e-17,1.660406470405197e-16,0.19999999999999993,0.19999999999999973,9.202960940325285e-17
2010-08-27,2.2322817862799407e-17,1.4750928974120541e-16,0.0,2.168338540590807e-18,0.1999999999999998,0.19999999999999998,0.2,8.326672684688674e-17,1.660406470405197e-16,0.19999999999999993,0.19999999999999973,9.202960940325285e-17
2010-08-30,2.2322817862799407e-17,1.4750928974120541e-16,0.0,2.168338540590807e-18,0.1999999999999998,0.19999999999999998,0.2,8.326672684688674e-17,1.660406470405197e-16,0.19999999999999993,0.19999999999999973,9.202960940325285e-17
2010-08-31,0.0,0.2,7.505705102498904e-18,2.6692063716470885e-17,0.0,9.923509113287043e-18,0.19999999999999996,0.2,0.0,0.2,0.2,0.0
2010-09-01,0.0,0.2,7.505705102498904e-18,2.6692063716470885e-17,0.0,9.923509113287043e-18,0.19999999999999996,0.2,0.0,0.2,0.2,0.0
2010-09-02,0.0,0.2,7.505705102498904e-18,2.6692063716470885e-17,0.0,9.923509113287043e-18,0.19999999999999996,0.2,0.0,0.2,0.2,0.0
2010-09-03,0.0,0.2,7.505705102498904e-18,2.6692063716470885e-17,0.0,9.923509113287043e-18,0.19999999999999996,0.2,0.0,0.2,0.2,0.0
2010-09-07,0.0,0.2,7.505705102498904e-18,2.6692063716470885e-17,0.0,9.923509113287043e-18,0.19999999999999996,0.2,0.0,0.2,0.2,0.0
2010-09-08,0.0,0.2,7.505705102498904e-18,2.6692063716470885e-17,0.0,9.923509113287043e-18,0.19999999999999996,0.2,0.0,0.2,0.2,0.0
2010-09-09,0.0,0.2,7.505705102498904e-18,2.6692063716470885e-17,0.0,9.923509113287043e-18,0.19999999999999996,0.2,0.0,0.2,0.2,0.0
2010-09-10,0.0,0.2,7.505705102498904e-18,2.6692063716470885e-17,0.0,9.923509113287043e-18,0.19999999999999996,0.2,0.0,0.2,0.2,0.0
2010-09-13,0.0,0.2,7.505705102498904e-18,2.6692063716470885e-17,0.0,9.923509113287043e-18,0.19999999999999996,0.2,0.0,0.2,0.2,0.0
2010-09-14,0.0,0.2,7.505705102498904e-18,2.6692063716470885e-17,0.0,9.923509113287043e-18,0.19999999999999996,0.2,0.0,0.2,0.2,0.0
2010-09-15,0.0,1.061824024300101e-16,5.1159257026486833e-17,6.813744808157854e-17,0.1999999999999999,0.2,0.0,0.2,0.2,0.0,0.1999999999999998,4.027537338071482e-17
2010-09-16,0.0,1.061824024300101e-16,5.1159257026486833e-17,6.813744808157854e-17,0.1999999999999999,0.2,0.0,0.2,0.2,0.0,0.1999999999999998,4.027537338071482e-17
2010-09-17,0.0,1.061824024300101e-16,5.1159257026486833e-17,6.813744808157854e-17,0.1999999999999999,0.2,0.0,0.2,0.2,0.0,0.1999999999999998,4.027537338071482e-17
2010-09-20,0.0,1.061824024300101e-16,5.1159257026486833e-17,6.813744808157854e-17,0.1999999999999999,0.2,0.0,0.2,0.2,0.0,0.1999999999999998,4.027537338071482e-17
2010-09-21,0.0,1.061824024300101e-16,5.1159257026486833e-17,6.813744808157854e-17,0.1999999999999999,0.2,0.0,0.2,0.2,0.0,0.1999999999999998,4.027537338071482e-17
2010-09-22,0.19999999999999982,3.7604395220202137e-16,3.6353298843438964e-16,3.122502256758253e-16,0.1999999999999998,0.1999999999999993,0.1999999999999997,2.2959195562175284e-16,1.2927614961253155e-16,3.4867941867133823e-16,0.19999999999999946,4.218224077326416e-18
2010-09-23,0.19999999999999982,3.7604395220202137e-16,3.6353298843438964e-16,3.122502256758253e-16,0.1999999999999998,0.1999999999999993,0.1999999999999997,2.2959195562175284e-16,1.2927614961253155e-16,3.4867941867133823e-16,0.19999999999999946,4.218224077326416e-18
2010-09-24,0.19999999999999982,3.7604395220202137e-16,3.6353298843438964e-16,3.122502256758253e-16,0.1999999999999998,0.1999999999999993,0.1999999999999997,2.2959195562175284e-16,1.2927614961253155e-16,3.4867941867133823e-16,0.19999999999999946,4.218224077326416e-18
2010-09-27,0.19999999999999982,3.7604395220202137e-16,3.6353298843438964e-16,3.122502256758253e-16,0.1999999999999998,0.1999999999999993,0.1999999999999997,2.2959195562175284e-16,1.2927614961253155e-16,3.4867941867133823e-16,0.19999999999999946,4.218224077326416e-18
2010-09-28,0.19999999999999982,3.7604395220202137e-16,3.6353298843438964e-16,3.122502256758253e-16,0.1999999999999998,0.1999999999999993,0.1999999999999997,2.2959195562175284e-16,1.2927614961253155e-16,3.4867941867133823e-16,0.19999999999999946,4.218224077326416e-18
2010-09-29,0.13430533120088733,1.9976519562187854e-16,3.40880884634445e-16,1.4201448927808035e-16,0.1999999999999997,0.19999999999999962,0.11388111381100925,4.163336342344337e-17,0.15181355498810364,6.067222128735538e-17,0.1999999999999997,1.2756316185649763e-16
2010-09-30,0.13430533120088733,1.9976519562187854e-16,3.40880884634445e-16,1.4201448927808035e-16,0.1999999999999997,0.19999999999999962,0.11388111381100925,4.163336342344337e-17,0.15181355498810364,6.067222128735538e-17,0.1999999999999997,1.2756316185649763e-16
2010-10-01,0.13430533120088733,1.9976519562187854e-16,3.40880884634445e-16,1.4201448927808035e-16,0.1999999999999997,0.19999999999999962,0.11388111381100925,4.163336342344337e-17,0.15181355498810364,6.067222128735538e-17,0.1999999999999997,1.2756316185649763e-16
2010-10-04,0.13430533120088733,1.9976519562187854e-16,3.40880884634445e-16,1.4201448927808035e-16,0.1999999999999997,0.19999999999999962,0.11388111381100925,4.163336342344337e-17,0.15181355498810364,6.067222128735538e-17,0.1999999999999997,1.2756316185649763e-16
2010-10-05,0.13430533120088733,1.9976519562187854e-16,3.40880884634445e-16,1.4201448927808035e-16,0.1999999999999997,0.19999999999999962,0.11388111381100925,4.163336342344337e-17,0.15181355498810364,6.067222128735538e-17,0.1999999999999997,1.2756316185649763e-16
2010-10-06,0.08447281441780877,3.4618236554283255e-17,0.0,4.732542482899227e-17,0.19999999999999993,0.19999999999999998,0.0,0.11552718558219127,0.19999999999999987,3.7133924407628527e-17,0.19999999999999993,1.835554278017959e-16
2010-10-07,0.08447281441780877,3.4618236554283255e-17,0.0,4.732542482899227e-17,0.19999999999999993,0.19999999999999998,0.0,0.11552718558219127,0.19999999999999987,3.7133924407628527e-17,0.19999999999999993,1.835554278017959e-16
2010-10-08,0.08447281441780877,3.4618236554283255e-17,0.0,4.732542482899227e-17,0.19999999999999993,0.19999999999999998,0.0,0.11552718558219127,0.19999999999999987,3.7133924407628527e-17,0.19999999999999993,1.835554278017959e-16
2010-10-11,0.08447281441780877,3.4618236554283255e-17,0.0,4.732542482899227e-17,0.19999999999999993,0.19999999999999998,0.0,0.11552718558219127,0.19999999999999987,3.7133924407628527e-17,0.19999999999999993,1.835554278017959e-16
2010-10-12,0.08447281441780877,3.4618236554283255e-17,0.0,4.732542482899227e-17,0.19999999999999993,0.19999999999999998,0.0,0.11552718558219127,0.19999999999999987,3.7133924407628527e-17,0.19999999999999993,1.835554278017959e-16
2010-10-13,1.1663488415783635e-17,0.0,1.6108890424384174e-16,0.0,0.19999999999999996,0.19999999999999996,2.496088297661374e-16,0.2,0.2,0.0,0.1999999999999999,0.0
2010-10-14,1.1663488415783635e-17,0.0,1.6108890424384174e-16,0.0,0.19999999999999996,0.19999999999999996,2.496088297661374e-16,0.2,0.2,0.0,0.1999999999999999,0.0
2010-10-15,1.1663488415783635e-17,0.0,1.6108890424384174e-16,0.0,0.19999999999999996,0.19999999999999996,2.496088297661374e-16,0.2,0.2,0.0,0.1999999999999999,0.0
2010-10-18,1.1663488415783635e-17,0.0,1.6108890424384174e-16,0.0,0.19999999999999996,0.19999999999999996,2.496088297661374e-16,0.2,0.2,0.0,0.1999999999999999,0.0
2010-10-19,1.1663488415783635e-17,0.0,1.6108890424384174e-16,0.0,0.19999999999999996,0.19999999999999996,2.496088297661374e-16,0.2,0.2,0.0,0.1999999999999999,0.0
2010-10-20,0.2,0.0,1.3734201931273117e-17,0.0,0.2,0.2,4.85722573273506e-17,0.10819280479296753,0.09180719520703227,0.0,0.2,0.0
2010-10-21,0.2,0.0,1.3734201931273117e-17,0.0,0.2,0.2,4.85722573273506e-17,0.10819280479296753,0.09180719520703227,0.0,0.2,0.0
2010-10-22,0.2,0.0,1.3734201931273117e-17,0.0,0.2,0.2,4.85722573273506e-17,0.10819280479296753,0.09180719520703227,0.0,0.2,0.0
2010-10-25,0.2,0.0,1.3734201931273117e-17,0.0,0.2,0.2,4.85722573273506e-17,0.10819280479296753,0.09180719520703227,0.0,0.2,0.0
2010-10-26,0.2,0.0,1.3734201931273117e-17,0.0,0.2,0.2,4.85722573273506e-17,0.10819280479296753,0.09180719520703227,0.0,0.2,0.0
2010-10-27,0.2,5.4643789493269423e-17,7.231628490478315e-17,1.3357370765021415e-16,0.1999999999999999,0.1999999999999999,0.0,2.3418766925686896e-17,0.2,1.1015494072452725e-16,0.2,2.168404344971009e-17
2010-10-28,0.2,5.4643789493269423e-17,7.231628490478315e-17,1.3357370765021415e-16,0.1999999999999999,0.1999999999999999,0.0,2.3418766925686896e-17,0.2,1.1015494072452725e-16,0.2,2.168404344971009e-17
2010-10-29,0.2,5.4643789493269423e-17,7.231628490478315e-17,1.3357370765021415e-16,0.1999999999999999,0.1999999999999999,0.0,2.3418766925686896e-17,0.2,1.1015494072452725e-16,0.2,2.168404344971009e-17
2010-11-01,0.2,5.4643789493269423e-17,7.231628490478315e-17,1.3357370765021415e-16,0.1999999999999999,0.1999999999999999,0.0,2.3418766925686896e-17,0.2,1.1015494072452725e-16,0.2,2.168404344971009e-17
2010-11-02,0.2,5.4643789493269423e-17,7.231628490478315e-17,1.3357370765021415e-16,0.1999999999999999,0.1999999999999999,0.0,2.3418766925686896e-17,0.2,1.1015494072452725e-16,0.2,2.168404344971009e-17
2010-11-03,0.2,5.4643789493269423e-17,7.231628490478315e-17,1.3357370765021415e-16,0.1999999999999999,0.1999999999999999,0.0,2.3418766925686896e-17,0.2,1.1015494072452725e-16,0.2,2.168404344971009e-17
2010-11-04,0.2,5.4643789493269423e-17,7.231628490478315e-17,1.3357370765021415e-16,0.1999999999999999,0.1999999999999999,0.0,2.3418766925686896e-17,0.2,1.1015494072452725e-16,0.2,2.168404344971009e-17
2010-11-05,0.2,5.4643789493269423e-17,7.231628490478315e-17,1.3357370765021415e-16,0.1999999999999999,0.1999999999999999,0.0,2.3418766925686896e-17,0.2,1.1015494072452725e-16,0.2,2.168404344971009e-17
2010-11-08,0.2,5.4643789493269423e-17,7.231628490478315e-17,1.3357370765021415e-16,0.1999999999999999,0.1999999999999999,0.0,2.3418766925686896e-17,0.2,1.1015494072452725e-16,0.2,2.168404344971009e-17
2010-11-09,0.2,5.4643789493269423e-17,7.231628490478315e-17,1.3357370765021415e-16,0.1999999999999999,0.1999999999999999,0.0,2.3418766925686896e-17,0.2,1.1015494072452725e-16,0.2,2.168404344971009e-17
2010-11-10,0.2,5.4643789493269423e-17,7.231628490478315e-17,1.3357370765021415e-16,0.1999999999999999,0.1999999999999999,0.0,2.3418766925686896e-17,0.2,1.1015494072452725e-16,0.2,2.168404344971009e-17
2010-11-11,0.2,5.4643789493269423e-17,7.231628490478315e-17,1.3357370765021415e-16,0.1999999999999999,0.1999999999999999,0.0,2.3418766925686896e-17,0.2,1.1015494072452725e-16,0.2,2.168404344971009e-17
2010-11-12,0.2,5.4643789493269423e-17,7.231628490478315e-17,1.3357370765021415e-16,0.1999999999999999,0.1999999999999999,0.0,2.3418766925686896e-17,0.2,1.1015494072452725e-16,0.2,2.168404344971009e-17
2010-11-15,0.2,5.4643789493269423e-17,7.231628490478315e-17,1.3357370765021415e-16,0.1999999999999999,0.1999999999999999,0.0,2.3418766925686896e-17,0.2,1.1015494072452725e-16,0.2,2.168404344971009e-17
2010-11-16,0.2,5.4643789493269423e-17,7.231628490478315e-17,1.3357370765021415e-16,0.1999999999999999,0.1999999999999999,0.0,2.3418766925686896e-17,0.2,1.1015494072452725e-16,0.2,2.168404344971009e-17
2010-11-17,0.2,5.4643789493269423e-17,7.231628490478315e-17,1.3357370765021415e-16,0.1999999999999999,0.1999999999999999,0.0,2.3418766925686896e-17,0.2,1.1015494072452725e-16,0.2,2.168404344971009e-17
2010-11-18,0.2,5.4643789493269423e-17,7.231628490478315e-17,1.3357370765021415e-16,0.1999999999999999,0.1999999999999999,0.0,2.3418766925686896e-17,0.2,1.1015494072452725e-16,0.2,2.168404344971009e-17
2010-11-19,0.2,5.4643789493269423e-17,7.231628490478315e-17,1.3357370765021415e-16,0.1999999999999999,0.1999999999999999,0.0,2.3418766925686896e-17,0.2,1.1015494072452725e-16,0.2,2.168404344971009e-17
2010-11-22,0.2,5.4643789493269423e-17,7.231628490478315e-17,1.3357370765021415e-16,0.1999999999999999,0.1999999999999999,0.0,2.3418766925686896e-17,0.2,1.1015494072452725e-16,0.2,2.168404344971009e-17
2010-11-23,0.2,5.4643789493269423e-17,7.231628490478315e-17,1.3357370765021415e-16,0.1999999999999999,0.1999999999999999,0.0,2.3418766925686896e-17,0.2,1.1015494072452725e-16,0.2,2.168404344971009e-17
2010-11-24,0.1626755853789231,3.373901635503329e-16,4.581838380923742e-16,0.12622806534516484,0.1999999999999998,0.19999999999999965,0.0,2.4058446207453343e-16,0.11109634927591126,5.366800753803247e-17,0.2,1.717376241217039e-16
2010-11-26,0.1626755853789231,3.373901635503329e-16,4.581838380923742e-16,0.12622806534516484,0.1999999999999998,0.19999999999999965,0.0,2.4058446207453343e-16,0.11109634927591126,5.366800753803247e-17,0.2,1.717376241217039e-16
2010-11-29,0.1626755853789231,3.373901635503329e-16,4.581838380923742e-16,0.12622806534516484,0.1999999999999998,0.19999999999999965,0.0,2.4058446207453343e-16,0.11109634927591126,5.366800753803247e-17,0.2,1.717376241217039e-16
2010-11-30,0.1626755853789231,3.373901635503329e-16,4.581838380923742e-16,0.12622806534516484,0.1999999999999998,0.19999999999999965,0.0,2.4058446207453343e-16,0.11109634927591126,5.366800753803247e-17,0.2,1.717376241217039e-16
2010-12-01,0.1626755853789231,3.373901635503329e-16,4.581838380923742e-16,0.12622806534516484,0.1999999999999998,0.19999999999999965,0.0,2.4058446207453343e-16,0.11109634927591126,5.366800753803247e-17,0.2,1.717376241217039e-16
2010-12-02,0.0,5.160802341031001e-17,3.903127820947816e-17,0.19999999999999998,0.2,0.19999999999999998,0.0,0.0,0.2,0.0,0.1999999999999999,2.723515857283587e-16
2010-12-03,0.0,5.160802341031001e-17,3.903127820947816e-17,0.19999999999999998,0.2,0.19999999999999998,0.0,0.0,0.2,0.0,0.1999999999999999,2.723515857283587e-16
2010-12-06,0.0,5.160802341031001e-17,3.903127820947816e-17,0.19999999999999998,0.2,0.19999999999999998,0.0,0.0,0.2,0.0,0.1999999999999999,2.723515857283587e-16
2010-12-07,0.0,5.160802341031001e-17,3.903127820947816e-17,0.19999999999999998,0.2,0.19999999999999998,0.0,0.0,0.2,0.0,0.1999999999999999,2.723515857283587e-16
2010-12-08,0.0,5.160802341031001e-17,3.903127820947816e-17,0.19999999999999998,0.2,0.19999999999999998,0.0,0.0,0.2,0.0,0.1999999999999999,2.723515857283587e-16
2010-12-09,0.0,5.160802341031001e-17,3.903127820947816e-17,0.19999999999999998,0.2,0.19999999999999998,0.0,0.0,0.2,0.0,0.1999999999999999,2.723515857283587e-16
2010-12-10,0.0,5.160802341031001e-17,3.903127820947816e-17,0.19999999999999998,0.2,0.19999999999999998,0.0,0.0,0.2,0.0,0.1999999999999999,2.723515857283587e-16
2010-12-13,0.0,5.160802341031001e-17,3.903127820947816e-17,0.19999999999999998,0.2,0.19999999999999998,0.0,0.0,0.2,0.0,0.1999999999999999,2.723515857283587e-16
2010-12-14,0.0,5.160802341031001e-17,3.903127820947816e-17,0.19999999999999998,0.2,0.19999999999999998,0.0,0.0,0.2,0.0,0.1999999999999999,2.723515857283587e-16
2010-12-15,0.0,5.160802341031001e-17,3.903127820947816e-17,0.19999999999999998,0.2,0.19999999999999998,0.0,0.0,0.2,0.0,0.1999999999999999,2.723515857283587e-16
2010-12-16,0.0,5.160802341031001e-17,3.903127820947816e-17,0.19999999999999998,0.2,0.19999999999999998,0.0,0.0,0.2,0.0,0.1999999999999999,2.723515857283587e-16
2010-12-17,0.0,5.160802341031001e-17,3.903127820947816e-17,0.19999999999999998,0.2,0.19999999999999998,0.0,0.0,0.2,0.0,0.1999999999999999,2.723515857283587e-16
2010-12-20,0.0,5.160802341031001e-17,3.903127820947816e-17,0.19999999999999998,0.2,0.19999999999999998,0.0,0.0,0.2,0.0,0.1999999999999999,2.723515857283587e-16
2010-12-21,0.0,5.160802341031001e-17,3.903127820947816e-17,0.19999999999999998,0.2,0.19999999999999998,0.0,0.0,0.2,0.0,0.1999999999999999,2.723515857283587e-16
2010-12-22,0.0,5.160802341031001e-17,3.903127820947816e-17,0.19999999999999998,0.2,0.19999999999999998,0.0,0.0,0.2,0.0,0.1999999999999999,2.723515857283587e-16
2010-12-23,0.0,5.160802341031001e-17,3.903127820947816e-17,0.19999999999999998,0.2,0.19999999999999998,0.0,0.0,0.2,0.0,0.1999999999999999,2.723515857283587e-16
2010-12-27,0.0,5.160802341031001e-17,3.903127820947816e-17,0.19999999999999998,0.2,0.19999999999999998,0.0,0.0,0.2,0.0,0.1999999999999999,2.723515857283587e-16
2010-12-28,0.0,5.160802341031001e-17,3.903127820947816e-17,0.19999999999999998,0.2,0.19999999999999998,0.0,0.0,0.2,0.0,0.1999999999999999,2.723515857283587e-16
2010-12-29,0.0,5.160802341031001e-17,3.903127820947816e-17,0.19999999999999998,0.2,0.19999999999999998,0.0,0.0,0.2,0.0,0.1999999999999999,2.723515857283587e-16
2010-12-30,0.0,5.160802341031001e-17,3.903127820947816e-17,0.19999999999999998,0.2,0.19999999999999998,0.0,0.0,0.2,0.0,0.1999999999999999,2.723515857283587e-16
2010-12-31,0.0,5.160802341031001e-17,3.903127820947816e-17,0.19999999999999998,0.2,0.19999999999999998,0.0,0.0,0.2,0.0,0.1999999999999999,2.723515857283587e-16
2011-01-03,0.0,5.160802341031001e-17,3.903127820947816e-17,0.19999999999999998,0.2,0.19999999999999998,0.0,0.0,0.2,0.0,0.1999999999999999,2.723515857283587e-16
2011-01-04,0.0,5.160802341031001e-17,3.903127820947816e-17,0.19999999999999998,0.2,0.19999999999999998,0.0,0.0,0.2,0.0,0.1999999999999999,2.723515857283587e-16
2011-01-05,0.0,5.160802341031001e-17,3.903127820947816e-17,0.19999999999999998,0.2,0.19999999999999998,0.0,0.0,0.2,0.0,0.1999999999999999,2.723515857283587e-16
2011-01-06,0.0,5.160802341031001e-17,3.903127820947816e-17,0.19999999999999998,0.2,0.19999999999999998,0.0,0.0,0.2,0.0,0.1999999999999999,2.723515857283587e-16
2011-01-07,0.0,5.160802341031001e-17,3.903127820947816e-17,0.19999999999999998,0.2,0.19999999999999998,0.0,0.0,0.2,0.0,0.1999999999999999,2.723515857283587e-16
2011-01-10,0.0,5.160802341031001e-17,3.903127820947816e-17,0.19999999999999998,0.2,0.19999999999999998,0.0,0.0,0.2,0.0,0.1999999999999999,2.723515857283587e-16
2011-01-11,0.0,5.160802341031001e-17,3.903127820947816e-17,0.19999999999999998,0.2,0.19999999999999998,0.0,0.0,0.2,0.0,0.1999999999999999,2.723515857283587e-16
2011-01-12,0.0,5.160802341031001e-17,3.903127820947816e-17,0.19999999999999998,0.2,0.19999999999999998,0.0,0.0,0.2,0.0,0.1999999999999999,2.723515857283587e-16
2011-01-13,0.0,5.160802341031001e-17,3.903127820947816e-17,0.19999999999999998,0.2,0.19999999999999998,0.0,0.0,0.2,0.0,0.1999999999999999,2.723515857283587e-16
2011-01-14,0.0,5.160802341031001e-17,3.903127820947816e-17,0.19999999999999998,0.2,0.19999999999999998,0.0,0.0,0.2,0.0,0.1999999999999999,2.723515857283587e-16
2011-01-18,0.0,5.160802341031001e-17,3.903127820947816e-17,0.19999999999999998,0.2,0.19999999999999998,0.0,0.0,0.2,0.0,0.1999999999999999,2.723515857283587e-16
2011-01-19,0.0,5.160802341031001e-17,3.903127820947816e-17,0.19999999999999998,0.2,0.19999999999999998,0.0,0.0,0.2,0.0,0.1999999999999999,2.723515857283587e-16
2011-01-20,0.0,5.160802341031001e-17,3.903127820947816e-17,0.19999999999999998,0.2,0.19999999999999998,0.0,0.0,0.2,0.0,0.1999999999999999,2.723515857283587e-16
2011-01-21,0.0,5.160802341031001e-17,3.903127820947816e-17,0.19999999999999998,0.2,0.19999999999999998,0.0,0.0,0.2,0.0,0.1999999999999999,2.723515857283587e-16
2011-01-24,0.0,5.160802341031001e-17,3.903127820947816e-17,0.19999999999999998,0.2,0.19999999999999998,0.0,0.0,0.2,0.0,0.1999999999999999,2.723515857283587e-16
2011-01-25,0.0,5.160802341031001e-17,3.903127820947816e-17,0.19999999999999998,0.2,0.19999999999999998,0.0,0.0,0.2,0.0,0.1999999999999999,2.723515857283587e-16
2011-01-26,0.0,5.160802341031001e-17,3.903127820947816e-17,0.19999999999999998,0.2,0.19999999999999998,0.0,0.0,0.2,0.0,0.1999999999999999,2.723515857283587e-16
2011-01-27,0.0,5.160802341031001e-17,3.903127820947816e-17,0.19999999999999998,0.2,0.19999999999999998,0.0,0.0,0.2,0.0,0.1999999999999999,2.723515857283587e-16
2011-01-28,0.0,5.160802341031001e-17,3.903127820947816e-17,0.19999999999999998,0.2,0.19999999999999998,0.0,0.0,0.2,0.0,0.1999999999999999,2.723515857283587e-16
2011-01-31,0.2,6.418476861114186e-17,0.0,0.19999999999999973,0.19999999999999996,0.19999999999999973,2.7755575615628914e-17,9.80118763926896e-17,0.1999999999999998,8.153200337090993e-17,0.0,4.822531263215524e-16
2011-02-01,0.2,6.418476861114186e-17,0.0,0.19999999999999973,0.19999999999999996,0.19999999999999973,2.7755575615628914e-17,9.80118763926896e-17,0.1999999999999998,8.153200337090993e-17,0.0,4.822531263215524e-16
2011-02-02,0.2,6.418476861114186e-17,0.0,0.19999999999999973,0.19999999999999996,0.19999999999999973,2.7755575615628914e-17,9.80118763926896e-17,0.1999999999999998,8.153200337090993e-17,0.0,4.822531263215524e-16
2011-02-03,0.2,6.418476861114186e-17,0.0,0.19999999999999973,0.19999999999999996,0.19999999999999973,2.7755575615628914e-17,9.80118763926896e-17,0.1999999999999998,8.153200337090993e-17,0.0,4.822531263215524e-16
2011-02-04,0.2,6.418476861114186e-17,0.0,0.19999999999999973,0.19999999999999996,0.19999999999999973,2.7755575615628914e-17,9.80118763926896e-17,0.1999999999999998,8.153200337090993e-17,0.0,4.822531263215524e-16
2011-02-07,0.2,6.418476861114186e-17,0.0,0.19999999999999973,0.19999999999999996,0.19999999999999973,2.7755575615628914e-17,9.80118763926896e-17,0.1999999999999998,8.153200337090993e-17,0.0,4.822531263215524e-16
2011-02-08,0.2,6.418476861114186e-17,0.0,0.19999999999999973,0.19999999999999996,0.19999999999999973,2.7755575615628914e-17,9.80118763926896e-17,0.1999999999999998,8.153200337090993e-17,0.0,4.822531263215524e-16
2011-02-09,0.2,6.418476861114186e-17,0.0,0.19999999999999973,0.19999999999999996,0.19999999999999973,2.7755575615628914e-17,9.80118763926896e-17,0.1999999999999998,8.153200337090993e-17,0.0,4.822531263215524e-16
2011-02-10,0.2,6.418476861114186e-17,0.0,0.19999999999999973,0.19999999999999996,0.19999999999999973,2.7755575615628914e-17,9.80118763926896e-17,0.1999999999999998,8.153200337090993e-17,0.0,4.822531263215524e-16
2011-02-11,0.2,6.418476861114186e-17,0.0,0.19999999999999973,0.19999999999999996,0.19999999999999973,2.7755575615628914e-17,9.80118763926896e-17,0.1999999999999998,8.153200337090993e-17,0.0,4.822531263215524e-16
2011-02-14,0.2,6.418476861114186e-17,0.0,0.19999999999999973,0.19999999999999996,0.19999999999999973,2.7755575615628914e-17,9.80118763926896e-17,0.1999999999999998,8.153200337090993e-17,0.0,4.822531263215524e-16
2011-02-15,0.2,6.418476861114186e-17,0.0,0.19999999999999973,0.19999999999999996,0.19999999999999973,2.7755575615628914e-17,9.80118763926896e-17,0.1999999999999998,8.153200337090993e-17,0.0,4.822531263215524e-16
2011-02-16,0.2,6.418476861114186e-17,0.0,0.19999999999999973,0.19999999999999996,0.19999999999999973,2.7755575615628914e-17,9.80118763926896e-17,0.1999999999999998,8.153200337090993e-17,0.0,4.822531263215524e-16
2011-02-17,0.2,6.418476861114186e-17,0.0,0.19999999999999973,0.19999999999999996,0.19999999999999973,2.7755575615628914e-17,9.80118763926896e-17,0.1999999999999998,8.153200337090993e-17,0.0,4.822531263215524e-16
2011-02-18,0.2,6.418476861114186e-17,0.0,0.19999999999999973,0.19999999999999996,0.19999999999999973,2.7755575615628914e-17,9.80118763926896e-17,0.1999999999999998,8.153200337090993e-17,0.0,4.822531263215524e-16
2011-02-22,0.2,6.418476861114186e-17,0.0,0.19999999999999973,0.19999999999999996,0.19999999999999973,2.7755575615628914e-17,9.80118763926896e-17,0.1999999999999998,8.153200337090993e-17,0.0,4.822531263215524e-16
2011-02-23,0.2,6.418476861114186e-17,0.0,0.19999999999999973,0.19999999999999996,0.19999999999999973,2.7755575615628914e-17,9.80118763926896e-17,0.1999999999999998,8.153200337090993e-17,0.0,4.822531263215524e-16
2011-02-24,0.2,6.418476861114186e-17,0.0,0.19999999999999973,0.19999999999999996,0.19999999999999973,2.7755575615628914e-17,9.80118763926896e-17,0.1999999999999998,8.153200337090993e-17,0.0,4.822531263215524e-16
2011-02-25,0.2,6.418476861114186e-17,0.0,0.19999999999999973,0.19999999999999996,0.19999999999999973,2.7755575615628914e-17,9.80118763926896e-17,0.1999999999999998,8.153200337090993e-17,0.0,4.822531263215524e-16
2011-02-28,0.2,6.418476861114186e-17,0.0,0.19999999999999973,0.19999999999999996,0.19999999999999973,2.7755575615628914e-17,9.80118763926896e-17,0.1999999999999998,8.153200337090993e-17,0.0,4.822531263215524e-16
2011-03-01,0.0,1.1796119636642288e-16,4.5102810375396984e-17,0.2,0.2,0.19999999999999996,0.0,0.0,0.19999999999999998,7.28583859910259e-17,0.19999999999999996,3.642919299551295e-17
2011-03-02,0.0,1.1796119636642288e-16,4.5102810375396984e-17,0.2,0.2,0.19999999999999996,0.0,0.0,0.19999999999999998,7.28583859910259e-17,0.19999999999999996,3.642919299551295e-17
2011-03-03,0.0,1.1796119636642288e-16,4.5102810375396984e-17,0.2,0.2,0.19999999999999996,0.0,0.0,0.19999999999999998,7.28583859910259e-17,0.19999999999999996,3.642919299551295e-17
2011-03-04,0.0,1.1796119636642288e-16,4.5102810375396984e-17,0.2,0.2,0.19999999999999996,0.0,0.0,0.19999999999999998,7.28583859910259e-17,0.19999999999999996,3.642919299551295e-17
2011-03-07,0.0,1.1796119636642288e-16,4.5102810375396984e-17,0.2,0.2,0.19999999999999996,0.0,0.0,0.19999999999999998,7.28583859910259e-17,0.19999999999999996,3.642919299551295e-17
2011-03-08,0.0,1.1796119636642288e-16,4.5102810375396984e-17,0.2,0.2,0.19999999999999996,0.0,0.0,0.19999999999999998,7.28583859910259e-17,0.19999999999999996,3.642919299551295e-17
2011-03-09,0.0,1.1796119636642288e-16,4.5102810375396984e-17,0.2,0.2,0.19999999999999996,0.0,0.0,0.19999999999999998,7.28583859910259e-17,0.19999999999999996,3.642919299551295e-17
2011-03-10,0.0,1.1796119636642288e-16,4.5102810375396984e-17,0.2,0.2,0.19999999999999996,0.0,0.0,0.19999999999999998,7.28583859910259e-17,0.19999999999999996,3.642919299551295e-17
2011-03-11,0.0,1.1796119636642288e-16,4.5102810375396984e-17,0.2,0.2,0.19999999999999996,0.0,0.0,0.19999999999999998,7.28583859910259e-17,0.19999999999999996,3.642919299551295e-17
2011-03-14,0.0,1.1796119636642288e-16,4.5102810375396984e-17,0.2,0.2,0.19999999999999996,0.0,0.0,0.19999999999999998,7.28583859910259e-17,0.19999999999999996,3.642919299551295e-17
2011-03-15,0.0,1.1796119636642288e-16,4.5102810375396984e-17,0.2,0.2,0.19999999999999996,0.0,0.0,0.19999999999999998,7.28583859910259e-17,0.19999999999999996,3.642919299551295e-17
2011-03-16,0.0,1.1796119636642288e-16,4.5102810375396984e-17,0.2,0.2,0.19999999999999996,0.0,0.0,0.19999999999999998,7.28583859910259e-17,0.19999999999999996,3.642919299551295e-17
2011-03-17,0.0,1.1796119636642288e-16,4.5102810375396984e-17,0.2,0.2,0.19999999999999996,0.0,0.0,0.19999999999999998,7.28583859910259e-17,0.19999999999999996,3.642919299551295e-17
2011-03-18,0.0,1.1796119636642288e-16,4.5102810375396984e-17,0.2,0.2,0.19999999999999996,0.0,0.0,0.19999999999999998,7.28583859910259e-17,0.19999999999999996,3.642919299551295e-17
2011-03-21,0.0,1.1796119636642288e-16,4.5102810375396984e-17,0.2,0.2,0.19999999999999996,0.0,0.0,0.19999999999999998,7.28583859910259e-17,0.19999999999999996,3.642919299551295e-17
2011-03-22,0.0,1.1796119636642288e-16,4.5102810375396984e-17,0.2,0.2,0.19999999999999996,0.0,0.0,0.19999999999999998,7.28583859910259e-17,0.19999999999999996,3.642919299551295e-17
2011-03-23,0.0,1.1796119636642288e-16,4.5102810375396984e-17,0.2,0.2,0.19999999999999996,0.0,0.0,0.19999999999999998,7.28583859910259e-17,0.19999999999999996,3.642919299551295e-17
2011-03-24,0.0,1.1796119636642288e-16,4.5102810375396984e-17,0.2,0.2,0.19999999999999996,0.0,0.0,0.19999999999999998,7.28583859910259e-17,0.19999999999999996,3.642919299551295e-17
2011-03-25,0.0,1.1796119636642288e-16,4.5102810375396984e-17,0.2,0.2,0.19999999999999996,0.0,0.0,0.19999999999999998,7.28583859910259e-17,0.19999999999999996,3.642919299551295e-17
2011-03-28,0.0,1.1796119636642288e-16,4.5102810375396984e-17,0.2,0.2,0.19999999999999996,0.0,0.0,0.19999999999999998,7.28583859910259e-17,0.19999999999999996,3.642919299551295e-17
2011-03-29,0.0,1.1796119636642288e-16,4.5102810375396984e-17,0.2,0.2,0.19999999999999996,0.0,0.0,0.19999999999999998,7.28583859910259e-17,0.19999999999999996,3.642919299551295e-17
2011-03-30,0.0,1.1796119636642288e-16,4.5102810375396984e-17,0.2,0.2,0.19999999999999996,0.0,0.0,0.19999999999999998,7.28583859910259e-17,0.19999999999999996,3.642919299551295e-17
2011-03-31,0.0,1.1796119636642288e-16,4.5102810375396984e-17,0.2,0.2,0.19999999999999996,0.0,0.0,0.19999999999999998,7.28583859910259e-17,0.19999999999999996,3.642919299551295e-17
2011-04-01,0.0,1.1796119636642288e-16,4.5102810375396984e-17,0.2,0.2,0.19999999999999996,0.0,0.0,0.19999999999999998,7.28583859910259e-17,0.19999999999999996,3.642919299551295e-17
2011-04-04,0.0,1.1796119636642288e-16,4.5102810375396984e-17,0.2,0.2,0.19999999999999996,0.0,0.0,0.19999999999999998,7.28583859910259e-17,0.19999999999999996,3.642919299551295e-17
2011-04-05,0.0,1.1796119636642288e-16,4.5102810375396984e-17,0.2,0.2,0.19999999999999996,0.0,0.0,0.19999999999999998,7.28583859910259e-17,0.19999999999999996,3.642919299551295e-17
2011-04-06,0.0,1.1796119636642288e-16,4.5102810375396984e-17,0.2,0.2,0.19999999999999996,0.0,0.0,0.19999999999999998,7.28583859910259e-17,0.19999999999999996,3.642919299551295e-17
2011-04-07,0.0,1.1796119636642288e-16,4.5102810375396984e-17,0.2,0.2,0.19999999999999996,0.0,0.0,0.19999999999999998,7.28583859910259e-17,0.19999999999999996,3.642919299551295e-17
2011-04-08,0.0,1.1796119636642288e-16,4.5102810375396984e-17,0.2,0.2,0.19999999999999996,0.0,0.0,0.19999999999999998,7.28583859910259e-17,0.19999999999999996,3.642919299551295e-17
2011-04-11,0.0,1.1796119636642288e-16,4.5102810375396984e-17,0.2,0.2,0.19999999999999996,0.0,0.0,0.19999999999999998,7.28583859910259e-17,0.19999999999999996,3.642919299551295e-17
2011-04-12,0.0,1.1796119636642288e-16,4.5102810375396984e-17,0.2,0.2,0.19999999999999996,0.0,0.0,0.19999999999999998,7.28583859910259e-17,0.19999999999999996,3.642919299551295e-17
2011-04-13,0.0,1.1796119636642288e-16,4.5102810375396984e-17,0.2,0.2,0.19999999999999996,0.0,0.0,0.19999999999999998,7.28583859910259e-17,0.19999999999999996,3.642919299551295e-17
2011-04-14,0.0,1.1796119636642288e-16,4.5102810375396984e-17,0.2,0.2,0.19999999999999996,0.0,0.0,0.19999999999999998,7.28583859910259e-17,0.19999999999999996,3.642919299551295e-17
2011-04-15,0.0,1.1796119636642288e-16,4.5102810375396984e-17,0.2,0.2,0.19999999999999996,0.0,0.0,0.19999999999999998,7.28583859910259e-17,0.19999999999999996,3.642919299551295e-17
2011-04-18,0.0,1.1796119636642288e-16,4.5102810375396984e-17,0.2,0.2,0.19999999999999996,0.0,0.0,0.19999999999999998,7.28583859910259e-17,0.19999999999999996,3.642919299551295e-17
2011-04-19,0.0,1.1796119636642288e-16,4.5102810375396984e-17,0.2,0.2,0.19999999999999996,0.0,0.0,0.19999999999999998,7.28583859910259e-17,0.19999999999999996,3.642919299551295e-17
2011-04-20,0.0,1.1796119636642288e-16,4.5102810375396984e-17,0.2,0.2,0.19999999999999996,0.0,0.0,0.19999999999999998,7.28583859910259e-17,0.19999999999999996,3.642919299551295e-17
2011-04-21,0.0,1.1796119636642288e-16,4.5102810375396984e-17,0.2,0.2,0.19999999999999996,0.0,0.0,0.19999999999999998,7.28583859910259e-17,0.19999999999999996,3.642919299551295e-17
2011-04-25,0.0,1.1796119636642288e-16,4.5102810375396984e-17,0.2,0.2,0.19999999999999996,0.0,0.0,0.19999999999999998,7.28583859910259e-17,0.19999999999999996,3.642919299551295e-17
2011-04-26,0.0,1.1796119636642288e-16,4.5102810375396984e-17,0.2,0.2,0.19999999999999996,0.0,0.0,0.19999999999999998,7.28583859910259e-17,0.19999999999999996,3.642919299551295e-17
2011-04-27,0.0,0.19999999999999998,0.0,6.461844948013606e-17,0.0,0.0,0.19999999999999996,0.2,3.4391216317469005e-17,0.2,0.19999999999999993,2.2790253071874107e-17
2011-04-28,0.0,0.19999999999999998,0.0,6.461844948013606e-17,0.0,0.0,0.19999999999999996,0.2,3.4391216317469005e-17,0.2,0.19999999999999993,2.2790253071874107e-17
2011-04-29,0.0,0.19999999999999998,0.0,6.461844948013606e-17,0.0,0.0,0.19999999999999996,0.2,3.4391216317469005e-17,0.2,0.19999999999999993,2.2790253071874107e-17
2011-05-02,0.0,0.19999999999999998,0.0,6.461844948013606e-17,0.0,0.0,0.19999999999999996,0.2,3.4391216317469005e-17,0.2,0.19999999999999993,2.2790253071874107e-17
2011-05-03,0.0,0.19999999999999998,0.0,6.461844948013606e-17,0.0,0.0,0.19999999999999996,0.2,3.4391216317469005e-17,0.2,0.19999999999999993,2.2790253071874107e-17
2011-05-04,0.0,9.377351700194727e-17,2.3918091710574517e-17,0.19999999999999987,0.19999999999999998,0.1999999999999997,5.811323644522304e-17,0.0,0.2,0.0,0.2,2.1787956775067957e-16
2011-05-05,0.0,9.377351700194727e-17,2.3918091710574517e-17,0.19999999999999987,0.19999999999999998,0.1999999999999997,5.811323644522304e-17,0.0,0.2,0.0,0.2,2.1787956775067957e-16
2011-05-06,0.0,9.377351700194727e-17,2.3918091710574517e-17,0.19999999999999987,0.19999999999999998,0.1999999999999997,5.811323644522304e-17,0.0,0.2,0.0,0.2,2.1787956775067957e-16
2011-05-09,0.0,9.377351700194727e-17,2.3918091710574517e-17,0.19999999999999987,0.19999999999999998,0.1999999999999997,5.811323644522304e-17,0.0,0.2,0.0,0.2,2.1787956775067957e-16
2011-05-10,0.0,9.377351700194727e-17,2.3918091710574517e-17,0.19999999999999987,0.19999999999999998,0.1999999999999997,5.811323644522304e-17,0.0,0.2,0.0,0.2,2.1787956775067957e-16
2011-05-11,0.0,9.377351700194727e-17,2.3918091710574517e-17,0.19999999999999987,0.19999999999999998,0.1999999999999997,5.811323644522304e-17,0.0,0.2,0.0,0.2,2.1787956775067957e-16
2011-05-12,0.0,9.377351700194727e-17,2.3918091710574517e-17,0.19999999999999987,0.19999999999999998,0.1999999999999997,5.811323644522304e-17,0.0,0.2,0.0,0.2,2.1787956775067957e-16
2011-05-13,0.0,9.377351700194727e-17,2.3918091710574517e-17,0.19999999999999987,0.19999999999999998,0.1999999999999997,5.811323644522304e-17,0.0,0.2,0.0,0.2,2.1787956775067957e-16
2011-05-16,0.0,9.377351700194727e-17,2.3918091710574517e-17,0.19999999999999987,0.19999999999999998,0.1999999999999997,5.811323644522304e-17,0.0,0.2,0.0,0.2,2.1787956775067957e-16
2011-05-17,0.0,9.377351700194727e-17,2.3918091710574517e-17,0.19999999999999987,0.19999999999999998,0.1999999999999997,5.811323644522304e-17,0.0,0.2,0.0,0.2,2.1787956775067957e-16
2011-05-18,0.0,0.11865593009852829,0.0,0.2,0.2,0.16116804852877398,0.0,0.0,0.2,0.0,0.12017602137269777,0.0
2011-05-19,0.0,0.11865593009852829,0.0,0.2,0.2,0.16116804852877398,0.0,0.0,0.2,0.0,0.12017602137269777,0.0
2011-05-20,0.0,0.11865593009852829,0.0,0.2,0.2,0.16116804852877398,0.0,0.0,0.2,0.0,0.12017602137269777,0.0
2011-05-23,0.0,0.11865593009852829,0.0,0.2,0.2,0.16116804852877398,0.0,0.0,0.2,0.0,0.12017602137269777,0.0
2011-05-24,0.0,0.11865593009852829,0.0,0.2,0.2,0.16116804852877398,0.0,0.0,0.2,0.0,0.12017602137269777,0.0
2011-05-25,4.4490099293286266e-17,0.10504178180986494,0.0,0.2,0.19999999999999973,0.2,3.122502256758253e-17,0.0,0.19999999999999987,0.0,1.7622143890090817e-16,0.09495821819013531
2011-05-26,4.4490099293286266e-17,0.10504178180986494,0.0,0.2,0.19999999999999973,0.2,3.122502256758253e-17,0.0,0.19999999999999987,0.0,1.7622143890090817e-16,0.09495821819013531
2011-05-27,4.4490099293286266e-17,0.10504178180986494,0.0,0.2,0.19999999999999973,0.2,3.122502256758253e-17,0.0,0.19999999999999987,0.0,1.7622143890090817e-16,0.09495821819013531
2011-05-31,4.4490099293286266e-17,0.10504178180986494,0.0,0.2,0.19999999999999973,0.2,3.122502256758253e-17,0.0,0.19999999999999987,0.0,1.7622143890090817e-16,0.09495821819013531
2011-06-01,4.4490099293286266e-17,0.10504178180986494,0.0,0.2,0.19999999999999973,0.2,3.122502256758253e-17,0.0,0.19999999999999987,0.0,1.7622143890090817e-16,0.09495821819013531
2011-06-02,4.4490099293286266e-17,0.10504178180986494,0.0,0.2,0.19999999999999973,0.2,3.122502256758253e-17,0.0,0.19999999999999987,0.0,1.7622143890090817e-16,0.09495821819013531
2011-06-03,4.4490099293286266e-17,0.10504178180986494,0.0,0.2,0.19999999999999973,0.2,3.122502256758253e-17,0.0,0.19999999999999987,0.0,1.7622143890090817e-16,0.09495821819013531
2011-06-06,4.4490099293286266e-17,0.10504178180986494,0.0,0.2,0.19999999999999973,0.2,3.122502256758253e-17,0.0,0.19999999999999987,0.0,1.7622143890090817e-16,0.09495821819013531
2011-06-07,4.4490099293286266e-17,0.10504178180986494,0.0,0.2,0.19999999999999973,0.2,3.122502256758253e-17,0.0,0.19999999999999987,0.0,1.7622143890090817e-16,0.09495821819013531
2011-06-08,4.4490099293286266e-17,0.10504178180986494,0.0,0.2,0.19999999999999973,0.2,3.122502256758253e-17,0.0,0.19999999999999987,0.0,1.7622143890090817e-16,0.09495821819013531
2011-06-09,0.0,0.12732832431431287,0.0,0.2,0.2,0.15859050205908046,0.0,0.0,0.2,1.1810765487960364e-18,0.11408117362660702,1.0668549377257364e-16
2011-06-10,0.0,0.12732832431431287,0.0,0.2,0.2,0.15859050205908046,0.0,0.0,0.2,1.1810765487960364e-18,0.11408117362660702,1.0668549377257364e-16
2011-06-13,0.0,0.12732832431431287,0.0,0.2,0.2,0.15859050205908046,0.0,0.0,0.2,1.1810765487960364e-18,0.11408117362660702,1.0668549377257364e-16
2011-06-14,0.0,0.12732832431431287,0.0,0.2,0.2,0.15859050205908046,0.0,0.0,0.2,1.1810765487960364e-18,0.11408117362660702,1.0668549377257364e-16
2011-06-15,0.0,0.12732832431431287,0.0,0.2,0.2,0.15859050205908046,0.0,0.0,0.2,1.1810765487960364e-18,0.11408117362660702,1.0668549377257364e-16
2011-06-16,6.765421556309548e-17,0.2,0.0,0.0,1.702197410802242e-17,0.0,0.2,0.2,0.0,0.2,0.2,0.0
2011-06-17,6.765421556309548e-17,0.2,0.0,0.0,1.702197410802242e-17,0.0,0.2,0.2,0.0,0.2,0.2,0.0
2011-06-20,6.765421556309548e-17,0.2,0.0,0.0,1.702197410802242e-17,0.0,0.2,0.2,0.0,0.2,0.2,0.0
2011-06-21,6.765421556309548e-17,0.2,0.0,0.0,1.702197410802242e-17,0.0,0.2,0.2,0.0,0.2,0.2,0.0
2011-06-22,6.765421556309548e-17,0.2,0.0,0.0,1.702197410802242e-17,0.0,0.2,0.2,0.0,0.2,0.2,0.0
2011-06-23,6.765421556309548e-17,0.2,0.0,0.0,1.702197410802242e-17,0.0,0.2,0.2,0.0,0.2,0.2,0.0
2011-06-24,6.765421556309548e-17,0.2,0.0,0.0,1.702197410802242e-17,0.0,0.2,0.2,0.0,0.2,0.2,0.0
2011-06-27,6.765421556309548e-17,0.2,0.0,0.0,1.702197410802242e-17,0.0,0.2,0.2,0.0,0.2,0.2,0.0
2011-06-28,6.765421556309548e-17,0.2,0.0,0.0,1.702197410802242e-17,0.0,0.2,0.2,0.0,0.2,0.2,0.0
2011-06-29,6.765421556309548e-17,0.2,0.0,0.0,1.702197410802242e-17,0.0,0.2,0.2,0.0,0.2,0.2,0.0
2011-06-30,6.765421556309548e-17,0.2,0.0,0.0,1.702197410802242e-17,0.0,0.2,0.2,0.0,0.2,0.2,0.0
2011-07-01,6.765421556309548e-17,0.2,0.0,0.0,1.702197410802242e-17,0.0,0.2,0.2,0.0,0.2,0.2,0.0
2011-07-05,6.765421556309548e-17,0.2,0.0,0.0,1.702197410802242e-17,0.0,0.2,0.2,0.0,0.2,0.2,0.0
2011-07-06,6.765421556309548e-17,0.2,0.0,0.0,1.702197410802242e-17,0.0,0.2,0.2,0.0,0.2,0.2,0.0
2011-07-07,6.765421556309548e-17,0.2,0.0,0.0,1.702197410802242e-17,0.0,0.2,0.2,0.0,0.2,0.2,0.0
2011-07-08,6.765421556309548e-17,0.2,0.0,0.0,1.702197410802242e-17,0.0,0.2,0.2,0.0,0.2,0.2,0.0
2011-07-11,6.765421556309548e-17,0.2,0.0,0.0,1.702197410802242e-17,0.0,0.2,0.2,0.0,0.2,0.2,0.0
2011-07-12,6.765421556309548e-17,0.2,0.0,0.0,1.702197410802242e-17,0.0,0.2,0.2,0.0,0.2,0.2,0.0
2011-07-13,6.765421556309548e-17,0.2,0.0,0.0,1.702197410802242e-17,0.0,0.2,0.2,0.0,0.2,0.2,0.0
2011-07-14,6.765421556309548e-17,0.2,0.0,0.0,1.702197410802242e-17,0.0,0.2,0.2,0.0,0.2,0.2,0.0
2011-07-15,6.765421556309548e-17,0.2,0.0,0.0,1.702197410802242e-17,0.0,0.2,0.2,0.0,0.2,0.2,0.0
2011-07-18,6.765421556309548e-17,0.2,0.0,0.0,1.702197410802242e-17,0.0,0.2,0.2,0.0,0.2,0.2,0.0
2011-07-19,6.765421556309548e-17,0.2,0.0,0.0,1.702197410802242e-17,0.0,0.2,0.2,0.0,0.2,0.2,0.0
2011-07-20,6.765421556309548e-17,0.2,0.0,0.0,1.702197410802242e-17,0.0,0.2,0.2,0.0,0.2,0.2,0.0
2011-07-21,6.765421556309548e-17,0.2,0.0,0.0,1.702197410802242e-17,0.0,0.2,0.2,0.0,0.2,0.2,0.0
2011-07-22,6.765421556309548e-17,0.2,0.0,0.0,1.702197410802242e-17,0.0,0.2,0.2,0.0,0.2,0.2,0.0
2011-07-25,6.765421556309548e-17,0.2,0.0,0.0,1.702197410802242e-17,0.0,0.2,0.2,0.0,0.2,0.2,0.0
2011-07-26,6.765421556309548e-17,0.2,0.0,0.0,1.702197410802242e-17,0.0,0.2,0.2,0.0,0.2,0.2,0.0
2011-07-27,6.765421556309548e-17,0.2,0.0,0.0,1.702197410802242e-17,0.0,0.2,0.2,0.0,0.2,0.2,0.0
2011-07-28,6.765421556309548e-17,0.2,0.0,0.0,1.702197410802242e-17,0.0,0.2,0.2,0.0,0.2,0.2,0.0
2011-07-29,6.765421556309548e-17,0.2,0.0,0.0,1.702197410802242e-17,0.0,0.2,0.2,0.0,0.2,0.2,0.0
2011-08-01,6.765421556309548e-17,0.2,0.0,0.0,1.702197410802242e-17,0.0,0.2,0.2,0.0,0.2,0.2,0.0
2011-08-02,6.765421556309548e-17,0.2,0.0,0.0,1.702197410802242e-17,0.0,0.2,0.2,0.0,0.2,0.2,0.0
2011-08-03,6.765421556309548e-17,0.2,0.0,0.0,1.702197410802242e-17,0.0,0.2,0.2,0.0,0.2,0.2,0.0
2011-08-04,6.765421556309548e-17,0.2,0.0,0.0,1.702197410802242e-17,0.0,0.2,0.2,0.0,0.2,0.2,0.0
2011-08-05,6.765421556309548e-17,0.2,0.0,0.0,1.702197410802242e-17,0.0,0.2,0.2,0.0,0.2,0.2,0.0
2011-08-08,6.765421556309548e-17,0.2,0.0,0.0,1.702197410802242e-17,0.0,0.2,0.2,0.0,0.2,0.2,0.0
2011-08-09,6.765421556309548e-17,0.2,0.0,0.0,1.702197410802242e-17,0.0,0.2,0.2,0.0,0.2,0.2,0.0
2011-08-10,6.765421556309548e-17,0.2,0.0,0.0,1.702197410802242e-17,0.0,0.2,0.2,0.0,0.2,0.2,0.0
2011-08-11,6.765421556309548e-17,0.2,0.0,0.0,1.702197410802242e-17,0.0,0.2,0.2,0.0,0.2,0.2,0.0
2011-08-12,6.765421556309548e-17,0.2,0.0,0.0,1.702197410802242e-17,0.0,0.2,0.2,0.0,0.2,0.2,0.0
2011-08-15,6.765421556309548e-17,0.2,0.0,0.0,1.702197410802242e-17,0.0,0.2,0.2,0.0,0.2,0.2,0.0
2011-08-16,6.765421556309548e-17,0.2,0.0,0.0,1.702197410802242e-17,0.0,0.2,0.2,0.0,0.2,0.2,0.0
2011-08-17,6.765421556309548e-17,0.2,0.0,0.0,1.702197410802242e-17,0.0,0.2,0.2,0.0,0.2,0.2,0.0
2011-08-18,6.765421556309548e-17,0.2,0.0,0.0,1.702197410802242e-17,0.0,0.2,0.2,0.0,0.2,0.2,0.0
2011-08-19,6.765421556309548e-17,0.2,0.0,0.0,1.702197410802242e-17,0.0,0.2,0.2,0.0,0.2,0.2,0.0
2011-08-22,6.765421556309548e-17,0.2,0.0,0.0,1.702197410802242e-17,0.0,0.2,0.2,0.0,0.2,0.2,0.0
2011-08-23,6.765421556309548e-17,0.2,0.0,0.0,1.702197410802242e-17,0.0,0.2,0.2,0.0,0.2,0.2,0.0
2011-08-24,6.765421556309548e-17,0.2,0.0,0.0,1.702197410802242e-17,0.0,0.2,0.2,0.0,0.2,0.2,0.0
2011-08-25,6.765421556309548e-17,0.2,0.0,0.0,1.702197410802242e-17,0.0,0.2,0.2,0.0,0.2,0.2,0.0
2011-08-26,0.0550243109686731,0.1590758491413633,1.17356236782524e-18,7.735731685685839e-20,1.1194701958066573e-18,8.23211710569932e-19,0.2,0.2,7.461336957972073e-20,0.2,0.18589983988996361,1.4803252908318547e-18
2011-08-29,0.0550243109686731,0.1590758491413633,1.17356236782524e-18,7.735731685685839e-20,1.1194701958066573e-18,8.23211710569932e-19,0.2,0.2,7.461336957972073e-20,0.2,0.18589983988996361,1.4803252908318547e-18
2011-08-30,0.0550243109686731,0.1590758491413633,1.17356236782524e-18,7.735731685685839e-20,1.1194701958066573e-18,8.23211710569932e-19,0.2,0.2,7.461336957972073e-20,0.2,0.18589983988996361,1.4803252908318547e-18
2011-08-31,0.0550243109686731,0.1590758491413633,1.17356236782524e-18,7.735731685685839e-20,1.1194701958066573e-18,8.23211710569932e-19,0.2,0.2,7.461336957972073e-20,0.2,0.18589983988996361,1.4803252908318547e-18
2011-09-01,0.0550243109686731,0.1590758491413633,1.17356236782524e-18,7.735731685685839e-20,1.1194701958066573e-18,8.23211710569932e-19,0.2,0.2,7.461336957972073e-20,0.2,0.18589983988996361,1.4803252908318547e-18
2011-09-02,0.0550243109686731,0.1590758491413633,1.17356236782524e-18,7.735731685685839e-20,1.1194701958066573e-18,8.23211710569932e-19,0.2,0.2,7.461336957972073e-20,0.2,0.18589983988996361,1.4803252908318547e-18
2011-09-06,0.0550243109686731,0.1590758491413633,1.17356236782524e-18,7.735731685685839e-20,1.1194701958066573e-18,8.23211710569932e-19,0.2,0.2,7.461336957972073e-20,0.2,0.18589983988996361,1.4803252908318547e-18
2011-09-07,0.0550243109686731,0.1590758491413633,1.17356236782524e-18,7.735731685685839e-20,1.1194701958066573e-18,8.23211710569932e-19,0.2,0.2,7.461336957972073e-20,0.2,0.18589983988996361,1.4803252908318547e-18
2011-09-08,0.0550243109686731,0.1590758491413633,1.17356236782524e-18,7.735731685685839e-20,1.1194701958066573e-18,8.23211710569932e-19,0.2,0.2,7.461336957972073e-20,0.2,0.18589983988996361,1.4803252908318547e-18
2011-09-09,0.0550243109686731,0.1590758491413633,1.17356236782524e-18,7.735731685685839e-20,1.1194701958066573e-18,8.23211710569932e-19,0.2,0.2,7.461336957972073e-20,0.2,0.18589983988996361,1.4803252908318547e-18
2011-09-12,0.0550243109686731,0.1590758491413633,1.17356236782524e-18,7.735731685685839e-20,1.1194701958066573e-18,8.23211710569932e-19,0.2,0.2,7.461336957972073e-20,0.2,0.18589983988996361,1.4803252908318547e-18
2011-09-13,0.0550243109686731,0.1590758491413633,1.17356236782524e-18,7.735731685685839e-20,1.1194701958066573e-18,8.23211710569932e-19,0.2,0.2,7.461336957972073e-20,0.2,0.18589983988996361,1.4803252908318547e-18
2011-09-14,0.0550243109686731,0.1590758491413633,1.17356236782524e-18,7.735731685685839e-20,1.1194701958066573e-18,8.23211710569932e-19,0.2,0.2,7.461336957972073e-20,0.2,0.18589983988996361,1.4803252908318547e-18
2011-09-15,0.0550243109686731,0.1590758491413633,1.17356236782524e-18,7.735731685685839e-20,1.1194701958066573e-18,8.23211710569932e-19,0.2,0.2,7.461336957972073e-20,0.2,0.18589983988996361,1.4803252908318547e-18
2011-09-16,0.0550243109686731,0.1590758491413633,1.17356236782524e-18,7.735731685685839e-20,1.1194701958066573e-18,8.23211710569932e-19,0.2,0.2,7.461336957972073e-20,0.2,0.18589983988996361,1.4803252908318547e-18
2011-09-19,0.0550243109686731,0.1590758491413633,1.17356236782524e-18,7.735731685685839e-20,1.1194701958066573e-18,8.23211710569932e-19,0.2,0.2,7.461336957972073e-20,0.2,0.18589983988996361,1.4803252908318547e-18
2011-09-20,0.0550243109686731,0.1590758491413633,1.17356236782524e-18,7.735731685685839e-20,1.1194701958066573e-18,8.23211710569932e-19,0.2,0.2,7.461336957972073e-20,0.2,0.18589983988996361,1.4803252908318547e-18
2011-09-21,0.0550243109686731,0.1590758491413633,1.17356236782524e-18,7.735731685685839e-20,1.1194701958066573e-18,8.23211710569932e-19,0.2,0.2,7.461336957972073e-20,0.2,0.18589983988996361,1.4803252908318547e-18
2011-09-22,0.0550243109686731,0.1590758491413633,1.17356236782524e-18,7.735731685685839e-20,1.1194701958066573e-18,8.23211710569932e-19,0.2,0.2,7.461336957972073e-20,0.2,0.18589983988996361,1.4803252908318547e-18
2011-09-23,0.0550243109686731,0.1590758491413633,1.17356236782524e-18,7.735731685685839e-20,1.1194701958066573e-18,8.23211710569932e-19,0.2,0.2,7.461336957972073e-20,0.2,0.18589983988996361,1.4803252908318547e-18
2011-09-26,0.08583890480282425,0.12277603233732513,8.792492310280947e-18,4.312510594191817e-18,3.137208929183917e-18,2.221822321896816e-18,0.2,0.2,2.952909382226898e-21,0.19999999999999998,0.19138506285985063,5.264904718197711e-18
2011-09-27,0.08583890480282425,0.12277603233732513,8.792492310280947e-18,4.312510594191817e-18,3.137208929183917e-18,2.221822321896816e-18,0.2,0.2,2.952909382226898e-21,0.19999999999999998,0.19138506285985063,5.264904718197711e-18
2011-09-28,0.08583890480282425,0.12277603233732513,8.792492310280947e-18,4.312510594191817e-18,3.137208929183917e-18,2.221822321896816e-18,0.2,0.2,2.952909382226898e-21,0.19999999999999998,0.19138506285985063,5.264904718197711e-18
2011-09-29,0.08583890480282425,0.12277603233732513,8.792492310280947e-18,4.312510594191817e-18,3.137208929183917e-18,2.221822321896816e-18,0.2,0.2,2.952909382226898e-21,0.19999999999999998,0.19138506285985063,5.264904718197711e-18
2011-09-30,0.08583890480282425,0.12277603233732513,8.792492310280947e-18,4.312510594191817e-18,3.137208929183917e-18,2.221822321896816e-18,0.2,0.2,2.952909382226898e-21,0.19999999999999998,0.19138506285985063,5.264904718197711e-18
2011-10-03,0.08583890480282425,0.12277603233732513,8.792492310280947e-18,4.312510594191817e-18,3.137208929183917e-18,2.221822321896816e-18,0.2,0.2,2.952909382226898e-21,0.19999999999999998,0.19138506285985063,5.264904718197711e-18
2011-10-04,0.08583890480282425,0.12277603233732513,8.792492310280947e-18,4.312510594191817e-18,3.137208929183917e-18,2.221822321896816e-18,0.2,0.2,2.952909382226898e-21,0.19999999999999998,0.19138506285985063,5.264904718197711e-18
2011-10-05,0.08583890480282425,0.12277603233732513,8.792492310280947e-18,4.312510594191817e-18,3.137208929183917e-18,2.221822321896816e-18,0.2,0.2,2.952909382226898e-21,0.19999999999999998,0.19138506285985063,5.264904718197711e-18
2011-10-06,0.08583890480282425,0.12277603233732513,8.792492310280947e-18,4.312510594191817e-18,3.137208929183917e-18,2.221822321896816e-18,0.2,0.2,2.952909382226898e-21,0.19999999999999998,0.19138506285985063,5.264904718197711e-18
2011-10-07,0.08583890480282425,0.12277603233732513,8.792492310280947e-18,4.312510594191817e-18,3.137208929183917e-18,2.221822321896816e-18,0.2,0.2,2.952909382226898e-21,0.19999999999999998,0.19138506285985063,5.264904718197711e-18
2011-10-10,0.13615712998626087,0.0638428700137391,3.071598479399149e-22,3.44232312306167e-20,3.633801237064755e-17,1.3718496683082479e-17,0.19999999999999996,0.19999999999999998,1.391240982387527e-17,0.2,0.2,1.2273360320675093e-16
2011-10-11,0.13615712998626087,0.0638428700137391,3.071598479399149e-22,3.44232312306167e-20,3.633801237064755e-17,1.3718496683082479e-17,0.19999999999999996,0.19999999999999998,1.391240982387527e-17,0.2,0.2,1.2273360320675093e-16
2011-10-12,0.13615712998626087,0.0638428700137391,3.071598479399149e-22,3.44232312306167e-20,3.633801237064755e-17,1.3718496683082479e-17,0.19999999999999996,0.19999999999999998,1.391240982387527e-17,0.2,0.2,1.2273360320675093e-16
2011-10-13,0.13615712998626087,0.0638428700137391,3.071598479399149e-22,3.44232312306167e-20,3.633801237064755e-17,1.3718496683082479e-17,0.19999999999999996,0.19999999999999998,1.391240982387527e-17,0.2,0.2,1.2273360320675093e-16
2011-10-14,0.13615712998626087,0.0638428700137391,3.071598479399149e-22,3.44232312306167e-20,3.633801237064755e-17,1.3718496683082479e-17,0.19999999999999996,0.19999999999999998,1.391240982387527e-17,0.2,0.2,1.2273360320675093e-16
2011-10-17,0.13615712998626087,0.0638428700137391,3.071598479399149e-22,3.44232312306167e-20,3.633801237064755e-17,1.3718496683082479e-17,0.19999999999999996,0.19999999999999998,1.391240982387527e-17,0.2,0.2,1.2273360320675093e-16
2011-10-18,0.13615712998626087,0.0638428700137391,3.071598479399149e-22,3.44232312306167e-20,3.633801237064755e-17,1.3718496683082479e-17,0.19999999999999996,0.19999999999999998,1.391240982387527e-17,0.2,0.2,1.2273360320675093e-16
2011-10-19,0.13615712998626087,0.0638428700137391,3.071598479399149e-22,3.44232312306167e-20,3.633801237064755e-17,1.3718496683082479e-17,0.19999999999999996,0.19999999999999998,1.391240982387527e-17,0.2,0.2,1.2273360320675093e-16
2011-10-20,0.13615712998626087,0.0638428700137391,3.071598479399149e-22,3.44232312306167e-20,3.633801237064755e-17,1.3718496683082479e-17,0.19999999999999996,0.19999999999999998,1.391240982387527e-17,0.2,0.2,1.2273360320675093e-16
2011-10-21,0.13615712998626087,0.0638428700137391,3.071598479399149e-22,3.44232312306167e-20,3.633801237064755e-17,1.3718496683082479e-17,0.19999999999999996,0.19999999999999998,1.391240982387527e-17,0.2,0.2,1.2273360320675093e-16
2011-10-24,0.13615712998626087,0.0638428700137391,3.071598479399149e-22,3.44232312306167e-20,3.633801237064755e-17,1.3718496683082479e-17,0.19999999999999996,0.19999999999999998,1.391240982387527e-17,0.2,0.2,1.2273360320675093e-16
2011-10-25,0.13615712998626087,0.0638428700137391,3.071598479399149e-22,3.44232312306167e-20,3.633801237064755e-17,1.3718496683082479e-17,0.19999999999999996,0.19999999999999998,1.391240982387527e-17,0.2,0.2,1.2273360320675093e-16
2011-10-26,0.13615712998626087,0.0638428700137391,3.071598479399149e-22,3.44232312306167e-20,3.633801237064755e-17,1.3718496683082479e-17,0.19999999999999996,0.19999999999999998,1.391240982387527e-17,0.2,0.2,1.2273360320675093e-16
2011-10-27,0.13615712998626087,0.0638428700137391,3.071598479399149e-22,3.44232312306167e-20,3.633801237064755e-17,1.3718496683082479e-17,0.19999999999999996,0.19999999999999998,1.391240982387527e-17,0.2,0.2,1.2273360320675093e-16
2011-10-28,0.13615712998626087,0.0638428700137391,3.071598479399149e-22,3.44232312306167e-20,3.633801237064755e-17,1.3718496683082479e-17,0.19999999999999996,0.19999999999999998,1.391240982387527e-17,0.2,0.2,1.2273360320675093e-16
2011-10-31,0.10775784628381248,0.09224215371618767,0.0,0.0,0.0,7.315702586393942e-17,0.19999999999999996,0.19999999999999996,0.0,0.2,0.2,1.8793639362644916e-17
2011-11-01,0.10775784628381248,0.09224215371618767,0.0,0.0,0.0,7.315702586393942e-17,0.19999999999999996,0.19999999999999996,0.0,0.2,0.2,1.8793639362644916e-17
2011-11-02,0.10775784628381248,0.09224215371618767,0.0,0.0,0.0,7.315702586393942e-17,0.19999999999999996,0.19999999999999996,0.0,0.2,0.2,1.8793639362644916e-17
2011-11-03,0.10775784628381248,0.09224215371618767,0.0,0.0,0.0,7.315702586393942e-17,0.19999999999999996,0.19999999999999996,0.0,0.2,0.2,1.8793639362644916e-17
2011-11-04,0.10775784628381248,0.09224215371618767,0.0,0.0,0.0,7.315702586393942e-17,0.19999999999999996,0.19999999999999996,0.0,0.2,0.2,1.8793639362644916e-17
2011-11-07,0.13615303598270834,0.0638469640172918,6.938893903907231e-23,1.7347061287420478e-20,0.0,4.904881579018139e-18,0.2,0.2,1.7347061287420478e-20,0.2,0.2,3.469412257484095e-19
2011-11-08,0.13615303598270834,0.0638469640172918,6.938893903907231e-23,1.7347061287420478e-20,0.0,4.904881579018139e-18,0.2,0.2,1.7347061287420478e-20,0.2,0.2,3.469412257484095e-19
2011-11-09,0.13615303598270834,0.0638469640172918,6.938893903907231e-23,1.7347061287420478e-20,0.0,4.904881579018139e-18,0.2,0.2,1.7347061287420478e-20,0.2,0.2,3.469412257484095e-19
2011-11-10,0.13615303598270834,0.0638469640172918,6.938893903907231e-23,1.7347061287420478e-20,0.0,4.904881579018139e-18,0.2,0.2,1.7347061287420478e-20,0.2,0.2,3.469412257484095e-19
2011-11-11,0.13615303598270834,0.0638469640172918,6.938893903907231e-23,1.7347061287420478e-20,0.0,4.904881579018139e-18,0.2,0.2,1.7347061287420478e-20,0.2,0.2,3.469412257484095e-19
2011-11-14,0.10775290883264642,0.09224709116735373,4.651030379477502e-18,3.9007308049607855e-18,1.0662275743795895e-17,3.685025686750782e-20,0.19999999999999998,0.2,8.908253040746198e-18,0.19999999999999998,0.19999999999999998,9.222638848678638e-19
2011-11-15,0.10775290883264642,0.09224709116735373,4.651030379477502e-18,3.9007308049607855e-18,1.0662275743795895e-17,3.685025686750782e-20,0.19999999999999998,0.2,8.908253040746198e-18,0.19999999999999998,0.19999999999999998,9.222638848678638e-19
2011-11-16,0.10775290883264642,0.09224709116735373,4.651030379477502e-18,3.9007308049607855e-18,1.0662275743795895e-17,3.685025686750782e-20,0.19999999999999998,0.2,8.908253040746198e-18,0.19999999999999998,0.19999999999999998,9.222638848678638e-19
2011-11-17,0.10775290883264642,0.09224709116735373,4.651030379477502e-18,3.9007308049607855e-18,1.0662275743795895e-17,3.685025686750782e-20,0.19999999999999998,0.2,8.908253040746198e-18,0.19999999999999998,0.19999999999999998,9.222638848678638e-19
2011-11-18,0.10775290883264642,0.09224709116735373,4.651030379477502e-18,3.9007308049607855e-18,1.0662275743795895e-17,3.685025686750782e-20,0.19999999999999998,0.2,8.908253040746198e-18,0.19999999999999998,0.19999999999999998,9.222638848678638e-19
2011-11-21,0.10775290883264642,0.09224709116735373,4.651030379477502e-18,3.9007308049607855e-18,1.0662275743795895e-17,3.685025686750782e-20,0.19999999999999998,0.2,8.908253040746198e-18,0.19999999999999998,0.19999999999999998,9.222638848678638e-19
2011-11-22,0.10775290883264642,0.09224709116735373,4.651030379477502e-18,3.9007308049607855e-18,1.0662275743795895e-17,3.685025686750782e-20,0.19999999999999998,0.2,8.908253040746198e-18,0.19999999999999998,0.19999999999999998,9.222638848678638e-19
2011-11-23,0.10775290883264642,0.09224709116735373,4.651030379477502e-18,3.9007308049607855e-18,1.0662275743795895e-17,3.685025686750782e-20,0.19999999999999998,0.2,8.908253040746198e-18,0.19999999999999998,0.19999999999999998,9.222638848678638e-19
2011-11-25,0.10775290883264642,0.09224709116735373,4.651030379477502e-18,3.9007308049607855e-18,1.0662275743795895e-17,3.685025686750782e-20,0.19999999999999998,0.2,8.908253040746198e-18,0.19999999999999998,0.19999999999999998,9.222638848678638e-19
2011-11-28,0.10775290883264642,0.09224709116735373,4.651030379477502e-18,3.9007308049607855e-18,1.0662275743795895e-17,3.685025686750782e-20,0.19999999999999998,0.2,8.908253040746198e-18,0.19999999999999998,0.19999999999999998,9.222638848678638e-19
2011-11-29,0.10775290883264642,0.09224709116735373,4.651030379477502e-18,3.9007308049607855e-18,1.0662275743795895e-17,3.685025686750782e-20,0.19999999999999998,0.2,8.908253040746198e-18,0.19999999999999998,0.19999999999999998,9.222638848678638e-19
2011-11-30,0.10775290883264642,0.09224709116735373,4.651030379477502e-18,3.9007308049607855e-18,1.0662275743795895e-17,3.685025686750782e-20,0.19999999999999998,0.2,8.908253040746198e-18,0.19999999999999998,0.19999999999999998,9.222638848678638e-19
2011-12-01,0.10775290883264642,0.09224709116735373,4.651030379477502e-18,3.9007308049607855e-18,1.0662275743795895e-17,3.685025686750782e-20,0.19999999999999998,0.2,8.908253040746198e-18,0.19999999999999998,0.19999999999999998,9.222638848678638e-19
2011-12-02,0.10775290883264642,0.09224709116735373,4.651030379477502e-18,3.9007308049607855e-18,1.0662275743795895e-17,3.685025686750782e-20,0.19999999999999998,0.2,8.908253040746198e-18,0.19999999999999998,0.19999999999999998,9.222638848678638e-19
2011-12-05,0.10775290883264642,0.09224709116735373,4.651030379477502e-18,3.9007308049607855e-18,1.0662275743795895e-17,3.685025686750782e-20,0.19999999999999998,0.2,8.908253040746198e-18,0.19999999999999998,0.19999999999999998,9.222638848678638e-19
2011-12-06,0.10775290883264642,0.09224709116735373,4.651030379477502e-18,3.9007308049607855e-18,1.0662275743795895e-17,3.685025686750782e-20,0.19999999999999998,0.2,8.908253040746198e-18,0.19999999999999998,0.19999999999999998,9.222638848678638e-19
2011-12-07,0.10775290883264642,0.09224709116735373,4.651030379477502e-18,3.9007308049607855e-18,1.0662275743795895e-17,3.685025686750782e-20,0.19999999999999998,0.2,8.908253040746198e-18,0.19999999999999998,0.19999999999999998,9.222638848678638e-19
2011-12-08,0.10775290883264642,0.09224709116735373,4.651030379477502e-18,3.9007308049607855e-18,1.0662275743795895e-17,3.685025686750782e-20,0.19999999999999998,0.2,8.908253040746198e-18,0.19999999999999998,0.19999999999999998,9.222638848678638e-19
2011-12-09,0.10775290883264642,0.09224709116735373,4.651030379477502e-18,3.9007308049607855e-18,1.0662275743795895e-17,3.685025686750782e-20,0.19999999999999998,0.2,8.908253040746198e-18,0.19999999999999998,0.19999999999999998,9.222638848678638e-19
2011-12-12,0.10775290883264642,0.09224709116735373,4.651030379477502e-18,3.9007308049607855e-18,1.0662275743795895e-17,3.685025686750782e-20,0.19999999999999998,0.2,8.908253040746198e-18,0.19999999999999998,0.19999999999999998,9.222638848678638e-19
2011-12-13,0.10775290883264642,0.09224709116735373,4.651030379477502e-18,3.9007308049607855e-18,1.0662275743795895e-17,3.685025686750782e-20,0.19999999999999998,0.2,8.908253040746198e-18,0.19999999999999998,0.19999999999999998,9.222638848678638e-19
2011-12-14,0.10775290883264642,0.09224709116735373,4.651030379477502e-18,3.9007308049607855e-18,1.0662275743795895e-17,3.685025686750782e-20,0.19999999999999998,0.2,8.908253040746198e-18,0.19999999999999998,0.19999999999999998,9.222638848678638e-19
2011-12-15,0.10775290883264642,0.09224709116735373,4.651030379477502e-18,3.9007308049607855e-18,1.0662275743795895e-17,3.685025686750782e-20,0.19999999999999998,0.2,8.908253040746198e-18,0.19999999999999998,0.19999999999999998,9.222638848678638e-19
2011-12-16,0.10775290883264642,0.09224709116735373,4.651030379477502e-18,3.9007308049607855e-18,1.0662275743795895e-17,3.685025686750782e-20,0.19999999999999998,0.2,8.908253040746198e-18,0.19999999999999998,0.19999999999999998,9.222638848678638e-19
2011-12-19,0.10775290883264642,0.09224709116735373,4.651030379477502e-18,3.9007308049607855e-18,1.0662275743795895e-17,3.685025686750782e-20,0.19999999999999998,0.2,8.908253040746198e-18,0.19999999999999998,0.19999999999999998,9.222638848678638e-19
2011-12-20,0.10775290883264642,0.09224709116735373,4.651030379477502e-18,3.9007308049607855e-18,1.0662275743795895e-17,3.685025686750782e-20,0.19999999999999998,0.2,8.908253040746198e-18,0.19999999999999998,0.19999999999999998,9.222638848678638e-19
2011-12-21,0.10775290883264642,0.09224709116735373,4.651030379477502e-18,3.9007308049607855e-18,1.0662275743795895e-17,3.685025686750782e-20,0.19999999999999998,0.2,8.908253040746198e-18,0.19999999999999998,0.19999999999999998,9.222638848678638e-19
2011-12-22,0.10775290883264642,0.09224709116735373,4.651030379477502e-18,3.9007308049607855e-18,1.0662275743795895e-17,3.685025686750782e-20,0.19999999999999998,0.2,8.908253040746198e-18,0.19999999999999998,0.19999999999999998,9.222638848678638e-19
2011-12-23,0.10775290883264642,0.09224709116735373,4.651030379477502e-18,3.9007308049607855e-18,1.0662275743795895e-17,3.685025686750782e-20,0.19999999999999998,0.2,8.908253040746198e-18,0.19999999999999998,0.19999999999999998,9.222638848678638e-19
2011-12-27,0.10775290883264642,0.09224709116735373,4.651030379477502e-18,3.9007308049607855e-18,1.0662275743795895e-17,3.685025686750782e-20,0.19999999999999998,0.2,8.908253040746198e-18,0.19999999999999998,0.19999999999999998,9.222638848678638e-19
2011-12-28,0.10775290883264642,0.09224709116735373,4.651030379477502e-18,3.9007308049607855e-18,1.0662275743795895e-17,3.685025686750782e-20,0.19999999999999998,0.2,8.908253040746198e-18,0.19999999999999998,0.19999999999999998,9.222638848678638e-19
2011-12-29,0.10775290883264642,0.09224709116735373,4.651030379477502e-18,3.9007308049607855e-18,1.0662275743795895e-17,3.685025686750782e-20,0.19999999999999998,0.2,8.908253040746198e-18,0.19999999999999998,0.19999999999999998,9.222638848678638e-19
2011-12-30,0.10775290883264642,0.09224709116735373,4.651030379477502e-18,3.9007308049607855e-18,1.0662275743795895e-17,3.685025686750782e-20,0.19999999999999998,0.2,8.908253040746198e-18,0.19999999999999998,0.19999999999999998,9.222638848678638e-19
2012-01-03,0.10775290883264642,0.09224709116735373,4.651030379477502e-18,3.9007308049607855e-18,1.0662275743795895e-17,3.685025686750782e-20,0.19999999999999998,0.2,8.908253040746198e-18,0.19999999999999998,0.19999999999999998,9.222638848678638e-19
2012-01-04,0.10775290883264642,0.09224709116735373,4.651030379477502e-18,3.9007308049607855e-18,1.0662275743795895e-17,3.685025686750782e-20,0.19999999999999998,0.2,8.908253040746198e-18,0.19999999999999998,0.19999999999999998,9.222638848678638e-19
2012-01-05,0.0,0.19999999999999987,8.359854997082042e-17,3.5236570605778894e-16,5.557032603259405e-17,0.0,0.19999999999999987,0.19999999999999998,8.479195157300229e-17,0.19999999999999987,0.19999999999999998,0.0
2012-01-06,0.0,0.19999999999999987,8.359854997082042e-17,3.5236570605778894e-16,5.557032603259405e-17,0.0,0.19999999999999987,0.19999999999999998,8.479195157300229e-17,0.19999999999999987,0.19999999999999998,0.0
2012-01-09,0.0,0.19999999999999987,8.359854997082042e-17,3.5236570605778894e-16,5.557032603259405e-17,0.0,0.19999999999999987,0.19999999999999998,8.479195157300229e-17,0.19999999999999987,0.19999999999999998,0.0
2012-01-10,0.0,0.19999999999999987,8.359854997082042e-17,3.5236570605778894e-16,5.557032603259405e-17,0.0,0.19999999999999987,0.19999999999999998,8.479195157300229e-17,0.19999999999999987,0.19999999999999998,0.0
2012-01-11,0.0,0.19999999999999987,8.359854997082042e-17,3.5236570605778894e-16,5.557032603259405e-17,0.0,0.19999999999999987,0.19999999999999998,8.479195157300229e-17,0.19999999999999987,0.19999999999999998,0.0
2012-01-12,0.0,0.19999999999999987,8.359854997082042e-17,3.5236570605778894e-16,5.557032603259405e-17,0.0,0.19999999999999987,0.19999999999999998,8.479195157300229e-17,0.19999999999999987,0.19999999999999998,0.0
2012-01-13,0.0,0.19999999999999987,8.359854997082042e-17,3.5236570605778894e-16,5.557032603259405e-17,0.0,0.19999999999999987,0.19999999999999998,8.479195157300229e-17,0.19999999999999987,0.19999999999999998,0.0
2012-01-17,0.0,0.19999999999999987,8.359854997082042e-17,3.5236570605778894e-16,5.557032603259405e-17,0.0,0.19999999999999987,0.19999999999999998,8.479195157300229e-17,0.19999999999999987,0.19999999999999998,0.0
2012-01-18,0.0,0.19999999999999987,8.359854997082042e-17,3.5236570605778894e-16,5.557032603259405e-17,0.0,0.19999999999999987,0.19999999999999998,8.479195157300229e-17,0.19999999999999987,0.19999999999999998,0.0
2012-01-19,0.0,0.19999999999999987,8.359854997082042e-17,3.5236570605778894e-16,5.557032603259405e-17,0.0,0.19999999999999987,0.19999999999999998,8.479195157300229e-17,0.19999999999999987,0.19999999999999998,0.0
2012-01-20,0.0,0.19999999999999987,8.359854997082042e-17,3.5236570605778894e-16,5.557032603259405e-17,0.0,0.19999999999999987,0.19999999999999998,8.479195157300229e-17,0.19999999999999987,0.19999999999999998,0.0
2012-01-23,0.0,0.19999999999999987,8.359854997082042e-17,3.5236570605778894e-16,5.557032603259405e-17,0.0,0.19999999999999987,0.19999999999999998,8.479195157300229e-17,0.19999999999999987,0.19999999999999998,0.0
2012-01-24,0.0,0.19999999999999987,8.359854997082042e-17,3.5236570605778894e-16,5.557032603259405e-17,0.0,0.19999999999999987,0.19999999999999998,8.479195157300229e-17,0.19999999999999987,0.19999999999999998,0.0
2012-01-25,0.0,0.19999999999999987,8.359854997082042e-17,3.5236570605778894e-16,5.557032603259405e-17,0.0,0.19999999999999987,0.19999999999999998,8.479195157300229e-17,0.19999999999999987,0.19999999999999998,0.0
2012-01-26,0.0,0.19999999999999987,8.359854997082042e-17,3.5236570605778894e-16,5.557032603259405e-17,0.0,0.19999999999999987,0.19999999999999998,8.479195157300229e-17,0.19999999999999987,0.19999999999999998,0.0
2012-01-27,0.0,0.2,0.0,6.996552189689298e-17,0.0,0.1290245083012357,0.11871502162212706,0.1522604700766372,0.0,0.2,0.2,0.0
2012-01-30,0.0,0.2,0.0,6.996552189689298e-17,0.0,0.1290245083012357,0.11871502162212706,0.1522604700766372,0.0,0.2,0.2,0.0
2012-01-31,0.0,0.2,0.0,6.996552189689298e-17,0.0,0.1290245083012357,0.11871502162212706,0.1522604700766372,0.0,0.2,0.2,0.0
2012-02-01,0.0,0.2,0.0,6.996552189689298e-17,0.0,0.1290245083012357,0.11871502162212706,0.1522604700766372,0.0,0.2,0.2,0.0
2012-02-02,0.0,0.2,0.0,6.996552189689298e-17,0.0,0.1290245083012357,0.11871502162212706,0.1522604700766372,0.0,0.2,0.2,0.0
2012-02-03,1.1323604871919967e-17,0.19999999999999976,0.0,0.0,5.0089918252300056e-17,0.13506562638843156,0.1526891987864912,0.11224517482507744,0.0,0.2,0.2,0.0
2012-02-06,1.1323604871919967e-17,0.19999999999999976,0.0,0.0,5.0089918252300056e-17,0.13506562638843156,0.1526891987864912,0.11224517482507744,0.0,0.2,0.2,0.0
2012-02-07,1.1323604871919967e-17,0.19999999999999976,0.0,0.0,5.0089918252300056e-17,0.13506562638843156,0.1526891987864912,0.11224517482507744,0.0,0.2,0.2,0.0
2012-02-08,1.1323604871919967e-17,0.19999999999999976,0.0,0.0,5.0089918252300056e-17,0.13506562638843156,0.1526891987864912,0.11224517482507744,0.0,0.2,0.2,0.0
2012-02-09,1.1323604871919967e-17,0.19999999999999976,0.0,0.0,5.0089918252300056e-17,0.13506562638843156,0.1526891987864912,0.11224517482507744,0.0,0.2,0.2,0.0
2012-02-10,1.373534452854112e-16,0.1999999999999999,4.4168472288776036e-17,5.060356595471621e-17,1.1565312962899753e-16,0.10952240443771258,0.13981865901267934,0.1506589365496083,0.0,0.19999999999999976,0.1999999999999999,1.371710627574458e-17
2012-02-13,1.373534452854112e-16,0.1999999999999999,4.4168472288776036e-17,5.060356595471621e-17,1.1565312962899753e-16,0.10952240443771258,0.13981865901267934,0.1506589365496083,0.0,0.19999999999999976,0.1999999999999999,1.371710627574458e-17
2012-02-14,1.373534452854112e-16,0.1999999999999999,4.4168472288776036e-17,5.060356595471621e-17,1.1565312962899753e-16,0.10952240443771258,0.13981865901267934,0.1506589365496083,0.0,0.19999999999999976,0.1999999999999999,1.371710627574458e-17
2012-02-15,1.373534452854112e-16,0.1999999999999999,4.4168472288776036e-17,5.060356595471621e-17,1.1565312962899753e-16,0.10952240443771258,0.13981865901267934,0.1506589365496083,0.0,0.19999999999999976,0.1999999999999999,1.371710627574458e-17
2012-02-16,1.373534452854112e-16,0.1999999999999999,4.4168472288776036e-17,5.060356595471621e-17,1.1565312962899753e-16,0.10952240443771258,0.13981865901267934,0.1506589365496083,0.0,0.19999999999999976,0.1999999999999999,1.371710627574458e-17
2012-02-17,1.6368149219081606e-16,0.1999999999999997,0.0,1.357395151551252e-16,0.0,1.8388068845354155e-16,0.19999999999999993,0.1999999999999999,0.0,0.2,0.2,2.230745277848198e-17
2012-02-21,1.6368149219081606e-16,0.1999999999999997,0.0,1.357395151551252e-16,0.0,1.8388068845354155e-16,0.19999999999999993,0.1999999999999999,0.0,0.2,0.2,2.230745277848198e-17
2012-02-22,1.6368149219081606e-16,0.1999999999999997,0.0,1.357395151551252e-16,0.0,1.8388068845354155e-16,0.19999999999999993,0.1999999999999999,0.0,0.2,0.2,2.230745277848198e-17
2012-02-23,1.6368149219081606e-16,0.1999999999999997,0.0,1.357395151551252e-16,0.0,1.8388068845354155e-16,0.19999999999999993,0.1999999999999999,0.0,0.2,0.2,2.230745277848198e-17
2012-02-24,1.6368149219081606e-16,0.1999999999999997,0.0,1.357395151551252e-16,0.0,1.8388068845354155e-16,0.19999999999999993,0.1999999999999999,0.0,0.2,0.2,2.230745277848198e-17
2012-02-27,0.0,0.19506796974021703,1.2750217548429532e-16,2.6020852139652106e-18,6.765421556309548e-17,0.1319318501674979,0.13176443219485723,0.14123574789742757,4.423544863740858e-17,0.19999999999999998,0.2,1.9081958235744878e-17
2012-02-28,0.0,0.19506796974021703,1.2750217548429532e-16,2.6020852139652106e-18,6.765421556309548e-17,0.1319318501674979,0.13176443219485723,0.14123574789742757,4.423544863740858e-17,0.19999999999999998,0.2,1.9081958235744878e-17
2012-02-29,0.0,0.19506796974021703,1.2750217548429532e-16,2.6020852139652106e-18,6.765421556309548e-17,0.1319318501674979,0.13176443219485723,0.14123574789742757,4.423544863740858e-17,0.19999999999999998,0.2,1.9081958235744878e-17
2012-03-01,0.0,0.19506796974021703,1.2750217548429532e-16,2.6020852139652106e-18,6.765421556309548e-17,0.1319318501674979,0.13176443219485723,0.14123574789742757,4.423544863740858e-17,0.19999999999999998,0.2,1.9081958235744878e-17
2012-03-02,0.0,0.19506796974021703,1.2750217548429532e-16,2.6020852139652106e-18,6.765421556309548e-17,0.1319318501674979,0.13176443219485723,0.14123574789742757,4.423544863740858e-17,0.19999999999999998,0.2,1.9081958235744878e-17
2012-03-05,1.7564075194265172e-17,0.14483385800514872,0.0,0.0,6.906367838732663e-17,0.14296600644906957,0.1999999999999999,0.11220013554578216,0.0,0.2,0.19999999999999993,0.0
2012-03-06,1.7564075194265172e-17,0.14483385800514872,0.0,0.0,6.906367838732663e-17,0.14296600644906957,0.1999999999999999,0.11220013554578216,0.0,0.2,0.19999999999999993,0.0
2012-03-07,1.7564075194265172e-17,0.14483385800514872,0.0,0.0,6.906367838732663e-17,0.14296600644906957,0.1999999999999999,0.11220013554578216,0.0,0.2,0.19999999999999993,0.0
2012-03-08,1.7564075194265172e-17,0.14483385800514872,0.0,0.0,6.906367838732663e-17,0.14296600644906957,0.1999999999999999,0.11220013554578216,0.0,0.2,0.19999999999999993,0.0
2012-03-09,1.7564075194265172e-17,0.14483385800514872,0.0,0.0,6.906367838732663e-17,0.14296600644906957,0.1999999999999999,0.11220013554578216,0.0,0.2,0.19999999999999993,0.0
2012-03-12,0.2,0.0,0.0,1.600553457131726e-17,7.37257477290143e-17,0.19999999999999993,0.1999999999999999,1.6455478472898744e-16,0.0,0.2,0.1999999999999998,3.3957212042246e-16
2012-03-13,0.2,0.0,0.0,1.600553457131726e-17,7.37257477290143e-17,0.19999999999999993,0.1999999999999999,1.6455478472898744e-16,0.0,0.2,0.1999999999999998,3.3957212042246e-16
2012-03-14,0.2,0.0,0.0,1.600553457131726e-17,7.37257477290143e-17,0.19999999999999993,0.1999999999999999,1.6455478472898744e-16,0.0,0.2,0.1999999999999998,3.3957212042246e-16
2012-03-15,0.2,0.0,0.0,1.600553457131726e-17,7.37257477290143e-17,0.19999999999999993,0.1999999999999999,1.6455478472898744e-16,0.0,0.2,0.1999999999999998,3.3957212042246e-16
2012-03-16,0.2,0.0,0.0,1.600553457131726e-17,7.37257477290143e-17,0.19999999999999993,0.1999999999999999,1.6455478472898744e-16,0.0,0.2,0.1999999999999998,3.3957212042246e-16
2012-03-19,0.19999999999999976,0.14654111742132592,9.608039224273018e-17,8.493803614545287e-17,1.7792380510064612e-16,0.2,0.1549164836033537,0.0,1.9330808062452957e-17,0.19999999999999973,0.09854239897532086,5.766620469015696e-17
2012-03-20,0.19999999999999976,0.14654111742132592,9.608039224273018e-17,8.493803614545287e-17,1.7792380510064612e-16,0.2,0.1549164836033537,0.0,1.9330808062452957e-17,0.19999999999999973,0.09854239897532086,5.766620469015696e-17
2012-03-21,0.19999999999999976,0.14654111742132592,9.608039224273018e-17,8.493803614545287e-17,1.7792380510064612e-16,0.2,0.1549164836033537,0.0,1.9330808062452957e-17,0.19999999999999973,0.09854239897532086,5.766620469015696e-17
2012-03-22,0.19999999999999976,0.14654111742132592,9.608039224273018e-17,8.493803614545287e-17,1.7792380510064612e-16,0.2,0.1549164836033537,0.0,1.9330808062452957e-17,0.19999999999999973,0.09854239897532086,5.766620469015696e-17
2012-03-23,0.19999999999999976,0.14654111742132592,9.608039224273018e-17,8.493803614545287e-17,1.7792380510064612e-16,0.2,0.1549164836033537,0.0,1.9330808062452957e-17,0.19999999999999973,0.09854239897532086,5.766620469015696e-17
2012-03-26,0.19999999999999996,0.11056161044369094,0.0,0.0,0.0,0.2,0.19999999999999943,6.627790912215895e-16,0.0,0.2,0.08943838955630906,0.0
2012-03-27,0.19999999999999996,0.11056161044369094,0.0,0.0,0.0,0.2,0.19999999999999943,6.627790912215895e-16,0.0,0.2,0.08943838955630906,0.0
2012-03-28,0.19999999999999996,0.11056161044369094,0.0,0.0,0.0,0.2,0.19999999999999943,6.627790912215895e-16,0.0,0.2,0.08943838955630906,0.0
2012-03-29,0.19999999999999996,0.11056161044369094,0.0,0.0,0.0,0.2,0.19999999999999943,6.627790912215895e-16,0.0,0.2,0.08943838955630906,0.0
2012-03-30,0.19999999999999996,0.11056161044369094,0.0,0.0,0.0,0.2,0.19999999999999943,6.627790912215895e-16,0.0,0.2,0.08943838955630906,0.0
2012-04-02,0.2,0.12432640282202055,0.0,0.0,0.0,0.2,0.130932520337476,0.0,0.0,0.2,0.14474107684050364,0.0
2012-04-03,0.2,0.12432640282202055,0.0,0.0,0.0,0.2,0.130932520337476,0.0,0.0,0.2,0.14474107684050364,0.0
2012-04-04,0.2,0.12432640282202055,0.0,0.0,0.0,0.2,0.130932520337476,0.0,0.0,0.2,0.14474107684050364,0.0
2012-04-05,0.2,0.12432640282202055,0.0,0.0,0.0,0.2,0.130932520337476,0.0,0.0,0.2,0.14474107684050364,0.0
2012-04-09,0.2,0.12432640282202055,0.0,0.0,0.0,0.2,0.130932520337476,0.0,0.0,0.2,0.14474107684050364,0.0
2012-04-10,0.19999999999999998,0.15878076790857296,0.0,0.0,0.0,0.19999999999999993,0.14791380564703122,1.457167719820518e-16,0.0,0.2,0.09330542644439586,0.0
2012-04-11,0.19999999999999998,0.15878076790857296,0.0,0.0,0.0,0.19999999999999993,0.14791380564703122,1.457167719820518e-16,0.0,0.2,0.09330542644439586,0.0
2012-04-12,0.19999999999999998,0.15878076790857296,0.0,0.0,0.0,0.19999999999999993,0.14791380564703122,1.457167719820518e-16,0.0,0.2,0.09330542644439586,0.0
2012-04-13,0.19999999999999998,0.15878076790857296,0.0,0.0,0.0,0.19999999999999993,0.14791380564703122,1.457167719820518e-16,0.0,0.2,0.09330542644439586,0.0
2012-04-16,0.19999999999999998,0.15878076790857296,0.0,0.0,0.0,0.19999999999999993,0.14791380564703122,1.457167719820518e-16,0.0,0.2,0.09330542644439586,0.0
2012-04-17,0.2,0.0,2.5507858583079748e-17,3.0839225044926704e-17,0.0,0.2,0.12269982731682992,0.13646302411010036,4.304836835170237e-17,0.19999999999999996,0.14083714857306967,1.7041366679910238e-17
2012-04-18,0.2,0.0,2.5507858583079748e-17,3.0839225044926704e-17,0.0,0.2,0.12269982731682992,0.13646302411010036,4.304836835170237e-17,0.19999999999999996,0.14083714857306967,1.7041366679910238e-17
2012-04-19,0.2,0.0,2.5507858583079748e-17,3.0839225044926704e-17,0.0,0.2,0.12269982731682992,0.13646302411010036,4.304836835170237e-17,0.19999999999999996,0.14083714857306967,1.7041366679910238e-17
2012-04-20,0.2,0.0,2.5507858583079748e-17,3.0839225044926704e-17,0.0,0.2,0.12269982731682992,0.13646302411010036,4.304836835170237e-17,0.19999999999999996,0.14083714857306967,1.7041366679910238e-17
2012-04-23,0.2,0.0,2.5507858583079748e-17,3.0839225044926704e-17,0.0,0.2,0.12269982731682992,0.13646302411010036,4.304836835170237e-17,0.19999999999999996,0.14083714857306967,1.7041366679910238e-17
2012-04-24,0.2,3.200564813177209e-16,0.0,2.3237700849768502e-17,0.0,0.19999999999999987,0.1999999999999999,0.19999999999999957,0.0,0.2,1.0440109873823821e-17,3.7497327316781223e-16
2012-04-25,0.2,3.200564813177209e-16,0.0,2.3237700849768502e-17,0.0,0.19999999999999987,0.1999999999999999,0.19999999999999957,0.0,0.2,1.0440109873823821e-17,3.7497327316781223e-16
2012-04-26,0.2,3.200564813177209e-16,0.0,2.3237700849768502e-17,0.0,0.19999999999999987,0.1999999999999999,0.19999999999999957,0.0,0.2,1.0440109873823821e-17,3.7497327316781223e-16
2012-04-27,0.2,3.200564813177209e-16,0.0,2.3237700849768502e-17,0.0,0.19999999999999987,0.1999999999999999,0.19999999999999957,0.0,0.2,1.0440109873823821e-17,3.7497327316781223e-16
2012-04-30,0.2,3.200564813177209e-16,0.0,2.3237700849768502e-17,0.0,0.19999999999999987,0.1999999999999999,0.19999999999999957,0.0,0.2,1.0440109873823821e-17,3.7497327316781223e-16
2012-05-01,0.2,3.200564813177209e-16,0.0,2.3237700849768502e-17,0.0,0.19999999999999987,0.1999999999999999,0.19999999999999957,0.0,0.2,1.0440109873823821e-17,3.7497327316781223e-16
2012-05-02,0.2,3.200564813177209e-16,0.0,2.3237700849768502e-17,0.0,0.19999999999999987,0.1999999999999999,0.19999999999999957,0.0,0.2,1.0440109873823821e-17,3.7497327316781223e-16
2012-05-03,0.2,3.200564813177209e-16,0.0,2.3237700849768502e-17,0.0,0.19999999999999987,0.1999999999999999,0.19999999999999957,0.0,0.2,1.0440109873823821e-17,3.7497327316781223e-16
2012-05-04,0.2,3.200564813177209e-16,0.0,2.3237700849768502e-17,0.0,0.19999999999999987,0.1999999999999999,0.19999999999999957,0.0,0.2,1.0440109873823821e-17,3.7497327316781223e-16
2012-05-07,0.2,3.200564813177209e-16,0.0,2.3237700849768502e-17,0.0,0.19999999999999987,0.1999999999999999,0.19999999999999957,0.0,0.2,1.0440109873823821e-17,3.7497327316781223e-16
2012-05-08,0.1609397259378245,1.8735013540549517e-16,0.0,2.846030702774449e-17,1.9569849213363355e-17,0.1999999999999999,0.13525318172124154,0.1427284231425374,1.0787811616230769e-17,0.19999999999999987,0.1610786691983966,2.6020852139652106e-17
2012-05-09,0.1609397259378245,1.8735013540549517e-16,0.0,2.846030702774449e-17,1.9569849213363355e-17,0.1999999999999999,0.13525318172124154,0.1427284231425374,1.0787811616230769e-17,0.19999999999999987,0.1610786691983966,2.6020852139652106e-17
2012-05-10,0.1609397259378245,1.8735013540549517e-16,0.0,2.846030702774449e-17,1.9569849213363355e-17,0.1999999999999999,0.13525318172124154,0.1427284231425374,1.0787811616230769e-17,0.19999999999999987,0.1610786691983966,2.6020852139652106e-17
2012-05-11,0.1609397259378245,1.8735013540549517e-16,0.0,2.846030702774449e-17,1.9569849213363355e-17,0.1999999999999999,0.13525318172124154,0.1427284231425374,1.0787811616230769e-17,0.19999999999999987,0.1610786691983966,2.6020852139652106e-17
2012-05-14,0.1609397259378245,1.8735013540549517e-16,0.0,2.846030702774449e-17,1.9569849213363355e-17,0.1999999999999999,0.13525318172124154,0.1427284231425374,1.0787811616230769e-17,0.19999999999999987,0.1610786691983966,2.6020852139652106e-17
2012-05-15,0.16228052080624378,0.03771947919375632,1.7005629408320464e-17,9.42321510176323e-19,5.03434806032041e-18,0.0,0.2,0.19999999999999998,1.0323069448288219e-17,0.2,0.2,0.0
2012-05-16,0.16228052080624378,0.03771947919375632,1.7005629408320464e-17,9.42321510176323e-19,5.03434806032041e-18,0.0,0.2,0.19999999999999998,1.0323069448288219e-17,0.2,0.2,0.0
2012-05-17,0.16228052080624378,0.03771947919375632,1.7005629408320464e-17,9.42321510176323e-19,5.03434806032041e-18,0.0,0.2,0.19999999999999998,1.0323069448288219e-17,0.2,0.2,0.0
2012-05-18,0.16228052080624378,0.03771947919375632,1.7005629408320464e-17,9.42321510176323e-19,5.03434806032041e-18,0.0,0.2,0.19999999999999998,1.0323069448288219e-17,0.2,0.2,0.0
2012-05-21,0.16228052080624378,0.03771947919375632,1.7005629408320464e-17,9.42321510176323e-19,5.03434806032041e-18,0.0,0.2,0.19999999999999998,1.0323069448288219e-17,0.2,0.2,0.0
2012-05-22,0.16228052080624378,0.03771947919375632,1.7005629408320464e-17,9.42321510176323e-19,5.03434806032041e-18,0.0,0.2,0.19999999999999998,1.0323069448288219e-17,0.2,0.2,0.0
2012-05-23,0.16228052080624378,0.03771947919375632,1.7005629408320464e-17,9.42321510176323e-19,5.03434806032041e-18,0.0,0.2,0.19999999999999998,1.0323069448288219e-17,0.2,0.2,0.0
2012-05-24,0.16228052080624378,0.03771947919375632,1.7005629408320464e-17,9.42321510176323e-19,5.03434806032041e-18,0.0,0.2,0.19999999999999998,1.0323069448288219e-17,0.2,0.2,0.0
2012-05-25,0.16228052080624378,0.03771947919375632,1.7005629408320464e-17,9.42321510176323e-19,5.03434806032041e-18,0.0,0.2,0.19999999999999998,1.0323069448288219e-17,0.2,0.2,0.0
2012-05-29,0.16228052080624378,0.03771947919375632,1.7005629408320464e-17,9.42321510176323e-19,5.03434806032041e-18,0.0,0.2,0.19999999999999998,1.0323069448288219e-17,0.2,0.2,0.0
2012-05-30,0.16228052080624378,0.03771947919375632,1.7005629408320464e-17,9.42321510176323e-19,5.03434806032041e-18,0.0,0.2,0.19999999999999998,1.0323069448288219e-17,0.2,0.2,0.0
2012-05-31,0.16228052080624378,0.03771947919375632,1.7005629408320464e-17,9.42321510176323e-19,5.03434806032041e-18,0.0,0.2,0.19999999999999998,1.0323069448288219e-17,0.2,0.2,0.0
2012-06-01,0.16228052080624378,0.03771947919375632,1.7005629408320464e-17,9.42321510176323e-19,5.03434806032041e-18,0.0,0.2,0.19999999999999998,1.0323069448288219e-17,0.2,0.2,0.0
2012-06-04,0.16228052080624378,0.03771947919375632,1.7005629408320464e-17,9.42321510176323e-19,5.03434806032041e-18,0.0,0.2,0.19999999999999998,1.0323069448288219e-17,0.2,0.2,0.0
2012-06-05,0.16228052080624378,0.03771947919375632,1.7005629408320464e-17,9.42321510176323e-19,5.03434806032041e-18,0.0,0.2,0.19999999999999998,1.0323069448288219e-17,0.2,0.2,0.0
2012-06-06,0.10341216164729092,0.10747820937498662,5.047455393405713e-18,1.546260979926018e-17,2.850470458011423e-18,4.154655490542648e-20,0.2,0.2,4.577957814512893e-18,0.19999999999999998,0.18910962897772257,9.469499468041673e-20
2012-06-07,0.10341216164729092,0.10747820937498662,5.047455393405713e-18,1.546260979926018e-17,2.850470458011423e-18,4.154655490542648e-20,0.2,0.2,4.577957814512893e-18,0.19999999999999998,0.18910962897772257,9.469499468041673e-20
2012-06-08,0.10341216164729092,0.10747820937498662,5.047455393405713e-18,1.546260979926018e-17,2.850470458011423e-18,4.154655490542648e-20,0.2,0.2,4.577957814512893e-18,0.19999999999999998,0.18910962897772257,9.469499468041673e-20
2012-06-11,0.10341216164729092,0.10747820937498662,5.047455393405713e-18,1.546260979926018e-17,2.850470458011423e-18,4.154655490542648e-20,0.2,0.2,4.577957814512893e-18,0.19999999999999998,0.18910962897772257,9.469499468041673e-20
2012-06-12,0.10341216164729092,0.10747820937498662,5.047455393405713e-18,1.546260979926018e-17,2.850470458011423e-18,4.154655490542648e-20,0.2,0.2,4.577957814512893e-18,0.19999999999999998,0.18910962897772257,9.469499468041673e-20
2012-06-13,0.10341216164729092,0.10747820937498662,5.047455393405713e-18,1.546260979926018e-17,2.850470458011423e-18,4.154655490542648e-20,0.2,0.2,4.577957814512893e-18,0.19999999999999998,0.18910962897772257,9.469499468041673e-20
2012-06-14,0.10341216164729092,0.10747820937498662,5.047455393405713e-18,1.546260979926018e-17,2.850470458011423e-18,4.154655490542648e-20,0.2,0.2,4.577957814512893e-18,0.19999999999999998,0.18910962897772257,9.469499468041673e-20
2012-06-15,0.10341216164729092,0.10747820937498662,5.047455393405713e-18,1.546260979926018e-17,2.850470458011423e-18,4.154655490542648e-20,0.2,0.2,4.577957814512893e-18,0.19999999999999998,0.18910962897772257,9.469499468041673e-20
2012-06-18,0.10341216164729092,0.10747820937498662,5.047455393405713e-18,1.546260979926018e-17,2.850470458011423e-18,4.154655490542648e-20,0.2,0.2,4.577957814512893e-18,0.19999999999999998,0.18910962897772257,9.469499468041673e-20
2012-06-19,0.10341216164729092,0.10747820937498662,5.047455393405713e-18,1.546260979926018e-17,2.850470458011423e-18,4.154655490542648e-20,0.2,0.2,4.577957814512893e-18,0.19999999999999998,0.18910962897772257,9.469499468041673e-20
2012-06-20,0.10341216164729092,0.10747820937498662,5.047455393405713e-18,1.546260979926018e-17,2.850470458011423e-18,4.154655490542648e-20,0.2,0.2,4.577957814512893e-18,0.19999999999999998,0.18910962897772257,9.469499468041673e-20
2012-06-21,0.10341216164729092,0.10747820937498662,5.047455393405713e-18,1.546260979926018e-17,2.850470458011423e-18,4.154655490542648e-20,0.2,0.2,4.577957814512893e-18,0.19999999999999998,0.18910962897772257,9.469499468041673e-20
2012-06-22,0.10341216164729092,0.10747820937498662,5.047455393405713e-18,1.546260979926018e-17,2.850470458011423e-18,4.154655490542648e-20,0.2,0.2,4.577957814512893e-18,0.19999999999999998,0.18910962897772257,9.469499468041673e-20
2012-06-25,0.10341216164729092,0.10747820937498662,5.047455393405713e-18,1.546260979926018e-17,2.850470458011423e-18,4.154655490542648e-20,0.2,0.2,4.577957814512893e-18,0.19999999999999998,0.18910962897772257,9.469499468041673e-20
2012-06-26,0.10341216164729092,0.10747820937498662,5.047455393405713e-18,1.546260979926018e-17,2.850470458011423e-18,4.154655490542648e-20,0.2,0.2,4.577957814512893e-18,0.19999999999999998,0.18910962897772257,9.469499468041673e-20
2012-06-27,0.13765652550865243,0.07476976991010913,0.0,1.2918943814282428e-17,6.158259366300112e-17,0.0,0.2,0.1999999999999999,2.54363433349647e-17,0.2,0.18757370458123832,1.8985409513729845e-17
2012-06-28,0.13765652550865243,0.07476976991010913,0.0,1.2918943814282428e-17,6.158259366300112e-17,0.0,0.2,0.1999999999999999,2.54363433349647e-17,0.2,0.18757370458123832,1.8985409513729845e-17
2012-06-29,0.13765652550865243,0.07476976991010913,0.0,1.2918943814282428e-17,6.158259366300112e-17,0.0,0.2,0.1999999999999999,2.54363433349647e-17,0.2,0.18757370458123832,1.8985409513729845e-17
2012-07-02,0.13765652550865243,0.07476976991010913,0.0,1.2918943814282428e-17,6.158259366300112e-17,0.0,0.2,0.1999999999999999,2.54363433349647e-17,0.2,0.18757370458123832,1.8985409513729845e-17
2012-07-03,0.13765652550865243,0.07476976991010913,0.0,1.2918943814282428e-17,6.158259366300112e-17,0.0,0.2,0.1999999999999999,2.54363433349647e-17,0.2,0.18757370458123832,1.8985409513729845e-17
2012-07-05,0.13765652550865243,0.07476976991010913,0.0,1.2918943814282428e-17,6.158259366300112e-17,0.0,0.2,0.1999999999999999,2.54363433349647e-17,0.2,0.18757370458123832,1.8985409513729845e-17
2012-07-06,0.13765652550865243,0.07476976991010913,0.0,1.2918943814282428e-17,6.158259366300112e-17,0.0,0.2,0.1999999999999999,2.54363433349647e-17,0.2,0.18757370458123832,1.8985409513729845e-17
2012-07-09,0.13765652550865243,0.07476976991010913,0.0,1.2918943814282428e-17,6.158259366300112e-17,0.0,0.2,0.1999999999999999,2.54363433349647e-17,0.2,0.18757370458123832,1.8985409513729845e-17
2012-07-10,0.13765652550865243,0.07476976991010913,0.0,1.2918943814282428e-17,6.158259366300112e-17,0.0,0.2,0.1999999999999999,2.54363433349647e-17,0.2,0.18757370458123832,1.8985409513729845e-17
2012-07-11,0.13765652550865243,0.07476976991010913,0.0,1.2918943814282428e-17,6.158259366300112e-17,0.0,0.2,0.1999999999999999,2.54363433349647e-17,0.2,0.18757370458123832,1.8985409513729845e-17
2012-07-12,0.13765652550865243,0.07476976991010913,0.0,1.2918943814282428e-17,6.158259366300112e-17,0.0,0.2,0.1999999999999999,2.54363433349647e-17,0.2,0.18757370458123832,1.8985409513729845e-17
2012-07-13,0.13765652550865243,0.07476976991010913,0.0,1.2918943814282428e-17,6.158259366300112e-17,0.0,0.2,0.1999999999999999,2.54363433349647e-17,0.2,0.18757370458123832,1.8985409513729845e-17
2012-07-16,0.13765652550865243,0.07476976991010913,0.0,1.2918943814282428e-17,6.158259366300112e-17,0.0,0.2,0.1999999999999999,2.54363433349647e-17,0.2,0.18757370458123832,1.8985409513729845e-17
2012-07-17,0.13765652550865243,0.07476976991010913,0.0,1.2918943814282428e-17,6.158259366300112e-17,0.0,0.2,0.1999999999999999,2.54363433349647e-17,0.2,0.18757370458123832,1.8985409513729845e-17
2012-07-18,0.13765652550865243,0.07476976991010913,0.0,1.2918943814282428e-17,6.158259366300112e-17,0.0,0.2,0.1999999999999999,2.54363433349647e-17,0.2,0.18757370458123832,1.8985409513729845e-17
2012-07-19,0.13765652550865243,0.07476976991010913,0.0,1.2918943814282428e-17,6.158259366300112e-17,0.0,0.2,0.1999999999999999,2.54363433349647e-17,0.2,0.18757370458123832,1.8985409513729845e-17
2012-07-20,0.13765652550865243,0.07476976991010913,0.0,1.2918943814282428e-17,6.158259366300112e-17,0.0,0.2,0.1999999999999999,2.54363433349647e-17,0.2,0.18757370458123832,1.8985409513729845e-17
2012-07-23,0.13765652550865243,0.07476976991010913,0.0,1.2918943814282428e-17,6.158259366300112e-17,0.0,0.2,0.1999999999999999,2.54363433349647e-17,0.2,0.18757370458123832,1.8985409513729845e-17
2012-07-24,0.13765652550865243,0.07476976991010913,0.0,1.2918943814282428e-17,6.158259366300112e-17,0.0,0.2,0.1999999999999999,2.54363433349647e-17,0.2,0.18757370458123832,1.8985409513729845e-17
2012-07-25,0.13765652550865243,0.07476976991010913,0.0,1.2918943814282428e-17,6.158259366300112e-17,0.0,0.2,0.1999999999999999,2.54363433349647e-17,0.2,0.18757370458123832,1.8985409513729845e-17
2012-07-26,0.13765652550865243,0.07476976991010913,0.0,1.2918943814282428e-17,6.158259366300112e-17,0.0,0.2,0.1999999999999999,2.54363433349647e-17,0.2,0.18757370458123832,1.8985409513729845e-17
2012-07-27,0.13765652550865243,0.07476976991010913,0.0,1.2918943814282428e-17,6.158259366300112e-17,0.0,0.2,0.1999999999999999,2.54363433349647e-17,0.2,0.18757370458123832,1.8985409513729845e-17
2012-07-30,0.13765652550865243,0.07476976991010913,0.0,1.2918943814282428e-17,6.158259366300112e-17,0.0,0.2,0.1999999999999999,2.54363433349647e-17,0.2,0.18757370458123832,1.8985409513729845e-17
2012-07-31,0.13765652550865243,0.07476976991010913,0.0,1.2918943814282428e-17,6.158259366300112e-17,0.0,0.2,0.1999999999999999,2.54363433349647e-17,0.2,0.18757370458123832,1.8985409513729845e-17
2012-08-01,0.13765652550865243,0.07476976991010913,0.0,1.2918943814282428e-17,6.158259366300112e-17,0.0,0.2,0.1999999999999999,2.54363433349647e-17,0.2,0.18757370458123832,1.8985409513729845e-17
2012-08-02,0.2,0.2,0.0,0.0,0.0,0.0,0.2,0.2,0.0,0.2,0.0,2.0187844451680093e-16
2012-08-03,0.2,0.2,0.0,0.0,0.0,0.0,0.2,0.2,0.0,0.2,0.0,2.0187844451680093e-16
2012-08-06,0.2,0.2,0.0,0.0,0.0,0.0,0.2,0.2,0.0,0.2,0.0,2.0187844451680093e-16
2012-08-07,0.2,0.2,0.0,0.0,0.0,0.0,0.2,0.2,0.0,0.2,0.0,2.0187844451680093e-16
2012-08-08,0.2,0.2,0.0,0.0,0.0,0.0,0.2,0.2,0.0,0.2,0.0,2.0187844451680093e-16
2012-08-09,0.19999999999999982,0.2,0.0,1.2739342526861491e-16,0.146132712021062,0.2,0.04123507874689547,0.086801405259901,3.0995343150069256e-16,1.0391039602103937e-16,6.8014153150638505e-18,0.1258308039721412
2012-08-10,0.19999999999999982,0.2,0.0,1.2739342526861491e-16,0.146132712021062,0.2,0.04123507874689547,0.086801405259901,3.0995343150069256e-16,1.0391039602103937e-16,6.8014153150638505e-18,0.1258308039721412
2012-08-13,0.19999999999999982,0.2,0.0,1.2739342526861491e-16,0.146132712021062,0.2,0.04123507874689547,0.086801405259901,3.0995343150069256e-16,1.0391039602103937e-16,6.8014153150638505e-18,0.1258308039721412
2012-08-14,0.19999999999999982,0.2,0.0,1.2739342526861491e-16,0.146132712021062,0.2,0.04123507874689547,0.086801405259901,3.0995343150069256e-16,1.0391039602103937e-16,6.8014153150638505e-18,0.1258308039721412
2012-08-15,0.19999999999999982,0.2,0.0,1.2739342526861491e-16,0.146132712021062,0.2,0.04123507874689547,0.086801405259901,3.0995343150069256e-16,1.0391039602103937e-16,6.8014153150638505e-18,0.1258308039721412
2012-08-16,0.19999999999999982,0.19999999999999993,0.0442220599243124,4.6927180807057943e-17,0.0,0.1999999999999997,0.19999999999999982,1.2781985293931336e-16,2.0912880725882375e-16,0.09521312455231717,2.4262847960682377e-16,0.06056481552337066
2012-08-17,0.19999999999999982,0.19999999999999993,0.0442220599243124,4.6927180807057943e-17,0.0,0.1999999999999997,0.19999999999999982,1.2781985293931336e-16,2.0912880725882375e-16,0.09521312455231717,2.4262847960682377e-16,0.06056481552337066
2012-08-20,0.19999999999999982,0.19999999999999993,0.0442220599243124,4.6927180807057943e-17,0.0,0.1999999999999997,0.19999999999999982,1.2781985293931336e-16,2.0912880725882375e-16,0.09521312455231717,2.4262847960682377e-16,0.06056481552337066
2012-08-21,0.19999999999999982,0.19999999999999993,0.0442220599243124,4.6927180807057943e-17,0.0,0.1999999999999997,0.19999999999999982,1.2781985293931336e-16,2.0912880725882375e-16,0.09521312455231717,2.4262847960682377e-16,0.06056481552337066
2012-08-22,0.19999999999999982,0.19999999999999993,0.0442220599243124,4.6927180807057943e-17,0.0,0.1999999999999997,0.19999999999999982,1.2781985293931336e-16,2.0912880725882375e-16,0.09521312455231717,2.4262847960682377e-16,0.06056481552337066
2012-08-23,0.2,0.0,0.2,0.0,0.1999999999999999,0.2,2.2434470690076543e-16,0.0,0.0,0.0,0.0,0.2
2012-08-24,0.2,0.0,0.2,0.0,0.1999999999999999,0.2,2.2434470690076543e-16,0.0,0.0,0.0,0.0,0.2
2012-08-27,0.2,0.0,0.2,0.0,0.1999999999999999,0.2,2.2434470690076543e-16,0.0,0.0,0.0,0.0,0.2
2012-08-28,0.2,0.0,0.2,0.0,0.1999999999999999,0.2,2.2434470690076543e-16,0.0,0.0,0.0,0.0,0.2
2012-08-29,0.2,0.0,0.2,0.0,0.1999999999999999,0.2,2.2434470690076543e-16,0.0,0.0,0.0,0.0,0.2
2012-08-30,0.19999999999999996,0.11924068695012108,0.11755375711058778,0.0,0.0,0.19999999999999984,0.06981852318176605,1.1675799793475033e-16,5.693834308774318e-17,0.12101933417114584,2.1717465270117505e-16,0.1723676985863793
2012-08-31,0.19999999999999996,0.11924068695012108,0.11755375711058778,0.0,0.0,0.19999999999999984,0.06981852318176605,1.1675799793475033e-16,5.693834308774318e-17,0.12101933417114584,2.1717465270117505e-16,0.1723676985863793
2012-09-04,0.19999999999999996,0.11924068695012108,0.11755375711058778,0.0,0.0,0.19999999999999984,0.06981852318176605,1.1675799793475033e-16,5.693834308774318e-17,0.12101933417114584,2.1717465270117505e-16,0.1723676985863793
2012-09-05,0.19999999999999996,0.11924068695012108,0.11755375711058778,0.0,0.0,0.19999999999999984,0.06981852318176605,1.1675799793475033e-16,5.693834308774318e-17,0.12101933417114584,2.1717465270117505e-16,0.1723676985863793
2012-09-06,0.19999999999999996,0.11924068695012108,0.11755375711058778,0.0,0.0,0.19999999999999984,0.06981852318176605,1.1675799793475033e-16,5.693834308774318e-17,0.12101933417114584,2.1717465270117505e-16,0.1723676985863793
2012-09-07,0.19999999999999984,0.19999999999999948,0.19999999999999996,1.8133521481972653e-16,0.0,0.19999999999999996,2.4978277183626775e-16,1.2930949629543515e-16,5.906145404543268e-17,1.8926976215229305e-16,1.1231009877082637e-16,0.19999999999999998
2012-09-10,0.19999999999999984,0.19999999999999948,0.19999999999999996,1.8133521481972653e-16,0.0,0.19999999999999996,2.4978277183626775e-16,1.2930949629543515e-16,5.906145404543268e-17,1.8926976215229305e-16,1.1231009877082637e-16,0.19999999999999998
2012-09-11,0.19999999999999984,0.19999999999999948,0.19999999999999996,1.8133521481972653e-16,0.0,0.19999999999999996,2.4978277183626775e-16,1.2930949629543515e-16,5.906145404543268e-17,1.8926976215229305e-16,1.1231009877082637e-16,0.19999999999999998
2012-09-12,0.19999999999999984,0.19999999999999948,0.19999999999999996,1.8133521481972653e-16,0.0,0.19999999999999996,2.4978277183626775e-16,1.2930949629543515e-16,5.906145404543268e-17,1.8926976215229305e-16,1.1231009877082637e-16,0.19999999999999998
2012-09-13,0.19999999999999984,0.19999999999999948,0.19999999999999996,1.8133521481972653e-16,0.0,0.19999999999999996,2.4978277183626775e-16,1.2930949629543515e-16,5.906145404543268e-17,1.8926976215229305e-16,1.1231009877082637e-16,0.19999999999999998
2012-09-14,0.19999999999999984,0.11207173084343583,0.19999999999999998,0.0,0.08792826915656404,0.19999999999999987,2.7748039839975035e-16,1.1698506148047903e-16,1.1342200786486312e-16,1.0552244246920485e-16,3.8957061691305556e-16,0.1999999999999997
2012-09-17,0.19999999999999984,0.11207173084343583,0.19999999999999998,0.0,0.08792826915656404,0.19999999999999987,2.7748039839975035e-16,1.1698506148047903e-16,1.1342200786486312e-16,1.0552244246920485e-16,3.8957061691305556e-16,0.1999999999999997
2012-09-18,0.19999999999999984,0.11207173084343583,0.19999999999999998,0.0,0.08792826915656404,0.19999999999999987,2.7748039839975035e-16,1.1698506148047903e-16,1.1342200786486312e-16,1.0552244246920485e-16,3.8957061691305556e-16,0.1999999999999997
2012-09-19,0.19999999999999984,0.11207173084343583,0.19999999999999998,0.0,0.08792826915656404,0.19999999999999987,2.7748039839975035e-16,1.1698506148047903e-16,1.1342200786486312e-16,1.0552244246920485e-16,3.8957061691305556e-16,0.1999999999999997
2012-09-20,0.19999999999999984,0.11207173084343583,0.19999999999999998,0.0,0.08792826915656404,0.19999999999999987,2.7748039839975035e-16,1.1698506148047903e-16,1.1342200786486312e-16,1.0552244246920485e-16,3.8957061691305556e-16,0.1999999999999997
2012-09-21,0.19999999999999984,0.11207173084343583,0.19999999999999998,0.0,0.08792826915656404,0.19999999999999987,2.7748039839975035e-16,1.1698506148047903e-16,1.1342200786486312e-16,1.0552244246920485e-16,3.8957061691305556e-16,0.1999999999999997
2012-09-24,0.19999999999999984,0.11207173084343583,0.19999999999999998,0.0,0.08792826915656404,0.19999999999999987,2.7748039839975035e-16,1.1698506148047903e-16,1.1342200786486312e-16,1.0552244246920485e-16,3.8957061691305556e-16,0.1999999999999997
2012-09-25,0.19999999999999984,0.11207173084343583,0.19999999999999998,0.0,0.08792826915656404,0.19999999999999987,2.7748039839975035e-16,1.1698506148047903e-16,1.1342200786486312e-16,1.0552244246920485e-16,3.8957061691305556e-16,0.1999999999999997
2012-09-26,0.19999999999999984,0.11207173084343583,0.19999999999999998,0.0,0.08792826915656404,0.19999999999999987,2.7748039839975035e-16,1.1698506148047903e-16,1.1342200786486312e-16,1.0552244246920485e-16,3.8957061691305556e-16,0.1999999999999997
2012-09-27,0.19999999999999984,0.11207173084343583,0.19999999999999998,0.0,0.08792826915656404,0.19999999999999987,2.7748039839975035e-16,1.1698506148047903e-16,1.1342200786486312e-16,1.0552244246920485e-16,3.8957061691305556e-16,0.1999999999999997
2012-09-28,0.2,0.2,0.2,0.0,0.0,0.1999999999999999,0.0,0.0,1.2919664648272129e-16,0.0,5.33467206520702e-17,0.2
2012-10-01,0.2,0.2,0.2,0.0,0.0,0.1999999999999999,0.0,0.0,1.2919664648272129e-16,0.0,5.33467206520702e-17,0.2
2012-10-02,0.2,0.2,0.2,0.0,0.0,0.1999999999999999,0.0,0.0,1.2919664648272129e-16,0.0,5.33467206520702e-17,0.2
2012-10-03,0.2,0.2,0.2,0.0,0.0,0.1999999999999999,0.0,0.0,1.2919664648272129e-16,0.0,5.33467206520702e-17,0.2
2012-10-04,0.2,0.2,0.2,0.0,0.0,0.1999999999999999,0.0,0.0,1.2919664648272129e-16,0.0,5.33467206520702e-17,0.2
2012-10-05,0.2,0.2,0.2,0.0,0.0,0.1999999999999999,0.0,0.0,1.2919664648272129e-16,0.0,5.33467206520702e-17,0.2
2012-10-08,0.2,0.2,0.2,0.0,0.0,0.1999999999999999,0.0,0.0,1.2919664648272129e-16,0.0,5.33467206520702e-17,0.2
2012-10-09,0.2,0.2,0.2,0.0,0.0,0.1999999999999999,0.0,0.0,1.2919664648272129e-16,0.0,5.33467206520702e-17,0.2
2012-10-10,0.2,0.2,0.2,0.0,0.0,0.1999999999999999,0.0,0.0,1.2919664648272129e-16,0.0,5.33467206520702e-17,0.2
2012-10-11,0.2,0.2,0.2,0.0,0.0,0.1999999999999999,0.0,0.0,1.2919664648272129e-16,0.0,5.33467206520702e-17,0.2
2012-10-12,0.13863670307898437,0.2,0.2,6.998525023393931e-17,6.497081518619385e-17,0.2,0.06136329692101599,0.0,0.0,0.0,0.0,0.19999999999999982
2012-10-15,0.13863670307898437,0.2,0.2,6.998525023393931e-17,6.497081518619385e-17,0.2,0.06136329692101599,0.0,0.0,0.0,0.0,0.19999999999999982
2012-10-16,0.13863670307898437,0.2,0.2,6.998525023393931e-17,6.497081518619385e-17,0.2,0.06136329692101599,0.0,0.0,0.0,0.0,0.19999999999999982
2012-10-17,0.13863670307898437,0.2,0.2,6.998525023393931e-17,6.497081518619385e-17,0.2,0.06136329692101599,0.0,0.0,0.0,0.0,0.19999999999999982
2012-10-18,0.13863670307898437,0.2,0.2,6.998525023393931e-17,6.497081518619385e-17,0.2,0.06136329692101599,0.0,0.0,0.0,0.0,0.19999999999999982
2012-10-19,0.0954831728700218,0.2,0.2,6.483528991463317e-17,5.2562121322097255e-16,0.2,0.10451682712997755,1.1503385050071202e-16,9.127772526466852e-17,0.0,0.0,0.1999999999999998
2012-10-22,0.0954831728700218,0.2,0.2,6.483528991463317e-17,5.2562121322097255e-16,0.2,0.10451682712997755,1.1503385050071202e-16,9.127772526466852e-17,0.0,0.0,0.1999999999999998
2012-10-23,0.0954831728700218,0.2,0.2,6.483528991463317e-17,5.2562121322097255e-16,0.2,0.10451682712997755,1.1503385050071202e-16,9.127772526466852e-17,0.0,0.0,0.1999999999999998
2012-10-24,0.0954831728700218,0.2,0.2,6.483528991463317e-17,5.2562121322097255e-16,0.2,0.10451682712997755,1.1503385050071202e-16,9.127772526466852e-17,0.0,0.0,0.1999999999999998
2012-10-25,0.0954831728700218,0.2,0.2,6.483528991463317e-17,5.2562121322097255e-16,0.2,0.10451682712997755,1.1503385050071202e-16,9.127772526466852e-17,0.0,0.0,0.1999999999999998
2012-10-26,0.0,0.2,0.2,0.0,1.1275702593849246e-16,0.19999999999999998,0.2,8.239936510889834e-17,0.0,0.0,3.2959746043559335e-17,0.2
2012-10-31,0.0,0.2,0.2,0.0,1.1275702593849246e-16,0.19999999999999998,0.2,8.239936510889834e-17,0.0,0.0,3.2959746043559335e-17,0.2
2012-11-01,0.0,0.2,0.2,0.0,1.1275702593849246e-16,0.19999999999999998,0.2,8.239936510889834e-17,0.0,0.0,3.2959746043559335e-17,0.2
2012-11-02,0.0,0.2,0.2,0.0,1.1275702593849246e-16,0.19999999999999998,0.2,8.239936510889834e-17,0.0,0.0,3.2959746043559335e-17,0.2
2012-11-05,0.0,0.2,0.2,0.0,1.1275702593849246e-16,0.19999999999999998,0.2,8.239936510889834e-17,0.0,0.0,3.2959746043559335e-17,0.2
2012-11-06,0.0,0.2,0.2,0.0,1.1275702593849246e-16,0.19999999999999998,0.2,8.239936510889834e-17,0.0,0.0,3.2959746043559335e-17,0.2
2012-11-07,0.0,0.2,0.2,0.0,1.1275702593849246e-16,0.19999999999999998,0.2,8.239936510889834e-17,0.0,0.0,3.2959746043559335e-17,0.2
2012-11-08,0.0,0.2,0.2,0.0,1.1275702593849246e-16,0.19999999999999998,0.2,8.239936510889834e-17,0.0,0.0,3.2959746043559335e-17,0.2
2012-11-09,0.0,0.2,0.2,0.0,1.1275702593849246e-16,0.19999999999999998,0.2,8.239936510889834e-17,0.0,0.0,3.2959746043559335e-17,0.2
2012-11-12,0.0,0.2,0.2,0.0,1.1275702593849246e-16,0.19999999999999998,0.2,8.239936510889834e-17,0.0,0.0,3.2959746043559335e-17,0.2
2012-11-13,5.679651391701178e-19,0.19999999999999996,1.3486068940734414e-18,4.820865407382039e-18,5.7612332656851835e-18,0.053085953223858236,0.2,0.2,4.334313129582735e-18,0.2,0.09568283409366424,0.05123121268247763
2012-11-14,5.679651391701178e-19,0.19999999999999996,1.3486068940734414e-18,4.820865407382039e-18,5.7612332656851835e-18,0.053085953223858236,0.2,0.2,4.334313129582735e-18,0.2,0.09568283409366424,0.05123121268247763
2012-11-15,5.679651391701178e-19,0.19999999999999996,1.3486068940734414e-18,4.820865407382039e-18,5.7612332656851835e-18,0.053085953223858236,0.2,0.2,4.334313129582735e-18,0.2,0.09568283409366424,0.05123121268247763
2012-11-16,5.679651391701178e-19,0.19999999999999996,1.3486068940734414e-18,4.820865407382039e-18,5.7612332656851835e-18,0.053085953223858236,0.2,0.2,4.334313129582735e-18,0.2,0.09568283409366424,0.05123121268247763
2012-11-19,5.679651391701178e-19,0.19999999999999996,1.3486068940734414e-18,4.820865407382039e-18,5.7612332656851835e-18,0.053085953223858236,0.2,0.2,4.334313129582735e-18,0.2,0.09568283409366424,0.05123121268247763
2012-11-20,2.141518739864223e-16,0.19999999999999987,7.260844362052878e-18,3.319398152915744e-19,1.3772590761393488e-17,1.3907249065135584e-17,0.2,0.2,0.0,0.19999999999999998,0.10236447228827851,0.09763552771172163
2012-11-21,2.141518739864223e-16,0.19999999999999987,7.260844362052878e-18,3.319398152915744e-19,1.3772590761393488e-17,1.3907249065135584e-17,0.2,0.2,0.0,0.19999999999999998,0.10236447228827851,0.09763552771172163
2012-11-23,2.141518739864223e-16,0.19999999999999987,7.260844362052878e-18,3.319398152915744e-19,1.3772590761393488e-17,1.3907249065135584e-17,0.2,0.2,0.0,0.19999999999999998,0.10236447228827851,0.09763552771172163
2012-11-26,2.141518739864223e-16,0.19999999999999987,7.260844362052878e-18,3.319398152915744e-19,1.3772590761393488e-17,1.3907249065135584e-17,0.2,0.2,0.0,0.19999999999999998,0.10236447228827851,0.09763552771172163
2012-11-27,2.141518739864223e-16,0.19999999999999987,7.260844362052878e-18,3.319398152915744e-19,1.3772590761393488e-17,1.3907249065135584e-17,0.2,0.2,0.0,0.19999999999999998,0.10236447228827851,0.09763552771172163
2012-11-28,3.547152399004664e-17,0.19999999999999996,4.317699215911684e-21,1.9299583392072205e-18,1.013189533488166e-18,0.033121542965603275,0.19999999999999996,0.2,4.416215926555686e-21,0.2,0.12694205785607454,0.039936399178322236
2012-11-29,3.547152399004664e-17,0.19999999999999996,4.317699215911684e-21,1.9299583392072205e-18,1.013189533488166e-18,0.033121542965603275,0.19999999999999996,0.2,4.416215926555686e-21,0.2,0.12694205785607454,0.039936399178322236
2012-11-30,3.547152399004664e-17,0.19999999999999996,4.317699215911684e-21,1.9299583392072205e-18,1.013189533488166e-18,0.033121542965603275,0.19999999999999996,0.2,4.416215926555686e-21,0.2,0.12694205785607454,0.039936399178322236
2012-12-03,3.547152399004664e-17,0.19999999999999996,4.317699215911684e-21,1.9299583392072205e-18,1.013189533488166e-18,0.033121542965603275,0.19999999999999996,0.2,4.416215926555686e-21,0.2,0.12694205785607454,0.039936399178322236
2012-12-04,3.547152399004664e-17,0.19999999999999996,4.317699215911684e-21,1.9299583392072205e-18,1.013189533488166e-18,0.033121542965603275,0.19999999999999996,0.2,4.416215926555686e-21,0.2,0.12694205785607454,0.039936399178322236
2012-12-05,0.013472863224516369,0.19999999999999996,1.814720422561698e-17,2.3154534370508655e-17,1.285450663537202e-17,0.09273377897534206,0.19999999999999998,0.2,0.0,0.2,0.09379335780014135,2.543232580143905e-16
2012-12-06,0.013472863224516369,0.19999999999999996,1.814720422561698e-17,2.3154534370508655e-17,1.285450663537202e-17,0.09273377897534206,0.19999999999999998,0.2,0.0,0.2,0.09379335780014135,2.543232580143905e-16
2012-12-07,0.013472863224516369,0.19999999999999996,1.814720422561698e-17,2.3154534370508655e-17,1.285450663537202e-17,0.09273377897534206,0.19999999999999998,0.2,0.0,0.2,0.09379335780014135,2.543232580143905e-16
2012-12-10,0.013472863224516369,0.19999999999999996,1.814720422561698e-17,2.3154534370508655e-17,1.285450663537202e-17,0.09273377897534206,0.19999999999999998,0.2,0.0,0.2,0.09379335780014135,2.543232580143905e-16
2012-12-11,0.013472863224516369,0.19999999999999996,1.814720422561698e-17,2.3154534370508655e-17,1.285450663537202e-17,0.09273377897534206,0.19999999999999998,0.2,0.0,0.2,0.09379335780014135,2.543232580143905e-16
2012-12-12,0.013472863224516369,0.19999999999999996,1.814720422561698e-17,2.3154534370508655e-17,1.285450663537202e-17,0.09273377897534206,0.19999999999999998,0.2,0.0,0.2,0.09379335780014135,2.543232580143905e-16
2012-12-13,0.013472863224516369,0.19999999999999996,1.814720422561698e-17,2.3154534370508655e-17,1.285450663537202e-17,0.09273377897534206,0.19999999999999998,0.2,0.0,0.2,0.09379335780014135,2.543232580143905e-16
2012-12-14,0.013472863224516369,0.19999999999999996,1.814720422561698e-17,2.3154534370508655e-17,1.285450663537202e-17,0.09273377897534206,0.19999999999999998,0.2,0.0,0.2,0.09379335780014135,2.543232580143905e-16
2012-12-17,0.013472863224516369,0.19999999999999996,1.814720422561698e-17,2.3154534370508655e-17,1.285450663537202e-17,0.09273377897534206,0.19999999999999998,0.2,0.0,0.2,0.09379335780014135,2.543232580143905e-16
2012-12-18,0.013472863224516369,0.19999999999999996,1.814720422561698e-17,2.3154534370508655e-17,1.285450663537202e-17,0.09273377897534206,0.19999999999999998,0.2,0.0,0.2,0.09379335780014135,2.543232580143905e-16
2012-12-19,9.08533107201748e-19,0.2,3.0654534216482005e-18,1.058221366470565e-18,2.3905920630202255e-20,0.10607470376985993,0.19999999999999998,0.2,2.4799852553260177e-18,0.2,0.068166364164842,0.025758932065297873
2012-12-20,9.08533107201748e-19,0.2,3.0654534216482005e-18,1.058221366470565e-18,2.3905920630202255e-20,0.10607470376985993,0.19999999999999998,0.2,2.4799852553260177e-18,0.2,0.068166364164842,0.025758932065297873
2012-12-21,9.08533107201748e-19,0.2,3.0654534216482005e-18,1.058221366470565e-18,2.3905920630202255e-20,0.10607470376985993,0.19999999999999998,0.2,2.4799852553260177e-18,0.2,0.068166364164842,0.025758932065297873
2012-12-24,9.08533107201748e-19,0.2,3.0654534216482005e-18,1.058221366470565e-18,2.3905920630202255e-20,0.10607470376985993,0.19999999999999998,0.2,2.4799852553260177e-18,0.2,0.068166364164842,0.025758932065297873
2012-12-26,9.08533107201748e-19,0.2,3.0654534216482005e-18,1.058221366470565e-18,2.3905920630202255e-20,0.10607470376985993,0.19999999999999998,0.2,2.4799852553260177e-18,0.2,0.068166364164842,0.025758932065297873
2012-12-27,1.3999695032059892e-19,0.2,1.862928481437307e-17,1.7937422651861507e-16,1.5752394061510143e-17,0.06882058621540049,0.2,0.19999999999999993,0.0,0.2,0.09968355665881448,0.031495857125784794
2012-12-28,1.3999695032059892e-19,0.2,1.862928481437307e-17,1.7937422651861507e-16,1.5752394061510143e-17,0.06882058621540049,0.2,0.19999999999999993,0.0,0.2,0.09968355665881448,0.031495857125784794
2012-12-31,1.3999695032059892e-19,0.2,1.862928481437307e-17,1.7937422651861507e-16,1.5752394061510143e-17,0.06882058621540049,0.2,0.19999999999999993,0.0,0.2,0.09968355665881448,0.031495857125784794
2013-01-02,1.3999695032059892e-19,0.2,1.862928481437307e-17,1.7937422651861507e-16,1.5752394061510143e-17,0.06882058621540049,0.2,0.19999999999999993,0.0,0.2,0.09968355665881448,0.031495857125784794
2013-01-03,1.3999695032059892e-19,0.2,1.862928481437307e-17,1.7937422651861507e-16,1.5752394061510143e-17,0.06882058621540049,0.2,0.19999999999999993,0.0,0.2,0.09968355665881448,0.031495857125784794
2013-01-04,0.0,0.2,0.050283585709457554,3.779146882213415e-17,1.1579427579784215e-17,0.021227952718019517,0.2,0.19999999999999998,0.0,0.2,0.12848846157252305,3.108635955844251e-18
2013-01-07,0.0,0.2,0.050283585709457554,3.779146882213415e-17,1.1579427579784215e-17,0.021227952718019517,0.2,0.19999999999999998,0.0,0.2,0.12848846157252305,3.108635955844251e-18
2013-01-08,0.0,0.2,0.050283585709457554,3.779146882213415e-17,1.1579427579784215e-17,0.021227952718019517,0.2,0.19999999999999998,0.0,0.2,0.12848846157252305,3.108635955844251e-18
2013-01-09,0.0,0.2,0.050283585709457554,3.779146882213415e-17,1.1579427579784215e-17,0.021227952718019517,0.2,0.19999999999999998,0.0,0.2,0.12848846157252305,3.108635955844251e-18
2013-01-10,0.0,0.2,0.050283585709457554,3.779146882213415e-17,1.1579427579784215e-17,0.021227952718019517,0.2,0.19999999999999998,0.0,0.2,0.12848846157252305,3.108635955844251e-18
2013-01-11,0.05712599675557753,0.19999999999999984,0.1999999999999998,4.9439619065339e-17,0.08868790955344252,0.19999999999999984,8.586881206085195e-17,8.239936510889834e-17,0.054186093690980264,9.703609443745265e-17,1.0195566179510562e-16,0.1999999999999999
2013-01-14,0.05712599675557753,0.19999999999999984,0.1999999999999998,4.9439619065339e-17,0.08868790955344252,0.19999999999999984,8.586881206085195e-17,8.239936510889834e-17,0.054186093690980264,9.703609443745265e-17,1.0195566179510562e-16,0.1999999999999999
2013-01-15,0.05712599675557753,0.19999999999999984,0.1999999999999998,4.9439619065339e-17,0.08868790955344252,0.19999999999999984,8.586881206085195e-17,8.239936510889834e-17,0.054186093690980264,9.703609443745265e-17,1.0195566179510562e-16,0.1999999999999999
2013-01-16,0.05712599675557753,0.19999999999999984,0.1999999999999998,4.9439619065339e-17,0.08868790955344252,0.19999999999999984,8.586881206085195e-17,8.239936510889834e-17,0.054186093690980264,9.703609443745265e-17,1.0195566179510562e-16,0.1999999999999999
2013-01-17,0.05712599675557753,0.19999999999999984,0.1999999999999998,4.9439619065339e-17,0.08868790955344252,0.19999999999999984,8.586881206085195e-17,8.239936510889834e-17,0.054186093690980264,9.703609443745265e-17,1.0195566179510562e-16,0.1999999999999999
2013-01-18,0.08967237351846401,0.19999999999999996,0.2,6.418476861114186e-17,3.3046482217358175e-16,0.19999999999999993,0.11032762648153556,1.8073403644849076e-16,9.30618912429344e-17,8.543605361880394e-17,3.414465204381017e-18,0.19999999999999982
2013-01-22,0.08967237351846401,0.19999999999999996,0.2,6.418476861114186e-17,3.3046482217358175e-16,0.19999999999999993,0.11032762648153556,1.8073403644849076e-16,9.30618912429344e-17,8.543605361880394e-17,3.414465204381017e-18,0.19999999999999982
2013-01-23,0.08967237351846401,0.19999999999999996,0.2,6.418476861114186e-17,3.3046482217358175e-16,0.19999999999999993,0.11032762648153556,1.8073403644849076e-16,9.30618912429344e-17,8.543605361880394e-17,3.414465204381017e-18,0.19999999999999982
2013-01-24,0.08967237351846401,0.19999999999999996,0.2,6.418476861114186e-17,3.3046482217358175e-16,0.19999999999999993,0.11032762648153556,1.8073403644849076e-16,9.30618912429344e-17,8.543605361880394e-17,3.414465204381017e-18,0.19999999999999982
2013-01-25,0.08967237351846401,0.19999999999999996,0.2,6.418476861114186e-17,3.3046482217358175e-16,0.19999999999999993,0.11032762648153556,1.8073403644849076e-16,9.30618912429344e-17,8.543605361880394e-17,3.414465204381017e-18,0.19999999999999982
2013-01-28,0.0,0.19999999999999998,0.19999999999999982,7.892469582520114e-17,0.10433435610631078,0.19999999999999998,0.14588337549316371,0.0,0.0,3.299295017876005e-17,0.0,0.14978226840052575
2013-01-29,0.0,0.19999999999999998,0.19999999999999982,7.892469582520114e-17,0.10433435610631078,0.19999999999999998,0.14588337549316371,0.0,0.0,3.299295017876005e-17,0.0,0.14978226840052575
2013-01-30,0.0,0.19999999999999998,0.19999999999999982,7.892469582520114e-17,0.10433435610631078,0.19999999999999998,0.14588337549316371,0.0,0.0,3.299295017876005e-17,0.0,0.14978226840052575
2013-01-31,0.0,0.19999999999999998,0.19999999999999982,7.892469582520114e-17,0.10433435610631078,0.19999999999999998,0.14588337549316371,0.0,0.0,3.299295017876005e-17,0.0,0.14978226840052575
2013-02-01,0.0,0.19999999999999998,0.19999999999999982,7.892469582520114e-17,0.10433435610631078,0.19999999999999998,0.14588337549316371,0.0,0.0,3.299295017876005e-17,0.0,0.14978226840052575
2013-02-04,0.0,0.2,0.2,0.0,2.706168622523819e-16,0.2,0.2,2.2082056352051346e-18,0.0,0.0,0.0,0.2
2013-02-05,0.0,0.2,0.2,0.0,2.706168622523819e-16,0.2,0.2,2.2082056352051346e-18,0.0,0.0,0.0,0.2
2013-02-06,0.0,0.2,0.2,0.0,2.706168622523819e-16,0.2,0.2,2.2082056352051346e-18,0.0,0.0,0.0,0.2
2013-02-07,0.0,0.2,0.2,0.0,2.706168622523819e-16,0.2,0.2,2.2082056352051346e-18,0.0,0.0,0.0,0.2
2013-02-08,0.0,0.2,0.2,0.0,2.706168622523819e-16,0.2,0.2,2.2082056352051346e-18,0.0,0.0,0.0,0.2
2013-02-11,0.0,0.2,0.2,0.0,2.706168622523819e-16,0.2,0.2,2.2082056352051346e-18,0.0,0.0,0.0,0.2
2013-02-12,0.0,0.2,0.2,0.0,2.706168622523819e-16,0.2,0.2,2.2082056352051346e-18,0.0,0.0,0.0,0.2
2013-02-13,0.0,0.2,0.2,0.0,2.706168622523819e-16,0.2,0.2,2.2082056352051346e-18,0.0,0.0,0.0,0.2
2013-02-14,0.0,0.2,0.2,0.0,2.706168622523819e-16,0.2,0.2,2.2082056352051346e-18,0.0,0.0,0.0,0.2
2013-02-15,0.0,0.2,0.2,0.0,2.706168622523819e-16,0.2,0.2,2.2082056352051346e-18,0.0,0.0,0.0,0.2
2013-02-19,0.0,0.2,0.2,0.0,2.706168622523819e-16,0.2,0.2,2.2082056352051346e-18,0.0,0.0,0.0,0.2
2013-02-20,0.0,0.2,0.2,0.0,2.706168622523819e-16,0.2,0.2,2.2082056352051346e-18,0.0,0.0,0.0,0.2
2013-02-21,0.0,0.2,0.2,0.0,2.706168622523819e-16,0.2,0.2,2.2082056352051346e-18,0.0,0.0,0.0,0.2
2013-02-22,0.0,0.2,0.2,0.0,2.706168622523819e-16,0.2,0.2,2.2082056352051346e-18,0.0,0.0,0.0,0.2
2013-02-25,0.0,0.2,0.2,0.0,2.706168622523819e-16,0.2,0.2,2.2082056352051346e-18,0.0,0.0,0.0,0.2
2013-02-26,0.0,0.2,0.2,0.0,2.706168622523819e-16,0.2,0.2,2.2082056352051346e-18,0.0,0.0,0.0,0.2
2013-02-27,0.0,0.2,0.2,0.0,2.706168622523819e-16,0.2,0.2,2.2082056352051346e-18,0.0,0.0,0.0,0.2
2013-02-28,0.0,0.2,0.2,0.0,2.706168622523819e-16,0.2,0.2,2.2082056352051346e-18,0.0,0.0,0.0,0.2
2013-03-01,0.0,0.2,0.2,0.0,2.706168622523819e-16,0.2,0.2,2.2082056352051346e-18,0.0,0.0,0.0,0.2
2013-03-04,0.0,0.2,0.2,0.0,2.706168622523819e-16,0.2,0.2,2.2082056352051346e-18,0.0,0.0,0.0,0.2
2013-03-05,1.1818208176732322e-16,0.19999999999999996,0.19999999999999984,2.1295107452856793e-17,0.0515987489067158,0.1999999999999999,0.19999999999999987,1.3877787807814457e-17,0.0,0.0,0.0,0.14840125109328473
2013-03-06,1.1818208176732322e-16,0.19999999999999996,0.19999999999999984,2.1295107452856793e-17,0.0515987489067158,0.1999999999999999,0.19999999999999987,1.3877787807814457e-17,0.0,0.0,0.0,0.14840125109328473
2013-03-07,1.1818208176732322e-16,0.19999999999999996,0.19999999999999984,2.1295107452856793e-17,0.0515987489067158,0.1999999999999999,0.19999999999999987,1.3877787807814457e-17,0.0,0.0,0.0,0.14840125109328473
2013-03-08,1.1818208176732322e-16,0.19999999999999996,0.19999999999999984,2.1295107452856793e-17,0.0515987489067158,0.1999999999999999,0.19999999999999987,1.3877787807814457e-17,0.0,0.0,0.0,0.14840125109328473
2013-03-11,1.1818208176732322e-16,0.19999999999999996,0.19999999999999984,2.1295107452856793e-17,0.0515987489067158,0.1999999999999999,0.19999999999999987,1.3877787807814457e-17,0.0,0.0,0.0,0.14840125109328473
2013-03-12,0.0,0.2,0.2,0.0,0.2,0.2,0.2,0.0,0.0,0.0,0.0,0.0
2013-03-13,0.0,0.2,0.2,0.0,0.2,0.2,0.2,0.0,0.0,0.0,0.0,0.0
2013-03-14,0.0,0.2,0.2,0.0,0.2,0.2,0.2,0.0,0.0,0.0,0.0,0.0
2013-03-15,0.0,0.2,0.2,0.0,0.2,0.2,0.2,0.0,0.0,0.0,0.0,0.0
2013-03-18,0.0,0.2,0.2,0.0,0.2,0.2,0.2,0.0,0.0,0.0,0.0,0.0
2013-03-19,0.0,0.2,0.2,0.0,0.12086163284900209,0.2,0.2,0.0,0.0,9.979393844346398e-18,0.0,0.07913836715099783
2013-03-20,0.0,0.2,0.2,0.0,0.12086163284900209,0.2,0.2,0.0,0.0,9.979393844346398e-18,0.0,0.07913836715099783
2013-03-21,0.0,0.2,0.2,0.0,0.12086163284900209,0.2,0.2,0.0,0.0,9.979393844346398e-18,0.0,0.07913836715099783
2013-03-22,0.0,0.2,0.2,0.0,0.12086163284900209,0.2,0.2,0.0,0.0,9.979393844346398e-18,0.0,0.07913836715099783
2013-03-25,0.0,0.2,0.2,0.0,0.12086163284900209,0.2,0.2,0.0,0.0,9.979393844346398e-18,0.0,0.07913836715099783
2013-03-26,1.9475763404184894e-16,0.19999999999999987,0.19999999999999993,1.559512741477716e-16,0.0,0.19999999999999998,0.19999999999999968,0.1999999999999998,2.541220719760406e-16,2.688183851041758e-16,1.622568167622785e-16,1.9354156892709937e-16
2013-03-27,1.9475763404184894e-16,0.19999999999999987,0.19999999999999993,1.559512741477716e-16,0.0,0.19999999999999998,0.19999999999999968,0.1999999999999998,2.541220719760406e-16,2.688183851041758e-16,1.622568167622785e-16,1.9354156892709937e-16
2013-03-28,1.9475763404184894e-16,0.19999999999999987,0.19999999999999993,1.559512741477716e-16,0.0,0.19999999999999998,0.19999999999999968,0.1999999999999998,2.541220719760406e-16,2.688183851041758e-16,1.622568167622785e-16,1.9354156892709937e-16
2013-04-01,1.9475763404184894e-16,0.19999999999999987,0.19999999999999993,1.559512741477716e-16,0.0,0.19999999999999998,0.19999999999999968,0.1999999999999998,2.541220719760406e-16,2.688183851041758e-16,1.622568167622785e-16,1.9354156892709937e-16
2013-04-02,1.9475763404184894e-16,0.19999999999999987,0.19999999999999993,1.559512741477716e-16,0.0,0.19999999999999998,0.19999999999999968,0.1999999999999998,2.541220719760406e-16,2.688183851041758e-16,1.622568167622785e-16,1.9354156892709937e-16
2013-04-03,1.9475763404184894e-16,0.19999999999999987,0.19999999999999993,1.559512741477716e-16,0.0,0.19999999999999998,0.19999999999999968,0.1999999999999998,2.541220719760406e-16,2.688183851041758e-16,1.622568167622785e-16,1.9354156892709937e-16
2013-04-04,1.9475763404184894e-16,0.19999999999999987,0.19999999999999993,1.559512741477716e-16,0.0,0.19999999999999998,0.19999999999999968,0.1999999999999998,2.541220719760406e-16,2.688183851041758e-16,1.622568167622785e-16,1.9354156892709937e-16
2013-04-05,1.9475763404184894e-16,0.19999999999999987,0.19999999999999993,1.559512741477716e-16,0.0,0.19999999999999998,0.19999999999999968,0.1999999999999998,2.541220719760406e-16,2.688183851041758e-16,1.622568167622785e-16,1.9354156892709937e-16
2013-04-08,1.9475763404184894e-16,0.19999999999999987,0.19999999999999993,1.559512741477716e-16,0.0,0.19999999999999998,0.19999999999999968,0.1999999999999998,2.541220719760406e-16,2.688183851041758e-16,1.622568167622785e-16,1.9354156892709937e-16
2013-04-09,1.9475763404184894e-16,0.19999999999999987,0.19999999999999993,1.559512741477716e-16,0.0,0.19999999999999998,0.19999999999999968,0.1999999999999998,2.541220719760406e-16,2.688183851041758e-16,1.622568167622785e-16,1.9354156892709937e-16
2013-04-10,1.9475763404184894e-16,0.19999999999999987,0.19999999999999993,1.559512741477716e-16,0.0,0.19999999999999998,0.19999999999999968,0.1999999999999998,2.541220719760406e-16,2.688183851041758e-16,1.622568167622785e-16,1.9354156892709937e-16
2013-04-11,1.9475763404184894e-16,0.19999999999999987,0.19999999999999993,1.559512741477716e-16,0.0,0.19999999999999998,0.19999999999999968,0.1999999999999998,2.541220719760406e-16,2.688183851041758e-16,1.622568167622785e-16,1.9354156892709937e-16
2013-04-12,1.9475763404184894e-16,0.19999999999999987,0.19999999999999993,1.559512741477716e-16,0.0,0.19999999999999998,0.19999999999999968,0.1999999999999998,2.541220719760406e-16,2.688183851041758e-16,1.622568167622785e-16,1.9354156892709937e-16
2013-04-15,1.9475763404184894e-16,0.19999999999999987,0.19999999999999993,1.559512741477716e-16,0.0,0.19999999999999998,0.19999999999999968,0.1999999999999998,2.541220719760406e-16,2.688183851041758e-16,1.622568167622785e-16,1.9354156892709937e-16
2013-04-16,1.9475763404184894e-16,0.19999999999999987,0.19999999999999993,1.559512741477716e-16,0.0,0.19999999999999998,0.19999999999999968,0.1999999999999998,2.541220719760406e-16,2.688183851041758e-16,1.622568167622785e-16,1.9354156892709937e-16
2013-04-17,1.9475763404184894e-16,0.19999999999999987,0.19999999999999993,1.559512741477716e-16,0.0,0.19999999999999998,0.19999999999999968,0.1999999999999998,2.541220719760406e-16,2.688183851041758e-16,1.622568167622785e-16,1.9354156892709937e-16
2013-04-18,1.9475763404184894e-16,0.19999999999999987,0.19999999999999993,1.559512741477716e-16,0.0,0.19999999999999998,0.19999999999999968,0.1999999999999998,2.541220719760406e-16,2.688183851041758e-16,1.622568167622785e-16,1.9354156892709937e-16
2013-04-19,1.9475763404184894e-16,0.19999999999999987,0.19999999999999993,1.559512741477716e-16,0.0,0.19999999999999998,0.19999999999999968,0.1999999999999998,2.541220719760406e-16,2.688183851041758e-16,1.622568167622785e-16,1.9354156892709937e-16
2013-04-22,1.9475763404184894e-16,0.19999999999999987,0.19999999999999993,1.559512741477716e-16,0.0,0.19999999999999998,0.19999999999999968,0.1999999999999998,2.541220719760406e-16,2.688183851041758e-16,1.622568167622785e-16,1.9354156892709937e-16
2013-04-23,1.9475763404184894e-16,0.19999999999999987,0.19999999999999993,1.559512741477716e-16,0.0,0.19999999999999998,0.19999999999999968,0.1999999999999998,2.541220719760406e-16,2.688183851041758e-16,1.622568167622785e-16,1.9354156892709937e-16
2013-04-24,1.9475763404184894e-16,0.19999999999999987,0.19999999999999993,1.559512741477716e-16,0.0,0.19999999999999998,0.19999999999999968,0.1999999999999998,2.541220719760406e-16,2.688183851041758e-16,1.622568167622785e-16,1.9354156892709937e-16
2013-04-25,1.9475763404184894e-16,0.19999999999999987,0.19999999999999993,1.559512741477716e-16,0.0,0.19999999999999998,0.19999999999999968,0.1999999999999998,2.541220719760406e-16,2.688183851041758e-16,1.622568167622785e-16,1.9354156892709937e-16
2013-04-26,1.9475763404184894e-16,0.19999999999999987,0.19999999999999993,1.559512741477716e-16,0.0,0.19999999999999998,0.19999999999999968,0.1999999999999998,2.541220719760406e-16,2.688183851041758e-16,1.622568167622785e-16,1.9354156892709937e-16
2013-04-29,1.9475763404184894e-16,0.19999999999999987,0.19999999999999993,1.559512741477716e-16,0.0,0.19999999999999998,0.19999999999999968,0.1999999999999998,2.541220719760406e-16,2.688183851041758e-16,1.622568167622785e-16,1.9354156892709937e-16
2013-04-30,1.9475763404184894e-16,0.19999999999999987,0.19999999999999993,1.559512741477716e-16,0.0,0.19999999999999998,0.19999999999999968,0.1999999999999998,2.541220719760406e-16,2.688183851041758e-16,1.622568167622785e-16,1.9354156892709937e-16
2013-05-01,1.9475763404184894e-16,0.19999999999999987,0.19999999999999993,1.559512741477716e-16,0.0,0.19999999999999998,0.19999999999999968,0.1999999999999998,2.541220719760406e-16,2.688183851041758e-16,1.622568167622785e-16,1.9354156892709937e-16
2013-05-02,1.9475763404184894e-16,0.19999999999999987,0.19999999999999993,1.559512741477716e-16,0.0,0.19999999999999998,0.19999999999999968,0.1999999999999998,2.541220719760406e-16,2.688183851041758e-16,1.622568167622785e-16,1.9354156892709937e-16
2013-05-03,1.9475763404184894e-16,0.19999999999999987,0.19999999999999993,1.559512741477716e-16,0.0,0.19999999999999998,0.19999999999999968,0.1999999999999998,2.541220719760406e-16,2.688183851041758e-16,1.622568167622785e-16,1.9354156892709937e-16
2013-05-06,1.9475763404184894e-16,0.19999999999999987,0.19999999999999993,1.559512741477716e-16,0.0,0.19999999999999998,0.19999999999999968,0.1999999999999998,2.541220719760406e-16,2.688183851041758e-16,1.622568167622785e-16,1.9354156892709937e-16
2013-05-07,1.9475763404184894e-16,0.19999999999999987,0.19999999999999993,1.559512741477716e-16,0.0,0.19999999999999998,0.19999999999999968,0.1999999999999998,2.541220719760406e-16,2.688183851041758e-16,1.622568167622785e-16,1.9354156892709937e-16
2013-05-08,6.4360549835850445e-18,0.2,0.2,1.734723475976807e-16,0.05745110222743723,0.2,0.19999999999999996,0.060378928698694205,0.0,0.0,0.0,0.08216996907386857
2013-05-09,6.4360549835850445e-18,0.2,0.2,1.734723475976807e-16,0.05745110222743723,0.2,0.19999999999999996,0.060378928698694205,0.0,0.0,0.0,0.08216996907386857
2013-05-10,6.4360549835850445e-18,0.2,0.2,1.734723475976807e-16,0.05745110222743723,0.2,0.19999999999999996,0.060378928698694205,0.0,0.0,0.0,0.08216996907386857
2013-05-13,6.4360549835850445e-18,0.2,0.2,1.734723475976807e-16,0.05745110222743723,0.2,0.19999999999999996,0.060378928698694205,0.0,0.0,0.0,0.08216996907386857
2013-05-14,6.4360549835850445e-18,0.2,0.2,1.734723475976807e-16,0.05745110222743723,0.2,0.19999999999999996,0.060378928698694205,0.0,0.0,0.0,0.08216996907386857
2013-05-15,0.0,0.2,0.2,0.0,0.12322703707925654,0.2,0.2,1.716264147016206e-16,0.0,0.0,0.0,0.0767729629207437
2013-05-16,0.0,0.2,0.2,0.0,0.12322703707925654,0.2,0.2,1.716264147016206e-16,0.0,0.0,0.0,0.0767729629207437
2013-05-17,0.0,0.2,0.2,0.0,0.12322703707925654,0.2,0.2,1.716264147016206e-16,0.0,0.0,0.0,0.0767729629207437
2013-05-20,0.0,0.2,0.2,0.0,0.12322703707925654,0.2,0.2,1.716264147016206e-16,0.0,0.0,0.0,0.0767729629207437
2013-05-21,0.0,0.2,0.2,0.0,0.12322703707925654,0.2,0.2,1.716264147016206e-16,0.0,0.0,0.0,0.0767729629207437
2013-05-22,2.8761614381462726e-16,0.19999999999999982,0.19999999999999984,0.1999999999999997,0.19999999999999993,0.19999999999999987,0.0,5.613873902286496e-16,1.663863889731703e-16,4.8853335458984634e-17,1.5326492476789116e-16,0.0
2013-05-23,2.8761614381462726e-16,0.19999999999999982,0.19999999999999984,0.1999999999999997,0.19999999999999993,0.19999999999999987,0.0,5.613873902286496e-16,1.663863889731703e-16,4.8853335458984634e-17,1.5326492476789116e-16,0.0
2013-05-24,2.8761614381462726e-16,0.19999999999999982,0.19999999999999984,0.1999999999999997,0.19999999999999993,0.19999999999999987,0.0,5.613873902286496e-16,1.663863889731703e-16,4.8853335458984634e-17,1.5326492476789116e-16,0.0
2013-05-28,2.8761614381462726e-16,0.19999999999999982,0.19999999999999984,0.1999999999999997,0.19999999999999993,0.19999999999999987,0.0,5.613873902286496e-16,1.663863889731703e-16,4.8853335458984634e-17,1.5326492476789116e-16,0.0
2013-05-29,2.8761614381462726e-16,0.19999999999999982,0.19999999999999984,0.1999999999999997,0.19999999999999993,0.19999999999999987,0.0,5.613873902286496e-16,1.663863889731703e-16,4.8853335458984634e-17,1.5326492476789116e-16,0.0
2013-05-30,6.907517319243977e-17,0.19999999999999993,0.19999999999999962,0.11079953490743943,0.09708667963576008,0.1999999999999996,0.08894783792225673,1.4123919847042676e-16,1.968911145233676e-16,1.3770506103179582e-16,6.707209151961405e-17,0.1031659475345439
2013-05-31,6.907517319243977e-17,0.19999999999999993,0.19999999999999962,0.11079953490743943,0.09708667963576008,0.1999999999999996,0.08894783792225673,1.4123919847042676e-16,1.968911145233676e-16,1.3770506103179582e-16,6.707209151961405e-17,0.1031659475345439
2013-06-03,6.907517319243977e-17,0.19999999999999993,0.19999999999999962,0.11079953490743943,0.09708667963576008,0.1999999999999996,0.08894783792225673,1.4123919847042676e-16,1.968911145233676e-16,1.3770506103179582e-16,6.707209151961405e-17,0.1031659475345439
2013-06-04,6.907517319243977e-17,0.19999999999999993,0.19999999999999962,0.11079953490743943,0.09708667963576008,0.1999999999999996,0.08894783792225673,1.4123919847042676e-16,1.968911145233676e-16,1.3770506103179582e-16,6.707209151961405e-17,0.1031659475345439
2013-06-05,6.907517319243977e-17,0.19999999999999993,0.19999999999999962,0.11079953490743943,0.09708667963576008,0.1999999999999996,0.08894783792225673,1.4123919847042676e-16,1.968911145233676e-16,1.3770506103179582e-16,6.707209151961405e-17,0.1031659475345439
2013-06-06,0.0,0.2,0.19999999999999982,0.19999999999999987,0.2,0.19999999999999987,0.0,0.0,7.37645298006947e-18,1.7112349769315673e-16,1.6305084775302706e-16,1.0755285551056204e-16
2013-06-07,0.0,0.2,0.19999999999999982,0.19999999999999987,0.2,0.19999999999999987,0.0,0.0,7.37645298006947e-18,1.7112349769315673e-16,1.6305084775302706e-16,1.0755285551056204e-16
2013-06-10,0.0,0.2,0.19999999999999982,0.19999999999999987,0.2,0.19999999999999987,0.0,0.0,7.37645298006947e-18,1.7112349769315673e-16,1.6305084775302706e-16,1.0755285551056204e-16
2013-06-11,0.0,0.2,0.19999999999999982,0.19999999999999987,0.2,0.19999999999999987,0.0,0.0,7.37645298006947e-18,1.7112349769315673e-16,1.6305084775302706e-16,1.0755285551056204e-16
2013-06-12,0.0,0.2,0.19999999999999982,0.19999999999999987,0.2,0.19999999999999987,0.0,0.0,7.37645298006947e-18,1.7112349769315673e-16,1.6305084775302706e-16,1.0755285551056204e-16
2013-06-13,0.0,0.2,0.19999999999999982,0.19999999999999987,0.2,0.19999999999999987,0.0,0.0,7.37645298006947e-18,1.7112349769315673e-16,1.6305084775302706e-16,1.0755285551056204e-16
2013-06-14,0.0,0.2,0.19999999999999982,0.19999999999999987,0.2,0.19999999999999987,0.0,0.0,7.37645298006947e-18,1.7112349769315673e-16,1.6305084775302706e-16,1.0755285551056204e-16
2013-06-17,0.0,0.2,0.19999999999999982,0.19999999999999987,0.2,0.19999999999999987,0.0,0.0,7.37645298006947e-18,1.7112349769315673e-16,1.6305084775302706e-16,1.0755285551056204e-16
2013-06-18,0.0,0.2,0.19999999999999982,0.19999999999999987,0.2,0.19999999999999987,0.0,0.0,7.37645298006947e-18,1.7112349769315673e-16,1.6305084775302706e-16,1.0755285551056204e-16
2013-06-19,0.0,0.2,0.19999999999999982,0.19999999999999987,0.2,0.19999999999999987,0.0,0.0,7.37645298006947e-18,1.7112349769315673e-16,1.6305084775302706e-16,1.0755285551056204e-16
2013-06-20,0.0,0.2,0.19999999999999982,0.19999999999999987,0.2,0.19999999999999987,0.0,0.0,7.37645298006947e-18,1.7112349769315673e-16,1.6305084775302706e-16,1.0755285551056204e-16
2013-06-21,0.0,0.2,0.19999999999999982,0.19999999999999987,0.2,0.19999999999999987,0.0,0.0,7.37645298006947e-18,1.7112349769315673e-16,1.6305084775302706e-16,1.0755285551056204e-16
2013-06-24,0.0,0.2,0.19999999999999982,0.19999999999999987,0.2,0.19999999999999987,0.0,0.0,7.37645298006947e-18,1.7112349769315673e-16,1.6305084775302706e-16,1.0755285551056204e-16
2013-06-25,0.0,0.2,0.19999999999999982,0.19999999999999987,0.2,0.19999999999999987,0.0,0.0,7.37645298006947e-18,1.7112349769315673e-16,1.6305084775302706e-16,1.0755285551056204e-16
2013-06-26,0.0,0.2,0.19999999999999982,0.19999999999999987,0.2,0.19999999999999987,0.0,0.0,7.37645298006947e-18,1.7112349769315673e-16,1.6305084775302706e-16,1.0755285551056204e-16
2013-06-27,0.06801670041951688,0.19999999999999998,4.211556482764768e-20,7.063619113381605e-19,7.743056660360048e-19,0.011417497879196983,0.2,0.1856445043692441,4.787000481551215e-19,0.2,0.13492129733204203,6.327257704031859e-17
2013-06-28,0.06801670041951688,0.19999999999999998,4.211556482764768e-20,7.063619113381605e-19,7.743056660360048e-19,0.011417497879196983,0.2,0.1856445043692441,4.787000481551215e-19,0.2,0.13492129733204203,6.327257704031859e-17
2013-07-01,0.06801670041951688,0.19999999999999998,4.211556482764768e-20,7.063619113381605e-19,7.743056660360048e-19,0.011417497879196983,0.2,0.1856445043692441,4.787000481551215e-19,0.2,0.13492129733204203,6.327257704031859e-17
2013-07-02,0.06801670041951688,0.19999999999999998,4.211556482764768e-20,7.063619113381605e-19,7.743056660360048e-19,0.011417497879196983,0.2,0.1856445043692441,4.787000481551215e-19,0.2,0.13492129733204203,6.327257704031859e-17
2013-07-03,0.06801670041951688,0.19999999999999998,4.211556482764768e-20,7.063619113381605e-19,7.743056660360048e-19,0.011417497879196983,0.2,0.1856445043692441,4.787000481551215e-19,0.2,0.13492129733204203,6.327257704031859e-17
2013-07-05,0.03000640644852929,0.2,4.7374694535545146e-20,0.0,2.708385702497646e-20,0.03083591033932871,0.2,0.17921712571776338,7.258229249304522e-18,0.2,0.1349052096778055,0.025035347816573048
2013-07-08,0.03000640644852929,0.2,4.7374694535545146e-20,0.0,2.708385702497646e-20,0.03083591033932871,0.2,0.17921712571776338,7.258229249304522e-18,0.2,0.1349052096778055,0.025035347816573048
2013-07-09,0.03000640644852929,0.2,4.7374694535545146e-20,0.0,2.708385702497646e-20,0.03083591033932871,0.2,0.17921712571776338,7.258229249304522e-18,0.2,0.1349052096778055,0.025035347816573048
2013-07-10,0.03000640644852929,0.2,4.7374694535545146e-20,0.0,2.708385702497646e-20,0.03083591033932871,0.2,0.17921712571776338,7.258229249304522e-18,0.2,0.1349052096778055,0.025035347816573048
2013-07-11,0.03000640644852929,0.2,4.7374694535545146e-20,0.0,2.708385702497646e-20,0.03083591033932871,0.2,0.17921712571776338,7.258229249304522e-18,0.2,0.1349052096778055,0.025035347816573048
2013-07-12,0.03000640644852929,0.2,4.7374694535545146e-20,0.0,2.708385702497646e-20,0.03083591033932871,0.2,0.17921712571776338,7.258229249304522e-18,0.2,0.1349052096778055,0.025035347816573048
2013-07-15,0.03000640644852929,0.2,4.7374694535545146e-20,0.0,2.708385702497646e-20,0.03083591033932871,0.2,0.17921712571776338,7.258229249304522e-18,0.2,0.1349052096778055,0.025035347816573048
2013-07-16,0.03000640644852929,0.2,4.7374694535545146e-20,0.0,2.708385702497646e-20,0.03083591033932871,0.2,0.17921712571776338,7.258229249304522e-18,0.2,0.1349052096778055,0.025035347816573048
2013-07-17,0.03000640644852929,0.2,4.7374694535545146e-20,0.0,2.708385702497646e-20,0.03083591033932871,0.2,0.17921712571776338,7.258229249304522e-18,0.2,0.1349052096778055,0.025035347816573048
2013-07-18,0.03000640644852929,0.2,4.7374694535545146e-20,0.0,2.708385702497646e-20,0.03083591033932871,0.2,0.17921712571776338,7.258229249304522e-18,0.2,0.1349052096778055,0.025035347816573048
2013-07-19,0.0,0.1999999999999998,0.19999999999999996,0.09170555198527186,0.1999999999999998,0.1999999999999999,1.0569593562113137e-16,9.780914263364493e-17,7.821522624253515e-17,1.2163940037440714e-16,2.3198739424049865e-16,0.10829444801472822
2013-07-22,0.0,0.1999999999999998,0.19999999999999996,0.09170555198527186,0.1999999999999998,0.1999999999999999,1.0569593562113137e-16,9.780914263364493e-17,7.821522624253515e-17,1.2163940037440714e-16,2.3198739424049865e-16,0.10829444801472822
2013-07-23,0.0,0.1999999999999998,0.19999999999999996,0.09170555198527186,0.1999999999999998,0.1999999999999999,1.0569593562113137e-16,9.780914263364493e-17,7.821522624253515e-17,1.2163940037440714e-16,2.3198739424049865e-16,0.10829444801472822
2013-07-24,0.0,0.1999999999999998,0.19999999999999996,0.09170555198527186,0.1999999999999998,0.1999999999999999,1.0569593562113137e-16,9.780914263364493e-17,7.821522624253515e-17,1.2163940037440714e-16,2.3198739424049865e-16,0.10829444801472822
2013-07-25,0.0,0.1999999999999998,0.19999999999999996,0.09170555198527186,0.1999999999999998,0.1999999999999999,1.0569593562113137e-16,9.780914263364493e-17,7.821522624253515e-17,1.2163940037440714e-16,2.3198739424049865e-16,0.10829444801472822
2013-07-26,2.2835181900804826e-16,0.1999999999999997,0.1999999999999999,0.0,0.19999999999999965,0.1999999999999999,2.9358672626239587e-16,0.0,4.511050268301709e-16,2.4020242910944526e-16,6.758837597439596e-17,0.19999999999999996
2013-07-29,2.2835181900804826e-16,0.1999999999999997,0.1999999999999999,0.0,0.19999999999999965,0.1999999999999999,2.9358672626239587e-16,0.0,4.511050268301709e-16,2.4020242910944526e-16,6.758837597439596e-17,0.19999999999999996
2013-07-30,2.2835181900804826e-16,0.1999999999999997,0.1999999999999999,0.0,0.19999999999999965,0.1999999999999999,2.9358672626239587e-16,0.0,4.511050268301709e-16,2.4020242910944526e-16,6.758837597439596e-17,0.19999999999999996
2013-07-31,2.2835181900804826e-16,0.1999999999999997,0.1999999999999999,0.0,0.19999999999999965,0.1999999999999999,2.9358672626239587e-16,0.0,4.511050268301709e-16,2.4020242910944526e-16,6.758837597439596e-17,0.19999999999999996
2013-08-01,2.2835181900804826e-16,0.1999999999999997,0.1999999999999999,0.0,0.19999999999999965,0.1999999999999999,2.9358672626239587e-16,0.0,4.511050268301709e-16,2.4020242910944526e-16,6.758837597439596e-17,0.19999999999999996
2013-08-02,2.2835181900804826e-16,0.1999999999999997,0.1999999999999999,0.0,0.19999999999999965,0.1999999999999999,2.9358672626239587e-16,0.0,4.511050268301709e-16,2.4020242910944526e-16,6.758837597439596e-17,0.19999999999999996
2013-08-05,2.2835181900804826e-16,0.1999999999999997,0.1999999999999999,0.0,0.19999999999999965,0.1999999999999999,2.9358672626239587e-16,0.0,4.511050268301709e-16,2.4020242910944526e-16,6.758837597439596e-17,0.19999999999999996
2013-08-06,2.2835181900804826e-16,0.1999999999999997,0.1999999999999999,0.0,0.19999999999999965,0.1999999999999999,2.9358672626239587e-16,0.0,4.511050268301709e-16,2.4020242910944526e-16,6.758837597439596e-17,0.19999999999999996
2013-08-07,2.2835181900804826e-16,0.1999999999999997,0.1999999999999999,0.0,0.19999999999999965,0.1999999999999999,2.9358672626239587e-16,0.0,4.511050268301709e-16,2.4020242910944526e-16,6.758837597439596e-17,0.19999999999999996
2013-08-08,2.2835181900804826e-16,0.1999999999999997,0.1999999999999999,0.0,0.19999999999999965,0.1999999999999999,2.9358672626239587e-16,0.0,4.511050268301709e-16,2.4020242910944526e-16,6.758837597439596e-17,0.19999999999999996
2013-08-09,2.2835181900804826e-16,0.1999999999999997,0.1999999999999999,0.0,0.19999999999999965,0.1999999999999999,2.9358672626239587e-16,0.0,4.511050268301709e-16,2.4020242910944526e-16,6.758837597439596e-17,0.19999999999999996
2013-08-12,2.2835181900804826e-16,0.1999999999999997,0.1999999999999999,0.0,0.19999999999999965,0.1999999999999999,2.9358672626239587e-16,0.0,4.511050268301709e-16,2.4020242910944526e-16,6.758837597439596e-17,0.19999999999999996
2013-08-13,2.2835181900804826e-16,0.1999999999999997,0.1999999999999999,0.0,0.19999999999999965,0.1999999999999999,2.9358672626239587e-16,0.0,4.511050268301709e-16,2.4020242910944526e-16,6.758837597439596e-17,0.19999999999999996
2013-08-14,2.2835181900804826e-16,0.1999999999999997,0.1999999999999999,0.0,0.19999999999999965,0.1999999999999999,2.9358672626239587e-16,0.0,4.511050268301709e-16,2.4020242910944526e-16,6.758837597439596e-17,0.19999999999999996
2013-08-15,2.2835181900804826e-16,0.1999999999999997,0.1999999999999999,0.0,0.19999999999999965,0.1999999999999999,2.9358672626239587e-16,0.0,4.511050268301709e-16,2.4020242910944526e-16,6.758837597439596e-17,0.19999999999999996
2013-08-16,2.2835181900804826e-16,0.1999999999999997,0.1999999999999999,0.0,0.19999999999999965,0.1999999999999999,2.9358672626239587e-16,0.0,4.511050268301709e-16,2.4020242910944526e-16,6.758837597439596e-17,0.19999999999999996
2013-08-19,2.2835181900804826e-16,0.1999999999999997,0.1999999999999999,0.0,0.19999999999999965,0.1999999999999999,2.9358672626239587e-16,0.0,4.511050268301709e-16,2.4020242910944526e-16,6.758837597439596e-17,0.19999999999999996
2013-08-20,2.2835181900804826e-16,0.1999999999999997,0.1999999999999999,0.0,0.19999999999999965,0.1999999999999999,2.9358672626239587e-16,0.0,4.511050268301709e-16,2.4020242910944526e-16,6.758837597439596e-17,0.19999999999999996
2013-08-21,2.2835181900804826e-16,0.1999999999999997,0.1999999999999999,0.0,0.19999999999999965,0.1999999999999999,2.9358672626239587e-16,0.0,4.511050268301709e-16,2.4020242910944526e-16,6.758837597439596e-17,0.19999999999999996
2013-08-22,2.2835181900804826e-16,0.1999999999999997,0.1999999999999999,0.0,0.19999999999999965,0.1999999999999999,2.9358672626239587e-16,0.0,4.511050268301709e-16,2.4020242910944526e-16,6.758837597439596e-17,0.19999999999999996
2013-08-23,2.2835181900804826e-16,0.1999999999999997,0.1999999999999999,0.0,0.19999999999999965,0.1999999999999999,2.9358672626239587e-16,0.0,4.511050268301709e-16,2.4020242910944526e-16,6.758837597439596e-17,0.19999999999999996
2013-08-26,2.2835181900804826e-16,0.1999999999999997,0.1999999999999999,0.0,0.19999999999999965,0.1999999999999999,2.9358672626239587e-16,0.0,4.511050268301709e-16,2.4020242910944526e-16,6.758837597439596e-17,0.19999999999999996
2013-08-27,2.2835181900804826e-16,0.1999999999999997,0.1999999999999999,0.0,0.19999999999999965,0.1999999999999999,2.9358672626239587e-16,0.0,4.511050268301709e-16,2.4020242910944526e-16,6.758837597439596e-17,0.19999999999999996
2013-08-28,2.2835181900804826e-16,0.1999999999999997,0.1999999999999999,0.0,0.19999999999999965,0.1999999999999999,2.9358672626239587e-16,0.0,4.511050268301709e-16,2.4020242910944526e-16,6.758837597439596e-17,0.19999999999999996
2013-08-29,2.2835181900804826e-16,0.1999999999999997,0.1999999999999999,0.0,0.19999999999999965,0.1999999999999999,2.9358672626239587e-16,0.0,4.511050268301709e-16,2.4020242910944526e-16,6.758837597439596e-17,0.19999999999999996
2013-08-30,1.7326694995737256e-16,0.1999999999999998,0.19999999999999976,0.0765487390691869,0.19999999999999946,0.1999999999999997,2.097537670301617e-16,1.2823390689713808e-16,2.0556473190325164e-16,1.9085693918991742e-16,2.450694906343753e-16,0.12345126093081313
2013-09-03,1.7326694995737256e-16,0.1999999999999998,0.19999999999999976,0.0765487390691869,0.19999999999999946,0.1999999999999997,2.097537670301617e-16,1.2823390689713808e-16,2.0556473190325164e-16,1.9085693918991742e-16,2.450694906343753e-16,0.12345126093081313
2013-09-04,1.7326694995737256e-16,0.1999999999999998,0.19999999999999976,0.0765487390691869,0.19999999999999946,0.1999999999999997,2.097537670301617e-16,1.2823390689713808e-16,2.0556473190325164e-16,1.9085693918991742e-16,2.450694906343753e-16,0.12345126093081313
2013-09-05,1.7326694995737256e-16,0.1999999999999998,0.19999999999999976,0.0765487390691869,0.19999999999999946,0.1999999999999997,2.097537670301617e-16,1.2823390689713808e-16,2.0556473190325164e-16,1.9085693918991742e-16,2.450694906343753e-16,0.12345126093081313
2013-09-06,1.7326694995737256e-16,0.1999999999999998,0.19999999999999976,0.0765487390691869,0.19999999999999946,0.1999999999999997,2.097537670301617e-16,1.2823390689713808e-16,2.0556473190325164e-16,1.9085693918991742e-16,2.450694906343753e-16,0.12345126093081313
2013-09-09,2.5739656791696666e-16,0.19999999999999987,0.19999999999999987,6.245004513516506e-17,0.2,0.1999999999999999,0.0,0.0,0.05463527407041188,4.641199447850853e-17,0.0,0.14536472592958824
2013-09-10,2.5739656791696666e-16,0.19999999999999987,0.19999999999999987,6.245004513516506e-17,0.2,0.1999999999999999,0.0,0.0,0.05463527407041188,4.641199447850853e-17,0.0,0.14536472592958824
2013-09-11,2.5739656791696666e-16,0.19999999999999987,0.19999999999999987,6.245004513516506e-17,0.2,0.1999999999999999,0.0,0.0,0.05463527407041188,4.641199447850853e-17,0.0,0.14536472592958824
2013-09-12,2.5739656791696666e-16,0.19999999999999987,0.19999999999999987,6.245004513516506e-17,0.2,0.1999999999999999,0.0,0.0,0.05463527407041188,4.641199447850853e-17,0.0,0.14536472592958824
2013-09-13,2.5739656791696666e-16,0.19999999999999987,0.19999999999999987,6.245004513516506e-17,0.2,0.1999999999999999,0.0,0.0,0.05463527407041188,4.641199447850853e-17,0.0,0.14536472592958824
2013-09-16,1.0616356497742594e-16,0.19999999999999962,0.19999999999999976,2.393918396847994e-16,0.2,0.19999999999999976,0.0,9.522757771787353e-17,1.2417142811228094e-16,2.787435470895492e-16,7.714102695279462e-17,0.19999999999999976
2013-09-17,1.0616356497742594e-16,0.19999999999999962,0.19999999999999976,2.393918396847994e-16,0.2,0.19999999999999976,0.0,9.522757771787353e-17,1.2417142811228094e-16,2.787435470895492e-16,7.714102695279462e-17,0.19999999999999976
2013-09-18,1.0616356497742594e-16,0.19999999999999962,0.19999999999999976,2.393918396847994e-16,0.2,0.19999999999999976,0.0,9.522757771787353e-17,1.2417142811228094e-16,2.787435470895492e-16,7.714102695279462e-17,0.19999999999999976
2013-09-19,1.0616356497742594e-16,0.19999999999999962,0.19999999999999976,2.393918396847994e-16,0.2,0.19999999999999976,0.0,9.522757771787353e-17,1.2417142811228094e-16,2.787435470895492e-16,7.714102695279462e-17,0.19999999999999976
2013-09-20,1.0616356497742594e-16,0.19999999999999962,0.19999999999999976,2.393918396847994e-16,0.2,0.19999999999999976,0.0,9.522757771787353e-17,1.2417142811228094e-16,2.787435470895492e-16,7.714102695279462e-17,0.19999999999999976
2013-09-23,1.0616356497742594e-16,0.19999999999999962,0.19999999999999976,2.393918396847994e-16,0.2,0.19999999999999976,0.0,9.522757771787353e-17,1.2417142811228094e-16,2.787435470895492e-16,7.714102695279462e-17,0.19999999999999976
2013-09-24,1.0616356497742594e-16,0.19999999999999962,0.19999999999999976,2.393918396847994e-16,0.2,0.19999999999999976,0.0,9.522757771787353e-17,1.2417142811228094e-16,2.787435470895492e-16,7.714102695279462e-17,0.19999999999999976
2013-09-25,1.0616356497742594e-16,0.19999999999999962,0.19999999999999976,2.393918396847994e-16,0.2,0.19999999999999976,0.0,9.522757771787353e-17,1.2417142811228094e-16,2.787435470895492e-16,7.714102695279462e-17,0.19999999999999976
2013-09-26,1.0616356497742594e-16,0.19999999999999962,0.19999999999999976,2.393918396847994e-16,0.2,0.19999999999999976,0.0,9.522757771787353e-17,1.2417142811228094e-16,2.787435470895492e-16,7.714102695279462e-17,0.19999999999999976
2013-09-27,1.0616356497742594e-16,0.19999999999999962,0.19999999999999976,2.393918396847994e-16,0.2,0.19999999999999976,0.0,9.522757771787353e-17,1.2417142811228094e-16,2.787435470895492e-16,7.714102695279462e-17,0.19999999999999976
2013-09-30,1.0616356497742594e-16,0.19999999999999962,0.19999999999999976,2.393918396847994e-16,0.2,0.19999999999999976,0.0,9.522757771787353e-17,1.2417142811228094e-16,2.787435470895492e-16,7.714102695279462e-17,0.19999999999999976
2013-10-01,1.0616356497742594e-16,0.19999999999999962,0.19999999999999976,2.393918396847994e-16,0.2,0.19999999999999976,0.0,9.522757771787353e-17,1.2417142811228094e-16,2.787435470895492e-16,7.714102695279462e-17,0.19999999999999976
2013-10-02,1.0616356497742594e-16,0.19999999999999962,0.19999999999999976,2.393918396847994e-16,0.2,0.19999999999999976,0.0,9.522757771787353e-17,1.2417142811228094e-16,2.787435470895492e-16,7.714102695279462e-17,0.19999999999999976
2013-10-03,1.0616356497742594e-16,0.19999999999999962,0.19999999999999976,2.393918396847994e-16,0.2,0.19999999999999976,0.0,9.522757771787353e-17,1.2417142811228094e-16,2.787435470895492e-16,7.714102695279462e-17,0.19999999999999976
2013-10-04,1.0616356497742594e-16,0.19999999999999962,0.19999999999999976,2.393918396847994e-16,0.2,0.19999999999999976,0.0,9.522757771787353e-17,1.2417142811228094e-16,2.787435470895492e-16,7.714102695279462e-17,0.19999999999999976
2013-10-07,0.07541105072768287,0.2,8.364719961751035e-18,0.0,1.6183446381391247e-20,2.242174369447603e-18,0.2,0.18786223819680803,1.1624803516780574e-17,0.2,0.13672671107550902,2.2297039596371676e-17
2013-10-08,0.07541105072768287,0.2,8.364719961751035e-18,0.0,1.6183446381391247e-20,2.242174369447603e-18,0.2,0.18786223819680803,1.1624803516780574e-17,0.2,0.13672671107550902,2.2297039596371676e-17
2013-10-09,0.07541105072768287,0.2,8.364719961751035e-18,0.0,1.6183446381391247e-20,2.242174369447603e-18,0.2,0.18786223819680803,1.1624803516780574e-17,0.2,0.13672671107550902,2.2297039596371676e-17
2013-10-10,0.07541105072768287,0.2,8.364719961751035e-18,0.0,1.6183446381391247e-20,2.242174369447603e-18,0.2,0.18786223819680803,1.1624803516780574e-17,0.2,0.13672671107550902,2.2297039596371676e-17
2013-10-11,0.07541105072768287,0.2,8.364719961751035e-18,0.0,1.6183446381391247e-20,2.242174369447603e-18,0.2,0.18786223819680803,1.1624803516780574e-17,0.2,0.13672671107550902,2.2297039596371676e-17
2013-10-14,0.07541105072768287,0.2,8.364719961751035e-18,0.0,1.6183446381391247e-20,2.242174369447603e-18,0.2,0.18786223819680803,1.1624803516780574e-17,0.2,0.13672671107550902,2.2297039596371676e-17
2013-10-15,0.07541105072768287,0.2,8.364719961751035e-18,0.0,1.6183446381391247e-20,2.242174369447603e-18,0.2,0.18786223819680803,1.1624803516780574e-17,0.2,0.13672671107550902,2.2297039596371676e-17
2013-10-16,0.07541105072768287,0.2,8.364719961751035e-18,0.0,1.6183446381391247e-20,2.242174369447603e-18,0.2,0.18786223819680803,1.1624803516780574e-17,0.2,0.13672671107550902,2.2297039596371676e-17
2013-10-17,0.07541105072768287,0.2,8.364719961751035e-18,0.0,1.6183446381391247e-20,2.242174369447603e-18,0.2,0.18786223819680803,1.1624803516780574e-17,0.2,0.13672671107550902,2.2297039596371676e-17
2013-10-18,0.07541105072768287,0.2,8.364719961751035e-18,0.0,1.6183446381391247e-20,2.242174369447603e-18,0.2,0.18786223819680803,1.1624803516780574e-17,0.2,0.13672671107550902,2.2297039596371676e-17
2013-10-21,0.0,0.2,0.2,1.8388068845354155e-16,0.2,0.19999999999999987,2.3764531664069183e-16,9.018781265135579e-17,0.08982992912346766,0.0,0.0,0.11017007087653205
2013-10-22,0.0,0.2,0.2,1.8388068845354155e-16,0.2,0.19999999999999987,2.3764531664069183e-16,9.018781265135579e-17,0.08982992912346766,0.0,0.0,0.11017007087653205
2013-10-23,0.0,0.2,0.2,1.8388068845354155e-16,0.2,0.19999999999999987,2.3764531664069183e-16,9.018781265135579e-17,0.08982992912346766,0.0,0.0,0.11017007087653205
2013-10-24,0.0,0.2,0.2,1.8388068845354155e-16,0.2,0.19999999999999987,2.3764531664069183e-16,9.018781265135579e-17,0.08982992912346766,0.0,0.0,0.11017007087653205
2013-10-25,0.0,0.2,0.2,1.8388068845354155e-16,0.2,0.19999999999999987,2.3764531664069183e-16,9.018781265135579e-17,0.08982992912346766,0.0,0.0,0.11017007087653205
2013-10-28,0.0,0.2,0.2,1.8388068845354155e-16,0.2,0.19999999999999987,2.3764531664069183e-16,9.018781265135579e-17,0.08982992912346766,0.0,0.0,0.11017007087653205
2013-10-29,0.0,0.2,0.2,1.8388068845354155e-16,0.2,0.19999999999999987,2.3764531664069183e-16,9.018781265135579e-17,0.08982992912346766,0.0,0.0,0.11017007087653205
2013-10-30,0.0,0.2,0.2,1.8388068845354155e-16,0.2,0.19999999999999987,2.3764531664069183e-16,9.018781265135579e-17,0.08982992912346766,0.0,0.0,0.11017007087653205
2013-10-31,0.0,0.2,0.2,1.8388068845354155e-16,0.2,0.19999999999999987,2.3764531664069183e-16,9.018781265135579e-17,0.08982992912346766,0.0,0.0,0.11017007087653205
2013-11-01,0.0,0.2,0.2,1.8388068845354155e-16,0.2,0.19999999999999987,2.3764531664069183e-16,9.018781265135579e-17,0.08982992912346766,0.0,0.0,0.11017007087653205
2013-11-04,2.7014119050787898e-17,0.19999999999999998,0.2,0.0,0.19999999999999984,0.19999999999999987,0.0,0.0,5.412337245047638e-16,8.401589845292913e-17,1.3038141887675158e-16,0.2
2013-11-05,2.7014119050787898e-17,0.19999999999999998,0.2,0.0,0.19999999999999984,0.19999999999999987,0.0,0.0,5.412337245047638e-16,8.401589845292913e-17,1.3038141887675158e-16,0.2
2013-11-06,2.7014119050787898e-17,0.19999999999999998,0.2,0.0,0.19999999999999984,0.19999999999999987,0.0,0.0,5.412337245047638e-16,8.401589845292913e-17,1.3038141887675158e-16,0.2
2013-11-07,2.7014119050787898e-17,0.19999999999999998,0.2,0.0,0.19999999999999984,0.19999999999999987,0.0,0.0,5.412337245047638e-16,8.401589845292913e-17,1.3038141887675158e-16,0.2
2013-11-08,2.7014119050787898e-17,0.19999999999999998,0.2,0.0,0.19999999999999984,0.19999999999999987,0.0,0.0,5.412337245047638e-16,8.401589845292913e-17,1.3038141887675158e-16,0.2
2013-11-11,2.7014119050787898e-17,0.19999999999999998,0.2,0.0,0.19999999999999984,0.19999999999999987,0.0,0.0,5.412337245047638e-16,8.401589845292913e-17,1.3038141887675158e-16,0.2
2013-11-12,2.7014119050787898e-17,0.19999999999999998,0.2,0.0,0.19999999999999984,0.19999999999999987,0.0,0.0,5.412337245047638e-16,8.401589845292913e-17,1.3038141887675158e-16,0.2
2013-11-13,2.7014119050787898e-17,0.19999999999999998,0.2,0.0,0.19999999999999984,0.19999999999999987,0.0,0.0,5.412337245047638e-16,8.401589845292913e-17,1.3038141887675158e-16,0.2
2013-11-14,2.7014119050787898e-17,0.19999999999999998,0.2,0.0,0.19999999999999984,0.19999999999999987,0.0,0.0,5.412337245047638e-16,8.401589845292913e-17,1.3038141887675158e-16,0.2
2013-11-15,2.7014119050787898e-17,0.19999999999999998,0.2,0.0,0.19999999999999984,0.19999999999999987,0.0,0.0,5.412337245047638e-16,8.401589845292913e-17,1.3038141887675158e-16,0.2
2013-11-18,2.7014119050787898e-17,0.19999999999999998,0.2,0.0,0.19999999999999984,0.19999999999999987,0.0,0.0,5.412337245047638e-16,8.401589845292913e-17,1.3038141887675158e-16,0.2
2013-11-19,2.7014119050787898e-17,0.19999999999999998,0.2,0.0,0.19999999999999984,0.19999999999999987,0.0,0.0,5.412337245047638e-16,8.401589845292913e-17,1.3038141887675158e-16,0.2
2013-11-20,2.7014119050787898e-17,0.19999999999999998,0.2,0.0,0.19999999999999984,0.19999999999999987,0.0,0.0,5.412337245047638e-16,8.401589845292913e-17,1.3038141887675158e-16,0.2
2013-11-21,2.7014119050787898e-17,0.19999999999999998,0.2,0.0,0.19999999999999984,0.19999999999999987,0.0,0.0,5.412337245047638e-16,8.401589845292913e-17,1.3038141887675158e-16,0.2
2013-11-22,2.7014119050787898e-17,0.19999999999999998,0.2,0.0,0.19999999999999984,0.19999999999999987,0.0,0.0,5.412337245047638e-16,8.401589845292913e-17,1.3038141887675158e-16,0.2
2013-11-25,2.7014119050787898e-17,0.19999999999999998,0.2,0.0,0.19999999999999984,0.19999999999999987,0.0,0.0,5.412337245047638e-16,8.401589845292913e-17,1.3038141887675158e-16,0.2
2013-11-26,2.7014119050787898e-17,0.19999999999999998,0.2,0.0,0.19999999999999984,0.19999999999999987,0.0,0.0,5.412337245047638e-16,8.401589845292913e-17,1.3038141887675158e-16,0.2
2013-11-27,2.7014119050787898e-17,0.19999999999999998,0.2,0.0,0.19999999999999984,0.19999999999999987,0.0,0.0,5.412337245047638e-16,8.401589845292913e-17,1.3038141887675158e-16,0.2
2013-11-29,2.7014119050787898e-17,0.19999999999999998,0.2,0.0,0.19999999999999984,0.19999999999999987,0.0,0.0,5.412337245047638e-16,8.401589845292913e-17,1.3038141887675158e-16,0.2
2013-12-02,2.7014119050787898e-17,0.19999999999999998,0.2,0.0,0.19999999999999984,0.19999999999999987,0.0,0.0,5.412337245047638e-16,8.401589845292913e-17,1.3038141887675158e-16,0.2
2013-12-03,2.7014119050787898e-17,0.19999999999999998,0.2,0.0,0.19999999999999984,0.19999999999999987,0.0,0.0,5.412337245047638e-16,8.401589845292913e-17,1.3038141887675158e-16,0.2
2013-12-04,2.7014119050787898e-17,0.19999999999999998,0.2,0.0,0.19999999999999984,0.19999999999999987,0.0,0.0,5.412337245047638e-16,8.401589845292913e-17,1.3038141887675158e-16,0.2
2013-12-05,2.7014119050787898e-17,0.19999999999999998,0.2,0.0,0.19999999999999984,0.19999999999999987,0.0,0.0,5.412337245047638e-16,8.401589845292913e-17,1.3038141887675158e-16,0.2
2013-12-06,2.7014119050787898e-17,0.19999999999999998,0.2,0.0,0.19999999999999984,0.19999999999999987,0.0,0.0,5.412337245047638e-16,8.401589845292913e-17,1.3038141887675158e-16,0.2
2013-12-09,2.7014119050787898e-17,0.19999999999999998,0.2,0.0,0.19999999999999984,0.19999999999999987,0.0,0.0,5.412337245047638e-16,8.401589845292913e-17,1.3038141887675158e-16,0.2
2013-12-10,2.7014119050787898e-17,0.19999999999999998,0.2,0.0,0.19999999999999984,0.19999999999999987,0.0,0.0,5.412337245047638e-16,8.401589845292913e-17,1.3038141887675158e-16,0.2
2013-12-11,2.7014119050787898e-17,0.19999999999999998,0.2,0.0,0.19999999999999984,0.19999999999999987,0.0,0.0,5.412337245047638e-16,8.401589845292913e-17,1.3038141887675158e-16,0.2
2013-12-12,2.7014119050787898e-17,0.19999999999999998,0.2,0.0,0.19999999999999984,0.19999999999999987,0.0,0.0,5.412337245047638e-16,8.401589845292913e-17,1.3038141887675158e-16,0.2
2013-12-13,2.7014119050787898e-17,0.19999999999999998,0.2,0.0,0.19999999999999984,0.19999999999999987,0.0,0.0,5.412337245047638e-16,8.401589845292913e-17,1.3038141887675158e-16,0.2
2013-12-16,2.7014119050787898e-17,0.19999999999999998,0.2,0.0,0.19999999999999984,0.19999999999999987,0.0,0.0,5.412337245047638e-16,8.401589845292913e-17,1.3038141887675158e-16,0.2
2013-12-17,2.7014119050787898e-17,0.19999999999999998,0.2,0.0,0.19999999999999984,0.19999999999999987,0.0,0.0,5.412337245047638e-16,8.401589845292913e-17,1.3038141887675158e-16,0.2
2013-12-18,2.7014119050787898e-17,0.19999999999999998,0.2,0.0,0.19999999999999984,0.19999999999999987,0.0,0.0,5.412337245047638e-16,8.401589845292913e-17,1.3038141887675158e-16,0.2
2013-12-19,2.7014119050787898e-17,0.19999999999999998,0.2,0.0,0.19999999999999984,0.19999999999999987,0.0,0.0,5.412337245047638e-16,8.401589845292913e-17,1.3038141887675158e-16,0.2
2013-12-20,2.7014119050787898e-17,0.19999999999999998,0.2,0.0,0.19999999999999984,0.19999999999999987,0.0,0.0,5.412337245047638e-16,8.401589845292913e-17,1.3038141887675158e-16,0.2
2013-12-23,2.7014119050787898e-17,0.19999999999999998,0.2,0.0,0.19999999999999984,0.19999999999999987,0.0,0.0,5.412337245047638e-16,8.401589845292913e-17,1.3038141887675158e-16,0.2
2013-12-24,2.7014119050787898e-17,0.19999999999999998,0.2,0.0,0.19999999999999984,0.19999999999999987,0.0,0.0,5.412337245047638e-16,8.401589845292913e-17,1.3038141887675158e-16,0.2
2013-12-26,2.7014119050787898e-17,0.19999999999999998,0.2,0.0,0.19999999999999984,0.19999999999999987,0.0,0.0,5.412337245047638e-16,8.401589845292913e-17,1.3038141887675158e-16,0.2
2013-12-27,2.7014119050787898e-17,0.19999999999999998,0.2,0.0,0.19999999999999984,0.19999999999999987,0.0,0.0,5.412337245047638e-16,8.401589845292913e-17,1.3038141887675158e-16,0.2
2013-12-30,2.7014119050787898e-17,0.19999999999999998,0.2,0.0,0.19999999999999984,0.19999999999999987,0.0,0.0,5.412337245047638e-16,8.401589845292913e-17,1.3038141887675158e-16,0.2
2013-12-31,2.7014119050787898e-17,0.19999999999999998,0.2,0.0,0.19999999999999984,0.19999999999999987,0.0,0.0,5.412337245047638e-16,8.401589845292913e-17,1.3038141887675158e-16,0.2
2014-01-02,2.7014119050787898e-17,0.19999999999999998,0.2,0.0,0.19999999999999984,0.19999999999999987,0.0,0.0,5.412337245047638e-16,8.401589845292913e-17,1.3038141887675158e-16,0.2
2014-01-03,2.7014119050787898e-17,0.19999999999999998,0.2,0.0,0.19999999999999984,0.19999999999999987,0.0,0.0,5.412337245047638e-16,8.401589845292913e-17,1.3038141887675158e-16,0.2
2014-01-06,2.7014119050787898e-17,0.19999999999999998,0.2,0.0,0.19999999999999984,0.19999999999999987,0.0,0.0,5.412337245047638e-16,8.401589845292913e-17,1.3038141887675158e-16,0.2
2014-01-07,2.7014119050787898e-17,0.19999999999999998,0.2,0.0,0.19999999999999984,0.19999999999999987,0.0,0.0,5.412337245047638e-16,8.401589845292913e-17,1.3038141887675158e-16,0.2
2014-01-08,2.7014119050787898e-17,0.19999999999999998,0.2,0.0,0.19999999999999984,0.19999999999999987,0.0,0.0,5.412337245047638e-16,8.401589845292913e-17,1.3038141887675158e-16,0.2
2014-01-09,2.7014119050787898e-17,0.19999999999999998,0.2,0.0,0.19999999999999984,0.19999999999999987,0.0,0.0,5.412337245047638e-16,8.401589845292913e-17,1.3038141887675158e-16,0.2
2014-01-10,2.7014119050787898e-17,0.19999999999999998,0.2,0.0,0.19999999999999984,0.19999999999999987,0.0,0.0,5.412337245047638e-16,8.401589845292913e-17,1.3038141887675158e-16,0.2
2014-01-13,2.7014119050787898e-17,0.19999999999999998,0.2,0.0,0.19999999999999984,0.19999999999999987,0.0,0.0,5.412337245047638e-16,8.401589845292913e-17,1.3038141887675158e-16,0.2
2014-01-14,2.7014119050787898e-17,0.19999999999999998,0.2,0.0,0.19999999999999984,0.19999999999999987,0.0,0.0,5.412337245047638e-16,8.401589845292913e-17,1.3038141887675158e-16,0.2
2014-01-15,2.7014119050787898e-17,0.19999999999999998,0.2,0.0,0.19999999999999984,0.19999999999999987,0.0,0.0,5.412337245047638e-16,8.401589845292913e-17,1.3038141887675158e-16,0.2
2014-01-16,2.7014119050787898e-17,0.19999999999999998,0.2,0.0,0.19999999999999984,0.19999999999999987,0.0,0.0,5.412337245047638e-16,8.401589845292913e-17,1.3038141887675158e-16,0.2
2014-01-17,2.7014119050787898e-17,0.19999999999999998,0.2,0.0,0.19999999999999984,0.19999999999999987,0.0,0.0,5.412337245047638e-16,8.401589845292913e-17,1.3038141887675158e-16,0.2
2014-01-21,2.7014119050787898e-17,0.19999999999999998,0.2,0.0,0.19999999999999984,0.19999999999999987,0.0,0.0,5.412337245047638e-16,8.401589845292913e-17,1.3038141887675158e-16,0.2
2014-01-22,2.7014119050787898e-17,0.19999999999999998,0.2,0.0,0.19999999999999984,0.19999999999999987,0.0,0.0,5.412337245047638e-16,8.401589845292913e-17,1.3038141887675158e-16,0.2
2014-01-23,2.7014119050787898e-17,0.19999999999999998,0.2,0.0,0.19999999999999984,0.19999999999999987,0.0,0.0,5.412337245047638e-16,8.401589845292913e-17,1.3038141887675158e-16,0.2
2014-01-24,2.7014119050787898e-17,0.19999999999999998,0.2,0.0,0.19999999999999984,0.19999999999999987,0.0,0.0,5.412337245047638e-16,8.401589845292913e-17,1.3038141887675158e-16,0.2
2014-01-27,2.7014119050787898e-17,0.19999999999999998,0.2,0.0,0.19999999999999984,0.19999999999999987,0.0,0.0,5.412337245047638e-16,8.401589845292913e-17,1.3038141887675158e-16,0.2
2014-01-28,2.7014119050787898e-17,0.19999999999999998,0.2,0.0,0.19999999999999984,0.19999999999999987,0.0,0.0,5.412337245047638e-16,8.401589845292913e-17,1.3038141887675158e-16,0.2
2014-01-29,2.7014119050787898e-17,0.19999999999999998,0.2,0.0,0.19999999999999984,0.19999999999999987,0.0,0.0,5.412337245047638e-16,8.401589845292913e-17,1.3038141887675158e-16,0.2
2014-01-30,2.7014119050787898e-17,0.19999999999999998,0.2,0.0,0.19999999999999984,0.19999999999999987,0.0,0.0,5.412337245047638e-16,8.401589845292913e-17,1.3038141887675158e-16,0.2
2014-01-31,0.08959024872851538,0.19999999999999998,0.2,0.0,0.2,0.2,0.0,4.2717565595928875e-17,0.0,5.074066167232161e-17,2.5283594662361963e-16,0.1104097512714842
2014-02-03,0.08959024872851538,0.19999999999999998,0.2,0.0,0.2,0.2,0.0,4.2717565595928875e-17,0.0,5.074066167232161e-17,2.5283594662361963e-16,0.1104097512714842
2014-02-04,0.08959024872851538,0.19999999999999998,0.2,0.0,0.2,0.2,0.0,4.2717565595928875e-17,0.0,5.074066167232161e-17,2.5283594662361963e-16,0.1104097512714842
2014-02-05,0.08959024872851538,0.19999999999999998,0.2,0.0,0.2,0.2,0.0,4.2717565595928875e-17,0.0,5.074066167232161e-17,2.5283594662361963e-16,0.1104097512714842
2014-02-06,0.08959024872851538,0.19999999999999998,0.2,0.0,0.2,0.2,0.0,4.2717565595928875e-17,0.0,5.074066167232161e-17,2.5283594662361963e-16,0.1104097512714842
2014-02-07,0.15496197537427378,0.19770215740477867,4.967362427929935e-18,9.281372144169286e-18,2.2735808397177677e-17,2.6427648712414032e-17,0.2,0.12098331274904404,8.783578267765649e-18,0.19999999999999998,0.12635255447190338,7.639113246203137e-17
2014-02-10,0.15496197537427378,0.19770215740477867,4.967362427929935e-18,9.281372144169286e-18,2.2735808397177677e-17,2.6427648712414032e-17,0.2,0.12098331274904404,8.783578267765649e-18,0.19999999999999998,0.12635255447190338,7.639113246203137e-17
2014-02-11,0.15496197537427378,0.19770215740477867,4.967362427929935e-18,9.281372144169286e-18,2.2735808397177677e-17,2.6427648712414032e-17,0.2,0.12098331274904404,8.783578267765649e-18,0.19999999999999998,0.12635255447190338,7.639113246203137e-17
2014-02-12,0.15496197537427378,0.19770215740477867,4.967362427929935e-18,9.281372144169286e-18,2.2735808397177677e-17,2.6427648712414032e-17,0.2,0.12098331274904404,8.783578267765649e-18,0.19999999999999998,0.12635255447190338,7.639113246203137e-17
2014-02-13,0.15496197537427378,0.19770215740477867,4.967362427929935e-18,9.281372144169286e-18,2.2735808397177677e-17,2.6427648712414032e-17,0.2,0.12098331274904404,8.783578267765649e-18,0.19999999999999998,0.12635255447190338,7.639113246203137e-17
2014-02-14,0.15496197537427378,0.19770215740477867,4.967362427929935e-18,9.281372144169286e-18,2.2735808397177677e-17,2.6427648712414032e-17,0.2,0.12098331274904404,8.783578267765649e-18,0.19999999999999998,0.12635255447190338,7.639113246203137e-17
2014-02-18,0.15496197537427378,0.19770215740477867,4.967362427929935e-18,9.281372144169286e-18,2.2735808397177677e-17,2.6427648712414032e-17,0.2,0.12098331274904404,8.783578267765649e-18,0.19999999999999998,0.12635255447190338,7.639113246203137e-17
2014-02-19,0.15496197537427378,0.19770215740477867,4.967362427929935e-18,9.281372144169286e-18,2.2735808397177677e-17,2.6427648712414032e-17,0.2,0.12098331274904404,8.783578267765649e-18,0.19999999999999998,0.12635255447190338,7.639113246203137e-17
2014-02-20,0.15496197537427378,0.19770215740477867,4.967362427929935e-18,9.281372144169286e-18,2.2735808397177677e-17,2.6427648712414032e-17,0.2,0.12098331274904404,8.783578267765649e-18,0.19999999999999998,0.12635255447190338,7.639113246203137e-17
2014-02-21,0.15496197537427378,0.19770215740477867,4.967362427929935e-18,9.281372144169286e-18,2.2735808397177677e-17,2.6427648712414032e-17,0.2,0.12098331274904404,8.783578267765649e-18,0.19999999999999998,0.12635255447190338,7.639113246203137e-17
2014-02-24,0.15496197537427378,0.19770215740477867,4.967362427929935e-18,9.281372144169286e-18,2.2735808397177677e-17,2.6427648712414032e-17,0.2,0.12098331274904404,8.783578267765649e-18,0.19999999999999998,0.12635255447190338,7.639113246203137e-17
2014-02-25,0.15496197537427378,0.19770215740477867,4.967362427929935e-18,9.281372144169286e-18,2.2735808397177677e-17,2.6427648712414032e-17,0.2,0.12098331274904404,8.783578267765649e-18,0.19999999999999998,0.12635255447190338,7.639113246203137e-17
2014-02-26,0.15496197537427378,0.19770215740477867,4.967362427929935e-18,9.281372144169286e-18,2.2735808397177677e-17,2.6427648712414032e-17,0.2,0.12098331274904404,8.783578267765649e-18,0.19999999999999998,0.12635255447190338,7.639113246203137e-17
2014-02-27,0.15496197537427378,0.19770215740477867,4.967362427929935e-18,9.281372144169286e-18,2.2735808397177677e-17,2.6427648712414032e-17,0.2,0.12098331274904404,8.783578267765649e-18,0.19999999999999998,0.12635255447190338,7.639113246203137e-17
2014-02-28,0.15496197537427378,0.19770215740477867,4.967362427929935e-18,9.281372144169286e-18,2.2735808397177677e-17,2.6427648712414032e-17,0.2,0.12098331274904404,8.783578267765649e-18,0.19999999999999998,0.12635255447190338,7.639113246203137e-17
2014-03-03,0.09264720628306608,0.19999999999999998,0.1005113631126956,7.399679827213568e-18,0.19999999999999984,0.2,0.0,1.2510337817767114e-16,0.11138510868662468,2.6717452035474043e-16,3.157196726277789e-16,0.09545632191761308
2014-03-04,0.09264720628306608,0.19999999999999998,0.1005113631126956,7.399679827213568e-18,0.19999999999999984,0.2,0.0,1.2510337817767114e-16,0.11138510868662468,2.6717452035474043e-16,3.157196726277789e-16,0.09545632191761308
2014-03-05,0.09264720628306608,0.19999999999999998,0.1005113631126956,7.399679827213568e-18,0.19999999999999984,0.2,0.0,1.2510337817767114e-16,0.11138510868662468,2.6717452035474043e-16,3.157196726277789e-16,0.09545632191761308
2014-03-06,0.09264720628306608,0.19999999999999998,0.1005113631126956,7.399679827213568e-18,0.19999999999999984,0.2,0.0,1.2510337817767114e-16,0.11138510868662468,2.6717452035474043e-16,3.157196726277789e-16,0.09545632191761308
2014-03-07,0.09264720628306608,0.19999999999999998,0.1005113631126956,7.399679827213568e-18,0.19999999999999984,0.2,0.0,1.2510337817767114e-16,0.11138510868662468,2.6717452035474043e-16,3.157196726277789e-16,0.09545632191761308
2014-03-10,2.4497008713318737e-16,0.2,0.1999999999999997,0.0,0.2,0.2,8.939138599859935e-17,2.6122450362481977e-17,0.1999999999999992,1.2546528980454525e-16,2.5970935328291132e-17,5.585809592645319e-16
2014-03-11,2.4497008713318737e-16,0.2,0.1999999999999997,0.0,0.2,0.2,8.939138599859935e-17,2.6122450362481977e-17,0.1999999999999992,1.2546528980454525e-16,2.5970935328291132e-17,5.585809592645319e-16
2014-03-12,2.4497008713318737e-16,0.2,0.1999999999999997,0.0,0.2,0.2,8.939138599859935e-17,2.6122450362481977e-17,0.1999999999999992,1.2546528980454525e-16,2.5970935328291132e-17,5.585809592645319e-16
2014-03-13,2.4497008713318737e-16,0.2,0.1999999999999997,0.0,0.2,0.2,8.939138599859935e-17,2.6122450362481977e-17,0.1999999999999992,1.2546528980454525e-16,2.5970935328291132e-17,5.585809592645319e-16
2014-03-14,2.4497008713318737e-16,0.2,0.1999999999999997,0.0,0.2,0.2,8.939138599859935e-17,2.6122450362481977e-17,0.1999999999999992,1.2546528980454525e-16,2.5970935328291132e-17,5.585809592645319e-16
2014-03-17,0.09077681517727972,0.2,0.10851920153166118,0.0,0.19999999999999996,0.19999999999999998,3.08455518072126e-17,0.0,0.10330228542006756,0.0,4.981908982570893e-17,0.09740169787099155
2014-03-18,0.09077681517727972,0.2,0.10851920153166118,0.0,0.19999999999999996,0.19999999999999998,3.08455518072126e-17,0.0,0.10330228542006756,0.0,4.981908982570893e-17,0.09740169787099155
2014-03-19,0.09077681517727972,0.2,0.10851920153166118,0.0,0.19999999999999996,0.19999999999999998,3.08455518072126e-17,0.0,0.10330228542006756,0.0,4.981908982570893e-17,0.09740169787099155
2014-03-20,0.09077681517727972,0.2,0.10851920153166118,0.0,0.19999999999999996,0.19999999999999998,3.08455518072126e-17,0.0,0.10330228542006756,0.0,4.981908982570893e-17,0.09740169787099155
2014-03-21,0.09077681517727972,0.2,0.10851920153166118,0.0,0.19999999999999996,0.19999999999999998,3.08455518072126e-17,0.0,0.10330228542006756,0.0,4.981908982570893e-17,0.09740169787099155
2014-03-24,0.08941028820622698,0.2,0.19999999999999998,0.0,0.2,0.2,0.0,0.0,0.07335508024982307,1.2576745200831851e-17,4.369334755116583e-17,0.03723463154395036
2014-03-25,0.08941028820622698,0.2,0.19999999999999998,0.0,0.2,0.2,0.0,0.0,0.07335508024982307,1.2576745200831851e-17,4.369334755116583e-17,0.03723463154395036
2014-03-26,0.08941028820622698,0.2,0.19999999999999998,0.0,0.2,0.2,0.0,0.0,0.07335508024982307,1.2576745200831851e-17,4.369334755116583e-17,0.03723463154395036
2014-03-27,0.08941028820622698,0.2,0.19999999999999998,0.0,0.2,0.2,0.0,0.0,0.07335508024982307,1.2576745200831851e-17,4.369334755116583e-17,0.03723463154395036
2014-03-28,0.08941028820622698,0.2,0.19999999999999998,0.0,0.2,0.2,0.0,0.0,0.07335508024982307,1.2576745200831851e-17,4.369334755116583e-17,0.03723463154395036
2014-03-31,0.08245921210928533,0.2,0.19999999999999987,1.0733601507606494e-16,0.1999999999999999,0.1644287760977669,0.0,2.4936649967166602e-18,0.15311201179294776,0.0,1.0083080204115191e-17,1.5959455978986625e-16
2014-04-01,0.08245921210928533,0.2,0.19999999999999987,1.0733601507606494e-16,0.1999999999999999,0.1644287760977669,0.0,2.4936649967166602e-18,0.15311201179294776,0.0,1.0083080204115191e-17,1.5959455978986625e-16
2014-04-02,0.08245921210928533,0.2,0.19999999999999987,1.0733601507606494e-16,0.1999999999999999,0.1644287760977669,0.0,2.4936649967166602e-18,0.15311201179294776,0.0,1.0083080204115191e-17,1.5959455978986625e-16
2014-04-03,0.08245921210928533,0.2,0.19999999999999987,1.0733601507606494e-16,0.1999999999999999,0.1644287760977669,0.0,2.4936649967166602e-18,0.15311201179294776,0.0,1.0083080204115191e-17,1.5959455978986625e-16
2014-04-04,0.08245921210928533,0.2,0.19999999999999987,1.0733601507606494e-16,0.1999999999999999,0.1644287760977669,0.0,2.4936649967166602e-18,0.15311201179294776,0.0,1.0083080204115191e-17,1.5959455978986625e-16
2014-04-07,3.191891195797325e-16,0.19999999999999982,0.19999999999999915,2.680147770384167e-16,0.2,0.2,0.0,1.0842021724855044e-16,0.19999999999999996,0.0,0.0,8.546222210655129e-17
2014-04-08,3.191891195797325e-16,0.19999999999999982,0.19999999999999915,2.680147770384167e-16,0.2,0.2,0.0,1.0842021724855044e-16,0.19999999999999996,0.0,0.0,8.546222210655129e-17
2014-04-09,3.191891195797325e-16,0.19999999999999982,0.19999999999999915,2.680147770384167e-16,0.2,0.2,0.0,1.0842021724855044e-16,0.19999999999999996,0.0,0.0,8.546222210655129e-17
2014-04-10,3.191891195797325e-16,0.19999999999999982,0.19999999999999915,2.680147770384167e-16,0.2,0.2,0.0,1.0842021724855044e-16,0.19999999999999996,0.0,0.0,8.546222210655129e-17
2014-04-11,3.191891195797325e-16,0.19999999999999982,0.19999999999999915,2.680147770384167e-16,0.2,0.2,0.0,1.0842021724855044e-16,0.19999999999999996,0.0,0.0,8.546222210655129e-17
2014-04-14,0.19999999999999968,0.19999999999999984,0.09822081558970852,5.204170427930421e-17,0.19999999999999996,0.07955517225653894,0.0,0.0,0.19999999999999976,0.0,0.0,0.022224012153753463
2014-04-15,0.19999999999999968,0.19999999999999984,0.09822081558970852,5.204170427930421e-17,0.19999999999999996,0.07955517225653894,0.0,0.0,0.19999999999999976,0.0,0.0,0.022224012153753463
2014-04-16,0.19999999999999968,0.19999999999999984,0.09822081558970852,5.204170427930421e-17,0.19999999999999996,0.07955517225653894,0.0,0.0,0.19999999999999976,0.0,0.0,0.022224012153753463
2014-04-17,0.19999999999999968,0.19999999999999984,0.09822081558970852,5.204170427930421e-17,0.19999999999999996,0.07955517225653894,0.0,0.0,0.19999999999999976,0.0,0.0,0.022224012153753463
2014-04-21,0.19999999999999968,0.19999999999999984,0.09822081558970852,5.204170427930421e-17,0.19999999999999996,0.07955517225653894,0.0,0.0,0.19999999999999976,0.0,0.0,0.022224012153753463
2014-04-22,0.19999999999999954,8.673617379884035e-18,0.2,0.2,0.2,3.276954569037797e-18,3.497688643946125e-17,7.556867687973936e-18,0.2,1.5200516898391808e-17,0.0,1.5660828363363588e-16
2014-04-23,0.19999999999999954,8.673617379884035e-18,0.2,0.2,0.2,3.276954569037797e-18,3.497688643946125e-17,7.556867687973936e-18,0.2,1.5200516898391808e-17,0.0,1.5660828363363588e-16
2014-04-24,0.19999999999999954,8.673617379884035e-18,0.2,0.2,0.2,3.276954569037797e-18,3.497688643946125e-17,7.556867687973936e-18,0.2,1.5200516898391808e-17,0.0,1.5660828363363588e-16
2014-04-25,0.19999999999999954,8.673617379884035e-18,0.2,0.2,0.2,3.276954569037797e-18,3.497688643946125e-17,7.556867687973936e-18,0.2,1.5200516898391808e-17,0.0,1.5660828363363588e-16
2014-04-28,0.19999999999999954,8.673617379884035e-18,0.2,0.2,0.2,3.276954569037797e-18,3.497688643946125e-17,7.556867687973936e-18,0.2,1.5200516898391808e-17,0.0,1.5660828363363588e-16
2014-04-29,0.19999999999999984,0.19999999999999993,3.729587710714355e-16,0.19999999999999984,0.1999999999999998,2.246466901389965e-16,6.895525817007808e-17,9.974659986866641e-17,0.1999999999999999,8.178950138687524e-17,8.904687967895009e-17,0.0
2014-04-30,0.19999999999999984,0.19999999999999993,3.729587710714355e-16,0.19999999999999984,0.1999999999999998,2.246466901389965e-16,6.895525817007808e-17,9.974659986866641e-17,0.1999999999999999,8.178950138687524e-17,8.904687967895009e-17,0.0
2014-05-01,0.19999999999999984,0.19999999999999993,3.729587710714355e-16,0.19999999999999984,0.1999999999999998,2.246466901389965e-16,6.895525817007808e-17,9.974659986866641e-17,0.1999999999999999,8.178950138687524e-17,8.904687967895009e-17,0.0
2014-05-02,0.19999999999999984,0.19999999999999993,3.729587710714355e-16,0.19999999999999984,0.1999999999999998,2.246466901389965e-16,6.895525817007808e-17,9.974659986866641e-17,0.1999999999999999,8.178950138687524e-17,8.904687967895009e-17,0.0
2014-05-05,0.19999999999999984,0.19999999999999993,3.729587710714355e-16,0.19999999999999984,0.1999999999999998,2.246466901389965e-16,6.895525817007808e-17,9.974659986866641e-17,0.1999999999999999,8.178950138687524e-17,8.904687967895009e-17,0.0
2014-05-06,0.09355230149897283,0.2,0.03663361028511858,0.2,0.19999999999999993,0.0,0.0,6.678515975921256e-17,0.2,1.2786809371750918e-17,0.0,0.06981408821590869
2014-05-07,0.09355230149897283,0.2,0.03663361028511858,0.2,0.19999999999999993,0.0,0.0,6.678515975921256e-17,0.2,1.2786809371750918e-17,0.0,0.06981408821590869
2014-05-08,0.09355230149897283,0.2,0.03663361028511858,0.2,0.19999999999999993,0.0,0.0,6.678515975921256e-17,0.2,1.2786809371750918e-17,0.0,0.06981408821590869
2014-05-09,0.09355230149897283,0.2,0.03663361028511858,0.2,0.19999999999999993,0.0,0.0,6.678515975921256e-17,0.2,1.2786809371750918e-17,0.0,0.06981408821590869
2014-05-12,0.09355230149897283,0.2,0.03663361028511858,0.2,0.19999999999999993,0.0,0.0,6.678515975921256e-17,0.2,1.2786809371750918e-17,0.0,0.06981408821590869
2014-05-13,0.09355230149897283,0.2,0.03663361028511858,0.2,0.19999999999999993,0.0,0.0,6.678515975921256e-17,0.2,1.2786809371750918e-17,0.0,0.06981408821590869
2014-05-14,0.09355230149897283,0.2,0.03663361028511858,0.2,0.19999999999999993,0.0,0.0,6.678515975921256e-17,0.2,1.2786809371750918e-17,0.0,0.06981408821590869
2014-05-15,0.09355230149897283,0.2,0.03663361028511858,0.2,0.19999999999999993,0.0,0.0,6.678515975921256e-17,0.2,1.2786809371750918e-17,0.0,0.06981408821590869
2014-05-16,0.09355230149897283,0.2,0.03663361028511858,0.2,0.19999999999999993,0.0,0.0,6.678515975921256e-17,0.2,1.2786809371750918e-17,0.0,0.06981408821590869
2014-05-19,0.09355230149897283,0.2,0.03663361028511858,0.2,0.19999999999999993,0.0,0.0,6.678515975921256e-17,0.2,1.2786809371750918e-17,0.0,0.06981408821590869
2014-05-20,0.19999999999999943,0.2,0.0,0.2,0.2,2.0816681711721685e-16,6.071532165918825e-18,0.0,0.2,0.0,0.0,0.0
2014-05-21,0.19999999999999943,0.2,0.0,0.2,0.2,2.0816681711721685e-16,6.071532165918825e-18,0.0,0.2,0.0,0.0,0.0
2014-05-22,0.19999999999999943,0.2,0.0,0.2,0.2,2.0816681711721685e-16,6.071532165918825e-18,0.0,0.2,0.0,0.0,0.0
2014-05-23,0.19999999999999943,0.2,0.0,0.2,0.2,2.0816681711721685e-16,6.071532165918825e-18,0.0,0.2,0.0,0.0,0.0
2014-05-27,0.19999999999999943,0.2,0.0,0.2,0.2,2.0816681711721685e-16,6.071532165918825e-18,0.0,0.2,0.0,0.0,0.0
2014-05-28,0.2,0.2,5.746059228903254e-17,0.09247552307326434,0.2,6.591949208711867e-17,0.0,4.550703969031688e-17,0.19999999999999996,0.0,0.0,0.10752447692673517
2014-05-29,0.2,0.2,5.746059228903254e-17,0.09247552307326434,0.2,6.591949208711867e-17,0.0,4.550703969031688e-17,0.19999999999999996,0.0,0.0,0.10752447692673517
2014-05-30,0.2,0.2,5.746059228903254e-17,0.09247552307326434,0.2,6.591949208711867e-17,0.0,4.550703969031688e-17,0.19999999999999996,0.0,0.0,0.10752447692673517
2014-06-02,0.2,0.2,5.746059228903254e-17,0.09247552307326434,0.2,6.591949208711867e-17,0.0,4.550703969031688e-17,0.19999999999999996,0.0,0.0,0.10752447692673517
2014-06-03,0.2,0.2,5.746059228903254e-17,0.09247552307326434,0.2,6.591949208711867e-17,0.0,4.550703969031688e-17,0.19999999999999996,0.0,0.0,0.10752447692673517
2014-06-04,0.2,0.2,5.746059228903254e-17,0.09247552307326434,0.2,6.591949208711867e-17,0.0,4.550703969031688e-17,0.19999999999999996,0.0,0.0,0.10752447692673517
2014-06-05,0.2,0.2,5.746059228903254e-17,0.09247552307326434,0.2,6.591949208711867e-17,0.0,4.550703969031688e-17,0.19999999999999996,0.0,0.0,0.10752447692673517
2014-06-06,0.2,0.2,5.746059228903254e-17,0.09247552307326434,0.2,6.591949208711867e-17,0.0,4.550703969031688e-17,0.19999999999999996,0.0,0.0,0.10752447692673517
2014-06-09,0.2,0.2,5.746059228903254e-17,0.09247552307326434,0.2,6.591949208711867e-17,0.0,4.550703969031688e-17,0.19999999999999996,0.0,0.0,0.10752447692673517
2014-06-10,0.2,0.2,5.746059228903254e-17,0.09247552307326434,0.2,6.591949208711867e-17,0.0,4.550703969031688e-17,0.19999999999999996,0.0,0.0,0.10752447692673517
2014-06-11,0.2,0.19999999999999996,0.0,0.11801249708633374,0.2,0.0,1.7143946852427039e-18,0.0,0.2,0.0,0.0,0.08198750291366608
2014-06-12,0.2,0.19999999999999996,0.0,0.11801249708633374,0.2,0.0,1.7143946852427039e-18,0.0,0.2,0.0,0.0,0.08198750291366608
2014-06-13,0.2,0.19999999999999996,0.0,0.11801249708633374,0.2,0.0,1.7143946852427039e-18,0.0,0.2,0.0,0.0,0.08198750291366608
2014-06-16,0.2,0.19999999999999996,0.0,0.11801249708633374,0.2,0.0,1.7143946852427039e-18,0.0,0.2,0.0,0.0,0.08198750291366608
2014-06-17,0.2,0.19999999999999996,0.0,0.11801249708633374,0.2,0.0,1.7143946852427039e-18,0.0,0.2,0.0,0.0,0.08198750291366608
2014-06-18,0.2,0.2,0.0,0.2,0.2,0.0,9.974659986866641e-17,0.0,0.2,6.765421556309548e-17,1.717376241217039e-16,0.0
2014-06-19,0.2,0.2,0.0,0.2,0.2,0.0,9.974659986866641e-17,0.0,0.2,6.765421556309548e-17,1.717376241217039e-16,0.0
2014-06-20,0.2,0.2,0.0,0.2,0.2,0.0,9.974659986866641e-17,0.0,0.2,6.765421556309548e-17,1.717376241217039e-16,0.0
2014-06-23,0.2,0.2,0.0,0.2,0.2,0.0,9.974659986866641e-17,0.0,0.2,6.765421556309548e-17,1.717376241217039e-16,0.0
2014-06-24,0.2,0.2,0.0,0.2,0.2,0.0,9.974659986866641e-17,0.0,0.2,6.765421556309548e-17,1.717376241217039e-16,0.0
2014-06-25,0.2,0.2,0.0,0.2,0.2,0.0,9.974659986866641e-17,0.0,0.2,6.765421556309548e-17,1.717376241217039e-16,0.0
2014-06-26,0.2,0.2,0.0,0.2,0.2,0.0,9.974659986866641e-17,0.0,0.2,6.765421556309548e-17,1.717376241217039e-16,0.0
2014-06-27,0.2,0.2,0.0,0.2,0.2,0.0,9.974659986866641e-17,0.0,0.2,6.765421556309548e-17,1.717376241217039e-16,0.0
2014-06-30,0.2,0.2,0.0,0.2,0.2,0.0,9.974659986866641e-17,0.0,0.2,6.765421556309548e-17,1.717376241217039e-16,0.0
2014-07-01,0.2,0.2,0.0,0.2,0.2,0.0,9.974659986866641e-17,0.0,0.2,6.765421556309548e-17,1.717376241217039e-16,0.0
2014-07-02,0.2,0.2,0.0,0.2,0.2,0.0,9.974659986866641e-17,0.0,0.2,6.765421556309548e-17,1.717376241217039e-16,0.0
2014-07-03,0.2,0.2,0.0,0.2,0.2,0.0,9.974659986866641e-17,0.0,0.2,6.765421556309548e-17,1.717376241217039e-16,0.0
2014-07-07,0.2,0.2,0.0,0.2,0.2,0.0,9.974659986866641e-17,0.0,0.2,6.765421556309548e-17,1.717376241217039e-16,0.0
2014-07-08,0.2,0.2,0.0,0.2,0.2,0.0,9.974659986866641e-17,0.0,0.2,6.765421556309548e-17,1.717376241217039e-16,0.0
2014-07-09,0.2,0.2,0.0,0.2,0.2,0.0,9.974659986866641e-17,0.0,0.2,6.765421556309548e-17,1.717376241217039e-16,0.0
2014-07-10,0.2,0.2,0.0,0.2,0.2,0.0,9.974659986866641e-17,0.0,0.2,6.765421556309548e-17,1.717376241217039e-16,0.0
2014-07-11,0.2,0.2,0.0,0.2,0.2,0.0,9.974659986866641e-17,0.0,0.2,6.765421556309548e-17,1.717376241217039e-16,0.0
2014-07-14,0.2,0.2,0.0,0.2,0.2,0.0,9.974659986866641e-17,0.0,0.2,6.765421556309548e-17,1.717376241217039e-16,0.0
2014-07-15,0.2,0.2,0.0,0.2,0.2,0.0,9.974659986866641e-17,0.0,0.2,6.765421556309548e-17,1.717376241217039e-16,0.0
2014-07-16,0.2,0.2,0.0,0.2,0.2,0.0,9.974659986866641e-17,0.0,0.2,6.765421556309548e-17,1.717376241217039e-16,0.0
2014-07-17,0.2,0.2,0.0,0.2,0.2,0.0,9.974659986866641e-17,0.0,0.2,6.765421556309548e-17,1.717376241217039e-16,0.0
2014-07-18,0.2,0.2,0.0,0.2,0.2,0.0,9.974659986866641e-17,0.0,0.2,6.765421556309548e-17,1.717376241217039e-16,0.0
2014-07-21,0.2,0.2,0.0,0.2,0.2,0.0,9.974659986866641e-17,0.0,0.2,6.765421556309548e-17,1.717376241217039e-16,0.0
2014-07-22,0.2,0.2,0.0,0.2,0.2,0.0,9.974659986866641e-17,0.0,0.2,6.765421556309548e-17,1.717376241217039e-16,0.0
2014-07-23,0.2,0.2,0.0,0.2,0.2,0.0,9.974659986866641e-17,0.0,0.2,6.765421556309548e-17,1.717376241217039e-16,0.0
2014-07-24,0.2,0.2,0.0,0.2,0.2,0.0,9.974659986866641e-17,0.0,0.2,6.765421556309548e-17,1.717376241217039e-16,0.0
2014-07-25,0.2,0.2,0.0,0.2,0.2,0.0,9.974659986866641e-17,0.0,0.2,6.765421556309548e-17,1.717376241217039e-16,0.0
2014-07-28,0.2,0.2,0.0,0.2,0.2,0.0,9.974659986866641e-17,0.0,0.2,6.765421556309548e-17,1.717376241217039e-16,0.0
2014-07-29,0.2,0.2,0.0,0.2,0.2,0.0,9.974659986866641e-17,0.0,0.2,6.765421556309548e-17,1.717376241217039e-16,0.0
2014-07-30,0.2,0.2,0.0,0.2,0.2,0.0,9.974659986866641e-17,0.0,0.2,6.765421556309548e-17,1.717376241217039e-16,0.0
2014-07-31,0.19999999999999993,0.2,0.0,0.19999999999999996,0.1159434918371858,5.0073433544632023e-17,0.0,1.109728901696886e-16,0.2,7.319619188020161e-17,0.0,0.08405650816281399
2014-08-01,0.19999999999999993,0.2,0.0,0.19999999999999996,0.1159434918371858,5.0073433544632023e-17,0.0,1.109728901696886e-16,0.2,7.319619188020161e-17,0.0,0.08405650816281399
2014-08-04,0.19999999999999993,0.2,0.0,0.19999999999999996,0.1159434918371858,5.0073433544632023e-17,0.0,1.109728901696886e-16,0.2,7.319619188020161e-17,0.0,0.08405650816281399
2014-08-05,0.19999999999999993,0.2,0.0,0.19999999999999996,0.1159434918371858,5.0073433544632023e-17,0.0,1.109728901696886e-16,0.2,7.319619188020161e-17,0.0,0.08405650816281399
2014-08-06,0.19999999999999993,0.2,0.0,0.19999999999999996,0.1159434918371858,5.0073433544632023e-17,0.0,1.109728901696886e-16,0.2,7.319619188020161e-17,0.0,0.08405650816281399
2014-08-07,0.19999999999999993,0.2,0.0,0.19999999999999996,0.1159434918371858,5.0073433544632023e-17,0.0,1.109728901696886e-16,0.2,7.319619188020161e-17,0.0,0.08405650816281399
2014-08-08,0.19999999999999993,0.2,0.0,0.19999999999999996,0.1159434918371858,5.0073433544632023e-17,0.0,1.109728901696886e-16,0.2,7.319619188020161e-17,0.0,0.08405650816281399
2014-08-11,0.19999999999999993,0.2,0.0,0.19999999999999996,0.1159434918371858,5.0073433544632023e-17,0.0,1.109728901696886e-16,0.2,7.319619188020161e-17,0.0,0.08405650816281399
2014-08-12,0.19999999999999993,0.2,0.0,0.19999999999999996,0.1159434918371858,5.0073433544632023e-17,0.0,1.109728901696886e-16,0.2,7.319619188020161e-17,0.0,0.08405650816281399
2014-08-13,0.19999999999999993,0.2,0.0,0.19999999999999996,0.1159434918371858,5.0073433544632023e-17,0.0,1.109728901696886e-16,0.2,7.319619188020161e-17,0.0,0.08405650816281399
2014-08-14,0.19999999999999993,0.2,0.0,0.19999999999999996,0.1159434918371858,5.0073433544632023e-17,0.0,1.109728901696886e-16,0.2,7.319619188020161e-17,0.0,0.08405650816281399
2014-08-15,0.19999999999999993,0.2,0.0,0.19999999999999996,0.1159434918371858,5.0073433544632023e-17,0.0,1.109728901696886e-16,0.2,7.319619188020161e-17,0.0,0.08405650816281399
2014-08-18,0.19999999999999993,0.2,0.0,0.19999999999999996,0.1159434918371858,5.0073433544632023e-17,0.0,1.109728901696886e-16,0.2,7.319619188020161e-17,0.0,0.08405650816281399
2014-08-19,0.19999999999999993,0.2,0.0,0.19999999999999996,0.1159434918371858,5.0073433544632023e-17,0.0,1.109728901696886e-16,0.2,7.319619188020161e-17,0.0,0.08405650816281399
2014-08-20,0.19999999999999993,0.2,0.0,0.19999999999999996,0.1159434918371858,5.0073433544632023e-17,0.0,1.109728901696886e-16,0.2,7.319619188020161e-17,0.0,0.08405650816281399
2014-08-21,0.19999999999999993,0.2,0.0,0.19999999999999996,0.1159434918371858,5.0073433544632023e-17,0.0,1.109728901696886e-16,0.2,7.319619188020161e-17,0.0,0.08405650816281399
2014-08-22,0.19999999999999993,0.2,0.0,0.19999999999999996,0.1159434918371858,5.0073433544632023e-17,0.0,1.109728901696886e-16,0.2,7.319619188020161e-17,0.0,0.08405650816281399
2014-08-25,0.19999999999999993,0.2,0.0,0.19999999999999996,0.1159434918371858,5.0073433544632023e-17,0.0,1.109728901696886e-16,0.2,7.319619188020161e-17,0.0,0.08405650816281399
2014-08-26,0.19999999999999993,0.2,0.0,0.19999999999999996,0.1159434918371858,5.0073433544632023e-17,0.0,1.109728901696886e-16,0.2,7.319619188020161e-17,0.0,0.08405650816281399
2014-08-27,0.19999999999999993,0.2,0.0,0.19999999999999996,0.1159434918371858,5.0073433544632023e-17,0.0,1.109728901696886e-16,0.2,7.319619188020161e-17,0.0,0.08405650816281399
2014-08-28,0.2,0.2,0.0,0.12422664247780806,0.14324713676727122,0.0,0.0,0.0,0.2,0.0,0.0,0.1325262207549209
2014-08-29,0.2,0.2,0.0,0.12422664247780806,0.14324713676727122,0.0,0.0,0.0,0.2,0.0,0.0,0.1325262207549209
2014-09-02,0.2,0.2,0.0,0.12422664247780806,0.14324713676727122,0.0,0.0,0.0,0.2,0.0,0.0,0.1325262207549209
2014-09-03,0.2,0.2,0.0,0.12422664247780806,0.14324713676727122,0.0,0.0,0.0,0.2,0.0,0.0,0.1325262207549209
2014-09-04,0.2,0.2,0.0,0.12422664247780806,0.14324713676727122,0.0,0.0,0.0,0.2,0.0,0.0,0.1325262207549209
2014-09-05,0.19999999999999993,0.2,0.0,0.0,0.2,0.0,1.5153864977913927e-16,0.0,0.2,1.1040505134692121e-16,1.667370738305118e-17,0.2
2014-09-08,0.19999999999999993,0.2,0.0,0.0,0.2,0.0,1.5153864977913927e-16,0.0,0.2,1.1040505134692121e-16,1.667370738305118e-17,0.2
2014-09-09,0.19999999999999993,0.2,0.0,0.0,0.2,0.0,1.5153864977913927e-16,0.0,0.2,1.1040505134692121e-16,1.667370738305118e-17,0.2
2014-09-10,0.19999999999999993,0.2,0.0,0.0,0.2,0.0,1.5153864977913927e-16,0.0,0.2,1.1040505134692121e-16,1.667370738305118e-17,0.2
2014-09-11,0.19999999999999993,0.2,0.0,0.0,0.2,0.0,1.5153864977913927e-16,0.0,0.2,1.1040505134692121e-16,1.667370738305118e-17,0.2
2014-09-12,0.19999999999999996,0.1999999999999997,0.0,3.241563212373079e-17,0.12083831123171031,1.677316495762654e-16,1.670902381233725e-16,0.0791616887682895,0.19999999999999993,5.640436523558483e-17,2.6510353593747225e-16,0.19999999999999993
2014-09-15,0.19999999999999996,0.1999999999999997,0.0,3.241563212373079e-17,0.12083831123171031,1.677316495762654e-16,1.670902381233725e-16,0.0791616887682895,0.19999999999999993,5.640436523558483e-17,2.6510353593747225e-16,0.19999999999999993
2014-09-16,0.19999999999999996,0.1999999999999997,0.0,3.241563212373079e-17,0.12083831123171031,1.677316495762654e-16,1.670902381233725e-16,0.0791616887682895,0.19999999999999993,5.640436523558483e-17,2.6510353593747225e-16,0.19999999999999993
2014-09-17,0.19999999999999996,0.1999999999999997,0.0,3.241563212373079e-17,0.12083831123171031,1.677316495762654e-16,1.670902381233725e-16,0.0791616887682895,0.19999999999999993,5.640436523558483e-17,2.6510353593747225e-16,0.19999999999999993
2014-09-18,0.19999999999999996,0.1999999999999997,0.0,3.241563212373079e-17,0.12083831123171031,1.677316495762654e-16,1.670902381233725e-16,0.0791616887682895,0.19999999999999993,5.640436523558483e-17,2.6510353593747225e-16,0.19999999999999993
2014-09-19,0.2,0.2,0.0,0.0,0.062098715973486936,3.1744319957358297e-16,1.397709709098199e-16,0.1379012840265127,0.19999999999999962,2.418460682171105e-16,0.0,0.2
2014-09-22,0.2,0.2,0.0,0.0,0.062098715973486936,3.1744319957358297e-16,1.397709709098199e-16,0.1379012840265127,0.19999999999999962,2.418460682171105e-16,0.0,0.2
2014-09-23,0.2,0.2,0.0,0.0,0.062098715973486936,3.1744319957358297e-16,1.397709709098199e-16,0.1379012840265127,0.19999999999999962,2.418460682171105e-16,0.0,0.2
2014-09-24,0.2,0.2,0.0,0.0,0.062098715973486936,3.1744319957358297e-16,1.397709709098199e-16,0.1379012840265127,0.19999999999999962,2.418460682171105e-16,0.0,0.2
2014-09-25,0.2,0.2,0.0,0.0,0.062098715973486936,3.1744319957358297e-16,1.397709709098199e-16,0.1379012840265127,0.19999999999999962,2.418460682171105e-16,0.0,0.2
2014-09-26,0.2,0.2,0.2,0.0,2.0816681711721685e-17,8.060635648148192e-17,1.0699988982879614e-16,9.068969436540157e-17,0.19999999999999996,1.7561768378492272e-17,0.0,0.1999999999999998
2014-09-29,0.2,0.2,0.2,0.0,2.0816681711721685e-17,8.060635648148192e-17,1.0699988982879614e-16,9.068969436540157e-17,0.19999999999999996,1.7561768378492272e-17,0.0,0.1999999999999998
2014-09-30,0.2,0.2,0.2,0.0,2.0816681711721685e-17,8.060635648148192e-17,1.0699988982879614e-16,9.068969436540157e-17,0.19999999999999996,1.7561768378492272e-17,0.0,0.1999999999999998
2014-10-01,0.2,0.2,0.2,0.0,2.0816681711721685e-17,8.060635648148192e-17,1.0699988982879614e-16,9.068969436540157e-17,0.19999999999999996,1.7561768378492272e-17,0.0,0.1999999999999998
2014-10-02,0.2,0.2,0.2,0.0,2.0816681711721685e-17,8.060635648148192e-17,1.0699988982879614e-16,9.068969436540157e-17,0.19999999999999996,1.7561768378492272e-17,0.0,0.1999999999999998
2014-10-03,0.19999999999999998,0.2,0.12784541603462427,4.3000077872379073e-17,0.0,0.0,0.0,0.16059739446828605,0.16074908470233293,0.0,0.0,0.15080810479475748
2014-10-06,0.19999999999999998,0.2,0.12784541603462427,4.3000077872379073e-17,0.0,0.0,0.0,0.16059739446828605,0.16074908470233293,0.0,0.0,0.15080810479475748
2014-10-07,0.19999999999999998,0.2,0.12784541603462427,4.3000077872379073e-17,0.0,0.0,0.0,0.16059739446828605,0.16074908470233293,0.0,0.0,0.15080810479475748
2014-10-08,0.19999999999999998,0.2,0.12784541603462427,4.3000077872379073e-17,0.0,0.0,0.0,0.16059739446828605,0.16074908470233293,0.0,0.0,0.15080810479475748
2014-10-09,0.19999999999999998,0.2,0.12784541603462427,4.3000077872379073e-17,0.0,0.0,0.0,0.16059739446828605,0.16074908470233293,0.0,0.0,0.15080810479475748
2014-10-10,0.07868295897644181,0.03829626230789231,0.020617458301848374,0.05745213518226106,1.4739477301549137e-18,2.852144090667128e-18,0.2,0.15045269219759502,1.1650266868163601e-21,0.19999999999999998,0.2,0.054498493033961516
2014-10-13,0.07868295897644181,0.03829626230789231,0.020617458301848374,0.05745213518226106,1.4739477301549137e-18,2.852144090667128e-18,0.2,0.15045269219759502,1.1650266868163601e-21,0.19999999999999998,0.2,0.054498493033961516
2014-10-14,0.07868295897644181,0.03829626230789231,0.020617458301848374,0.05745213518226106,1.4739477301549137e-18,2.852144090667128e-18,0.2,0.15045269219759502,1.1650266868163601e-21,0.19999999999999998,0.2,0.054498493033961516
2014-10-15,0.07868295897644181,0.03829626230789231,0.020617458301848374,0.05745213518226106,1.4739477301549137e-18,2.852144090667128e-18,0.2,0.15045269219759502,1.1650266868163601e-21,0.19999999999999998,0.2,0.054498493033961516
2014-10-16,0.07868295897644181,0.03829626230789231,0.020617458301848374,0.05745213518226106,1.4739477301549137e-18,2.852144090667128e-18,0.2,0.15045269219759502,1.1650266868163601e-21,0.19999999999999998,0.2,0.054498493033961516
2014-10-17,0.17570349315269826,0.018579346556486232,2.626203260597465e-18,0.017403744196735134,5.267909581932916e-19,1.8682659898601404e-17,0.19999999999999998,0.1637541538331792,4.07043589527136e-17,0.2,0.2,0.02455926226090118
2014-10-20,0.17570349315269826,0.018579346556486232,2.626203260597465e-18,0.017403744196735134,5.267909581932916e-19,1.8682659898601404e-17,0.19999999999999998,0.1637541538331792,4.07043589527136e-17,0.2,0.2,0.02455926226090118
2014-10-21,0.17570349315269826,0.018579346556486232,2.626203260597465e-18,0.017403744196735134,5.267909581932916e-19,1.8682659898601404e-17,0.19999999999999998,0.1637541538331792,4.07043589527136e-17,0.2,0.2,0.02455926226090118
2014-10-22,0.17570349315269826,0.018579346556486232,2.626203260597465e-18,0.017403744196735134,5.267909581932916e-19,1.8682659898601404e-17,0.19999999999999998,0.1637541538331792,4.07043589527136e-17,0.2,0.2,0.02455926226090118
2014-10-23,0.17570349315269826,0.018579346556486232,2.626203260597465e-18,0.017403744196735134,5.267909581932916e-19,1.8682659898601404e-17,0.19999999999999998,0.1637541538331792,4.07043589527136e-17,0.2,0.2,0.02455926226090118
2014-10-24,0.17570349315269826,0.018579346556486232,2.626203260597465e-18,0.017403744196735134,5.267909581932916e-19,1.8682659898601404e-17,0.19999999999999998,0.1637541538331792,4.07043589527136e-17,0.2,0.2,0.02455926226090118
2014-10-27,0.17570349315269826,0.018579346556486232,2.626203260597465e-18,0.017403744196735134,5.267909581932916e-19,1.8682659898601404e-17,0.19999999999999998,0.1637541538331792,4.07043589527136e-17,0.2,0.2,0.02455926226090118
2014-10-28,0.17570349315269826,0.018579346556486232,2.626203260597465e-18,0.017403744196735134,5.267909581932916e-19,1.8682659898601404e-17,0.19999999999999998,0.1637541538331792,4.07043589527136e-17,0.2,0.2,0.02455926226090118
2014-10-29,0.17570349315269826,0.018579346556486232,2.626203260597465e-18,0.017403744196735134,5.267909581932916e-19,1.8682659898601404e-17,0.19999999999999998,0.1637541538331792,4.07043589527136e-17,0.2,0.2,0.02455926226090118
2014-10-30,0.17570349315269826,0.018579346556486232,2.626203260597465e-18,0.017403744196735134,5.267909581932916e-19,1.8682659898601404e-17,0.19999999999999998,0.1637541538331792,4.07043589527136e-17,0.2,0.2,0.02455926226090118
2014-10-31,0.17570349315269826,0.018579346556486232,2.626203260597465e-18,0.017403744196735134,5.267909581932916e-19,1.8682659898601404e-17,0.19999999999999998,0.1637541538331792,4.07043589527136e-17,0.2,0.2,0.02455926226090118
2014-11-03,0.17570349315269826,0.018579346556486232,2.626203260597465e-18,0.017403744196735134,5.267909581932916e-19,1.8682659898601404e-17,0.19999999999999998,0.1637541538331792,4.07043589527136e-17,0.2,0.2,0.02455926226090118
2014-11-04,0.17570349315269826,0.018579346556486232,2.626203260597465e-18,0.017403744196735134,5.267909581932916e-19,1.8682659898601404e-17,0.19999999999999998,0.1637541538331792,4.07043589527136e-17,0.2,0.2,0.02455926226090118
2014-11-05,0.17570349315269826,0.018579346556486232,2.626203260597465e-18,0.017403744196735134,5.267909581932916e-19,1.8682659898601404e-17,0.19999999999999998,0.1637541538331792,4.07043589527136e-17,0.2,0.2,0.02455926226090118
2014-11-06,0.17570349315269826,0.018579346556486232,2.626203260597465e-18,0.017403744196735134,5.267909581932916e-19,1.8682659898601404e-17,0.19999999999999998,0.1637541538331792,4.07043589527136e-17,0.2,0.2,0.02455926226090118
2014-11-07,0.13359674336991742,0.02014857826542366,4.450585555822351e-19,0.05883722603000458,2.594011827400885e-20,4.2787557821119187e-19,0.2,0.15621985719026027,3.167525488463331e-20,0.19999999999999998,0.2,0.03119759514439419
2014-11-10,0.13359674336991742,0.02014857826542366,4.450585555822351e-19,0.05883722603000458,2.594011827400885e-20,4.2787557821119187e-19,0.2,0.15621985719026027,3.167525488463331e-20,0.19999999999999998,0.2,0.03119759514439419
2014-11-11,0.13359674336991742,0.02014857826542366,4.450585555822351e-19,0.05883722603000458,2.594011827400885e-20,4.2787557821119187e-19,0.2,0.15621985719026027,3.167525488463331e-20,0.19999999999999998,0.2,0.03119759514439419
2014-11-12,0.13359674336991742,0.02014857826542366,4.450585555822351e-19,0.05883722603000458,2.594011827400885e-20,4.2787557821119187e-19,0.2,0.15621985719026027,3.167525488463331e-20,0.19999999999999998,0.2,0.03119759514439419
2014-11-13,0.13359674336991742,0.02014857826542366,4.450585555822351e-19,0.05883722603000458,2.594011827400885e-20,4.2787557821119187e-19,0.2,0.15621985719026027,3.167525488463331e-20,0.19999999999999998,0.2,0.03119759514439419
2014-11-14,0.056606354888443976,0.06167817519234886,5.373560081537987e-23,0.050786403606290255,2.8322576755473883e-19,4.567526069307288e-22,0.2,0.15677900259225044,0.005701400430837192,0.2,0.2,0.06844866328982935
2014-11-17,0.056606354888443976,0.06167817519234886,5.373560081537987e-23,0.050786403606290255,2.8322576755473883e-19,4.567526069307288e-22,0.2,0.15677900259225044,0.005701400430837192,0.2,0.2,0.06844866328982935
2014-11-18,0.056606354888443976,0.06167817519234886,5.373560081537987e-23,0.050786403606290255,2.8322576755473883e-19,4.567526069307288e-22,0.2,0.15677900259225044,0.005701400430837192,0.2,0.2,0.06844866328982935
2014-11-19,0.056606354888443976,0.06167817519234886,5.373560081537987e-23,0.050786403606290255,2.8322576755473883e-19,4.567526069307288e-22,0.2,0.15677900259225044,0.005701400430837192,0.2,0.2,0.06844866328982935
2014-11-20,0.056606354888443976,0.06167817519234886,5.373560081537987e-23,0.050786403606290255,2.8322576755473883e-19,4.567526069307288e-22,0.2,0.15677900259225044,0.005701400430837192,0.2,0.2,0.06844866328982935
2014-11-21,0.056606354888443976,0.06167817519234886,5.373560081537987e-23,0.050786403606290255,2.8322576755473883e-19,4.567526069307288e-22,0.2,0.15677900259225044,0.005701400430837192,0.2,0.2,0.06844866328982935
2014-11-24,0.056606354888443976,0.06167817519234886,5.373560081537987e-23,0.050786403606290255,2.8322576755473883e-19,4.567526069307288e-22,0.2,0.15677900259225044,0.005701400430837192,0.2,0.2,0.06844866328982935
2014-11-25,0.056606354888443976,0.06167817519234886,5.373560081537987e-23,0.050786403606290255,2.8322576755473883e-19,4.567526069307288e-22,0.2,0.15677900259225044,0.005701400430837192,0.2,0.2,0.06844866328982935
2014-11-26,0.056606354888443976,0.06167817519234886,5.373560081537987e-23,0.050786403606290255,2.8322576755473883e-19,4.567526069307288e-22,0.2,0.15677900259225044,0.005701400430837192,0.2,0.2,0.06844866328982935
2014-11-28,0.056606354888443976,0.06167817519234886,5.373560081537987e-23,0.050786403606290255,2.8322576755473883e-19,4.567526069307288e-22,0.2,0.15677900259225044,0.005701400430837192,0.2,0.2,0.06844866328982935
2014-12-01,0.2,0.2,0.0,8.71292670861597e-17,0.07745944789733449,0.0,0.0,0.2,0.0,0.1999999999999999,1.0330799871821806e-16,0.12254055210266589
2014-12-02,0.2,0.2,0.0,8.71292670861597e-17,0.07745944789733449,0.0,0.0,0.2,0.0,0.1999999999999999,1.0330799871821806e-16,0.12254055210266589
2014-12-03,0.2,0.2,0.0,8.71292670861597e-17,0.07745944789733449,0.0,0.0,0.2,0.0,0.1999999999999999,1.0330799871821806e-16,0.12254055210266589
2014-12-04,0.2,0.2,0.0,8.71292670861597e-17,0.07745944789733449,0.0,0.0,0.2,0.0,0.1999999999999999,1.0330799871821806e-16,0.12254055210266589
2014-12-05,0.2,0.2,0.0,8.71292670861597e-17,0.07745944789733449,0.0,0.0,0.2,0.0,0.1999999999999999,1.0330799871821806e-16,0.12254055210266589
2014-12-08,0.19999999999999998,0.19999999999999973,0.08828766022829643,9.792027664483119e-17,0.05329018805834666,1.2442584002738614e-16,0.0,0.19999999999999998,3.649998671627345e-17,0.19999999999999993,1.8182022988060538e-17,0.05842215171335721
2014-12-09,0.19999999999999998,0.19999999999999973,0.08828766022829643,9.792027664483119e-17,0.05329018805834666,1.2442584002738614e-16,0.0,0.19999999999999998,3.649998671627345e-17,0.19999999999999993,1.8182022988060538e-17,0.05842215171335721
2014-12-10,0.19999999999999998,0.19999999999999973,0.08828766022829643,9.792027664483119e-17,0.05329018805834666,1.2442584002738614e-16,0.0,0.19999999999999998,3.649998671627345e-17,0.19999999999999993,1.8182022988060538e-17,0.05842215171335721
2014-12-11,0.19999999999999998,0.19999999999999973,0.08828766022829643,9.792027664483119e-17,0.05329018805834666,1.2442584002738614e-16,0.0,0.19999999999999998,3.649998671627345e-17,0.19999999999999993,1.8182022988060538e-17,0.05842215171335721
2014-12-12,0.19999999999999998,0.19999999999999973,0.08828766022829643,9.792027664483119e-17,0.05329018805834666,1.2442584002738614e-16,0.0,0.19999999999999998,3.649998671627345e-17,0.19999999999999993,1.8182022988060538e-17,0.05842215171335721
2014-12-15,0.19999999999999976,0.19999999999999998,0.2,0.0,3.194217830870609e-16,1.7466831044869715e-16,1.3252608928439118e-16,0.19999999999999982,1.5082959508657204e-16,0.19999999999999976,1.8164574650876048e-16,0.0
2014-12-16,0.19999999999999976,0.19999999999999998,0.2,0.0,3.194217830870609e-16,1.7466831044869715e-16,1.3252608928439118e-16,0.19999999999999982,1.5082959508657204e-16,0.19999999999999976,1.8164574650876048e-16,0.0
2014-12-17,0.19999999999999976,0.19999999999999998,0.2,0.0,3.194217830870609e-16,1.7466831044869715e-16,1.3252608928439118e-16,0.19999999999999982,1.5082959508657204e-16,0.19999999999999976,1.8164574650876048e-16,0.0
2014-12-18,0.19999999999999976,0.19999999999999998,0.2,0.0,3.194217830870609e-16,1.7466831044869715e-16,1.3252608928439118e-16,0.19999999999999982,1.5082959508657204e-16,0.19999999999999976,1.8164574650876048e-16,0.0
2014-12-19,0.19999999999999976,0.19999999999999998,0.2,0.0,3.194217830870609e-16,1.7466831044869715e-16,1.3252608928439118e-16,0.19999999999999982,1.5082959508657204e-16,0.19999999999999976,1.8164574650876048e-16,0.0
2014-12-22,4.968515176083619e-17,1.7515800277433302e-16,6.324071659147375e-18,1.326849763906664e-17,5.720697183819105e-17,2.4061337729502225e-16,0.19999999999999998,0.1400254983018027,0.10684606121528895,0.2,0.19999999999999998,0.153128440482908
2014-12-23,4.968515176083619e-17,1.7515800277433302e-16,6.324071659147375e-18,1.326849763906664e-17,5.720697183819105e-17,2.4061337729502225e-16,0.19999999999999998,0.1400254983018027,0.10684606121528895,0.2,0.19999999999999998,0.153128440482908
2014-12-24,4.968515176083619e-17,1.7515800277433302e-16,6.324071659147375e-18,1.326849763906664e-17,5.720697183819105e-17,2.4061337729502225e-16,0.19999999999999998,0.1400254983018027,0.10684606121528895,0.2,0.19999999999999998,0.153128440482908
2014-12-26,4.968515176083619e-17,1.7515800277433302e-16,6.324071659147375e-18,1.326849763906664e-17,5.720697183819105e-17,2.4061337729502225e-16,0.19999999999999998,0.1400254983018027,0.10684606121528895,0.2,0.19999999999999998,0.153128440482908
2014-12-29,4.968515176083619e-17,1.7515800277433302e-16,6.324071659147375e-18,1.326849763906664e-17,5.720697183819105e-17,2.4061337729502225e-16,0.19999999999999998,0.1400254983018027,0.10684606121528895,0.2,0.19999999999999998,0.153128440482908
2014-12-30,4.968515176083619e-17,1.7515800277433302e-16,6.324071659147375e-18,1.326849763906664e-17,5.720697183819105e-17,2.4061337729502225e-16,0.19999999999999998,0.1400254983018027,0.10684606121528895,0.2,0.19999999999999998,0.153128440482908
2014-12-31,4.968515176083619e-17,1.7515800277433302e-16,6.324071659147375e-18,1.326849763906664e-17,5.720697183819105e-17,2.4061337729502225e-16,0.19999999999999998,0.1400254983018027,0.10684606121528895,0.2,0.19999999999999998,0.153128440482908
2015-01-02,4.968515176083619e-17,1.7515800277433302e-16,6.324071659147375e-18,1.326849763906664e-17,5.720697183819105e-17,2.4061337729502225e-16,0.19999999999999998,0.1400254983018027,0.10684606121528895,0.2,0.19999999999999998,0.153128440482908
2015-01-05,4.968515176083619e-17,1.7515800277433302e-16,6.324071659147375e-18,1.326849763906664e-17,5.720697183819105e-17,2.4061337729502225e-16,0.19999999999999998,0.1400254983018027,0.10684606121528895,0.2,0.19999999999999998,0.153128440482908
2015-01-06,4.968515176083619e-17,1.7515800277433302e-16,6.324071659147375e-18,1.326849763906664e-17,5.720697183819105e-17,2.4061337729502225e-16,0.19999999999999998,0.1400254983018027,0.10684606121528895,0.2,0.19999999999999998,0.153128440482908
2015-01-07,1.981105919867157e-17,1.0612721655266792e-19,3.364929004736948e-18,0.0,3.377102374616079e-17,0.09857627181273766,0.19999999999999996,0.14828397362034715,1.6113482491831238e-16,0.19999999999999993,0.19999999999999996,0.15313975456691512
2015-01-08,1.981105919867157e-17,1.0612721655266792e-19,3.364929004736948e-18,0.0,3.377102374616079e-17,0.09857627181273766,0.19999999999999996,0.14828397362034715,1.6113482491831238e-16,0.19999999999999993,0.19999999999999996,0.15313975456691512
2015-01-09,1.981105919867157e-17,1.0612721655266792e-19,3.364929004736948e-18,0.0,3.377102374616079e-17,0.09857627181273766,0.19999999999999996,0.14828397362034715,1.6113482491831238e-16,0.19999999999999993,0.19999999999999996,0.15313975456691512
2015-01-12,1.981105919867157e-17,1.0612721655266792e-19,3.364929004736948e-18,0.0,3.377102374616079e-17,0.09857627181273766,0.19999999999999996,0.14828397362034715,1.6113482491831238e-16,0.19999999999999993,0.19999999999999996,0.15313975456691512
2015-01-13,1.981105919867157e-17,1.0612721655266792e-19,3.364929004736948e-18,0.0,3.377102374616079e-17,0.09857627181273766,0.19999999999999996,0.14828397362034715,1.6113482491831238e-16,0.19999999999999993,0.19999999999999996,0.15313975456691512
2015-01-14,1.981105919867157e-17,1.0612721655266792e-19,3.364929004736948e-18,0.0,3.377102374616079e-17,0.09857627181273766,0.19999999999999996,0.14828397362034715,1.6113482491831238e-16,0.19999999999999993,0.19999999999999996,0.15313975456691512
2015-01-15,1.981105919867157e-17,1.0612721655266792e-19,3.364929004736948e-18,0.0,3.377102374616079e-17,0.09857627181273766,0.19999999999999996,0.14828397362034715,1.6113482491831238e-16,0.19999999999999993,0.19999999999999996,0.15313975456691512
2015-01-16,1.981105919867157e-17,1.0612721655266792e-19,3.364929004736948e-18,0.0,3.377102374616079e-17,0.09857627181273766,0.19999999999999996,0.14828397362034715,1.6113482491831238e-16,0.19999999999999993,0.19999999999999996,0.15313975456691512
2015-01-20,1.981105919867157e-17,1.0612721655266792e-19,3.364929004736948e-18,0.0,3.377102374616079e-17,0.09857627181273766,0.19999999999999996,0.14828397362034715,1.6113482491831238e-16,0.19999999999999993,0.19999999999999996,0.15313975456691512
2015-01-21,1.981105919867157e-17,1.0612721655266792e-19,3.364929004736948e-18,0.0,3.377102374616079e-17,0.09857627181273766,0.19999999999999996,0.14828397362034715,1.6113482491831238e-16,0.19999999999999993,0.19999999999999996,0.15313975456691512
2015-01-22,1.981105919867157e-17,1.0612721655266792e-19,3.364929004736948e-18,0.0,3.377102374616079e-17,0.09857627181273766,0.19999999999999996,0.14828397362034715,1.6113482491831238e-16,0.19999999999999993,0.19999999999999996,0.15313975456691512
2015-01-23,1.981105919867157e-17,1.0612721655266792e-19,3.364929004736948e-18,0.0,3.377102374616079e-17,0.09857627181273766,0.19999999999999996,0.14828397362034715,1.6113482491831238e-16,0.19999999999999993,0.19999999999999996,0.15313975456691512
2015-01-26,1.981105919867157e-17,1.0612721655266792e-19,3.364929004736948e-18,0.0,3.377102374616079e-17,0.09857627181273766,0.19999999999999996,0.14828397362034715,1.6113482491831238e-16,0.19999999999999993,0.19999999999999996,0.15313975456691512
2015-01-27,1.981105919867157e-17,1.0612721655266792e-19,3.364929004736948e-18,0.0,3.377102374616079e-17,0.09857627181273766,0.19999999999999996,0.14828397362034715,1.6113482491831238e-16,0.19999999999999993,0.19999999999999996,0.15313975456691512
2015-01-28,1.981105919867157e-17,1.0612721655266792e-19,3.364929004736948e-18,0.0,3.377102374616079e-17,0.09857627181273766,0.19999999999999996,0.14828397362034715,1.6113482491831238e-16,0.19999999999999993,0.19999999999999996,0.15313975456691512
2015-01-29,0.0,0.008281758446213249,1.2342031418112388e-17,1.5244268045524425e-17,2.9480242811184667e-17,0.03966458560981941,0.19999999999999996,0.1461568631558065,0.06422242239778381,0.2,0.2,0.1416743703903771
2015-01-30,0.0,0.008281758446213249,1.2342031418112388e-17,1.5244268045524425e-17,2.9480242811184667e-17,0.03966458560981941,0.19999999999999996,0.1461568631558065,0.06422242239778381,0.2,0.2,0.1416743703903771
2015-02-02,0.0,0.008281758446213249,1.2342031418112388e-17,1.5244268045524425e-17,2.9480242811184667e-17,0.03966458560981941,0.19999999999999996,0.1461568631558065,0.06422242239778381,0.2,0.2,0.1416743703903771
2015-02-03,0.0,0.008281758446213249,1.2342031418112388e-17,1.5244268045524425e-17,2.9480242811184667e-17,0.03966458560981941,0.19999999999999996,0.1461568631558065,0.06422242239778381,0.2,0.2,0.1416743703903771
2015-02-04,0.0,0.008281758446213249,1.2342031418112388e-17,1.5244268045524425e-17,2.9480242811184667e-17,0.03966458560981941,0.19999999999999996,0.1461568631558065,0.06422242239778381,0.2,0.2,0.1416743703903771
2015-02-05,7.046879068881114e-18,1.15380797455096e-18,1.7656627350471953e-18,1.6172667661773795e-17,0.06993761625078927,0.03446082830708289,0.2,0.14269133077139773,0.041486301168251506,0.19999999999999998,0.1999999999999999,0.11142392350247879
2015-02-06,7.046879068881114e-18,1.15380797455096e-18,1.7656627350471953e-18,1.6172667661773795e-17,0.06993761625078927,0.03446082830708289,0.2,0.14269133077139773,0.041486301168251506,0.19999999999999998,0.1999999999999999,0.11142392350247879
2015-02-09,7.046879068881114e-18,1.15380797455096e-18,1.7656627350471953e-18,1.6172667661773795e-17,0.06993761625078927,0.03446082830708289,0.2,0.14269133077139773,0.041486301168251506,0.19999999999999998,0.1999999999999999,0.11142392350247879
2015-02-10,7.046879068881114e-18,1.15380797455096e-18,1.7656627350471953e-18,1.6172667661773795e-17,0.06993761625078927,0.03446082830708289,0.2,0.14269133077139773,0.041486301168251506,0.19999999999999998,0.1999999999999999,0.11142392350247879
2015-02-11,7.046879068881114e-18,1.15380797455096e-18,1.7656627350471953e-18,1.6172667661773795e-17,0.06993761625078927,0.03446082830708289,0.2,0.14269133077139773,0.041486301168251506,0.19999999999999998,0.1999999999999999,0.11142392350247879
2015-02-12,1.109719670843062e-19,6.285484080520611e-17,6.408939361350649e-17,0.022611931613909092,0.11314304676135516,0.05953724571956602,0.19999999999999984,0.09835387525082359,3.3976864861794105e-19,0.2,0.2,0.10635390065434612
2015-02-13,1.109719670843062e-19,6.285484080520611e-17,6.408939361350649e-17,0.022611931613909092,0.11314304676135516,0.05953724571956602,0.19999999999999984,0.09835387525082359,3.3976864861794105e-19,0.2,0.2,0.10635390065434612
2015-02-17,1.109719670843062e-19,6.285484080520611e-17,6.408939361350649e-17,0.022611931613909092,0.11314304676135516,0.05953724571956602,0.19999999999999984,0.09835387525082359,3.3976864861794105e-19,0.2,0.2,0.10635390065434612
2015-02-18,1.109719670843062e-19,6.285484080520611e-17,6.408939361350649e-17,0.022611931613909092,0.11314304676135516,0.05953724571956602,0.19999999999999984,0.09835387525082359,3.3976864861794105e-19,0.2,0.2,0.10635390065434612
2015-02-19,1.109719670843062e-19,6.285484080520611e-17,6.408939361350649e-17,0.022611931613909092,0.11314304676135516,0.05953724571956602,0.19999999999999984,0.09835387525082359,3.3976864861794105e-19,0.2,0.2,0.10635390065434612
2015-02-20,2.2653955696042494e-17,3.910561822142634e-17,2.621853109324031e-17,1.475014398294569e-17,0.19602689399554266,7.684940473531058e-18,0.19999999999999996,0.05004813301180463,7.362709755587024e-18,0.19999999999999998,0.19999999999999998,0.15392497299265287
2015-02-23,2.2653955696042494e-17,3.910561822142634e-17,2.621853109324031e-17,1.475014398294569e-17,0.19602689399554266,7.684940473531058e-18,0.19999999999999996,0.05004813301180463,7.362709755587024e-18,0.19999999999999998,0.19999999999999998,0.15392497299265287
2015-02-24,2.2653955696042494e-17,3.910561822142634e-17,2.621853109324031e-17,1.475014398294569e-17,0.19602689399554266,7.684940473531058e-18,0.19999999999999996,0.05004813301180463,7.362709755587024e-18,0.19999999999999998,0.19999999999999998,0.15392497299265287
2015-02-25,2.2653955696042494e-17,3.910561822142634e-17,2.621853109324031e-17,1.475014398294569e-17,0.19602689399554266,7.684940473531058e-18,0.19999999999999996,0.05004813301180463,7.362709755587024e-18,0.19999999999999998,0.19999999999999998,0.15392497299265287
2015-02-26,2.2653955696042494e-17,3.910561822142634e-17,2.621853109324031e-17,1.475014398294569e-17,0.19602689399554266,7.684940473531058e-18,0.19999999999999996,0.05004813301180463,7.362709755587024e-18,0.19999999999999998,0.19999999999999998,0.15392497299265287
2015-02-27,0.19999999999999998,0.2,0.0,0.0,0.0,0.08330445732831661,0.2,0.08150557871831451,0.0,0.2,2.09122206931974e-17,0.03518996395336846
2015-03-02,0.19999999999999998,0.2,0.0,0.0,0.0,0.08330445732831661,0.2,0.08150557871831451,0.0,0.2,2.09122206931974e-17,0.03518996395336846
2015-03-03,0.19999999999999998,0.2,0.0,0.0,0.0,0.08330445732831661,0.2,0.08150557871831451,0.0,0.2,2.09122206931974e-17,0.03518996395336846
2015-03-04,0.19999999999999998,0.2,0.0,0.0,0.0,0.08330445732831661,0.2,0.08150557871831451,0.0,0.2,2.09122206931974e-17,0.03518996395336846
2015-03-05,0.19999999999999998,0.2,0.0,0.0,0.0,0.08330445732831661,0.2,0.08150557871831451,0.0,0.2,2.09122206931974e-17,0.03518996395336846
2015-03-06,0.19999999999999998,0.2,1.9772190664385923e-17,0.0,0.0,0.19999999999999998,0.2,1.214306433183765e-16,0.0,0.2,0.0,0.0
2015-03-09,0.19999999999999998,0.2,1.9772190664385923e-17,0.0,0.0,0.19999999999999998,0.2,1.214306433183765e-16,0.0,0.2,0.0,0.0
2015-03-10,0.19999999999999998,0.2,1.9772190664385923e-17,0.0,0.0,0.19999999999999998,0.2,1.214306433183765e-16,0.0,0.2,0.0,0.0
2015-03-11,0.19999999999999998,0.2,1.9772190664385923e-17,0.0,0.0,0.19999999999999998,0.2,1.214306433183765e-16,0.0,0.2,0.0,0.0
2015-03-12,0.19999999999999998,0.2,1.9772190664385923e-17,0.0,0.0,0.19999999999999998,0.2,1.214306433183765e-16,0.0,0.2,0.0,0.0
2015-03-13,0.1999999999999999,0.1999999999999999,1.6312531413736478e-16,1.8323832100859486e-16,0.0,0.11429847959484588,0.19999999999999996,0.08570152040515366,7.904365943888432e-17,0.19999999999999973,1.5071078142819426e-16,3.434752482434078e-16
2015-03-16,0.1999999999999999,0.1999999999999999,1.6312531413736478e-16,1.8323832100859486e-16,0.0,0.11429847959484588,0.19999999999999996,0.08570152040515366,7.904365943888432e-17,0.19999999999999973,1.5071078142819426e-16,3.434752482434078e-16
2015-03-17,0.1999999999999999,0.1999999999999999,1.6312531413736478e-16,1.8323832100859486e-16,0.0,0.11429847959484588,0.19999999999999996,0.08570152040515366,7.904365943888432e-17,0.19999999999999973,1.5071078142819426e-16,3.434752482434078e-16
2015-03-18,0.1999999999999999,0.1999999999999999,1.6312531413736478e-16,1.8323832100859486e-16,0.0,0.11429847959484588,0.19999999999999996,0.08570152040515366,7.904365943888432e-17,0.19999999999999973,1.5071078142819426e-16,3.434752482434078e-16
2015-03-19,0.1999999999999999,0.1999999999999999,1.6312531413736478e-16,1.8323832100859486e-16,0.0,0.11429847959484588,0.19999999999999996,0.08570152040515366,7.904365943888432e-17,0.19999999999999973,1.5071078142819426e-16,3.434752482434078e-16
2015-03-20,0.2,0.2,0.0,2.829807631087447e-17,0.0,0.2,0.2,4.0489678557003135e-17,4.871520296235252e-17,0.19999999999999982,1.2549648205199764e-16,0.0
2015-03-23,0.2,0.2,0.0,2.829807631087447e-17,0.0,0.2,0.2,4.0489678557003135e-17,4.871520296235252e-17,0.19999999999999982,1.2549648205199764e-16,0.0
2015-03-24,0.2,0.2,0.0,2.829807631087447e-17,0.0,0.2,0.2,4.0489678557003135e-17,4.871520296235252e-17,0.19999999999999982,1.2549648205199764e-16,0.0
2015-03-25,0.2,0.2,0.0,2.829807631087447e-17,0.0,0.2,0.2,4.0489678557003135e-17,4.871520296235252e-17,0.19999999999999982,1.2549648205199764e-16,0.0
2015-03-26,0.2,0.2,0.0,2.829807631087447e-17,0.0,0.2,0.2,4.0489678557003135e-17,4.871520296235252e-17,0.19999999999999982,1.2549648205199764e-16,0.0
2015-03-27,0.2,0.2,0.0,2.829807631087447e-17,0.0,0.2,0.2,4.0489678557003135e-17,4.871520296235252e-17,0.19999999999999982,1.2549648205199764e-16,0.0
2015-03-30,0.2,0.2,0.0,2.829807631087447e-17,0.0,0.2,0.2,4.0489678557003135e-17,4.871520296235252e-17,0.19999999999999982,1.2549648205199764e-16,0.0
2015-03-31,0.2,0.2,0.0,2.829807631087447e-17,0.0,0.2,0.2,4.0489678557003135e-17,4.871520296235252e-17,0.19999999999999982,1.2549648205199764e-16,0.0
2015-04-01,0.2,0.2,0.0,2.829807631087447e-17,0.0,0.2,0.2,4.0489678557003135e-17,4.871520296235252e-17,0.19999999999999982,1.2549648205199764e-16,0.0
2015-04-02,0.2,0.2,0.0,2.829807631087447e-17,0.0,0.2,0.2,4.0489678557003135e-17,4.871520296235252e-17,0.19999999999999982,1.2549648205199764e-16,0.0
2015-04-06,2.606409033133463e-17,1.0793640349444547e-17,7.863132704382868e-19,0.13666119269286714,0.05997217654244672,0.07105870748702994,0.2,0.06921969472141107,5.825149227082469e-17,0.2,0.2,0.06308822855624513
2015-04-07,2.606409033133463e-17,1.0793640349444547e-17,7.863132704382868e-19,0.13666119269286714,0.05997217654244672,0.07105870748702994,0.2,0.06921969472141107,5.825149227082469e-17,0.2,0.2,0.06308822855624513
2015-04-08,2.606409033133463e-17,1.0793640349444547e-17,7.863132704382868e-19,0.13666119269286714,0.05997217654244672,0.07105870748702994,0.2,0.06921969472141107,5.825149227082469e-17,0.2,0.2,0.06308822855624513
2015-04-09,2.606409033133463e-17,1.0793640349444547e-17,7.863132704382868e-19,0.13666119269286714,0.05997217654244672,0.07105870748702994,0.2,0.06921969472141107,5.825149227082469e-17,0.2,0.2,0.06308822855624513
2015-04-10,2.606409033133463e-17,1.0793640349444547e-17,7.863132704382868e-19,0.13666119269286714,0.05997217654244672,0.07105870748702994,0.2,0.06921969472141107,5.825149227082469e-17,0.2,0.2,0.06308822855624513
2015-04-13,0.19999999999999982,0.2,2.4048222054024307e-17,0.0,8.684444946822477e-17,0.2,0.19999999999999984,0.0,0.0,0.2,6.382738290617577e-17,1.700029006457271e-16
2015-04-14,0.19999999999999982,0.2,2.4048222054024307e-17,0.0,8.684444946822477e-17,0.2,0.19999999999999984,0.0,0.0,0.2,6.382738290617577e-17,1.700029006457271e-16
2015-04-15,0.19999999999999982,0.2,2.4048222054024307e-17,0.0,8.684444946822477e-17,0.2,0.19999999999999984,0.0,0.0,0.2,6.382738290617577e-17,1.700029006457271e-16
2015-04-16,0.19999999999999982,0.2,2.4048222054024307e-17,0.0,8.684444946822477e-17,0.2,0.19999999999999984,0.0,0.0,0.2,6.382738290617577e-17,1.700029006457271e-16
2015-04-17,0.19999999999999982,0.2,2.4048222054024307e-17,0.0,8.684444946822477e-17,0.2,0.19999999999999984,0.0,0.0,0.2,6.382738290617577e-17,1.700029006457271e-16
2015-04-20,0.19999999999999982,0.2,2.4048222054024307e-17,0.0,8.684444946822477e-17,0.2,0.19999999999999984,0.0,0.0,0.2,6.382738290617577e-17,1.700029006457271e-16
2015-04-21,0.19999999999999982,0.2,2.4048222054024307e-17,0.0,8.684444946822477e-17,0.2,0.19999999999999984,0.0,0.0,0.2,6.382738290617577e-17,1.700029006457271e-16
2015-04-22,0.19999999999999982,0.2,2.4048222054024307e-17,0.0,8.684444946822477e-17,0.2,0.19999999999999984,0.0,0.0,0.2,6.382738290617577e-17,1.700029006457271e-16
2015-04-23,0.19999999999999982,0.2,2.4048222054024307e-17,0.0,8.684444946822477e-17,0.2,0.19999999999999984,0.0,0.0,0.2,6.382738290617577e-17,1.700029006457271e-16
2015-04-24,0.19999999999999982,0.2,2.4048222054024307e-17,0.0,8.684444946822477e-17,0.2,0.19999999999999984,0.0,0.0,0.2,6.382738290617577e-17,1.700029006457271e-16
2015-04-27,0.19999999999999982,0.2,2.4048222054024307e-17,0.0,8.684444946822477e-17,0.2,0.19999999999999984,0.0,0.0,0.2,6.382738290617577e-17,1.700029006457271e-16
2015-04-28,0.19999999999999982,0.2,2.4048222054024307e-17,0.0,8.684444946822477e-17,0.2,0.19999999999999984,0.0,0.0,0.2,6.382738290617577e-17,1.700029006457271e-16
2015-04-29,0.19999999999999982,0.2,2.4048222054024307e-17,0.0,8.684444946822477e-17,0.2,0.19999999999999984,0.0,0.0,0.2,6.382738290617577e-17,1.700029006457271e-16
2015-04-30,0.19999999999999982,0.2,2.4048222054024307e-17,0.0,8.684444946822477e-17,0.2,0.19999999999999984,0.0,0.0,0.2,6.382738290617577e-17,1.700029006457271e-16
2015-05-01,0.19999999999999982,0.2,2.4048222054024307e-17,0.0,8.684444946822477e-17,0.2,0.19999999999999984,0.0,0.0,0.2,6.382738290617577e-17,1.700029006457271e-16
2015-05-04,0.2,0.19999999999999998,0.04929242343433672,0.0,0.0,0.19999999999999998,0.05910910527190153,1.61362219200086e-17,0.0,0.2,0.0,0.0915984712937619
2015-05-05,0.2,0.19999999999999998,0.04929242343433672,0.0,0.0,0.19999999999999998,0.05910910527190153,1.61362219200086e-17,0.0,0.2,0.0,0.0915984712937619
2015-05-06,0.2,0.19999999999999998,0.04929242343433672,0.0,0.0,0.19999999999999998,0.05910910527190153,1.61362219200086e-17,0.0,0.2,0.0,0.0915984712937619
2015-05-07,0.2,0.19999999999999998,0.04929242343433672,0.0,0.0,0.19999999999999998,0.05910910527190153,1.61362219200086e-17,0.0,0.2,0.0,0.0915984712937619
2015-05-08,0.2,0.19999999999999998,0.04929242343433672,0.0,0.0,0.19999999999999998,0.05910910527190153,1.61362219200086e-17,0.0,0.2,0.0,0.0915984712937619
2015-05-11,3.0275722907004573e-21,2.681787866852109e-17,0.0,0.09044545148294916,0.0037104242383155296,0.15242045022786888,0.19999999999999998,0.0,0.034239935844214406,0.2,0.19999999999999996,0.11918373820665218
2015-05-12,3.0275722907004573e-21,2.681787866852109e-17,0.0,0.09044545148294916,0.0037104242383155296,0.15242045022786888,0.19999999999999998,0.0,0.034239935844214406,0.2,0.19999999999999996,0.11918373820665218
2015-05-13,3.0275722907004573e-21,2.681787866852109e-17,0.0,0.09044545148294916,0.0037104242383155296,0.15242045022786888,0.19999999999999998,0.0,0.034239935844214406,0.2,0.19999999999999996,0.11918373820665218
2015-05-14,3.0275722907004573e-21,2.681787866852109e-17,0.0,0.09044545148294916,0.0037104242383155296,0.15242045022786888,0.19999999999999998,0.0,0.034239935844214406,0.2,0.19999999999999996,0.11918373820665218
2015-05-15,3.0275722907004573e-21,2.681787866852109e-17,0.0,0.09044545148294916,0.0037104242383155296,0.15242045022786888,0.19999999999999998,0.0,0.034239935844214406,0.2,0.19999999999999996,0.11918373820665218
2015-05-18,0.2,0.2,0.14599066343170178,1.8419336548625059e-16,3.903127820947816e-17,0.1999999999999999,0.12802049149599026,7.502074145896069e-17,1.434902817959675e-16,3.0859269638321363e-17,7.628242577633287e-17,0.12598884507230737
2015-05-19,0.2,0.2,0.14599066343170178,1.8419336548625059e-16,3.903127820947816e-17,0.1999999999999999,0.12802049149599026,7.502074145896069e-17,1.434902817959675e-16,3.0859269638321363e-17,7.628242577633287e-17,0.12598884507230737
2015-05-20,0.2,0.2,0.14599066343170178,1.8419336548625059e-16,3.903127820947816e-17,0.1999999999999999,0.12802049149599026,7.502074145896069e-17,1.434902817959675e-16,3.0859269638321363e-17,7.628242577633287e-17,0.12598884507230737
2015-05-21,0.2,0.2,0.14599066343170178,1.8419336548625059e-16,3.903127820947816e-17,0.1999999999999999,0.12802049149599026,7.502074145896069e-17,1.434902817959675e-16,3.0859269638321363e-17,7.628242577633287e-17,0.12598884507230737
2015-05-22,0.2,0.2,0.14599066343170178,1.8419336548625059e-16,3.903127820947816e-17,0.1999999999999999,0.12802049149599026,7.502074145896069e-17,1.434902817959675e-16,3.0859269638321363e-17,7.628242577633287e-17,0.12598884507230737
2015-05-26,0.19999999999999998,0.1999999999999999,0.19999999999999996,2.9292392937008e-16,0.0,0.19999999999999984,0.05941298276374411,0.0,0.0,4.5020797358840534e-17,1.4827282630966374e-16,0.1405870172362559
2015-05-27,0.19999999999999998,0.1999999999999999,0.19999999999999996,2.9292392937008e-16,0.0,0.19999999999999984,0.05941298276374411,0.0,0.0,4.5020797358840534e-17,1.4827282630966374e-16,0.1405870172362559
2015-05-28,0.19999999999999998,0.1999999999999999,0.19999999999999996,2.9292392937008e-16,0.0,0.19999999999999984,0.05941298276374411,0.0,0.0,4.5020797358840534e-17,1.4827282630966374e-16,0.1405870172362559
2015-05-29,0.19999999999999998,0.1999999999999999,0.19999999999999996,2.9292392937008e-16,0.0,0.19999999999999984,0.05941298276374411,0.0,0.0,4.5020797358840534e-17,1.4827282630966374e-16,0.1405870172362559
2015-06-01,0.19999999999999998,0.1999999999999999,0.19999999999999996,2.9292392937008e-16,0.0,0.19999999999999984,0.05941298276374411,0.0,0.0,4.5020797358840534e-17,1.4827282630966374e-16,0.1405870172362559
2015-06-02,0.19999999999999987,0.2,0.2,0.0,1.485249927808311e-16,0.19999999999999987,0.10310683144535299,0.0,0.0,0.0,0.0,0.09689316855464729
2015-06-03,0.19999999999999987,0.2,0.2,0.0,1.485249927808311e-16,0.19999999999999987,0.10310683144535299,0.0,0.0,0.0,0.0,0.09689316855464729
2015-06-04,0.19999999999999987,0.2,0.2,0.0,1.485249927808311e-16,0.19999999999999987,0.10310683144535299,0.0,0.0,0.0,0.0,0.09689316855464729
2015-06-05,0.19999999999999987,0.2,0.2,0.0,1.485249927808311e-16,0.19999999999999987,0.10310683144535299,0.0,0.0,0.0,0.0,0.09689316855464729
2015-06-08,0.19999999999999987,0.2,0.2,0.0,1.485249927808311e-16,0.19999999999999987,0.10310683144535299,0.0,0.0,0.0,0.0,0.09689316855464729
2015-06-09,0.2,0.1999999999999999,0.2,0.0,0.0,0.19999999999999993,0.0,4.646323263561418e-17,3.959853796027714e-17,0.0,4.5751034218016793e-17,0.19999999999999996
2015-06-10,0.2,0.1999999999999999,0.2,0.0,0.0,0.19999999999999993,0.0,4.646323263561418e-17,3.959853796027714e-17,0.0,4.5751034218016793e-17,0.19999999999999996
2015-06-11,0.2,0.1999999999999999,0.2,0.0,0.0,0.19999999999999993,0.0,4.646323263561418e-17,3.959853796027714e-17,0.0,4.5751034218016793e-17,0.19999999999999996
2015-06-12,0.2,0.1999999999999999,0.2,0.0,0.0,0.19999999999999993,0.0,4.646323263561418e-17,3.959853796027714e-17,0.0,4.5751034218016793e-17,0.19999999999999996
2015-06-15,0.2,0.1999999999999999,0.2,0.0,0.0,0.19999999999999993,0.0,4.646323263561418e-17,3.959853796027714e-17,0.0,4.5751034218016793e-17,0.19999999999999996
2015-06-16,0.2,0.2,0.2,0.0,0.0,0.2,0.06447205833073098,0.0,0.0,0.06609752564394632,0.0,0.0694304160253224
2015-06-17,0.2,0.2,0.2,0.0,0.0,0.2,0.06447205833073098,0.0,0.0,0.06609752564394632,0.0,0.0694304160253224
2015-06-18,0.2,0.2,0.2,0.0,0.0,0.2,0.06447205833073098,0.0,0.0,0.06609752564394632,0.0,0.0694304160253224
2015-06-19,0.2,0.2,0.2,0.0,0.0,0.2,0.06447205833073098,0.0,0.0,0.06609752564394632,0.0,0.0694304160253224
2015-06-22,0.2,0.2,0.2,0.0,0.0,0.2,0.06447205833073098,0.0,0.0,0.06609752564394632,0.0,0.0694304160253224
2015-06-23,0.1999999999999998,0.19999999999999996,0.2,0.0,0.0,0.2,0.10089172797830778,3.0561637440266526e-17,0.0,4.3281350725621337e-16,0.0,0.09910827202169237
2015-06-24,0.1999999999999998,0.19999999999999996,0.2,0.0,0.0,0.2,0.10089172797830778,3.0561637440266526e-17,0.0,4.3281350725621337e-16,0.0,0.09910827202169237
2015-06-25,0.1999999999999998,0.19999999999999996,0.2,0.0,0.0,0.2,0.10089172797830778,3.0561637440266526e-17,0.0,4.3281350725621337e-16,0.0,0.09910827202169237
2015-06-26,0.1999999999999998,0.19999999999999996,0.2,0.0,0.0,0.2,0.10089172797830778,3.0561637440266526e-17,0.0,4.3281350725621337e-16,0.0,0.09910827202169237
2015-06-29,0.1999999999999998,0.19999999999999996,0.2,0.0,0.0,0.2,0.10089172797830778,3.0561637440266526e-17,0.0,4.3281350725621337e-16,0.0,0.09910827202169237
2015-06-30,0.2,0.2,0.19999999999999987,0.0,0.0,0.2,0.2,0.0,0.0,3.6583185467352294e-16,0.0,1.457167719820518e-16
2015-07-01,0.2,0.2,0.19999999999999987,0.0,0.0,0.2,0.2,0.0,0.0,3.6583185467352294e-16,0.0,1.457167719820518e-16
2015-07-02,0.2,0.2,0.19999999999999987,0.0,0.0,0.2,0.2,0.0,0.0,3.6583185467352294e-16,0.0,1.457167719820518e-16
2015-07-06,0.2,0.2,0.19999999999999987,0.0,0.0,0.2,0.2,0.0,0.0,3.6583185467352294e-16,0.0,1.457167719820518e-16
2015-07-07,0.2,0.2,0.19999999999999987,0.0,0.0,0.2,0.2,0.0,0.0,3.6583185467352294e-16,0.0,1.457167719820518e-16
2015-07-08,4.536585213675423e-18,4.675997716789321e-17,0.019913033860523698,0.06914727457006999,0.009009389624419675,0.07773768431020298,0.19999999999999987,0.022986475570181398,0.0012061420646023563,0.19999999999999998,0.2,0.19999999999999998
2015-07-09,4.536585213675423e-18,4.675997716789321e-17,0.019913033860523698,0.06914727457006999,0.009009389624419675,0.07773768431020298,0.19999999999999987,0.022986475570181398,0.0012061420646023563,0.19999999999999998,0.2,0.19999999999999998
2015-07-10,4.536585213675423e-18,4.675997716789321e-17,0.019913033860523698,0.06914727457006999,0.009009389624419675,0.07773768431020298,0.19999999999999987,0.022986475570181398,0.0012061420646023563,0.19999999999999998,0.2,0.19999999999999998
2015-07-13,4.536585213675423e-18,4.675997716789321e-17,0.019913033860523698,0.06914727457006999,0.009009389624419675,0.07773768431020298,0.19999999999999987,0.022986475570181398,0.0012061420646023563,0.19999999999999998,0.2,0.19999999999999998
2015-07-14,4.536585213675423e-18,4.675997716789321e-17,0.019913033860523698,0.06914727457006999,0.009009389624419675,0.07773768431020298,0.19999999999999987,0.022986475570181398,0.0012061420646023563,0.19999999999999998,0.2,0.19999999999999998
2015-07-15,4.536585213675423e-18,4.675997716789321e-17,0.019913033860523698,0.06914727457006999,0.009009389624419675,0.07773768431020298,0.19999999999999987,0.022986475570181398,0.0012061420646023563,0.19999999999999998,0.2,0.19999999999999998
2015-07-16,4.536585213675423e-18,4.675997716789321e-17,0.019913033860523698,0.06914727457006999,0.009009389624419675,0.07773768431020298,0.19999999999999987,0.022986475570181398,0.0012061420646023563,0.19999999999999998,0.2,0.19999999999999998
2015-07-17,4.536585213675423e-18,4.675997716789321e-17,0.019913033860523698,0.06914727457006999,0.009009389624419675,0.07773768431020298,0.19999999999999987,0.022986475570181398,0.0012061420646023563,0.19999999999999998,0.2,0.19999999999999998
2015-07-20,4.536585213675423e-18,4.675997716789321e-17,0.019913033860523698,0.06914727457006999,0.009009389624419675,0.07773768431020298,0.19999999999999987,0.022986475570181398,0.0012061420646023563,0.19999999999999998,0.2,0.19999999999999998
2015-07-21,4.536585213675423e-18,4.675997716789321e-17,0.019913033860523698,0.06914727457006999,0.009009389624419675,0.07773768431020298,0.19999999999999987,0.022986475570181398,0.0012061420646023563,0.19999999999999998,0.2,0.19999999999999998
2015-07-22,4.536585213675423e-18,4.675997716789321e-17,0.019913033860523698,0.06914727457006999,0.009009389624419675,0.07773768431020298,0.19999999999999987,0.022986475570181398,0.0012061420646023563,0.19999999999999998,0.2,0.19999999999999998
2015-07-23,4.536585213675423e-18,4.675997716789321e-17,0.019913033860523698,0.06914727457006999,0.009009389624419675,0.07773768431020298,0.19999999999999987,0.022986475570181398,0.0012061420646023563,0.19999999999999998,0.2,0.19999999999999998
2015-07-24,4.536585213675423e-18,4.675997716789321e-17,0.019913033860523698,0.06914727457006999,0.009009389624419675,0.07773768431020298,0.19999999999999987,0.022986475570181398,0.0012061420646023563,0.19999999999999998,0.2,0.19999999999999998
2015-07-27,4.536585213675423e-18,4.675997716789321e-17,0.019913033860523698,0.06914727457006999,0.009009389624419675,0.07773768431020298,0.19999999999999987,0.022986475570181398,0.0012061420646023563,0.19999999999999998,0.2,0.19999999999999998
2015-07-28,4.536585213675423e-18,4.675997716789321e-17,0.019913033860523698,0.06914727457006999,0.009009389624419675,0.07773768431020298,0.19999999999999987,0.022986475570181398,0.0012061420646023563,0.19999999999999998,0.2,0.19999999999999998
2015-07-29,2.8458789264681032e-18,2.819681521036065e-19,0.007460085835524065,0.06017706948107665,9.538157300394817e-17,0.07794585601020874,0.19999999999999998,0.027519631099684395,0.02689735757350605,0.2,0.2,0.2
2015-07-30,2.8458789264681032e-18,2.819681521036065e-19,0.007460085835524065,0.06017706948107665,9.538157300394817e-17,0.07794585601020874,0.19999999999999998,0.027519631099684395,0.02689735757350605,0.2,0.2,0.2
2015-07-31,2.8458789264681032e-18,2.819681521036065e-19,0.007460085835524065,0.06017706948107665,9.538157300394817e-17,0.07794585601020874,0.19999999999999998,0.027519631099684395,0.02689735757350605,0.2,0.2,0.2
2015-08-03,2.8458789264681032e-18,2.819681521036065e-19,0.007460085835524065,0.06017706948107665,9.538157300394817e-17,0.07794585601020874,0.19999999999999998,0.027519631099684395,0.02689735757350605,0.2,0.2,0.2
2015-08-04,2.8458789264681032e-18,2.819681521036065e-19,0.007460085835524065,0.06017706948107665,9.538157300394817e-17,0.07794585601020874,0.19999999999999998,0.027519631099684395,0.02689735757350605,0.2,0.2,0.2
2015-08-05,4.556161719023602e-17,2.838868478711944e-17,0.0017780708134127728,0.039292442692641774,1.0089977990155576e-16,0.050436516273989686,0.19999999999999996,0.05218914271612597,0.05630382750383005,0.2,0.19999999999999998,0.19999999999999957
2015-08-06,4.556161719023602e-17,2.838868478711944e-17,0.0017780708134127728,0.039292442692641774,1.0089977990155576e-16,0.050436516273989686,0.19999999999999996,0.05218914271612597,0.05630382750383005,0.2,0.19999999999999998,0.19999999999999957
2015-08-07,4.556161719023602e-17,2.838868478711944e-17,0.0017780708134127728,0.039292442692641774,1.0089977990155576e-16,0.050436516273989686,0.19999999999999996,0.05218914271612597,0.05630382750383005,0.2,0.19999999999999998,0.19999999999999957
2015-08-10,4.556161719023602e-17,2.838868478711944e-17,0.0017780708134127728,0.039292442692641774,1.0089977990155576e-16,0.050436516273989686,0.19999999999999996,0.05218914271612597,0.05630382750383005,0.2,0.19999999999999998,0.19999999999999957
2015-08-11,4.556161719023602e-17,2.838868478711944e-17,0.0017780708134127728,0.039292442692641774,1.0089977990155576e-16,0.050436516273989686,0.19999999999999996,0.05218914271612597,0.05630382750383005,0.2,0.19999999999999998,0.19999999999999957
2015-08-12,4.556161719023602e-17,2.838868478711944e-17,0.0017780708134127728,0.039292442692641774,1.0089977990155576e-16,0.050436516273989686,0.19999999999999996,0.05218914271612597,0.05630382750383005,0.2,0.19999999999999998,0.19999999999999957
2015-08-13,4.556161719023602e-17,2.838868478711944e-17,0.0017780708134127728,0.039292442692641774,1.0089977990155576e-16,0.050436516273989686,0.19999999999999996,0.05218914271612597,0.05630382750383005,0.2,0.19999999999999998,0.19999999999999957
2015-08-14,4.556161719023602e-17,2.838868478711944e-17,0.0017780708134127728,0.039292442692641774,1.0089977990155576e-16,0.050436516273989686,0.19999999999999996,0.05218914271612597,0.05630382750383005,0.2,0.19999999999999998,0.19999999999999957
2015-08-17,4.556161719023602e-17,2.838868478711944e-17,0.0017780708134127728,0.039292442692641774,1.0089977990155576e-16,0.050436516273989686,0.19999999999999996,0.05218914271612597,0.05630382750383005,0.2,0.19999999999999998,0.19999999999999957
2015-08-18,4.556161719023602e-17,2.838868478711944e-17,0.0017780708134127728,0.039292442692641774,1.0089977990155576e-16,0.050436516273989686,0.19999999999999996,0.05218914271612597,0.05630382750383005,0.2,0.19999999999999998,0.19999999999999957
2015-08-19,4.556161719023602e-17,2.838868478711944e-17,0.0017780708134127728,0.039292442692641774,1.0089977990155576e-16,0.050436516273989686,0.19999999999999996,0.05218914271612597,0.05630382750383005,0.2,0.19999999999999998,0.19999999999999957
2015-08-20,4.556161719023602e-17,2.838868478711944e-17,0.0017780708134127728,0.039292442692641774,1.0089977990155576e-16,0.050436516273989686,0.19999999999999996,0.05218914271612597,0.05630382750383005,0.2,0.19999999999999998,0.19999999999999957
2015-08-21,4.556161719023602e-17,2.838868478711944e-17,0.0017780708134127728,0.039292442692641774,1.0089977990155576e-16,0.050436516273989686,0.19999999999999996,0.05218914271612597,0.05630382750383005,0.2,0.19999999999999998,0.19999999999999957
2015-08-24,4.556161719023602e-17,2.838868478711944e-17,0.0017780708134127728,0.039292442692641774,1.0089977990155576e-16,0.050436516273989686,0.19999999999999996,0.05218914271612597,0.05630382750383005,0.2,0.19999999999999998,0.19999999999999957
2015-08-25,4.556161719023602e-17,2.838868478711944e-17,0.0017780708134127728,0.039292442692641774,1.0089977990155576e-16,0.050436516273989686,0.19999999999999996,0.05218914271612597,0.05630382750383005,0.2,0.19999999999999998,0.19999999999999957
2015-08-26,1.9573405273662577e-19,2.6751694233391132e-18,8.360359547946517e-18,0.020613565371717466,6.149105717788407e-18,1.4119124633133712e-17,0.2,0.09231006584966706,0.08707636877861553,0.2,0.2,0.2
2015-08-27,1.9573405273662577e-19,2.6751694233391132e-18,8.360359547946517e-18,0.020613565371717466,6.149105717788407e-18,1.4119124633133712e-17,0.2,0.09231006584966706,0.08707636877861553,0.2,0.2,0.2
2015-08-28,1.9573405273662577e-19,2.6751694233391132e-18,8.360359547946517e-18,0.020613565371717466,6.149105717788407e-18,1.4119124633133712e-17,0.2,0.09231006584966706,0.08707636877861553,0.2,0.2,0.2
2015-08-31,1.9573405273662577e-19,2.6751694233391132e-18,8.360359547946517e-18,0.020613565371717466,6.149105717788407e-18,1.4119124633133712e-17,0.2,0.09231006584966706,0.08707636877861553,0.2,0.2,0.2
2015-09-01,1.9573405273662577e-19,2.6751694233391132e-18,8.360359547946517e-18,0.020613565371717466,6.149105717788407e-18,1.4119124633133712e-17,0.2,0.09231006584966706,0.08707636877861553,0.2,0.2,0.2
2015-09-02,3.9602067024312474e-19,1.2686412082763463e-16,1.8285768460686777e-17,1.431161276894808e-17,2.767338634400817e-17,0.03920062063886268,0.19999999999999996,0.07669302419110176,0.08410635517003569,0.2,0.19999999999999998,0.19999999999999965
2015-09-03,3.9602067024312474e-19,1.2686412082763463e-16,1.8285768460686777e-17,1.431161276894808e-17,2.767338634400817e-17,0.03920062063886268,0.19999999999999996,0.07669302419110176,0.08410635517003569,0.2,0.19999999999999998,0.19999999999999965
2015-09-04,3.9602067024312474e-19,1.2686412082763463e-16,1.8285768460686777e-17,1.431161276894808e-17,2.767338634400817e-17,0.03920062063886268,0.19999999999999996,0.07669302419110176,0.08410635517003569,0.2,0.19999999999999998,0.19999999999999965
2015-09-08,3.9602067024312474e-19,1.2686412082763463e-16,1.8285768460686777e-17,1.431161276894808e-17,2.767338634400817e-17,0.03920062063886268,0.19999999999999996,0.07669302419110176,0.08410635517003569,0.2,0.19999999999999998,0.19999999999999965
2015-09-09,3.9602067024312474e-19,1.2686412082763463e-16,1.8285768460686777e-17,1.431161276894808e-17,2.767338634400817e-17,0.03920062063886268,0.19999999999999996,0.07669302419110176,0.08410635517003569,0.2,0.19999999999999998,0.19999999999999965
2015-09-10,1.912344612519226e-16,2.4428799083182004e-21,1.770131810054453e-16,0.025618537639060336,0.0489538514441496,0.09598907134227101,0.16327780023797572,0.08559925786783118,0.0801352591786532,0.2,0.2,0.1004262222900587
2015-09-11,1.912344612519226e-16,2.4428799083182004e-21,1.770131810054453e-16,0.025618537639060336,0.0489538514441496,0.09598907134227101,0.16327780023797572,0.08559925786783118,0.0801352591786532,0.2,0.2,0.1004262222900587
2015-09-14,1.912344612519226e-16,2.4428799083182004e-21,1.770131810054453e-16,0.025618537639060336,0.0489538514441496,0.09598907134227101,0.16327780023797572,0.08559925786783118,0.0801352591786532,0.2,0.2,0.1004262222900587
2015-09-15,1.912344612519226e-16,2.4428799083182004e-21,1.770131810054453e-16,0.025618537639060336,0.0489538514441496,0.09598907134227101,0.16327780023797572,0.08559925786783118,0.0801352591786532,0.2,0.2,0.1004262222900587
2015-09-16,1.912344612519226e-16,2.4428799083182004e-21,1.770131810054453e-16,0.025618537639060336,0.0489538514441496,0.09598907134227101,0.16327780023797572,0.08559925786783118,0.0801352591786532,0.2,0.2,0.1004262222900587
2015-09-17,6.009950037072351e-20,7.69164446324171e-19,2.951251196547966e-17,1.2807480797015729e-18,1.927730884816562e-18,0.12040056234711297,0.17025795472560162,0.11274931894431107,0.09110777955168331,0.19999999999999998,0.2,0.10548438443129111
2015-09-18,6.009950037072351e-20,7.69164446324171e-19,2.951251196547966e-17,1.2807480797015729e-18,1.927730884816562e-18,0.12040056234711297,0.17025795472560162,0.11274931894431107,0.09110777955168331,0.19999999999999998,0.2,0.10548438443129111
2015-09-21,6.009950037072351e-20,7.69164446324171e-19,2.951251196547966e-17,1.2807480797015729e-18,1.927730884816562e-18,0.12040056234711297,0.17025795472560162,0.11274931894431107,0.09110777955168331,0.19999999999999998,0.2,0.10548438443129111
2015-09-22,6.009950037072351e-20,7.69164446324171e-19,2.951251196547966e-17,1.2807480797015729e-18,1.927730884816562e-18,0.12040056234711297,0.17025795472560162,0.11274931894431107,0.09110777955168331,0.19999999999999998,0.2,0.10548438443129111
2015-09-23,6.009950037072351e-20,7.69164446324171e-19,2.951251196547966e-17,1.2807480797015729e-18,1.927730884816562e-18,0.12040056234711297,0.17025795472560162,0.11274931894431107,0.09110777955168331,0.19999999999999998,0.2,0.10548438443129111
2015-09-24,6.009950037072351e-20,7.69164446324171e-19,2.951251196547966e-17,1.2807480797015729e-18,1.927730884816562e-18,0.12040056234711297,0.17025795472560162,0.11274931894431107,0.09110777955168331,0.19999999999999998,0.2,0.10548438443129111
2015-09-25,6.009950037072351e-20,7.69164446324171e-19,2.951251196547966e-17,1.2807480797015729e-18,1.927730884816562e-18,0.12040056234711297,0.17025795472560162,0.11274931894431107,0.09110777955168331,0.19999999999999998,0.2,0.10548438443129111
2015-09-28,6.009950037072351e-20,7.69164446324171e-19,2.951251196547966e-17,1.2807480797015729e-18,1.927730884816562e-18,0.12040056234711297,0.17025795472560162,0.11274931894431107,0.09110777955168331,0.19999999999999998,0.2,0.10548438443129111
2015-09-29,6.009950037072351e-20,7.69164446324171e-19,2.951251196547966e-17,1.2807480797015729e-18,1.927730884816562e-18,0.12040056234711297,0.17025795472560162,0.11274931894431107,0.09110777955168331,0.19999999999999998,0.2,0.10548438443129111
2015-09-30,6.009950037072351e-20,7.69164446324171e-19,2.951251196547966e-17,1.2807480797015729e-18,1.927730884816562e-18,0.12040056234711297,0.17025795472560162,0.11274931894431107,0.09110777955168331,0.19999999999999998,0.2,0.10548438443129111
2015-10-01,1.1569079231765608e-16,9.934520553238982e-17,1.3079380900170072e-16,9.604215628744197e-17,8.64639539329148e-17,0.1511245256410736,0.14748191770449864,0.11097773500862523,0.09314268387073044,0.2,0.2,0.09727313777507154
2015-10-02,1.1569079231765608e-16,9.934520553238982e-17,1.3079380900170072e-16,9.604215628744197e-17,8.64639539329148e-17,0.1511245256410736,0.14748191770449864,0.11097773500862523,0.09314268387073044,0.2,0.2,0.09727313777507154
2015-10-05,1.1569079231765608e-16,9.934520553238982e-17,1.3079380900170072e-16,9.604215628744197e-17,8.64639539329148e-17,0.1511245256410736,0.14748191770449864,0.11097773500862523,0.09314268387073044,0.2,0.2,0.09727313777507154
2015-10-06,1.1569079231765608e-16,9.934520553238982e-17,1.3079380900170072e-16,9.604215628744197e-17,8.64639539329148e-17,0.1511245256410736,0.14748191770449864,0.11097773500862523,0.09314268387073044,0.2,0.2,0.09727313777507154
2015-10-07,1.1569079231765608e-16,9.934520553238982e-17,1.3079380900170072e-16,9.604215628744197e-17,8.64639539329148e-17,0.1511245256410736,0.14748191770449864,0.11097773500862523,0.09314268387073044,0.2,0.2,0.09727313777507154
2015-10-08,1.1569079231765608e-16,9.934520553238982e-17,1.3079380900170072e-16,9.604215628744197e-17,8.64639539329148e-17,0.1511245256410736,0.14748191770449864,0.11097773500862523,0.09314268387073044,0.2,0.2,0.09727313777507154
2015-10-09,1.1569079231765608e-16,9.934520553238982e-17,1.3079380900170072e-16,9.604215628744197e-17,8.64639539329148e-17,0.1511245256410736,0.14748191770449864,0.11097773500862523,0.09314268387073044,0.2,0.2,0.09727313777507154
2015-10-12,1.1569079231765608e-16,9.934520553238982e-17,1.3079380900170072e-16,9.604215628744197e-17,8.64639539329148e-17,0.1511245256410736,0.14748191770449864,0.11097773500862523,0.09314268387073044,0.2,0.2,0.09727313777507154
2015-10-13,1.1569079231765608e-16,9.934520553238982e-17,1.3079380900170072e-16,9.604215628744197e-17,8.64639539329148e-17,0.1511245256410736,0.14748191770449864,0.11097773500862523,0.09314268387073044,0.2,0.2,0.09727313777507154
2015-10-14,1.1569079231765608e-16,9.934520553238982e-17,1.3079380900170072e-16,9.604215628744197e-17,8.64639539329148e-17,0.1511245256410736,0.14748191770449864,0.11097773500862523,0.09314268387073044,0.2,0.2,0.09727313777507154
2015-10-15,7.286752753816565e-17,3.550948831778652e-18,3.464226597851319e-17,0.035980546072431896,2.4707301782449206e-17,0.17566328187781777,0.10079719760574392,0.10301446259687831,0.09044065631258734,0.2,0.2,0.09410385553454063
2015-10-16,7.286752753816565e-17,3.550948831778652e-18,3.464226597851319e-17,0.035980546072431896,2.4707301782449206e-17,0.17566328187781777,0.10079719760574392,0.10301446259687831,0.09044065631258734,0.2,0.2,0.09410385553454063
2015-10-19,7.286752753816565e-17,3.550948831778652e-18,3.464226597851319e-17,0.035980546072431896,2.4707301782449206e-17,0.17566328187781777,0.10079719760574392,0.10301446259687831,0.09044065631258734,0.2,0.2,0.09410385553454063
2015-10-20,7.286752753816565e-17,3.550948831778652e-18,3.464226597851319e-17,0.035980546072431896,2.4707301782449206e-17,0.17566328187781777,0.10079719760574392,0.10301446259687831,0.09044065631258734,0.2,0.2,0.09410385553454063
2015-10-21,7.286752753816565e-17,3.550948831778652e-18,3.464226597851319e-17,0.035980546072431896,2.4707301782449206e-17,0.17566328187781777,0.10079719760574392,0.10301446259687831,0.09044065631258734,0.2,0.2,0.09410385553454063
2015-10-22,7.018836983395752e-17,3.266759787647039e-17,2.932512849583125e-18,3.9037866410474205e-18,7.190571883407151e-18,0.2,0.1582991727903501,0.08743658299567053,0.05750180953676849,0.2,0.2,0.09676243467721103
2015-10-23,7.018836983395752e-17,3.266759787647039e-17,2.932512849583125e-18,3.9037866410474205e-18,7.190571883407151e-18,0.2,0.1582991727903501,0.08743658299567053,0.05750180953676849,0.2,0.2,0.09676243467721103
2015-10-26,7.018836983395752e-17,3.266759787647039e-17,2.932512849583125e-18,3.9037866410474205e-18,7.190571883407151e-18,0.2,0.1582991727903501,0.08743658299567053,0.05750180953676849,0.2,0.2,0.09676243467721103
2015-10-27,7.018836983395752e-17,3.266759787647039e-17,2.932512849583125e-18,3.9037866410474205e-18,7.190571883407151e-18,0.2,0.1582991727903501,0.08743658299567053,0.05750180953676849,0.2,0.2,0.09676243467721103
2015-10-28,7.018836983395752e-17,3.266759787647039e-17,2.932512849583125e-18,3.9037866410474205e-18,7.190571883407151e-18,0.2,0.1582991727903501,0.08743658299567053,0.05750180953676849,0.2,0.2,0.09676243467721103
2015-10-29,7.018836983395752e-17,3.266759787647039e-17,2.932512849583125e-18,3.9037866410474205e-18,7.190571883407151e-18,0.2,0.1582991727903501,0.08743658299567053,0.05750180953676849,0.2,0.2,0.09676243467721103
2015-10-30,7.018836983395752e-17,3.266759787647039e-17,2.932512849583125e-18,3.9037866410474205e-18,7.190571883407151e-18,0.2,0.1582991727903501,0.08743658299567053,0.05750180953676849,0.2,0.2,0.09676243467721103
2015-11-02,7.018836983395752e-17,3.266759787647039e-17,2.932512849583125e-18,3.9037866410474205e-18,7.190571883407151e-18,0.2,0.1582991727903501,0.08743658299567053,0.05750180953676849,0.2,0.2,0.09676243467721103
2015-11-03,7.018836983395752e-17,3.266759787647039e-17,2.932512849583125e-18,3.9037866410474205e-18,7.190571883407151e-18,0.2,0.1582991727903501,0.08743658299567053,0.05750180953676849,0.2,0.2,0.09676243467721103
2015-11-04,7.018836983395752e-17,3.266759787647039e-17,2.932512849583125e-18,3.9037866410474205e-18,7.190571883407151e-18,0.2,0.1582991727903501,0.08743658299567053,0.05750180953676849,0.2,0.2,0.09676243467721103
2015-11-05,0.2,0.2,0.0,0.0,1.0732250435908382e-17,0.2,0.2,0.0,0.0,0.0,0.0,0.2
2015-11-06,0.2,0.2,0.0,0.0,1.0732250435908382e-17,0.2,0.2,0.0,0.0,0.0,0.0,0.2
2015-11-09,0.2,0.2,0.0,0.0,1.0732250435908382e-17,0.2,0.2,0.0,0.0,0.0,0.0,0.2
2015-11-10,0.2,0.2,0.0,0.0,1.0732250435908382e-17,0.2,0.2,0.0,0.0,0.0,0.0,0.2
2015-11-11,0.2,0.2,0.0,0.0,1.0732250435908382e-17,0.2,0.2,0.0,0.0,0.0,0.0,0.2
2015-11-12,0.19999999999999982,0.19999999999999968,0.10805383954439231,6.42453318631553e-17,4.9153011070728914e-17,0.19999999999999984,0.14941252619150502,2.837814128684393e-17,1.27192981970375e-16,0.0,1.4527473704485e-16,0.14253363426410307
2015-11-13,0.19999999999999982,0.19999999999999968,0.10805383954439231,6.42453318631553e-17,4.9153011070728914e-17,0.19999999999999984,0.14941252619150502,2.837814128684393e-17,1.27192981970375e-16,0.0,1.4527473704485e-16,0.14253363426410307
2015-11-16,0.19999999999999982,0.19999999999999968,0.10805383954439231,6.42453318631553e-17,4.9153011070728914e-17,0.19999999999999984,0.14941252619150502,2.837814128684393e-17,1.27192981970375e-16,0.0,1.4527473704485e-16,0.14253363426410307
2015-11-17,0.19999999999999982,0.19999999999999968,0.10805383954439231,6.42453318631553e-17,4.9153011070728914e-17,0.19999999999999984,0.14941252619150502,2.837814128684393e-17,1.27192981970375e-16,0.0,1.4527473704485e-16,0.14253363426410307
2015-11-18,0.19999999999999982,0.19999999999999968,0.10805383954439231,6.42453318631553e-17,4.9153011070728914e-17,0.19999999999999984,0.14941252619150502,2.837814128684393e-17,1.27192981970375e-16,0.0,1.4527473704485e-16,0.14253363426410307
2015-11-19,1.5411391168694334e-17,2.6887366614667822e-17,0.06371487201107912,8.113699843291709e-18,7.075749611871013e-18,0.19999999999999998,0.17430883408698328,0.09292593883077925,1.9681044350791702e-17,0.2,0.2,0.06905035507115839
2015-11-20,1.5411391168694334e-17,2.6887366614667822e-17,0.06371487201107912,8.113699843291709e-18,7.075749611871013e-18,0.19999999999999998,0.17430883408698328,0.09292593883077925,1.9681044350791702e-17,0.2,0.2,0.06905035507115839
2015-11-23,1.5411391168694334e-17,2.6887366614667822e-17,0.06371487201107912,8.113699843291709e-18,7.075749611871013e-18,0.19999999999999998,0.17430883408698328,0.09292593883077925,1.9681044350791702e-17,0.2,0.2,0.06905035507115839
2015-11-24,1.5411391168694334e-17,2.6887366614667822e-17,0.06371487201107912,8.113699843291709e-18,7.075749611871013e-18,0.19999999999999998,0.17430883408698328,0.09292593883077925,1.9681044350791702e-17,0.2,0.2,0.06905035507115839
2015-11-25,1.5411391168694334e-17,2.6887366614667822e-17,0.06371487201107912,8.113699843291709e-18,7.075749611871013e-18,0.19999999999999998,0.17430883408698328,0.09292593883077925,1.9681044350791702e-17,0.2,0.2,0.06905035507115839
2015-11-27,1.5411391168694334e-17,2.6887366614667822e-17,0.06371487201107912,8.113699843291709e-18,7.075749611871013e-18,0.19999999999999998,0.17430883408698328,0.09292593883077925,1.9681044350791702e-17,0.2,0.2,0.06905035507115839
2015-11-30,1.5411391168694334e-17,2.6887366614667822e-17,0.06371487201107912,8.113699843291709e-18,7.075749611871013e-18,0.19999999999999998,0.17430883408698328,0.09292593883077925,1.9681044350791702e-17,0.2,0.2,0.06905035507115839
2015-12-01,1.5411391168694334e-17,2.6887366614667822e-17,0.06371487201107912,8.113699843291709e-18,7.075749611871013e-18,0.19999999999999998,0.17430883408698328,0.09292593883077925,1.9681044350791702e-17,0.2,0.2,0.06905035507115839
2015-12-02,1.5411391168694334e-17,2.6887366614667822e-17,0.06371487201107912,8.113699843291709e-18,7.075749611871013e-18,0.19999999999999998,0.17430883408698328,0.09292593883077925,1.9681044350791702e-17,0.2,0.2,0.06905035507115839
2015-12-03,1.5411391168694334e-17,2.6887366614667822e-17,0.06371487201107912,8.113699843291709e-18,7.075749611871013e-18,0.19999999999999998,0.17430883408698328,0.09292593883077925,1.9681044350791702e-17,0.2,0.2,0.06905035507115839
2015-12-04,0.2,0.2,0.0797569509446911,0.0,0.0,0.19999999999999993,0.2,0.0,0.0,0.09987440590582206,6.53627835618345e-17,0.02036864314948696
2015-12-07,0.2,0.2,0.0797569509446911,0.0,0.0,0.19999999999999993,0.2,0.0,0.0,0.09987440590582206,6.53627835618345e-17,0.02036864314948696
2015-12-08,0.2,0.2,0.0797569509446911,0.0,0.0,0.19999999999999993,0.2,0.0,0.0,0.09987440590582206,6.53627835618345e-17,0.02036864314948696
2015-12-09,0.2,0.2,0.0797569509446911,0.0,0.0,0.19999999999999993,0.2,0.0,0.0,0.09987440590582206,6.53627835618345e-17,0.02036864314948696
2015-12-10,0.2,0.2,0.0797569509446911,0.0,0.0,0.19999999999999993,0.2,0.0,0.0,0.09987440590582206,6.53627835618345e-17,0.02036864314948696
2015-12-11,3.809873337180131e-18,1.487650605174731e-19,0.07202436609961503,2.3614679106906283e-18,2.3533208098692335e-17,0.2,0.14741173842957597,0.10457434508022068,0.011945233181969888,0.19999999999999998,0.19999999999999998,0.06404431720861838
2015-12-14,3.809873337180131e-18,1.487650605174731e-19,0.07202436609961503,2.3614679106906283e-18,2.3533208098692335e-17,0.2,0.14741173842957597,0.10457434508022068,0.011945233181969888,0.19999999999999998,0.19999999999999998,0.06404431720861838
2015-12-15,3.809873337180131e-18,1.487650605174731e-19,0.07202436609961503,2.3614679106906283e-18,2.3533208098692335e-17,0.2,0.14741173842957597,0.10457434508022068,0.011945233181969888,0.19999999999999998,0.19999999999999998,0.06404431720861838
2015-12-16,3.809873337180131e-18,1.487650605174731e-19,0.07202436609961503,2.3614679106906283e-18,2.3533208098692335e-17,0.2,0.14741173842957597,0.10457434508022068,0.011945233181969888,0.19999999999999998,0.19999999999999998,0.06404431720861838
2015-12-17,3.809873337180131e-18,1.487650605174731e-19,0.07202436609961503,2.3614679106906283e-18,2.3533208098692335e-17,0.2,0.14741173842957597,0.10457434508022068,0.011945233181969888,0.19999999999999998,0.19999999999999998,0.06404431720861838
2015-12-18,2.552139192763034e-17,7.642788541379549e-17,0.08929476912875693,5.000052097832883e-19,6.859027386370545e-17,0.16463675157906874,0.1446590561100331,0.1039994330417384,0.029260546499781073,0.19999999999999998,0.19999999999999998,0.06814944364062171
2015-12-21,2.552139192763034e-17,7.642788541379549e-17,0.08929476912875693,5.000052097832883e-19,6.859027386370545e-17,0.16463675157906874,0.1446590561100331,0.1039994330417384,0.029260546499781073,0.19999999999999998,0.19999999999999998,0.06814944364062171
2015-12-22,2.552139192763034e-17,7.642788541379549e-17,0.08929476912875693,5.000052097832883e-19,6.859027386370545e-17,0.16463675157906874,0.1446590561100331,0.1039994330417384,0.029260546499781073,0.19999999999999998,0.19999999999999998,0.06814944364062171
2015-12-23,2.552139192763034e-17,7.642788541379549e-17,0.08929476912875693,5.000052097832883e-19,6.859027386370545e-17,0.16463675157906874,0.1446590561100331,0.1039994330417384,0.029260546499781073,0.19999999999999998,0.19999999999999998,0.06814944364062171
2015-12-24,2.552139192763034e-17,7.642788541379549e-17,0.08929476912875693,5.000052097832883e-19,6.859027386370545e-17,0.16463675157906874,0.1446590561100331,0.1039994330417384,0.029260546499781073,0.19999999999999998,0.19999999999999998,0.06814944364062171
2015-12-28,8.289285770902276e-19,1.620078467833568e-18,0.06581353489043165,2.1026627359659776e-16,9.281408426136803e-17,0.2,0.16656667153512125,0.09724757164696904,0.00045799768659957524,0.2,0.2,0.06991422424087813
2015-12-29,8.289285770902276e-19,1.620078467833568e-18,0.06581353489043165,2.1026627359659776e-16,9.281408426136803e-17,0.2,0.16656667153512125,0.09724757164696904,0.00045799768659957524,0.2,0.2,0.06991422424087813
2015-12-30,8.289285770902276e-19,1.620078467833568e-18,0.06581353489043165,2.1026627359659776e-16,9.281408426136803e-17,0.2,0.16656667153512125,0.09724757164696904,0.00045799768659957524,0.2,0.2,0.06991422424087813
2015-12-31,8.289285770902276e-19,1.620078467833568e-18,0.06581353489043165,2.1026627359659776e-16,9.281408426136803e-17,0.2,0.16656667153512125,0.09724757164696904,0.00045799768659957524,0.2,0.2,0.06991422424087813
2016-01-04,8.289285770902276e-19,1.620078467833568e-18,0.06581353489043165,2.1026627359659776e-16,9.281408426136803e-17,0.2,0.16656667153512125,0.09724757164696904,0.00045799768659957524,0.2,0.2,0.06991422424087813
2016-01-05,2.93208170097214e-18,1.0201141616017248e-18,0.09198994331119516,0.009269503487928916,6.681085065275727e-18,0.11461337039319533,0.1995358324799641,0.07956642318992985,0.01455971872680702,0.2,0.2,0.0904652084095981
2016-01-06,2.93208170097214e-18,1.0201141616017248e-18,0.09198994331119516,0.009269503487928916,6.681085065275727e-18,0.11461337039319533,0.1995358324799641,0.07956642318992985,0.01455971872680702,0.2,0.2,0.0904652084095981
2016-01-07,2.93208170097214e-18,1.0201141616017248e-18,0.09198994331119516,0.009269503487928916,6.681085065275727e-18,0.11461337039319533,0.1995358324799641,0.07956642318992985,0.01455971872680702,0.2,0.2,0.0904652084095981
2016-01-08,2.93208170097214e-18,1.0201141616017248e-18,0.09198994331119516,0.009269503487928916,6.681085065275727e-18,0.11461337039319533,0.1995358324799641,0.07956642318992985,0.01455971872680702,0.2,0.2,0.0904652084095981
2016-01-11,2.93208170097214e-18,1.0201141616017248e-18,0.09198994331119516,0.009269503487928916,6.681085065275727e-18,0.11461337039319533,0.1995358324799641,0.07956642318992985,0.01455971872680702,0.2,0.2,0.0904652084095981
2016-01-12,1.0843962424825701e-18,1.0814408184418418e-17,0.09355134917377217,0.01590452263490265,1.3864005234821847e-18,0.1253133809841051,0.17314591664841963,0.09623784460980553,0.003216694511354904,0.19999999999999998,0.2,0.09263029143764015
2016-01-13,1.0843962424825701e-18,1.0814408184418418e-17,0.09355134917377217,0.01590452263490265,1.3864005234821847e-18,0.1253133809841051,0.17314591664841963,0.09623784460980553,0.003216694511354904,0.19999999999999998,0.2,0.09263029143764015
2016-01-14,1.0843962424825701e-18,1.0814408184418418e-17,0.09355134917377217,0.01590452263490265,1.3864005234821847e-18,0.1253133809841051,0.17314591664841963,0.09623784460980553,0.003216694511354904,0.19999999999999998,0.2,0.09263029143764015
2016-01-15,1.0843962424825701e-18,1.0814408184418418e-17,0.09355134917377217,0.01590452263490265,1.3864005234821847e-18,0.1253133809841051,0.17314591664841963,0.09623784460980553,0.003216694511354904,0.19999999999999998,0.2,0.09263029143764015
2016-01-19,1.0843962424825701e-18,1.0814408184418418e-17,0.09355134917377217,0.01590452263490265,1.3864005234821847e-18,0.1253133809841051,0.17314591664841963,0.09623784460980553,0.003216694511354904,0.19999999999999998,0.2,0.09263029143764015
2016-01-20,7.252237046678724e-19,1.5088679159197287e-20,0.1049455530804401,0.028286529660203924,9.154284657219674e-17,0.0447162636421504,0.2,0.1010866142924245,0.016250976595920737,0.2,0.2,0.1047140627288601
2016-01-21,7.252237046678724e-19,1.5088679159197287e-20,0.1049455530804401,0.028286529660203924,9.154284657219674e-17,0.0447162636421504,0.2,0.1010866142924245,0.016250976595920737,0.2,0.2,0.1047140627288601
2016-01-22,7.252237046678724e-19,1.5088679159197287e-20,0.1049455530804401,0.028286529660203924,9.154284657219674e-17,0.0447162636421504,0.2,0.1010866142924245,0.016250976595920737,0.2,0.2,0.1047140627288601
2016-01-25,7.252237046678724e-19,1.5088679159197287e-20,0.1049455530804401,0.028286529660203924,9.154284657219674e-17,0.0447162636421504,0.2,0.1010866142924245,0.016250976595920737,0.2,0.2,0.1047140627288601
2016-01-26,7.252237046678724e-19,1.5088679159197287e-20,0.1049455530804401,0.028286529660203924,9.154284657219674e-17,0.0447162636421504,0.2,0.1010866142924245,0.016250976595920737,0.2,0.2,0.1047140627288601
2016-01-27,8.507304735305959e-18,2.3729621335396325e-17,0.12061944754184836,0.021458507556874538,0.037435670345693804,0.057258799015232203,0.12307433893086947,0.13786669906595306,0.02894849236800285,0.2,0.2,0.07333804517552583
2016-01-28,8.507304735305959e-18,2.3729621335396325e-17,0.12061944754184836,0.021458507556874538,0.037435670345693804,0.057258799015232203,0.12307433893086947,0.13786669906595306,0.02894849236800285,0.2,0.2,0.07333804517552583
2016-01-29,8.507304735305959e-18,2.3729621335396325e-17,0.12061944754184836,0.021458507556874538,0.037435670345693804,0.057258799015232203,0.12307433893086947,0.13786669906595306,0.02894849236800285,0.2,0.2,0.07333804517552583
2016-02-01,8.507304735305959e-18,2.3729621335396325e-17,0.12061944754184836,0.021458507556874538,0.037435670345693804,0.057258799015232203,0.12307433893086947,0.13786669906595306,0.02894849236800285,0.2,0.2,0.07333804517552583
2016-02-02,8.507304735305959e-18,2.3729621335396325e-17,0.12061944754184836,0.021458507556874538,0.037435670345693804,0.057258799015232203,0.12307433893086947,0.13786669906595306,0.02894849236800285,0.2,0.2,0.07333804517552583
2016-02-03,5.219576009765007e-19,5.806307270630409e-22,0.12499530840056737,0.04848089673879714,4.909746991383298e-17,0.0015036676242668678,0.1986663669953329,0.08657297535291099,0.029616034099014456,0.19999999999999998,0.19999999999999998,0.11016475078911013
2016-02-04,5.219576009765007e-19,5.806307270630409e-22,0.12499530840056737,0.04848089673879714,4.909746991383298e-17,0.0015036676242668678,0.1986663669953329,0.08657297535291099,0.029616034099014456,0.19999999999999998,0.19999999999999998,0.11016475078911013
2016-02-05,5.219576009765007e-19,5.806307270630409e-22,0.12499530840056737,0.04848089673879714,4.909746991383298e-17,0.0015036676242668678,0.1986663669953329,0.08657297535291099,0.029616034099014456,0.19999999999999998,0.19999999999999998,0.11016475078911013
2016-02-08,5.219576009765007e-19,5.806307270630409e-22,0.12499530840056737,0.04848089673879714,4.909746991383298e-17,0.0015036676242668678,0.1986663669953329,0.08657297535291099,0.029616034099014456,0.19999999999999998,0.19999999999999998,0.11016475078911013
2016-02-09,5.219576009765007e-19,5.806307270630409e-22,0.12499530840056737,0.04848089673879714,4.909746991383298e-17,0.0015036676242668678,0.1986663669953329,0.08657297535291099,0.029616034099014456,0.19999999999999998,0.19999999999999998,0.11016475078911013
2016-02-10,1.413712559746707e-19,4.888061111137838e-18,0.11916486830700478,0.0,3.367402474881103e-18,0.027991754786857236,0.14455102788222263,0.10535246093626809,0.033810920475458785,0.2,0.2,0.16912896761218843
2016-02-11,1.413712559746707e-19,4.888061111137838e-18,0.11916486830700478,0.0,3.367402474881103e-18,0.027991754786857236,0.14455102788222263,0.10535246093626809,0.033810920475458785,0.2,0.2,0.16912896761218843
2016-02-12,1.413712559746707e-19,4.888061111137838e-18,0.11916486830700478,0.0,3.367402474881103e-18,0.027991754786857236,0.14455102788222263,0.10535246093626809,0.033810920475458785,0.2,0.2,0.16912896761218843
2016-02-16,1.413712559746707e-19,4.888061111137838e-18,0.11916486830700478,0.0,3.367402474881103e-18,0.027991754786857236,0.14455102788222263,0.10535246093626809,0.033810920475458785,0.2,0.2,0.16912896761218843
2016-02-17,1.413712559746707e-19,4.888061111137838e-18,0.11916486830700478,0.0,3.367402474881103e-18,0.027991754786857236,0.14455102788222263,0.10535246093626809,0.033810920475458785,0.2,0.2,0.16912896761218843
2016-02-18,3.802484776127148e-21,6.474229894915196e-20,0.14046022524374033,2.6472425008108855e-17,0.03317199212573978,1.4111725522967041e-05,0.11474016308965072,0.126733984174029,0.048465225842442713,0.2,0.2,0.1364142977988745
2016-02-19,3.802484776127148e-21,6.474229894915196e-20,0.14046022524374033,2.6472425008108855e-17,0.03317199212573978,1.4111725522967041e-05,0.11474016308965072,0.126733984174029,0.048465225842442713,0.2,0.2,0.1364142977988745
2016-02-22,3.802484776127148e-21,6.474229894915196e-20,0.14046022524374033,2.6472425008108855e-17,0.03317199212573978,1.4111725522967041e-05,0.11474016308965072,0.126733984174029,0.048465225842442713,0.2,0.2,0.1364142977988745
2016-02-23,3.802484776127148e-21,6.474229894915196e-20,0.14046022524374033,2.6472425008108855e-17,0.03317199212573978,1.4111725522967041e-05,0.11474016308965072,0.126733984174029,0.048465225842442713,0.2,0.2,0.1364142977988745
2016-02-24,3.802484776127148e-21,6.474229894915196e-20,0.14046022524374033,2.6472425008108855e-17,0.03317199212573978,1.4111725522967041e-05,0.11474016308965072,0.126733984174029,0.048465225842442713,0.2,0.2,0.1364142977988745
2016-02-25,3.802484776127148e-21,6.474229894915196e-20,0.14046022524374033,2.6472425008108855e-17,0.03317199212573978,1.4111725522967041e-05,0.11474016308965072,0.126733984174029,0.048465225842442713,0.2,0.2,0.1364142977988745
2016-02-26,3.802484776127148e-21,6.474229894915196e-20,0.14046022524374033,2.6472425008108855e-17,0.03317199212573978,1.4111725522967041e-05,0.11474016308965072,0.126733984174029,0.048465225842442713,0.2,0.2,0.1364142977988745
2016-02-29,3.802484776127148e-21,6.474229894915196e-20,0.14046022524374033,2.6472425008108855e-17,0.03317199212573978,1.4111725522967041e-05,0.11474016308965072,0.126733984174029,0.048465225842442713,0.2,0.2,0.1364142977988745
2016-03-01,3.802484776127148e-21,6.474229894915196e-20,0.14046022524374033,2.6472425008108855e-17,0.03317199212573978,1.4111725522967041e-05,0.11474016308965072,0.126733984174029,0.048465225842442713,0.2,0.2,0.1364142977988745
2016-03-02,3.802484776127148e-21,6.474229894915196e-20,0.14046022524374033,2.6472425008108855e-17,0.03317199212573978,1.4111725522967041e-05,0.11474016308965072,0.126733984174029,0.048465225842442713,0.2,0.2,0.1364142977988745
2016-03-03,3.802484776127148e-21,6.474229894915196e-20,0.14046022524374033,2.6472425008108855e-17,0.03317199212573978,1.4111725522967041e-05,0.11474016308965072,0.126733984174029,0.048465225842442713,0.2,0.2,0.1364142977988745
2016-03-04,3.802484776127148e-21,6.474229894915196e-20,0.14046022524374033,2.6472425008108855e-17,0.03317199212573978,1.4111725522967041e-05,0.11474016308965072,0.126733984174029,0.048465225842442713,0.2,0.2,0.1364142977988745
2016-03-07,3.802484776127148e-21,6.474229894915196e-20,0.14046022524374033,2.6472425008108855e-17,0.03317199212573978,1.4111725522967041e-05,0.11474016308965072,0.126733984174029,0.048465225842442713,0.2,0.2,0.1364142977988745
2016-03-08,3.802484776127148e-21,6.474229894915196e-20,0.14046022524374033,2.6472425008108855e-17,0.03317199212573978,1.4111725522967041e-05,0.11474016308965072,0.126733984174029,0.048465225842442713,0.2,0.2,0.1364142977988745
2016-03-09,3.802484776127148e-21,6.474229894915196e-20,0.14046022524374033,2.6472425008108855e-17,0.03317199212573978,1.4111725522967041e-05,0.11474016308965072,0.126733984174029,0.048465225842442713,0.2,0.2,0.1364142977988745
2016-03-10,2.008390374214054e-18,3.6412896984012045e-18,0.1364627360996759,1.3601865867413002e-18,0.07196387758277654,0.01697554131437238,0.13961615969223448,0.1120232529529017,0.04578819204587554,0.2,0.2,0.07717024031216363
2016-03-11,2.008390374214054e-18,3.6412896984012045e-18,0.1364627360996759,1.3601865867413002e-18,0.07196387758277654,0.01697554131437238,0.13961615969223448,0.1120232529529017,0.04578819204587554,0.2,0.2,0.07717024031216363
2016-03-14,2.008390374214054e-18,3.6412896984012045e-18,0.1364627360996759,1.3601865867413002e-18,0.07196387758277654,0.01697554131437238,0.13961615969223448,0.1120232529529017,0.04578819204587554,0.2,0.2,0.07717024031216363
2016-03-15,2.008390374214054e-18,3.6412896984012045e-18,0.1364627360996759,1.3601865867413002e-18,0.07196387758277654,0.01697554131437238,0.13961615969223448,0.1120232529529017,0.04578819204587554,0.2,0.2,0.07717024031216363
2016-03-16,2.008390374214054e-18,3.6412896984012045e-18,0.1364627360996759,1.3601865867413002e-18,0.07196387758277654,0.01697554131437238,0.13961615969223448,0.1120232529529017,0.04578819204587554,0.2,0.2,0.07717024031216363
2016-03-17,2.008390374214054e-18,3.6412896984012045e-18,0.1364627360996759,1.3601865867413002e-18,0.07196387758277654,0.01697554131437238,0.13961615969223448,0.1120232529529017,0.04578819204587554,0.2,0.2,0.07717024031216363
2016-03-18,2.008390374214054e-18,3.6412896984012045e-18,0.1364627360996759,1.3601865867413002e-18,0.07196387758277654,0.01697554131437238,0.13961615969223448,0.1120232529529017,0.04578819204587554,0.2,0.2,0.07717024031216363
2016-03-21,2.008390374214054e-18,3.6412896984012045e-18,0.1364627360996759,1.3601865867413002e-18,0.07196387758277654,0.01697554131437238,0.13961615969223448,0.1120232529529017,0.04578819204587554,0.2,0.2,0.07717024031216363
2016-03-22,2.008390374214054e-18,3.6412896984012045e-18,0.1364627360996759,1.3601865867413002e-18,0.07196387758277654,0.01697554131437238,0.13961615969223448,0.1120232529529017,0.04578819204587554,0.2,0.2,0.07717024031216363
2016-03-23,2.008390374214054e-18,3.6412896984012045e-18,0.1364627360996759,1.3601865867413002e-18,0.07196387758277654,0.01697554131437238,0.13961615969223448,0.1120232529529017,0.04578819204587554,0.2,0.2,0.07717024031216363
2016-03-24,0.19999999999999996,0.0,6.119934936734808e-17,0.0,2.42861286636753e-16,0.19999999999999987,0.19999999999999996,0.19999999999999996,2.3289556565371366e-17,1.4442622546142264e-16,0.19999999999999996,1.373376216153344e-16
2016-03-28,0.19999999999999996,0.0,6.119934936734808e-17,0.0,2.42861286636753e-16,0.19999999999999987,0.19999999999999996,0.19999999999999996,2.3289556565371366e-17,1.4442622546142264e-16,0.19999999999999996,1.373376216153344e-16
2016-03-29,0.19999999999999996,0.0,6.119934936734808e-17,0.0,2.42861286636753e-16,0.19999999999999987,0.19999999999999996,0.19999999999999996,2.3289556565371366e-17,1.4442622546142264e-16,0.19999999999999996,1.373376216153344e-16
2016-03-30,0.19999999999999996,0.0,6.119934936734808e-17,0.0,2.42861286636753e-16,0.19999999999999987,0.19999999999999996,0.19999999999999996,2.3289556565371366e-17,1.4442622546142264e-16,0.19999999999999996,1.373376216153344e-16
2016-03-31,0.19999999999999996,0.0,6.119934936734808e-17,0.0,2.42861286636753e-16,0.19999999999999987,0.19999999999999996,0.19999999999999996,2.3289556565371366e-17,1.4442622546142264e-16,0.19999999999999996,1.373376216153344e-16
2016-04-01,0.19999999999999996,0.0,6.119934936734808e-17,0.0,2.42861286636753e-16,0.19999999999999987,0.19999999999999996,0.19999999999999996,2.3289556565371366e-17,1.4442622546142264e-16,0.19999999999999996,1.373376216153344e-16
2016-04-04,0.19999999999999996,0.0,6.119934936734808e-17,0.0,2.42861286636753e-16,0.19999999999999987,0.19999999999999996,0.19999999999999996,2.3289556565371366e-17,1.4442622546142264e-16,0.19999999999999996,1.373376216153344e-16
2016-04-05,0.19999999999999996,0.0,6.119934936734808e-17,0.0,2.42861286636753e-16,0.19999999999999987,0.19999999999999996,0.19999999999999996,2.3289556565371366e-17,1.4442622546142264e-16,0.19999999999999996,1.373376216153344e-16
2016-04-06,0.19999999999999996,0.0,6.119934936734808e-17,0.0,2.42861286636753e-16,0.19999999999999987,0.19999999999999996,0.19999999999999996,2.3289556565371366e-17,1.4442622546142264e-16,0.19999999999999996,1.373376216153344e-16
2016-04-07,0.19999999999999996,0.0,6.119934936734808e-17,0.0,2.42861286636753e-16,0.19999999999999987,0.19999999999999996,0.19999999999999996,2.3289556565371366e-17,1.4442622546142264e-16,0.19999999999999996,1.373376216153344e-16
2016-04-08,0.2,0.0,0.0,0.0,1.5497907546726058e-16,0.2,0.2,0.2,0.0,0.13228255357404267,0.06771744642595715,1.734723475976807e-17
2016-04-11,0.2,0.0,0.0,0.0,1.5497907546726058e-16,0.2,0.2,0.2,0.0,0.13228255357404267,0.06771744642595715,1.734723475976807e-17
2016-04-12,0.2,0.0,0.0,0.0,1.5497907546726058e-16,0.2,0.2,0.2,0.0,0.13228255357404267,0.06771744642595715,1.734723475976807e-17
2016-04-13,0.2,0.0,0.0,0.0,1.5497907546726058e-16,0.2,0.2,0.2,0.0,0.13228255357404267,0.06771744642595715,1.734723475976807e-17
2016-04-14,0.2,0.0,0.0,0.0,1.5497907546726058e-16,0.2,0.2,0.2,0.0,0.13228255357404267,0.06771744642595715,1.734723475976807e-17
2016-04-15,0.2,0.0,0.0,0.0,0.0,0.2,0.2,0.2,0.0,0.027668826963713568,0.17233117303628626,2.4679038861288415e-17
2016-04-18,0.2,0.0,0.0,0.0,0.0,0.2,0.2,0.2,0.0,0.027668826963713568,0.17233117303628626,2.4679038861288415e-17
2016-04-19,0.2,0.0,0.0,0.0,0.0,0.2,0.2,0.2,0.0,0.027668826963713568,0.17233117303628626,2.4679038861288415e-17
2016-04-20,0.2,0.0,0.0,0.0,0.0,0.2,0.2,0.2,0.0,0.027668826963713568,0.17233117303628626,2.4679038861288415e-17
2016-04-21,0.2,0.0,0.0,0.0,0.0,0.2,0.2,0.2,0.0,0.027668826963713568,0.17233117303628626,2.4679038861288415e-17
2016-04-22,0.2,0.0,0.0,0.0,0.0,0.2,0.2,0.2,0.0,0.0,0.19999999999999996,0.0
2016-04-25,0.2,0.0,0.0,0.0,0.0,0.2,0.2,0.2,0.0,0.0,0.19999999999999996,0.0
2016-04-26,0.2,0.0,0.0,0.0,0.0,0.2,0.2,0.2,0.0,0.0,0.19999999999999996,0.0
2016-04-27,0.2,0.0,0.0,0.0,0.0,0.2,0.2,0.2,0.0,0.0,0.19999999999999996,0.0
2016-04-28,0.2,0.0,0.0,0.0,0.0,0.2,0.2,0.2,0.0,0.0,0.19999999999999996,0.0
2016-04-29,0.05339693039572515,0.0,0.0,0.0,0.04799895378527578,0.2,0.2,0.2,8.738669510233166e-17,0.2,0.09860411581899882,0.0
2016-05-02,0.05339693039572515,0.0,0.0,0.0,0.04799895378527578,0.2,0.2,0.2,8.738669510233166e-17,0.2,0.09860411581899882,0.0
2016-05-03,0.05339693039572515,0.0,0.0,0.0,0.04799895378527578,0.2,0.2,0.2,8.738669510233166e-17,0.2,0.09860411581899882,0.0
2016-05-04,0.05339693039572515,0.0,0.0,0.0,0.04799895378527578,0.2,0.2,0.2,8.738669510233166e-17,0.2,0.09860411581899882,0.0
2016-05-05,0.05339693039572515,0.0,0.0,0.0,0.04799895378527578,0.2,0.2,0.2,8.738669510233166e-17,0.2,0.09860411581899882,0.0
2016-05-06,0.0,0.0,5.0677097321919923e-17,0.0,0.0,0.2,0.2,0.19999999999999984,1.0272752435467558e-16,0.2,0.2,0.0
2016-05-09,0.0,0.0,5.0677097321919923e-17,0.0,0.0,0.2,0.2,0.19999999999999984,1.0272752435467558e-16,0.2,0.2,0.0
2016-05-10,0.0,0.0,5.0677097321919923e-17,0.0,0.0,0.2,0.2,0.19999999999999984,1.0272752435467558e-16,0.2,0.2,0.0
2016-05-11,0.0,0.0,5.0677097321919923e-17,0.0,0.0,0.2,0.2,0.19999999999999984,1.0272752435467558e-16,0.2,0.2,0.0
2016-05-12,0.0,0.0,5.0677097321919923e-17,0.0,0.0,0.2,0.2,0.19999999999999984,1.0272752435467558e-16,0.2,0.2,0.0
2016-05-13,0.0,0.0,5.0677097321919923e-17,0.0,0.0,0.2,0.2,0.19999999999999984,1.0272752435467558e-16,0.2,0.2,0.0
2016-05-16,0.0,0.0,5.0677097321919923e-17,0.0,0.0,0.2,0.2,0.19999999999999984,1.0272752435467558e-16,0.2,0.2,0.0
2016-05-17,0.0,0.0,5.0677097321919923e-17,0.0,0.0,0.2,0.2,0.19999999999999984,1.0272752435467558e-16,0.2,0.2,0.0
2016-05-18,0.0,0.0,5.0677097321919923e-17,0.0,0.0,0.2,0.2,0.19999999999999984,1.0272752435467558e-16,0.2,0.2,0.0
2016-05-19,0.0,0.0,5.0677097321919923e-17,0.0,0.0,0.2,0.2,0.19999999999999984,1.0272752435467558e-16,0.2,0.2,0.0
2016-05-20,0.0,0.0,5.0677097321919923e-17,0.0,0.0,0.2,0.2,0.19999999999999984,1.0272752435467558e-16,0.2,0.2,0.0
2016-05-23,0.0,0.0,5.0677097321919923e-17,0.0,0.0,0.2,0.2,0.19999999999999984,1.0272752435467558e-16,0.2,0.2,0.0
2016-05-24,0.0,0.0,5.0677097321919923e-17,0.0,0.0,0.2,0.2,0.19999999999999984,1.0272752435467558e-16,0.2,0.2,0.0
2016-05-25,0.0,0.0,5.0677097321919923e-17,0.0,0.0,0.2,0.2,0.19999999999999984,1.0272752435467558e-16,0.2,0.2,0.0
2016-05-26,0.0,0.0,5.0677097321919923e-17,0.0,0.0,0.2,0.2,0.19999999999999984,1.0272752435467558e-16,0.2,0.2,0.0
2016-05-27,0.10150485774817425,1.190438271380826e-16,1.6345545862852008e-16,9.826780300782913e-17,1.4159680372660688e-16,0.1999999999999998,0.2,0.19999999999999987,1.3174254508331908e-16,0.19999999999999987,0.09849514225182554,0.0
2016-05-31,0.10150485774817425,1.190438271380826e-16,1.6345545862852008e-16,9.826780300782913e-17,1.4159680372660688e-16,0.1999999999999998,0.2,0.19999999999999987,1.3174254508331908e-16,0.19999999999999987,0.09849514225182554,0.0
2016-06-01,0.10150485774817425,1.190438271380826e-16,1.6345545862852008e-16,9.826780300782913e-17,1.4159680372660688e-16,0.1999999999999998,0.2,0.19999999999999987,1.3174254508331908e-16,0.19999999999999987,0.09849514225182554,0.0
2016-06-02,0.10150485774817425,1.190438271380826e-16,1.6345545862852008e-16,9.826780300782913e-17,1.4159680372660688e-16,0.1999999999999998,0.2,0.19999999999999987,1.3174254508331908e-16,0.19999999999999987,0.09849514225182554,0.0
2016-06-03,0.10150485774817425,1.190438271380826e-16,1.6345545862852008e-16,9.826780300782913e-17,1.4159680372660688e-16,0.1999999999999998,0.2,0.19999999999999987,1.3174254508331908e-16,0.19999999999999987,0.09849514225182554,0.0
2016-06-06,0.12882299608733772,5.627009275199768e-17,1.3010426069826053e-18,5.849270720559296e-17,9.194034422677078e-17,0.14801536884532115,0.19999999999999998,0.19999999999999996,3.122502256758253e-17,0.1999999999999999,0.12316163506734107,1.0570971181733668e-16
2016-06-07,0.12882299608733772,5.627009275199768e-17,1.3010426069826053e-18,5.849270720559296e-17,9.194034422677078e-17,0.14801536884532115,0.19999999999999998,0.19999999999999996,3.122502256758253e-17,0.1999999999999999,0.12316163506734107,1.0570971181733668e-16
2016-06-08,0.12882299608733772,5.627009275199768e-17,1.3010426069826053e-18,5.849270720559296e-17,9.194034422677078e-17,0.14801536884532115,0.19999999999999998,0.19999999999999996,3.122502256758253e-17,0.1999999999999999,0.12316163506734107,1.0570971181733668e-16
2016-06-09,0.12882299608733772,5.627009275199768e-17,1.3010426069826053e-18,5.849270720559296e-17,9.194034422677078e-17,0.14801536884532115,0.19999999999999998,0.19999999999999996,3.122502256758253e-17,0.1999999999999999,0.12316163506734107,1.0570971181733668e-16
2016-06-10,0.12882299608733772,5.627009275199768e-17,1.3010426069826053e-18,5.849270720559296e-17,9.194034422677078e-17,0.14801536884532115,0.19999999999999998,0.19999999999999996,3.122502256758253e-17,0.1999999999999999,0.12316163506734107,1.0570971181733668e-16
2016-06-13,0.11458715706432143,1.0148132334464322e-16,7.806255641895632e-17,0.0,1.214306433183765e-17,0.08541284293567868,0.19999999999999984,0.1999999999999999,6.548581121812447e-17,0.19999999999999996,0.2,0.0
2016-06-14,0.11458715706432143,1.0148132334464322e-16,7.806255641895632e-17,0.0,1.214306433183765e-17,0.08541284293567868,0.19999999999999984,0.1999999999999999,6.548581121812447e-17,0.19999999999999996,0.2,0.0
2016-06-15,0.11458715706432143,1.0148132334464322e-16,7.806255641895632e-17,0.0,1.214306433183765e-17,0.08541284293567868,0.19999999999999984,0.1999999999999999,6.548581121812447e-17,0.19999999999999996,0.2,0.0
2016-06-16,0.11458715706432143,1.0148132334464322e-16,7.806255641895632e-17,0.0,1.214306433183765e-17,0.08541284293567868,0.19999999999999984,0.1999999999999999,6.548581121812447e-17,0.19999999999999996,0.2,0.0
2016-06-17,0.11458715706432143,1.0148132334464322e-16,7.806255641895632e-17,0.0,1.214306433183765e-17,0.08541284293567868,0.19999999999999984,0.1999999999999999,6.548581121812447e-17,0.19999999999999996,0.2,0.0
2016-06-20,0.11458715706432143,1.0148132334464322e-16,7.806255641895632e-17,0.0,1.214306433183765e-17,0.08541284293567868,0.19999999999999984,0.1999999999999999,6.548581121812447e-17,0.19999999999999996,0.2,0.0
2016-06-21,0.11458715706432143,1.0148132334464322e-16,7.806255641895632e-17,0.0,1.214306433183765e-17,0.08541284293567868,0.19999999999999984,0.1999999999999999,6.548581121812447e-17,0.19999999999999996,0.2,0.0
2016-06-22,0.11458715706432143,1.0148132334464322e-16,7.806255641895632e-17,0.0,1.214306433183765e-17,0.08541284293567868,0.19999999999999984,0.1999999999999999,6.548581121812447e-17,0.19999999999999996,0.2,0.0
2016-06-23,0.11458715706432143,1.0148132334464322e-16,7.806255641895632e-17,0.0,1.214306433183765e-17,0.08541284293567868,0.19999999999999984,0.1999999999999999,6.548581121812447e-17,0.19999999999999996,0.2,0.0
2016-06-24,0.11458715706432143,1.0148132334464322e-16,7.806255641895632e-17,0.0,1.214306433183765e-17,0.08541284293567868,0.19999999999999984,0.1999999999999999,6.548581121812447e-17,0.19999999999999996,0.2,0.0
2016-06-27,1.608153797163602e-20,4.120926004915245e-20,0.17876632525051958,1.0741602781690588e-17,0.11975925256150453,1.038316531712555e-16,8.634915015370159e-17,0.17550823638190513,0.04793004262210228,0.2,0.2,0.07803614318396844
2016-06-28,1.608153797163602e-20,4.120926004915245e-20,0.17876632525051958,1.0741602781690588e-17,0.11975925256150453,1.038316531712555e-16,8.634915015370159e-17,0.17550823638190513,0.04793004262210228,0.2,0.2,0.07803614318396844
2016-06-29,1.608153797163602e-20,4.120926004915245e-20,0.17876632525051958,1.0741602781690588e-17,0.11975925256150453,1.038316531712555e-16,8.634915015370159e-17,0.17550823638190513,0.04793004262210228,0.2,0.2,0.07803614318396844
2016-06-30,1.608153797163602e-20,4.120926004915245e-20,0.17876632525051958,1.0741602781690588e-17,0.11975925256150453,1.038316531712555e-16,8.634915015370159e-17,0.17550823638190513,0.04793004262210228,0.2,0.2,0.07803614318396844
2016-07-01,1.608153797163602e-20,4.120926004915245e-20,0.17876632525051958,1.0741602781690588e-17,0.11975925256150453,1.038316531712555e-16,8.634915015370159e-17,0.17550823638190513,0.04793004262210228,0.2,0.2,0.07803614318396844
2016-07-05,1.608153797163602e-20,4.120926004915245e-20,0.17876632525051958,1.0741602781690588e-17,0.11975925256150453,1.038316531712555e-16,8.634915015370159e-17,0.17550823638190513,0.04793004262210228,0.2,0.2,0.07803614318396844
2016-07-06,1.608153797163602e-20,4.120926004915245e-20,0.17876632525051958,1.0741602781690588e-17,0.11975925256150453,1.038316531712555e-16,8.634915015370159e-17,0.17550823638190513,0.04793004262210228,0.2,0.2,0.07803614318396844
2016-07-07,1.608153797163602e-20,4.120926004915245e-20,0.17876632525051958,1.0741602781690588e-17,0.11975925256150453,1.038316531712555e-16,8.634915015370159e-17,0.17550823638190513,0.04793004262210228,0.2,0.2,0.07803614318396844
2016-07-08,1.608153797163602e-20,4.120926004915245e-20,0.17876632525051958,1.0741602781690588e-17,0.11975925256150453,1.038316531712555e-16,8.634915015370159e-17,0.17550823638190513,0.04793004262210228,0.2,0.2,0.07803614318396844
2016-07-11,1.608153797163602e-20,4.120926004915245e-20,0.17876632525051958,1.0741602781690588e-17,0.11975925256150453,1.038316531712555e-16,8.634915015370159e-17,0.17550823638190513,0.04793004262210228,0.2,0.2,0.07803614318396844
2016-07-12,1.608153797163602e-20,4.120926004915245e-20,0.17876632525051958,1.0741602781690588e-17,0.11975925256150453,1.038316531712555e-16,8.634915015370159e-17,0.17550823638190513,0.04793004262210228,0.2,0.2,0.07803614318396844
2016-07-13,1.608153797163602e-20,4.120926004915245e-20,0.17876632525051958,1.0741602781690588e-17,0.11975925256150453,1.038316531712555e-16,8.634915015370159e-17,0.17550823638190513,0.04793004262210228,0.2,0.2,0.07803614318396844
2016-07-14,1.608153797163602e-20,4.120926004915245e-20,0.17876632525051958,1.0741602781690588e-17,0.11975925256150453,1.038316531712555e-16,8.634915015370159e-17,0.17550823638190513,0.04793004262210228,0.2,0.2,0.07803614318396844
2016-07-15,1.608153797163602e-20,4.120926004915245e-20,0.17876632525051958,1.0741602781690588e-17,0.11975925256150453,1.038316531712555e-16,8.634915015370159e-17,0.17550823638190513,0.04793004262210228,0.2,0.2,0.07803614318396844
2016-07-18,1.608153797163602e-20,4.120926004915245e-20,0.17876632525051958,1.0741602781690588e-17,0.11975925256150453,1.038316531712555e-16,8.634915015370159e-17,0.17550823638190513,0.04793004262210228,0.2,0.2,0.07803614318396844
2016-07-19,1.608153797163602e-20,4.120926004915245e-20,0.17876632525051958,1.0741602781690588e-17,0.11975925256150453,1.038316531712555e-16,8.634915015370159e-17,0.17550823638190513,0.04793004262210228,0.2,0.2,0.07803614318396844
2016-07-20,1.608153797163602e-20,4.120926004915245e-20,0.17876632525051958,1.0741602781690588e-17,0.11975925256150453,1.038316531712555e-16,8.634915015370159e-17,0.17550823638190513,0.04793004262210228,0.2,0.2,0.07803614318396844
2016-07-21,1.608153797163602e-20,4.120926004915245e-20,0.17876632525051958,1.0741602781690588e-17,0.11975925256150453,1.038316531712555e-16,8.634915015370159e-17,0.17550823638190513,0.04793004262210228,0.2,0.2,0.07803614318396844
2016-07-22,1.608153797163602e-20,4.120926004915245e-20,0.17876632525051958,1.0741602781690588e-17,0.11975925256150453,1.038316531712555e-16,8.634915015370159e-17,0.17550823638190513,0.04793004262210228,0.2,0.2,0.07803614318396844
2016-07-25,1.608153797163602e-20,4.120926004915245e-20,0.17876632525051958,1.0741602781690588e-17,0.11975925256150453,1.038316531712555e-16,8.634915015370159e-17,0.17550823638190513,0.04793004262210228,0.2,0.2,0.07803614318396844
2016-07-26,1.608153797163602e-20,4.120926004915245e-20,0.17876632525051958,1.0741602781690588e-17,0.11975925256150453,1.038316531712555e-16,8.634915015370159e-17,0.17550823638190513,0.04793004262210228,0.2,0.2,0.07803614318396844
2016-07-27,1.608153797163602e-20,4.120926004915245e-20,0.17876632525051958,1.0741602781690588e-17,0.11975925256150453,1.038316531712555e-16,8.634915015370159e-17,0.17550823638190513,0.04793004262210228,0.2,0.2,0.07803614318396844
2016-07-28,1.608153797163602e-20,4.120926004915245e-20,0.17876632525051958,1.0741602781690588e-17,0.11975925256150453,1.038316531712555e-16,8.634915015370159e-17,0.17550823638190513,0.04793004262210228,0.2,0.2,0.07803614318396844
2016-07-29,1.608153797163602e-20,4.120926004915245e-20,0.17876632525051958,1.0741602781690588e-17,0.11975925256150453,1.038316531712555e-16,8.634915015370159e-17,0.17550823638190513,0.04793004262210228,0.2,0.2,0.07803614318396844
2016-08-01,1.608153797163602e-20,4.120926004915245e-20,0.17876632525051958,1.0741602781690588e-17,0.11975925256150453,1.038316531712555e-16,8.634915015370159e-17,0.17550823638190513,0.04793004262210228,0.2,0.2,0.07803614318396844
2016-08-02,0.2,0.0,0.0,6.489529267814263e-17,9.020562075079397e-17,0.0,0.19999999999999998,0.19999999999999996,0.0,0.2,0.2,1.5967564472206267e-16
2016-08-03,0.2,0.0,0.0,6.489529267814263e-17,9.020562075079397e-17,0.0,0.19999999999999998,0.19999999999999996,0.0,0.2,0.2,1.5967564472206267e-16
2016-08-04,0.2,0.0,0.0,6.489529267814263e-17,9.020562075079397e-17,0.0,0.19999999999999998,0.19999999999999996,0.0,0.2,0.2,1.5967564472206267e-16
2016-08-05,0.2,0.0,0.0,6.489529267814263e-17,9.020562075079397e-17,0.0,0.19999999999999998,0.19999999999999996,0.0,0.2,0.2,1.5967564472206267e-16
2016-08-08,0.2,0.0,0.0,6.489529267814263e-17,9.020562075079397e-17,0.0,0.19999999999999998,0.19999999999999996,0.0,0.2,0.2,1.5967564472206267e-16
2016-08-09,0.19999999999999984,0.0,0.0,0.0,0.0823041213129125,0.0,0.08187419857037724,0.2,0.03582168011671019,0.19999999999999993,0.2,1.0363118106358775e-16
2016-08-10,0.19999999999999984,0.0,0.0,0.0,0.0823041213129125,0.0,0.08187419857037724,0.2,0.03582168011671019,0.19999999999999993,0.2,1.0363118106358775e-16
2016-08-11,0.19999999999999984,0.0,0.0,0.0,0.0823041213129125,0.0,0.08187419857037724,0.2,0.03582168011671019,0.19999999999999993,0.2,1.0363118106358775e-16
2016-08-12,0.19999999999999984,0.0,0.0,0.0,0.0823041213129125,0.0,0.08187419857037724,0.2,0.03582168011671019,0.19999999999999993,0.2,1.0363118106358775e-16
2016-08-15,0.19999999999999984,0.0,0.0,0.0,0.0823041213129125,0.0,0.08187419857037724,0.2,0.03582168011671019,0.19999999999999993,0.2,1.0363118106358775e-16
2016-08-16,0.1999999999999998,6.536488465538319e-17,1.2872783157187092e-16,4.4370849271948673e-17,1.942890293094024e-16,2.0359842852333239e-16,0.19999999999999993,0.1999999999999997,2.599226040849737e-16,0.1999999999999997,0.1999999999999999,2.0300666675692606e-16
2016-08-17,0.1999999999999998,6.536488465538319e-17,1.2872783157187092e-16,4.4370849271948673e-17,1.942890293094024e-16,2.0359842852333239e-16,0.19999999999999993,0.1999999999999997,2.599226040849737e-16,0.1999999999999997,0.1999999999999999,2.0300666675692606e-16
2016-08-18,0.1999999999999998,6.536488465538319e-17,1.2872783157187092e-16,4.4370849271948673e-17,1.942890293094024e-16,2.0359842852333239e-16,0.19999999999999993,0.1999999999999997,2.599226040849737e-16,0.1999999999999997,0.1999999999999999,2.0300666675692606e-16
2016-08-19,0.1999999999999998,6.536488465538319e-17,1.2872783157187092e-16,4.4370849271948673e-17,1.942890293094024e-16,2.0359842852333239e-16,0.19999999999999993,0.1999999999999997,2.599226040849737e-16,0.1999999999999997,0.1999999999999999,2.0300666675692606e-16
2016-08-22,0.1999999999999998,6.536488465538319e-17,1.2872783157187092e-16,4.4370849271948673e-17,1.942890293094024e-16,2.0359842852333239e-16,0.19999999999999993,0.1999999999999997,2.599226040849737e-16,0.1999999999999997,0.1999999999999999,2.0300666675692606e-16
2016-08-23,0.1999999999999999,0.0,0.0,0.0,0.19999999999999996,1.8808709711697194e-16,0.19999999999999982,0.10315197271747914,0.10840646581605824,3.0181356665268935e-17,0.18844156146646257,3.6942365358205805e-16
2016-08-24,0.1999999999999999,0.0,0.0,0.0,0.19999999999999996,1.8808709711697194e-16,0.19999999999999982,0.10315197271747914,0.10840646581605824,3.0181356665268935e-17,0.18844156146646257,3.6942365358205805e-16
2016-08-25,0.1999999999999999,0.0,0.0,0.0,0.19999999999999996,1.8808709711697194e-16,0.19999999999999982,0.10315197271747914,0.10840646581605824,3.0181356665268935e-17,0.18844156146646257,3.6942365358205805e-16
2016-08-26,0.1999999999999999,0.0,0.0,0.0,0.19999999999999996,1.8808709711697194e-16,0.19999999999999982,0.10315197271747914,0.10840646581605824,3.0181356665268935e-17,0.18844156146646257,3.6942365358205805e-16
2016-08-29,0.1999999999999999,0.0,0.0,0.0,0.19999999999999996,1.8808709711697194e-16,0.19999999999999982,0.10315197271747914,0.10840646581605824,3.0181356665268935e-17,0.18844156146646257,3.6942365358205805e-16
2016-08-30,0.2,0.0,0.0,0.0,0.15682928883071873,0.0,0.2,0.2,0.06618720471758416,0.0,0.17698350645169816,0.0
2016-08-31,0.2,0.0,0.0,0.0,0.15682928883071873,0.0,0.2,0.2,0.06618720471758416,0.0,0.17698350645169816,0.0
2016-09-01,0.2,0.0,0.0,0.0,0.15682928883071873,0.0,0.2,0.2,0.06618720471758416,0.0,0.17698350645169816,0.0
2016-09-02,0.2,0.0,0.0,0.0,0.15682928883071873,0.0,0.2,0.2,0.06618720471758416,0.0,0.17698350645169816,0.0
2016-09-06,0.2,0.0,0.0,0.0,0.15682928883071873,0.0,0.2,0.2,0.06618720471758416,0.0,0.17698350645169816,0.0
2016-09-07,0.2,0.0,0.0,1.2348822145173338e-17,0.08937682818927677,0.0,0.2,0.2,0.2,0.0,0.11062317181072386,0.0
2016-09-08,0.2,0.0,0.0,1.2348822145173338e-17,0.08937682818927677,0.0,0.2,0.2,0.2,0.0,0.11062317181072386,0.0
2016-09-09,0.2,0.0,0.0,1.2348822145173338e-17,0.08937682818927677,0.0,0.2,0.2,0.2,0.0,0.11062317181072386,0.0
2016-09-12,0.2,0.0,0.0,1.2348822145173338e-17,0.08937682818927677,0.0,0.2,0.2,0.2,0.0,0.11062317181072386,0.0
2016-09-13,0.2,0.0,0.0,1.2348822145173338e-17,0.08937682818927677,0.0,0.2,0.2,0.2,0.0,0.11062317181072386,0.0
2016-09-14,0.19999999999999968,0.0,2.2620199209041345e-16,0.1999999999999998,0.0,2.9591345456446775e-16,0.1999999999999998,0.1999999999999997,8.083811398051921e-16,0.0,0.1999999999999997,2.1103981386304454e-16
2016-09-15,0.19999999999999968,0.0,2.2620199209041345e-16,0.1999999999999998,0.0,2.9591345456446775e-16,0.1999999999999998,0.1999999999999997,8.083811398051921e-16,0.0,0.1999999999999997,2.1103981386304454e-16
2016-09-16,0.19999999999999968,0.0,2.2620199209041345e-16,0.1999999999999998,0.0,2.9591345456446775e-16,0.1999999999999998,0.1999999999999997,8.083811398051921e-16,0.0,0.1999999999999997,2.1103981386304454e-16
2016-09-19,0.19999999999999968,0.0,2.2620199209041345e-16,0.1999999999999998,0.0,2.9591345456446775e-16,0.1999999999999998,0.1999999999999997,8.083811398051921e-16,0.0,0.1999999999999997,2.1103981386304454e-16
2016-09-20,0.19999999999999968,0.0,2.2620199209041345e-16,0.1999999999999998,0.0,2.9591345456446775e-16,0.1999999999999998,0.1999999999999997,8.083811398051921e-16,0.0,0.1999999999999997,2.1103981386304454e-16
2016-09-21,0.19999999999999984,2.4712950966994067e-16,1.377214591790687e-16,1.0923703146629394e-16,0.08914065124262613,2.8336885238414643e-16,0.0771932694718456,0.19999999999999996,0.2,0.03366607928552736,0.2,0.0
2016-09-22,0.19999999999999984,2.4712950966994067e-16,1.377214591790687e-16,1.0923703146629394e-16,0.08914065124262613,2.8336885238414643e-16,0.0771932694718456,0.19999999999999996,0.2,0.03366607928552736,0.2,0.0
2016-09-23,0.19999999999999984,2.4712950966994067e-16,1.377214591790687e-16,1.0923703146629394e-16,0.08914065124262613,2.8336885238414643e-16,0.0771932694718456,0.19999999999999996,0.2,0.03366607928552736,0.2,0.0
2016-09-26,0.19999999999999984,2.4712950966994067e-16,1.377214591790687e-16,1.0923703146629394e-16,0.08914065124262613,2.8336885238414643e-16,0.0771932694718456,0.19999999999999996,0.2,0.03366607928552736,0.2,0.0
2016-09-27,0.19999999999999984,2.4712950966994067e-16,1.377214591790687e-16,1.0923703146629394e-16,0.08914065124262613,2.8336885238414643e-16,0.0771932694718456,0.19999999999999996,0.2,0.03366607928552736,0.2,0.0
2016-09-28,0.2,1.7798052844130908e-16,8.00258012031111e-17,0.0,0.2,1.8780961868071914e-16,0.0,0.19999999999999982,0.2,0.0,0.2,0.0
2016-09-29,0.2,1.7798052844130908e-16,8.00258012031111e-17,0.0,0.2,1.8780961868071914e-16,0.0,0.19999999999999982,0.2,0.0,0.2,0.0
2016-09-30,0.2,1.7798052844130908e-16,8.00258012031111e-17,0.0,0.2,1.8780961868071914e-16,0.0,0.19999999999999982,0.2,0.0,0.2,0.0
2016-10-03,0.2,1.7798052844130908e-16,8.00258012031111e-17,0.0,0.2,1.8780961868071914e-16,0.0,0.19999999999999982,0.2,0.0,0.2,0.0
2016-10-04,0.2,1.7798052844130908e-16,8.00258012031111e-17,0.0,0.2,1.8780961868071914e-16,0.0,0.19999999999999982,0.2,0.0,0.2,0.0
2016-10-05,8.280296380942727e-18,0.09234614199699079,0.1613980718606187,8.437184075592139e-19,0.07778536681504998,1.4377978843315185e-17,0.11412474751466466,0.10220865473091004,1.0257677613209658e-17,0.2,0.2,0.05213701708176594
2016-10-06,8.280296380942727e-18,0.09234614199699079,0.1613980718606187,8.437184075592139e-19,0.07778536681504998,1.4377978843315185e-17,0.11412474751466466,0.10220865473091004,1.0257677613209658e-17,0.2,0.2,0.05213701708176594
2016-10-07,8.280296380942727e-18,0.09234614199699079,0.1613980718606187,8.437184075592139e-19,0.07778536681504998,1.4377978843315185e-17,0.11412474751466466,0.10220865473091004,1.0257677613209658e-17,0.2,0.2,0.05213701708176594
2016-10-10,8.280296380942727e-18,0.09234614199699079,0.1613980718606187,8.437184075592139e-19,0.07778536681504998,1.4377978843315185e-17,0.11412474751466466,0.10220865473091004,1.0257677613209658e-17,0.2,0.2,0.05213701708176594
2016-10-11,8.280296380942727e-18,0.09234614199699079,0.1613980718606187,8.437184075592139e-19,0.07778536681504998,1.4377978843315185e-17,0.11412474751466466,0.10220865473091004,1.0257677613209658e-17,0.2,0.2,0.05213701708176594
2016-10-12,8.083053300605021e-20,0.15556604505632968,0.1490325166107801,0.0003661464907220281,0.04175029630999626,8.298880281360994e-19,0.17758245926850344,0.07432072675043072,4.62660522950072e-18,0.2,0.2,0.001381809513237918
2016-10-13,8.083053300605021e-20,0.15556604505632968,0.1490325166107801,0.0003661464907220281,0.04175029630999626,8.298880281360994e-19,0.17758245926850344,0.07432072675043072,4.62660522950072e-18,0.2,0.2,0.001381809513237918
2016-10-14,8.083053300605021e-20,0.15556604505632968,0.1490325166107801,0.0003661464907220281,0.04175029630999626,8.298880281360994e-19,0.17758245926850344,0.07432072675043072,4.62660522950072e-18,0.2,0.2,0.001381809513237918
2016-10-17,8.083053300605021e-20,0.15556604505632968,0.1490325166107801,0.0003661464907220281,0.04175029630999626,8.298880281360994e-19,0.17758245926850344,0.07432072675043072,4.62660522950072e-18,0.2,0.2,0.001381809513237918
2016-10-18,8.083053300605021e-20,0.15556604505632968,0.1490325166107801,0.0003661464907220281,0.04175029630999626,8.298880281360994e-19,0.17758245926850344,0.07432072675043072,4.62660522950072e-18,0.2,0.2,0.001381809513237918
2016-10-19,8.083053300605021e-20,0.15556604505632968,0.1490325166107801,0.0003661464907220281,0.04175029630999626,8.298880281360994e-19,0.17758245926850344,0.07432072675043072,4.62660522950072e-18,0.2,0.2,0.001381809513237918
2016-10-20,8.083053300605021e-20,0.15556604505632968,0.1490325166107801,0.0003661464907220281,0.04175029630999626,8.298880281360994e-19,0.17758245926850344,0.07432072675043072,4.62660522950072e-18,0.2,0.2,0.001381809513237918
2016-10-21,8.083053300605021e-20,0.15556604505632968,0.1490325166107801,0.0003661464907220281,0.04175029630999626,8.298880281360994e-19,0.17758245926850344,0.07432072675043072,4.62660522950072e-18,0.2,0.2,0.001381809513237918
2016-10-24,8.083053300605021e-20,0.15556604505632968,0.1490325166107801,0.0003661464907220281,0.04175029630999626,8.298880281360994e-19,0.17758245926850344,0.07432072675043072,4.62660522950072e-18,0.2,0.2,0.001381809513237918
2016-10-25,8.083053300605021e-20,0.15556604505632968,0.1490325166107801,0.0003661464907220281,0.04175029630999626,8.298880281360994e-19,0.17758245926850344,0.07432072675043072,4.62660522950072e-18,0.2,0.2,0.001381809513237918
2016-10-26,8.083053300605021e-20,0.15556604505632968,0.1490325166107801,0.0003661464907220281,0.04175029630999626,8.298880281360994e-19,0.17758245926850344,0.07432072675043072,4.62660522950072e-18,0.2,0.2,0.001381809513237918
2016-10-27,8.083053300605021e-20,0.15556604505632968,0.1490325166107801,0.0003661464907220281,0.04175029630999626,8.298880281360994e-19,0.17758245926850344,0.07432072675043072,4.62660522950072e-18,0.2,0.2,0.001381809513237918
2016-10-28,8.083053300605021e-20,0.15556604505632968,0.1490325166107801,0.0003661464907220281,0.04175029630999626,8.298880281360994e-19,0.17758245926850344,0.07432072675043072,4.62660522950072e-18,0.2,0.2,0.001381809513237918
2016-10-31,8.083053300605021e-20,0.15556604505632968,0.1490325166107801,0.0003661464907220281,0.04175029630999626,8.298880281360994e-19,0.17758245926850344,0.07432072675043072,4.62660522950072e-18,0.2,0.2,0.001381809513237918
2016-11-01,8.083053300605021e-20,0.15556604505632968,0.1490325166107801,0.0003661464907220281,0.04175029630999626,8.298880281360994e-19,0.17758245926850344,0.07432072675043072,4.62660522950072e-18,0.2,0.2,0.001381809513237918
2016-11-02,8.083053300605021e-20,0.15556604505632968,0.1490325166107801,0.0003661464907220281,0.04175029630999626,8.298880281360994e-19,0.17758245926850344,0.07432072675043072,4.62660522950072e-18,0.2,0.2,0.001381809513237918
2016-11-03,8.083053300605021e-20,0.15556604505632968,0.1490325166107801,0.0003661464907220281,0.04175029630999626,8.298880281360994e-19,0.17758245926850344,0.07432072675043072,4.62660522950072e-18,0.2,0.2,0.001381809513237918
2016-11-04,8.083053300605021e-20,0.15556604505632968,0.1490325166107801,0.0003661464907220281,0.04175029630999626,8.298880281360994e-19,0.17758245926850344,0.07432072675043072,4.62660522950072e-18,0.2,0.2,0.001381809513237918
2016-11-07,8.083053300605021e-20,0.15556604505632968,0.1490325166107801,0.0003661464907220281,0.04175029630999626,8.298880281360994e-19,0.17758245926850344,0.07432072675043072,4.62660522950072e-18,0.2,0.2,0.001381809513237918
2016-11-08,8.083053300605021e-20,0.15556604505632968,0.1490325166107801,0.0003661464907220281,0.04175029630999626,8.298880281360994e-19,0.17758245926850344,0.07432072675043072,4.62660522950072e-18,0.2,0.2,0.001381809513237918
2016-11-09,1.4310319910471677e-22,0.14312679336001888,0.1594240524869834,2.11752055026903e-18,0.05518875775101215,4.875490770119292e-18,0.13352066935568446,0.10873972704630135,2.1984792106665305e-17,0.2,0.2,1.779953468498499e-18
2016-11-10,1.4310319910471677e-22,0.14312679336001888,0.1594240524869834,2.11752055026903e-18,0.05518875775101215,4.875490770119292e-18,0.13352066935568446,0.10873972704630135,2.1984792106665305e-17,0.2,0.2,1.779953468498499e-18
2016-11-11,1.4310319910471677e-22,0.14312679336001888,0.1594240524869834,2.11752055026903e-18,0.05518875775101215,4.875490770119292e-18,0.13352066935568446,0.10873972704630135,2.1984792106665305e-17,0.2,0.2,1.779953468498499e-18
2016-11-14,1.4310319910471677e-22,0.14312679336001888,0.1594240524869834,2.11752055026903e-18,0.05518875775101215,4.875490770119292e-18,0.13352066935568446,0.10873972704630135,2.1984792106665305e-17,0.2,0.2,1.779953468498499e-18
2016-11-15,1.4310319910471677e-22,0.14312679336001888,0.1594240524869834,2.11752055026903e-18,0.05518875775101215,4.875490770119292e-18,0.13352066935568446,0.10873972704630135,2.1984792106665305e-17,0.2,0.2,1.779953468498499e-18
2016-11-16,1.850568980593838e-18,0.10194788815780165,0.19065743959612705,5.1311730902893424e-18,0.11379053317840157,1.0851700217052024e-18,0.05434487824318554,0.13925926082448423,3.67479970638715e-18,0.2,0.2,3.478292576144987e-18
2016-11-17,1.850568980593838e-18,0.10194788815780165,0.19065743959612705,5.1311730902893424e-18,0.11379053317840157,1.0851700217052024e-18,0.05434487824318554,0.13925926082448423,3.67479970638715e-18,0.2,0.2,3.478292576144987e-18
2016-11-18,1.850568980593838e-18,0.10194788815780165,0.19065743959612705,5.1311730902893424e-18,0.11379053317840157,1.0851700217052024e-18,0.05434487824318554,0.13925926082448423,3.67479970638715e-18,0.2,0.2,3.478292576144987e-18
2016-11-21,1.850568980593838e-18,0.10194788815780165,0.19065743959612705,5.1311730902893424e-18,0.11379053317840157,1.0851700217052024e-18,0.05434487824318554,0.13925926082448423,3.67479970638715e-18,0.2,0.2,3.478292576144987e-18
2016-11-22,1.850568980593838e-18,0.10194788815780165,0.19065743959612705,5.1311730902893424e-18,0.11379053317840157,1.0851700217052024e-18,0.05434487824318554,0.13925926082448423,3.67479970638715e-18,0.2,0.2,3.478292576144987e-18
2016-11-23,1.850568980593838e-18,0.10194788815780165,0.19065743959612705,5.1311730902893424e-18,0.11379053317840157,1.0851700217052024e-18,0.05434487824318554,0.13925926082448423,3.67479970638715e-18,0.2,0.2,3.478292576144987e-18
2016-11-25,1.850568980593838e-18,0.10194788815780165,0.19065743959612705,5.1311730902893424e-18,0.11379053317840157,1.0851700217052024e-18,0.05434487824318554,0.13925926082448423,3.67479970638715e-18,0.2,0.2,3.478292576144987e-18
2016-11-28,1.850568980593838e-18,0.10194788815780165,0.19065743959612705,5.1311730902893424e-18,0.11379053317840157,1.0851700217052024e-18,0.05434487824318554,0.13925926082448423,3.67479970638715e-18,0.2,0.2,3.478292576144987e-18
2016-11-29,1.850568980593838e-18,0.10194788815780165,0.19065743959612705,5.1311730902893424e-18,0.11379053317840157,1.0851700217052024e-18,0.05434487824318554,0.13925926082448423,3.67479970638715e-18,0.2,0.2,3.478292576144987e-18
2016-11-30,1.850568980593838e-18,0.10194788815780165,0.19065743959612705,5.1311730902893424e-18,0.11379053317840157,1.0851700217052024e-18,0.05434487824318554,0.13925926082448423,3.67479970638715e-18,0.2,0.2,3.478292576144987e-18
2016-12-01,0.08302673756324422,3.599551212651875e-17,0.2,0.19999999999999996,0.2,0.0,0.0,0.2,0.0909527314154363,3.946495907847236e-17,0.02602053102131927,0.0
2016-12-02,0.08302673756324422,3.599551212651875e-17,0.2,0.19999999999999996,0.2,0.0,0.0,0.2,0.0909527314154363,3.946495907847236e-17,0.02602053102131927,0.0
2016-12-05,0.08302673756324422,3.599551212651875e-17,0.2,0.19999999999999996,0.2,0.0,0.0,0.2,0.0909527314154363,3.946495907847236e-17,0.02602053102131927,0.0
2016-12-06,0.08302673756324422,3.599551212651875e-17,0.2,0.19999999999999996,0.2,0.0,0.0,0.2,0.0909527314154363,3.946495907847236e-17,0.02602053102131927,0.0
2016-12-07,0.08302673756324422,3.599551212651875e-17,0.2,0.19999999999999996,0.2,0.0,0.0,0.2,0.0909527314154363,3.946495907847236e-17,0.02602053102131927,0.0
2016-12-08,0.0,0.0,0.19999999999999993,0.19999999999999993,0.2,7.047314121155779e-17,0.0,0.2,0.1999999999999998,1.5959455978986625e-16,2.905661822261152e-17,3.642919299551295e-17
2016-12-09,0.0,0.0,0.19999999999999993,0.19999999999999993,0.2,7.047314121155779e-17,0.0,0.2,0.1999999999999998,1.5959455978986625e-16,2.905661822261152e-17,3.642919299551295e-17
2016-12-12,0.0,0.0,0.19999999999999993,0.19999999999999993,0.2,7.047314121155779e-17,0.0,0.2,0.1999999999999998,1.5959455978986625e-16,2.905661822261152e-17,3.642919299551295e-17
2016-12-13,0.0,0.0,0.19999999999999993,0.19999999999999993,0.2,7.047314121155779e-17,0.0,0.2,0.1999999999999998,1.5959455978986625e-16,2.905661822261152e-17,3.642919299551295e-17
2016-12-14,0.0,0.0,0.19999999999999993,0.19999999999999993,0.2,7.047314121155779e-17,0.0,0.2,0.1999999999999998,1.5959455978986625e-16,2.905661822261152e-17,3.642919299551295e-17
2016-12-15,0.0,0.0,0.19999999999999993,0.19999999999999993,0.2,7.047314121155779e-17,0.0,0.2,0.1999999999999998,1.5959455978986625e-16,2.905661822261152e-17,3.642919299551295e-17
2016-12-16,0.0,0.0,0.19999999999999993,0.19999999999999993,0.2,7.047314121155779e-17,0.0,0.2,0.1999999999999998,1.5959455978986625e-16,2.905661822261152e-17,3.642919299551295e-17
2016-12-19,0.0,0.0,0.19999999999999993,0.19999999999999993,0.2,7.047314121155779e-17,0.0,0.2,0.1999999999999998,1.5959455978986625e-16,2.905661822261152e-17,3.642919299551295e-17
2016-12-20,0.0,0.0,0.19999999999999993,0.19999999999999993,0.2,7.047314121155779e-17,0.0,0.2,0.1999999999999998,1.5959455978986625e-16,2.905661822261152e-17,3.642919299551295e-17
2016-12-21,0.0,0.0,0.19999999999999993,0.19999999999999993,0.2,7.047314121155779e-17,0.0,0.2,0.1999999999999998,1.5959455978986625e-16,2.905661822261152e-17,3.642919299551295e-17
2016-12-22,0.0822525825300315,5.2392214032789916e-17,0.19999999999999996,0.19999999999999996,0.19999999999999984,0.0,9.299558539237206e-17,0.11774741746996875,0.19999999999999996,0.0,2.9352917867472947e-17,0.0
2016-12-23,0.0822525825300315,5.2392214032789916e-17,0.19999999999999996,0.19999999999999996,0.19999999999999984,0.0,9.299558539237206e-17,0.11774741746996875,0.19999999999999996,0.0,2.9352917867472947e-17,0.0
2016-12-27,0.0822525825300315,5.2392214032789916e-17,0.19999999999999996,0.19999999999999996,0.19999999999999984,0.0,9.299558539237206e-17,0.11774741746996875,0.19999999999999996,0.0,2.9352917867472947e-17,0.0
2016-12-28,0.0822525825300315,5.2392214032789916e-17,0.19999999999999996,0.19999999999999996,0.19999999999999984,0.0,9.299558539237206e-17,0.11774741746996875,0.19999999999999996,0.0,2.9352917867472947e-17,0.0
2016-12-29,0.0822525825300315,5.2392214032789916e-17,0.19999999999999996,0.19999999999999996,0.19999999999999984,0.0,9.299558539237206e-17,0.11774741746996875,0.19999999999999996,0.0,2.9352917867472947e-17,0.0
2016-12-30,0.0822525825300315,5.2392214032789916e-17,0.19999999999999996,0.19999999999999996,0.19999999999999984,0.0,9.299558539237206e-17,0.11774741746996875,0.19999999999999996,0.0,2.9352917867472947e-17,0.0
2017-01-03,0.0822525825300315,5.2392214032789916e-17,0.19999999999999996,0.19999999999999996,0.19999999999999984,0.0,9.299558539237206e-17,0.11774741746996875,0.19999999999999996,0.0,2.9352917867472947e-17,0.0
2017-01-04,0.0822525825300315,5.2392214032789916e-17,0.19999999999999996,0.19999999999999996,0.19999999999999984,0.0,9.299558539237206e-17,0.11774741746996875,0.19999999999999996,0.0,2.9352917867472947e-17,0.0
2017-01-05,0.0822525825300315,5.2392214032789916e-17,0.19999999999999996,0.19999999999999996,0.19999999999999984,0.0,9.299558539237206e-17,0.11774741746996875,0.19999999999999996,0.0,2.9352917867472947e-17,0.0
2017-01-06,0.0822525825300315,5.2392214032789916e-17,0.19999999999999996,0.19999999999999996,0.19999999999999984,0.0,9.299558539237206e-17,0.11774741746996875,0.19999999999999996,0.0,2.9352917867472947e-17,0.0
2017-01-09,0.19999999999999968,3.9898639947466563e-17,0.2,0.19999999999999993,0.19999999999999996,1.4051260155412137e-16,4.9439619065339e-17,2.229119666630197e-16,0.19999999999999998,5.204170427930421e-18,0.0,0.0
2017-01-10,0.19999999999999968,3.9898639947466563e-17,0.2,0.19999999999999993,0.19999999999999996,1.4051260155412137e-16,4.9439619065339e-17,2.229119666630197e-16,0.19999999999999998,5.204170427930421e-18,0.0,0.0
2017-01-11,0.19999999999999968,3.9898639947466563e-17,0.2,0.19999999999999993,0.19999999999999996,1.4051260155412137e-16,4.9439619065339e-17,2.229119666630197e-16,0.19999999999999998,5.204170427930421e-18,0.0,0.0
2017-01-12,0.19999999999999968,3.9898639947466563e-17,0.2,0.19999999999999993,0.19999999999999996,1.4051260155412137e-16,4.9439619065339e-17,2.229119666630197e-16,0.19999999999999998,5.204170427930421e-18,0.0,0.0
2017-01-13,0.19999999999999968,3.9898639947466563e-17,0.2,0.19999999999999993,0.19999999999999996,1.4051260155412137e-16,4.9439619065339e-17,2.229119666630197e-16,0.19999999999999998,5.204170427930421e-18,0.0,0.0
2017-01-17,0.19999999999999968,3.9898639947466563e-17,0.2,0.19999999999999993,0.19999999999999996,1.4051260155412137e-16,4.9439619065339e-17,2.229119666630197e-16,0.19999999999999998,5.204170427930421e-18,0.0,0.0
2017-01-18,0.19999999999999968,3.9898639947466563e-17,0.2,0.19999999999999993,0.19999999999999996,1.4051260155412137e-16,4.9439619065339e-17,2.229119666630197e-16,0.19999999999999998,5.204170427930421e-18,0.0,0.0
2017-01-19,0.19999999999999968,3.9898639947466563e-17,0.2,0.19999999999999993,0.19999999999999996,1.4051260155412137e-16,4.9439619065339e-17,2.229119666630197e-16,0.19999999999999998,5.204170427930421e-18,0.0,0.0
2017-01-20,0.19999999999999968,3.9898639947466563e-17,0.2,0.19999999999999993,0.19999999999999996,1.4051260155412137e-16,4.9439619065339e-17,2.229119666630197e-16,0.19999999999999998,5.204170427930421e-18,0.0,0.0
2017-01-23,0.19999999999999968,3.9898639947466563e-17,0.2,0.19999999999999993,0.19999999999999996,1.4051260155412137e-16,4.9439619065339e-17,2.229119666630197e-16,0.19999999999999998,5.204170427930421e-18,0.0,0.0
2017-01-24,0.19999999999999968,3.9898639947466563e-17,0.2,0.19999999999999993,0.19999999999999996,1.4051260155412137e-16,4.9439619065339e-17,2.229119666630197e-16,0.19999999999999998,5.204170427930421e-18,0.0,0.0
2017-01-25,0.19999999999999968,3.9898639947466563e-17,0.2,0.19999999999999993,0.19999999999999996,1.4051260155412137e-16,4.9439619065339e-17,2.229119666630197e-16,0.19999999999999998,5.204170427930421e-18,0.0,0.0
2017-01-26,0.19999999999999968,3.9898639947466563e-17,0.2,0.19999999999999993,0.19999999999999996,1.4051260155412137e-16,4.9439619065339e-17,2.229119666630197e-16,0.19999999999999998,5.204170427930421e-18,0.0,0.0
2017-01-27,0.19999999999999968,3.9898639947466563e-17,0.2,0.19999999999999993,0.19999999999999996,1.4051260155412137e-16,4.9439619065339e-17,2.229119666630197e-16,0.19999999999999998,5.204170427930421e-18,0.0,0.0
2017-01-30,0.19999999999999968,3.9898639947466563e-17,0.2,0.19999999999999993,0.19999999999999996,1.4051260155412137e-16,4.9439619065339e-17,2.229119666630197e-16,0.19999999999999998,5.204170427930421e-18,0.0,0.0
2017-01-31,0.19999999999999968,3.9898639947466563e-17,0.2,0.19999999999999993,0.19999999999999996,1.4051260155412137e-16,4.9439619065339e-17,2.229119666630197e-16,0.19999999999999998,5.204170427930421e-18,0.0,0.0
2017-02-01,0.19999999999999968,3.9898639947466563e-17,0.2,0.19999999999999993,0.19999999999999996,1.4051260155412137e-16,4.9439619065339e-17,2.229119666630197e-16,0.19999999999999998,5.204170427930421e-18,0.0,0.0
2017-02-02,0.19999999999999968,3.9898639947466563e-17,0.2,0.19999999999999993,0.19999999999999996,1.4051260155412137e-16,4.9439619065339e-17,2.229119666630197e-16,0.19999999999999998,5.204170427930421e-18,0.0,0.0
2017-02-03,0.19999999999999968,3.9898639947466563e-17,0.2,0.19999999999999993,0.19999999999999996,1.4051260155412137e-16,4.9439619065339e-17,2.229119666630197e-16,0.19999999999999998,5.204170427930421e-18,0.0,0.0
2017-02-06,0.19999999999999968,3.9898639947466563e-17,0.2,0.19999999999999993,0.19999999999999996,1.4051260155412137e-16,4.9439619065339e-17,2.229119666630197e-16,0.19999999999999998,5.204170427930421e-18,0.0,0.0
2017-02-07,0.19999999999999968,3.9898639947466563e-17,0.2,0.19999999999999993,0.19999999999999996,1.4051260155412137e-16,4.9439619065339e-17,2.229119666630197e-16,0.19999999999999998,5.204170427930421e-18,0.0,0.0
2017-02-08,0.19999999999999968,3.9898639947466563e-17,0.2,0.19999999999999993,0.19999999999999996,1.4051260155412137e-16,4.9439619065339e-17,2.229119666630197e-16,0.19999999999999998,5.204170427930421e-18,0.0,0.0
2017-02-09,0.19999999999999968,3.9898639947466563e-17,0.2,0.19999999999999993,0.19999999999999996,1.4051260155412137e-16,4.9439619065339e-17,2.229119666630197e-16,0.19999999999999998,5.204170427930421e-18,0.0,0.0
2017-02-10,0.19999999999999968,3.9898639947466563e-17,0.2,0.19999999999999993,0.19999999999999996,1.4051260155412137e-16,4.9439619065339e-17,2.229119666630197e-16,0.19999999999999998,5.204170427930421e-18,0.0,0.0
2017-02-13,0.19999999999999968,3.9898639947466563e-17,0.2,0.19999999999999993,0.19999999999999996,1.4051260155412137e-16,4.9439619065339e-17,2.229119666630197e-16,0.19999999999999998,5.204170427930421e-18,0.0,0.0
2017-02-14,0.19999999999999968,3.9898639947466563e-17,0.2,0.19999999999999993,0.19999999999999996,1.4051260155412137e-16,4.9439619065339e-17,2.229119666630197e-16,0.19999999999999998,5.204170427930421e-18,0.0,0.0
2017-02-15,0.19999999999999968,3.9898639947466563e-17,0.2,0.19999999999999993,0.19999999999999996,1.4051260155412137e-16,4.9439619065339e-17,2.229119666630197e-16,0.19999999999999998,5.204170427930421e-18,0.0,0.0
2017-02-16,0.19999999999999968,3.9898639947466563e-17,0.2,0.19999999999999993,0.19999999999999996,1.4051260155412137e-16,4.9439619065339e-17,2.229119666630197e-16,0.19999999999999998,5.204170427930421e-18,0.0,0.0
2017-02-17,0.19999999999999968,3.9898639947466563e-17,0.2,0.19999999999999993,0.19999999999999996,1.4051260155412137e-16,4.9439619065339e-17,2.229119666630197e-16,0.19999999999999998,5.204170427930421e-18,0.0,0.0
2017-02-21,0.19999999999999968,3.9898639947466563e-17,0.2,0.19999999999999993,0.19999999999999996,1.4051260155412137e-16,4.9439619065339e-17,2.229119666630197e-16,0.19999999999999998,5.204170427930421e-18,0.0,0.0
2017-02-22,0.19999999999999968,3.9898639947466563e-17,0.2,0.19999999999999993,0.19999999999999996,1.4051260155412137e-16,4.9439619065339e-17,2.229119666630197e-16,0.19999999999999998,5.204170427930421e-18,0.0,0.0
2017-02-23,0.19999999999999968,3.9898639947466563e-17,0.2,0.19999999999999993,0.19999999999999996,1.4051260155412137e-16,4.9439619065339e-17,2.229119666630197e-16,0.19999999999999998,5.204170427930421e-18,0.0,0.0
2017-02-24,0.19999999999999968,3.9898639947466563e-17,0.2,0.19999999999999993,0.19999999999999996,1.4051260155412137e-16,4.9439619065339e-17,2.229119666630197e-16,0.19999999999999998,5.204170427930421e-18,0.0,0.0
2017-02-27,0.19999999999999968,3.9898639947466563e-17,0.2,0.19999999999999993,0.19999999999999996,1.4051260155412137e-16,4.9439619065339e-17,2.229119666630197e-16,0.19999999999999998,5.204170427930421e-18,0.0,0.0
2017-02-28,0.19999999999999968,3.9898639947466563e-17,0.2,0.19999999999999993,0.19999999999999996,1.4051260155412137e-16,4.9439619065339e-17,2.229119666630197e-16,0.19999999999999998,5.204170427930421e-18,0.0,0.0
2017-03-01,0.19999999999999968,3.9898639947466563e-17,0.2,0.19999999999999993,0.19999999999999996,1.4051260155412137e-16,4.9439619065339e-17,2.229119666630197e-16,0.19999999999999998,5.204170427930421e-18,0.0,0.0
2017-03-02,0.19999999999999968,3.9898639947466563e-17,0.2,0.19999999999999993,0.19999999999999996,1.4051260155412137e-16,4.9439619065339e-17,2.229119666630197e-16,0.19999999999999998,5.204170427930421e-18,0.0,0.0
2017-03-03,0.19999999999999968,3.9898639947466563e-17,0.2,0.19999999999999993,0.19999999999999996,1.4051260155412137e-16,4.9439619065339e-17,2.229119666630197e-16,0.19999999999999998,5.204170427930421e-18,0.0,0.0
2017-03-06,0.19999999999999968,3.9898639947466563e-17,0.2,0.19999999999999993,0.19999999999999996,1.4051260155412137e-16,4.9439619065339e-17,2.229119666630197e-16,0.19999999999999998,5.204170427930421e-18,0.0,0.0
2017-03-07,0.19999999999999968,3.9898639947466563e-17,0.2,0.19999999999999993,0.19999999999999996,1.4051260155412137e-16,4.9439619065339e-17,2.229119666630197e-16,0.19999999999999998,5.204170427930421e-18,0.0,0.0
2017-03-08,0.19999999999999968,3.9898639947466563e-17,0.2,0.19999999999999993,0.19999999999999996,1.4051260155412137e-16,4.9439619065339e-17,2.229119666630197e-16,0.19999999999999998,5.204170427930421e-18,0.0,0.0
2017-03-09,0.19999999999999968,3.9898639947466563e-17,0.2,0.19999999999999993,0.19999999999999996,1.4051260155412137e-16,4.9439619065339e-17,2.229119666630197e-16,0.19999999999999998,5.204170427930421e-18,0.0,0.0
2017-03-10,0.19999999999999968,3.9898639947466563e-17,0.2,0.19999999999999993,0.19999999999999996,1.4051260155412137e-16,4.9439619065339e-17,2.229119666630197e-16,0.19999999999999998,5.204170427930421e-18,0.0,0.0
2017-03-13,0.19999999999999968,3.9898639947466563e-17,0.2,0.19999999999999993,0.19999999999999996,1.4051260155412137e-16,4.9439619065339e-17,2.229119666630197e-16,0.19999999999999998,5.204170427930421e-18,0.0,0.0
2017-03-14,0.19999999999999968,3.9898639947466563e-17,0.2,0.19999999999999993,0.19999999999999996,1.4051260155412137e-16,4.9439619065339e-17,2.229119666630197e-16,0.19999999999999998,5.204170427930421e-18,0.0,0.0
2017-03-15,0.1999999999999998,0.0,0.19999999999999982,4.85722573273506e-17,0.2,0.0,3.224648560536141e-16,2.248420125815063e-16,0.2,4.2398763395046745e-17,0.0,0.2
2017-03-16,0.1999999999999998,0.0,0.19999999999999982,4.85722573273506e-17,0.2,0.0,3.224648560536141e-16,2.248420125815063e-16,0.2,4.2398763395046745e-17,0.0,0.2
2017-03-17,0.1999999999999998,0.0,0.19999999999999982,4.85722573273506e-17,0.2,0.0,3.224648560536141e-16,2.248420125815063e-16,0.2,4.2398763395046745e-17,0.0,0.2
2017-03-20,0.1999999999999998,0.0,0.19999999999999982,4.85722573273506e-17,0.2,0.0,3.224648560536141e-16,2.248420125815063e-16,0.2,4.2398763395046745e-17,0.0,0.2
2017-03-21,0.1999999999999998,0.0,0.19999999999999982,4.85722573273506e-17,0.2,0.0,3.224648560536141e-16,2.248420125815063e-16,0.2,4.2398763395046745e-17,0.0,0.2
2017-03-22,0.1999999999999998,0.0,0.19999999999999982,4.85722573273506e-17,0.2,0.0,3.224648560536141e-16,2.248420125815063e-16,0.2,4.2398763395046745e-17,0.0,0.2
2017-03-23,0.1999999999999998,0.0,0.19999999999999982,4.85722573273506e-17,0.2,0.0,3.224648560536141e-16,2.248420125815063e-16,0.2,4.2398763395046745e-17,0.0,0.2
2017-03-24,0.1999999999999998,0.0,0.19999999999999982,4.85722573273506e-17,0.2,0.0,3.224648560536141e-16,2.248420125815063e-16,0.2,4.2398763395046745e-17,0.0,0.2
2017-03-27,0.1999999999999998,0.0,0.19999999999999982,4.85722573273506e-17,0.2,0.0,3.224648560536141e-16,2.248420125815063e-16,0.2,4.2398763395046745e-17,0.0,0.2
2017-03-28,0.1999999999999998,0.0,0.19999999999999982,4.85722573273506e-17,0.2,0.0,3.224648560536141e-16,2.248420125815063e-16,0.2,4.2398763395046745e-17,0.0,0.2
2017-03-29,0.2,3.2159470382461385e-17,0.1999999999999999,0.08293205212286897,0.19999999999999993,0.0,0.0,0.0,0.2,6.945960574881745e-17,3.5400920772677436e-17,0.11706794787713116
2017-03-30,0.2,3.2159470382461385e-17,0.1999999999999999,0.08293205212286897,0.19999999999999993,0.0,0.0,0.0,0.2,6.945960574881745e-17,3.5400920772677436e-17,0.11706794787713116
2017-03-31,0.2,3.2159470382461385e-17,0.1999999999999999,0.08293205212286897,0.19999999999999993,0.0,0.0,0.0,0.2,6.945960574881745e-17,3.5400920772677436e-17,0.11706794787713116
2017-04-03,0.2,3.2159470382461385e-17,0.1999999999999999,0.08293205212286897,0.19999999999999993,0.0,0.0,0.0,0.2,6.945960574881745e-17,3.5400920772677436e-17,0.11706794787713116
2017-04-04,0.2,3.2159470382461385e-17,0.1999999999999999,0.08293205212286897,0.19999999999999993,0.0,0.0,0.0,0.2,6.945960574881745e-17,3.5400920772677436e-17,0.11706794787713116
2017-04-05,0.19999999999999982,2.1651936396667853e-16,0.2,0.19999999999999982,0.1999999999999999,5.2768272961249025e-17,0.0,2.2404599105747304e-17,0.2,5.889219030162435e-17,0.0,0.0
2017-04-06,0.19999999999999982,2.1651936396667853e-16,0.2,0.19999999999999982,0.1999999999999999,5.2768272961249025e-17,0.0,2.2404599105747304e-17,0.2,5.889219030162435e-17,0.0,0.0
2017-04-07,0.19999999999999982,2.1651936396667853e-16,0.2,0.19999999999999982,0.1999999999999999,5.2768272961249025e-17,0.0,2.2404599105747304e-17,0.2,5.889219030162435e-17,0.0,0.0
2017-04-10,0.19999999999999982,2.1651936396667853e-16,0.2,0.19999999999999982,0.1999999999999999,5.2768272961249025e-17,0.0,2.2404599105747304e-17,0.2,5.889219030162435e-17,0.0,0.0
2017-04-11,0.19999999999999982,2.1651936396667853e-16,0.2,0.19999999999999982,0.1999999999999999,5.2768272961249025e-17,0.0,2.2404599105747304e-17,0.2,5.889219030162435e-17,0.0,0.0
2017-04-12,0.2,0.0,0.19999999999999993,0.12370898340783715,0.1999999999999999,7.893129645590257e-17,0.0,0.0,0.19999999999999996,1.3798292569175242e-16,9.100470780465395e-17,0.07629101659216282
2017-04-13,0.2,0.0,0.19999999999999993,0.12370898340783715,0.1999999999999999,7.893129645590257e-17,0.0,0.0,0.19999999999999996,1.3798292569175242e-16,9.100470780465395e-17,0.07629101659216282
2017-04-17,0.2,0.0,0.19999999999999993,0.12370898340783715,0.1999999999999999,7.893129645590257e-17,0.0,0.0,0.19999999999999996,1.3798292569175242e-16,9.100470780465395e-17,0.07629101659216282
2017-04-18,0.2,0.0,0.19999999999999993,0.12370898340783715,0.1999999999999999,7.893129645590257e-17,0.0,0.0,0.19999999999999996,1.3798292569175242e-16,9.100470780465395e-17,0.07629101659216282
2017-04-19,0.2,0.0,0.19999999999999993,0.12370898340783715,0.1999999999999999,7.893129645590257e-17,0.0,0.0,0.19999999999999996,1.3798292569175242e-16,9.100470780465395e-17,0.07629101659216282
2017-04-20,0.2,0.0,0.2,0.0,0.2,0.0,0.0,0.0,0.2,0.0,0.0,0.2
2017-04-21,0.2,0.0,0.2,0.0,0.2,0.0,0.0,0.0,0.2,0.0,0.0,0.2
2017-04-24,0.2,0.0,0.2,0.0,0.2,0.0,0.0,0.0,0.2,0.0,0.0,0.2
2017-04-25,0.2,0.0,0.2,0.0,0.2,0.0,0.0,0.0,0.2,0.0,0.0,0.2
2017-04-26,0.2,0.0,0.2,0.0,0.2,0.0,0.0,0.0,0.2,0.0,0.0,0.2
2017-04-27,0.2,0.0,0.2,0.0,0.2,0.0,0.0,0.0,0.2,0.0,0.0,0.2
2017-04-28,0.2,0.0,0.2,0.0,0.2,0.0,0.0,0.0,0.2,0.0,0.0,0.2
2017-05-01,0.2,0.0,0.2,0.0,0.2,0.0,0.0,0.0,0.2,0.0,0.0,0.2
2017-05-02,0.2,0.0,0.2,0.0,0.2,0.0,0.0,0.0,0.2,0.0,0.0,0.2
2017-05-03,0.2,0.0,0.2,0.0,0.2,0.0,0.0,0.0,0.2,0.0,0.0,0.2
2017-05-04,0.2,0.0,0.2,0.0,0.19999999999999993,0.0859640771369739,1.0067837934641888e-17,0.0,0.11403592286302587,8.271204271562995e-17,3.6729425740020684e-17,0.19999999999999998
2017-05-05,0.2,0.0,0.2,0.0,0.19999999999999993,0.0859640771369739,1.0067837934641888e-17,0.0,0.11403592286302587,8.271204271562995e-17,3.6729425740020684e-17,0.19999999999999998
2017-05-08,0.2,0.0,0.2,0.0,0.19999999999999993,0.0859640771369739,1.0067837934641888e-17,0.0,0.11403592286302587,8.271204271562995e-17,3.6729425740020684e-17,0.19999999999999998
2017-05-09,0.2,0.0,0.2,0.0,0.19999999999999993,0.0859640771369739,1.0067837934641888e-17,0.0,0.11403592286302587,8.271204271562995e-17,3.6729425740020684e-17,0.19999999999999998
2017-05-10,0.2,0.0,0.2,0.0,0.19999999999999993,0.0859640771369739,1.0067837934641888e-17,0.0,0.11403592286302587,8.271204271562995e-17,3.6729425740020684e-17,0.19999999999999998
2017-05-11,0.2,0.0,0.2,0.0,0.2,0.0,0.0,0.0,0.2,0.0,0.0,0.2
2017-05-12,0.2,0.0,0.2,0.0,0.2,0.0,0.0,0.0,0.2,0.0,0.0,0.2
2017-05-15,0.2,0.0,0.2,0.0,0.2,0.0,0.0,0.0,0.2,0.0,0.0,0.2
2017-05-16,0.2,0.0,0.2,0.0,0.2,0.0,0.0,0.0,0.2,0.0,0.0,0.2
2017-05-17,0.2,0.0,0.2,0.0,0.2,0.0,0.0,0.0,0.2,0.0,0.0,0.2
2017-05-18,0.2,0.0,0.2,0.0,0.2,0.08983444201098897,0.0,0.0,0.11016555798901119,0.0,0.0,0.2
2017-05-19,0.2,0.0,0.2,0.0,0.2,0.08983444201098897,0.0,0.0,0.11016555798901119,0.0,0.0,0.2
2017-05-22,0.2,0.0,0.2,0.0,0.2,0.08983444201098897,0.0,0.0,0.11016555798901119,0.0,0.0,0.2
2017-05-23,0.2,0.0,0.2,0.0,0.2,0.08983444201098897,0.0,0.0,0.11016555798901119,0.0,0.0,0.2
2017-05-24,0.2,0.0,0.2,0.0,0.2,0.08983444201098897,0.0,0.0,0.11016555798901119,0.0,0.0,0.2
2017-05-25,0.2,0.0,0.2,0.0,0.2,0.2,0.0,0.0,1.6132928326584306e-16,0.0,0.0,0.2
2017-05-26,0.2,0.0,0.2,0.0,0.2,0.2,0.0,0.0,1.6132928326584306e-16,0.0,0.0,0.2
2017-05-30,0.2,0.0,0.2,0.0,0.2,0.2,0.0,0.0,1.6132928326584306e-16,0.0,0.0,0.2
2017-05-31,0.2,0.0,0.2,0.0,0.2,0.2,0.0,0.0,1.6132928326584306e-16,0.0,0.0,0.2
2017-06-01,0.2,0.0,0.2,0.0,0.2,0.2,0.0,0.0,1.6132928326584306e-16,0.0,0.0,0.2
2017-06-02,0.2,0.0,0.2,0.0,0.2,0.2,0.0,0.0,1.6132928326584306e-16,0.0,0.0,0.2
2017-06-05,0.2,0.0,0.2,0.0,0.2,0.2,0.0,0.0,1.6132928326584306e-16,0.0,0.0,0.2
2017-06-06,0.2,0.0,0.2,0.0,0.2,0.2,0.0,0.0,1.6132928326584306e-16,0.0,0.0,0.2
2017-06-07,0.2,0.0,0.2,0.0,0.2,0.2,0.0,0.0,1.6132928326584306e-16,0.0,0.0,0.2
2017-06-08,0.2,0.0,0.2,0.0,0.2,0.2,0.0,0.0,1.6132928326584306e-16,0.0,0.0,0.2
2017-06-09,0.2,0.0,0.2,0.0,0.2,0.2,0.0,0.0,1.6132928326584306e-16,0.0,0.0,0.2
2017-06-12,0.2,0.0,0.2,0.0,0.2,0.2,0.0,0.0,1.6132928326584306e-16,0.0,0.0,0.2
2017-06-13,0.2,0.0,0.2,0.0,0.2,0.2,0.0,0.0,1.6132928326584306e-16,0.0,0.0,0.2
2017-06-14,0.2,0.0,0.2,0.0,0.2,0.2,0.0,0.0,1.6132928326584306e-16,0.0,0.0,0.2
2017-06-15,0.2,0.0,0.2,0.0,0.2,0.2,0.0,0.0,1.6132928326584306e-16,0.0,0.0,0.2
2017-06-16,0.19999999999999998,1.1747604134607173e-16,0.19999999999999993,8.50164848741772e-17,0.19999999999999976,0.0980310983315108,0.0,8.732251193473003e-17,0.10196890166848924,5.2334419063429276e-17,6.335172536586852e-17,0.19999999999999996
2017-06-19,0.19999999999999998,1.1747604134607173e-16,0.19999999999999993,8.50164848741772e-17,0.19999999999999976,0.0980310983315108,0.0,8.732251193473003e-17,0.10196890166848924,5.2334419063429276e-17,6.335172536586852e-17,0.19999999999999996
2017-06-20,0.19999999999999998,1.1747604134607173e-16,0.19999999999999993,8.50164848741772e-17,0.19999999999999976,0.0980310983315108,0.0,8.732251193473003e-17,0.10196890166848924,5.2334419063429276e-17,6.335172536586852e-17,0.19999999999999996
2017-06-21,0.19999999999999998,1.1747604134607173e-16,0.19999999999999993,8.50164848741772e-17,0.19999999999999976,0.0980310983315108,0.0,8.732251193473003e-17,0.10196890166848924,5.2334419063429276e-17,6.335172536586852e-17,0.19999999999999996
2017-06-22,0.19999999999999998,1.1747604134607173e-16,0.19999999999999993,8.50164848741772e-17,0.19999999999999976,0.0980310983315108,0.0,8.732251193473003e-17,0.10196890166848924,5.2334419063429276e-17,6.335172536586852e-17,0.19999999999999996
2017-06-23,0.19999999999999993,0.0601238429331001,0.19999999999999993,8.768353997245096e-17,0.2,0.08656277845426284,8.848177697994716e-17,3.8386163338293315e-17,0.053313378612636964,6.662960534422315e-17,6.259605118241835e-17,0.19999999999999998
2017-06-26,0.19999999999999993,0.0601238429331001,0.19999999999999993,8.768353997245096e-17,0.2,0.08656277845426284,8.848177697994716e-17,3.8386163338293315e-17,0.053313378612636964,6.662960534422315e-17,6.259605118241835e-17,0.19999999999999998
2017-06-27,0.19999999999999993,0.0601238429331001,0.19999999999999993,8.768353997245096e-17,0.2,0.08656277845426284,8.848177697994716e-17,3.8386163338293315e-17,0.053313378612636964,6.662960534422315e-17,6.259605118241835e-17,0.19999999999999998
2017-06-28,0.19999999999999993,0.0601238429331001,0.19999999999999993,8.768353997245096e-17,0.2,0.08656277845426284,8.848177697994716e-17,3.8386163338293315e-17,0.053313378612636964,6.662960534422315e-17,6.259605118241835e-17,0.19999999999999998
2017-06-29,0.19999999999999993,0.0601238429331001,0.19999999999999993,8.768353997245096e-17,0.2,0.08656277845426284,8.848177697994716e-17,3.8386163338293315e-17,0.053313378612636964,6.662960534422315e-17,6.259605118241835e-17,0.19999999999999998
2017-06-30,0.2,0.0,0.19999999999999996,0.0,0.2,1.5612511283791264e-17,2.5017106327943193e-17,4.1873077616958185e-17,0.2,0.0,0.0,0.2
2017-07-03,0.2,0.0,0.19999999999999996,0.0,0.2,1.5612511283791264e-17,2.5017106327943193e-17,4.1873077616958185e-17,0.2,0.0,0.0,0.2
2017-07-05,0.2,0.0,0.19999999999999996,0.0,0.2,1.5612511283791264e-17,2.5017106327943193e-17,4.1873077616958185e-17,0.2,0.0,0.0,0.2
2017-07-06,0.2,0.0,0.19999999999999996,0.0,0.2,1.5612511283791264e-17,2.5017106327943193e-17,4.1873077616958185e-17,0.2,0.0,0.0,0.2
2017-07-07,0.2,0.0,0.19999999999999996,0.0,0.2,1.5612511283791264e-17,2.5017106327943193e-17,4.1873077616958185e-17,0.2,0.0,0.0,0.2
2017-07-10,0.2,0.0,0.19999999999999996,0.0,0.2,1.5612511283791264e-17,2.5017106327943193e-17,4.1873077616958185e-17,0.2,0.0,0.0,0.2
2017-07-11,0.2,0.0,0.19999999999999996,0.0,0.2,1.5612511283791264e-17,2.5017106327943193e-17,4.1873077616958185e-17,0.2,0.0,0.0,0.2
2017-07-12,0.2,0.0,0.19999999999999996,0.0,0.2,1.5612511283791264e-17,2.5017106327943193e-17,4.1873077616958185e-17,0.2,0.0,0.0,0.2
2017-07-13,0.2,0.0,0.19999999999999996,0.0,0.2,1.5612511283791264e-17,2.5017106327943193e-17,4.1873077616958185e-17,0.2,0.0,0.0,0.2
2017-07-14,0.2,0.0,0.19999999999999996,0.0,0.2,1.5612511283791264e-17,2.5017106327943193e-17,4.1873077616958185e-17,0.2,0.0,0.0,0.2
2017-07-17,0.2,0.0,0.19999999999999996,0.0,0.2,1.5612511283791264e-17,2.5017106327943193e-17,4.1873077616958185e-17,0.2,0.0,0.0,0.2
2017-07-18,0.2,0.0,0.19999999999999996,0.0,0.2,1.5612511283791264e-17,2.5017106327943193e-17,4.1873077616958185e-17,0.2,0.0,0.0,0.2
2017-07-19,0.2,0.0,0.19999999999999996,0.0,0.2,1.5612511283791264e-17,2.5017106327943193e-17,4.1873077616958185e-17,0.2,0.0,0.0,0.2
2017-07-20,0.2,0.0,0.19999999999999996,0.0,0.2,1.5612511283791264e-17,2.5017106327943193e-17,4.1873077616958185e-17,0.2,0.0,0.0,0.2
2017-07-21,0.2,0.0,0.19999999999999996,0.0,0.2,1.5612511283791264e-17,2.5017106327943193e-17,4.1873077616958185e-17,0.2,0.0,0.0,0.2
2017-07-24,0.2,0.0,0.19999999999999996,0.0,0.2,1.5612511283791264e-17,2.5017106327943193e-17,4.1873077616958185e-17,0.2,0.0,0.0,0.2
2017-07-25,0.2,0.0,0.19999999999999996,0.0,0.2,1.5612511283791264e-17,2.5017106327943193e-17,4.1873077616958185e-17,0.2,0.0,0.0,0.2
2017-07-26,0.2,0.0,0.19999999999999996,0.0,0.2,1.5612511283791264e-17,2.5017106327943193e-17,4.1873077616958185e-17,0.2,0.0,0.0,0.2
2017-07-27,0.2,0.0,0.19999999999999996,0.0,0.2,1.5612511283791264e-17,2.5017106327943193e-17,4.1873077616958185e-17,0.2,0.0,0.0,0.2
2017-07-28,0.2,0.0,0.19999999999999996,0.0,0.2,1.5612511283791264e-17,2.5017106327943193e-17,4.1873077616958185e-17,0.2,0.0,0.0,0.2
2017-07-31,0.2,0.0,0.19999999999999996,0.0,0.2,1.5612511283791264e-17,2.5017106327943193e-17,4.1873077616958185e-17,0.2,0.0,0.0,0.2
2017-08-01,0.2,0.0,0.19999999999999996,0.0,0.2,1.5612511283791264e-17,2.5017106327943193e-17,4.1873077616958185e-17,0.2,0.0,0.0,0.2
2017-08-02,0.2,0.0,0.19999999999999996,0.0,0.2,1.5612511283791264e-17,2.5017106327943193e-17,4.1873077616958185e-17,0.2,0.0,0.0,0.2
2017-08-03,0.2,0.0,0.19999999999999996,0.0,0.2,1.5612511283791264e-17,2.5017106327943193e-17,4.1873077616958185e-17,0.2,0.0,0.0,0.2
2017-08-04,0.2,0.0,0.19999999999999996,0.0,0.2,1.5612511283791264e-17,2.5017106327943193e-17,4.1873077616958185e-17,0.2,0.0,0.0,0.2
2017-08-07,0.19999999999999998,1.3546422075704231e-17,0.2,3.737969674538888e-17,0.1999999999999999,0.09874127214931475,3.999001406984655e-17,0.0,0.10125872785068549,1.7932445704443895e-17,2.33839901839141e-17,0.19999999999999996
2017-08-08,0.19999999999999998,1.3546422075704231e-17,0.2,3.737969674538888e-17,0.1999999999999999,0.09874127214931475,3.999001406984655e-17,0.0,0.10125872785068549,1.7932445704443895e-17,2.33839901839141e-17,0.19999999999999996
2017-08-09,0.19999999999999998,1.3546422075704231e-17,0.2,3.737969674538888e-17,0.1999999999999999,0.09874127214931475,3.999001406984655e-17,0.0,0.10125872785068549,1.7932445704443895e-17,2.33839901839141e-17,0.19999999999999996
2017-08-10,0.19999999999999998,1.3546422075704231e-17,0.2,3.737969674538888e-17,0.1999999999999999,0.09874127214931475,3.999001406984655e-17,0.0,0.10125872785068549,1.7932445704443895e-17,2.33839901839141e-17,0.19999999999999996
2017-08-11,0.19999999999999998,1.3546422075704231e-17,0.2,3.737969674538888e-17,0.1999999999999999,0.09874127214931475,3.999001406984655e-17,0.0,0.10125872785068549,1.7932445704443895e-17,2.33839901839141e-17,0.19999999999999996
2017-08-14,0.19999999999999984,7.846615847180531e-17,0.1999999999999998,1.1849716266472406e-16,0.19999999999999998,0.0633288774848336,1.0982637284251816e-16,0.04519481706076674,0.09147630545439947,8.411130452569843e-17,9.949497075698631e-17,0.2
2017-08-15,0.19999999999999984,7.846615847180531e-17,0.1999999999999998,1.1849716266472406e-16,0.19999999999999998,0.0633288774848336,1.0982637284251816e-16,0.04519481706076674,0.09147630545439947,8.411130452569843e-17,9.949497075698631e-17,0.2
2017-08-16,0.19999999999999984,7.846615847180531e-17,0.1999999999999998,1.1849716266472406e-16,0.19999999999999998,0.0633288774848336,1.0982637284251816e-16,0.04519481706076674,0.09147630545439947,8.411130452569843e-17,9.949497075698631e-17,0.2
2017-08-17,0.19999999999999984,7.846615847180531e-17,0.1999999999999998,1.1849716266472406e-16,0.19999999999999998,0.0633288774848336,1.0982637284251816e-16,0.04519481706076674,0.09147630545439947,8.411130452569843e-17,9.949497075698631e-17,0.2
2017-08-18,0.19999999999999984,7.846615847180531e-17,0.1999999999999998,1.1849716266472406e-16,0.19999999999999998,0.0633288774848336,1.0982637284251816e-16,0.04519481706076674,0.09147630545439947,8.411130452569843e-17,9.949497075698631e-17,0.2
2017-08-21,0.2,0.0,0.2,0.0,0.2,0.0,0.0,0.06895072004694551,0.13104927995305443,0.0,0.0,0.2
2017-08-22,0.2,0.0,0.2,0.0,0.2,0.0,0.0,0.06895072004694551,0.13104927995305443,0.0,0.0,0.2
2017-08-23,0.2,0.0,0.2,0.0,0.2,0.0,0.0,0.06895072004694551,0.13104927995305443,0.0,0.0,0.2
2017-08-24,0.2,0.0,0.2,0.0,0.2,0.0,0.0,0.06895072004694551,0.13104927995305443,0.0,0.0,0.2
2017-08-25,0.2,0.0,0.2,0.0,0.2,0.0,0.0,0.06895072004694551,0.13104927995305443,0.0,0.0,0.2
2017-08-28,0.1999999999999997,1.9800061831321866e-17,0.19999999999999987,0.0,0.19999999999999993,4.5102810375396984e-17,2.9210681114467534e-16,0.12565384316831585,0.12643868580553855,4.3462176607921105e-17,1.1704489152081307e-16,0.14790747102614568
2017-08-29,0.1999999999999997,1.9800061831321866e-17,0.19999999999999987,0.0,0.19999999999999993,4.5102810375396984e-17,2.9210681114467534e-16,0.12565384316831585,0.12643868580553855,4.3462176607921105e-17,1.1704489152081307e-16,0.14790747102614568
2017-08-30,0.1999999999999997,1.9800061831321866e-17,0.19999999999999987,0.0,0.19999999999999993,4.5102810375396984e-17,2.9210681114467534e-16,0.12565384316831585,0.12643868580553855,4.3462176607921105e-17,1.1704489152081307e-16,0.14790747102614568
2017-08-31,0.1999999999999997,1.9800061831321866e-17,0.19999999999999987,0.0,0.19999999999999993,4.5102810375396984e-17,2.9210681114467534e-16,0.12565384316831585,0.12643868580553855,4.3462176607921105e-17,1.1704489152081307e-16,0.14790747102614568
2017-09-01,0.1999999999999997,1.9800061831321866e-17,0.19999999999999987,0.0,0.19999999999999993,4.5102810375396984e-17,2.9210681114467534e-16,0.12565384316831585,0.12643868580553855,4.3462176607921105e-17,1.1704489152081307e-16,0.14790747102614568
2017-09-05,0.1999999999999997,1.9800061831321866e-17,0.19999999999999987,0.0,0.19999999999999993,4.5102810375396984e-17,2.9210681114467534e-16,0.12565384316831585,0.12643868580553855,4.3462176607921105e-17,1.1704489152081307e-16,0.14790747102614568
2017-09-06,0.1999999999999997,1.9800061831321866e-17,0.19999999999999987,0.0,0.19999999999999993,4.5102810375396984e-17,2.9210681114467534e-16,0.12565384316831585,0.12643868580553855,4.3462176607921105e-17,1.1704489152081307e-16,0.14790747102614568
2017-09-07,0.1999999999999997,1.9800061831321866e-17,0.19999999999999987,0.0,0.19999999999999993,4.5102810375396984e-17,2.9210681114467534e-16,0.12565384316831585,0.12643868580553855,4.3462176607921105e-17,1.1704489152081307e-16,0.14790747102614568
2017-09-08,0.1999999999999997,1.9800061831321866e-17,0.19999999999999987,0.0,0.19999999999999993,4.5102810375396984e-17,2.9210681114467534e-16,0.12565384316831585,0.12643868580553855,4.3462176607921105e-17,1.1704489152081307e-16,0.14790747102614568
2017-09-11,0.1999999999999997,1.9800061831321866e-17,0.19999999999999987,0.0,0.19999999999999993,4.5102810375396984e-17,2.9210681114467534e-16,0.12565384316831585,0.12643868580553855,4.3462176607921105e-17,1.1704489152081307e-16,0.14790747102614568
2017-09-12,0.2,0.1230677276163781,0.2,7.862308176102096e-17,0.2,0.0,0.0,0.0,0.14052254919243698,3.428257231157569e-17,0.0,0.13640972319118463
2017-09-13,0.2,0.1230677276163781,0.2,7.862308176102096e-17,0.2,0.0,0.0,0.0,0.14052254919243698,3.428257231157569e-17,0.0,0.13640972319118463
2017-09-14,0.2,0.1230677276163781,0.2,7.862308176102096e-17,0.2,0.0,0.0,0.0,0.14052254919243698,3.428257231157569e-17,0.0,0.13640972319118463
2017-09-15,0.2,0.1230677276163781,0.2,7.862308176102096e-17,0.2,0.0,0.0,0.0,0.14052254919243698,3.428257231157569e-17,0.0,0.13640972319118463
2017-09-18,0.2,0.1230677276163781,0.2,7.862308176102096e-17,0.2,0.0,0.0,0.0,0.14052254919243698,3.428257231157569e-17,0.0,0.13640972319118463
2017-09-19,0.2,0.0,0.19999999999999998,0.0,0.2,0.0,7.679819919182619e-17,0.0,0.2,0.0,0.0,0.2
2017-09-20,0.2,0.0,0.19999999999999998,0.0,0.2,0.0,7.679819919182619e-17,0.0,0.2,0.0,0.0,0.2
2017-09-21,0.2,0.0,0.19999999999999998,0.0,0.2,0.0,7.679819919182619e-17,0.0,0.2,0.0,0.0,0.2
2017-09-22,0.2,0.0,0.19999999999999998,0.0,0.2,0.0,7.679819919182619e-17,0.0,0.2,0.0,0.0,0.2
2017-09-25,0.2,0.0,0.19999999999999998,0.0,0.2,0.0,7.679819919182619e-17,0.0,0.2,0.0,0.0,0.2
2017-09-26,0.2,0.0,0.19999999999999998,0.0,0.2,0.0,7.679819919182619e-17,0.0,0.2,0.0,0.0,0.2
2017-09-27,0.2,0.0,0.19999999999999998,0.0,0.2,0.0,7.679819919182619e-17,0.0,0.2,0.0,0.0,0.2
2017-09-28,0.2,0.0,0.19999999999999998,0.0,0.2,0.0,7.679819919182619e-17,0.0,0.2,0.0,0.0,0.2
2017-09-29,0.2,0.0,0.19999999999999998,0.0,0.2,0.0,7.679819919182619e-17,0.0,0.2,0.0,0.0,0.2
2017-10-02,0.2,0.0,0.19999999999999998,0.0,0.2,0.0,7.679819919182619e-17,0.0,0.2,0.0,0.0,0.2
2017-10-03,0.2,0.0,0.19999999999999998,0.0,0.2,0.0,7.679819919182619e-17,0.0,0.2,0.0,0.0,0.2
2017-10-04,0.2,0.0,0.19999999999999998,0.0,0.2,0.0,7.679819919182619e-17,0.0,0.2,0.0,0.0,0.2
2017-10-05,0.2,0.0,0.19999999999999998,0.0,0.2,0.0,7.679819919182619e-17,0.0,0.2,0.0,0.0,0.2
2017-10-06,0.2,0.0,0.19999999999999998,0.0,0.2,0.0,7.679819919182619e-17,0.0,0.2,0.0,0.0,0.2
2017-10-09,0.2,0.0,0.19999999999999998,0.0,0.2,0.0,7.679819919182619e-17,0.0,0.2,0.0,0.0,0.2
2017-10-10,0.2,0.0,0.19999999999999998,0.0,0.2,0.0,7.679819919182619e-17,0.0,0.2,0.0,0.0,0.2
2017-10-11,0.2,0.0,0.19999999999999998,0.0,0.2,0.0,7.679819919182619e-17,0.0,0.2,0.0,0.0,0.2
2017-10-12,0.2,0.0,0.19999999999999998,0.0,0.2,0.0,7.679819919182619e-17,0.0,0.2,0.0,0.0,0.2
2017-10-13,0.2,0.0,0.19999999999999998,0.0,0.2,0.0,7.679819919182619e-17,0.0,0.2,0.0,0.0,0.2
2017-10-16,0.2,0.0,0.19999999999999998,0.0,0.2,0.0,7.679819919182619e-17,0.0,0.2,0.0,0.0,0.2
2017-10-17,0.2,0.0,0.19999999999999998,0.0,0.2,0.0,7.679819919182619e-17,0.0,0.2,0.0,0.0,0.2
2017-10-18,0.2,0.0,0.19999999999999998,0.0,0.2,0.0,7.679819919182619e-17,0.0,0.2,0.0,0.0,0.2
2017-10-19,0.2,0.0,0.19999999999999998,0.0,0.2,0.0,7.679819919182619e-17,0.0,0.2,0.0,0.0,0.2
2017-10-20,0.2,0.0,0.19999999999999998,0.0,0.2,0.0,7.679819919182619e-17,0.0,0.2,0.0,0.0,0.2
2017-10-23,0.2,0.0,0.19999999999999998,0.0,0.2,0.0,7.679819919182619e-17,0.0,0.2,0.0,0.0,0.2
2017-10-24,0.2,0.09524671268432564,0.1999999999999999,0.0,0.2,0.0,5.25586982656458e-17,0.0,0.19999999999999998,0.0,0.0,0.10475328731567449
2017-10-25,0.2,0.09524671268432564,0.1999999999999999,0.0,0.2,0.0,5.25586982656458e-17,0.0,0.19999999999999998,0.0,0.0,0.10475328731567449
2017-10-26,0.2,0.09524671268432564,0.1999999999999999,0.0,0.2,0.0,5.25586982656458e-17,0.0,0.19999999999999998,0.0,0.0,0.10475328731567449
2017-10-27,0.2,0.09524671268432564,0.1999999999999999,0.0,0.2,0.0,5.25586982656458e-17,0.0,0.19999999999999998,0.0,0.0,0.10475328731567449
2017-10-30,0.2,0.09524671268432564,0.1999999999999999,0.0,0.2,0.0,5.25586982656458e-17,0.0,0.19999999999999998,0.0,0.0,0.10475328731567449
2017-10-31,0.2,0.09524671268432564,0.1999999999999999,0.0,0.2,0.0,5.25586982656458e-17,0.0,0.19999999999999998,0.0,0.0,0.10475328731567449
2017-11-01,0.2,0.09524671268432564,0.1999999999999999,0.0,0.2,0.0,5.25586982656458e-17,0.0,0.19999999999999998,0.0,0.0,0.10475328731567449
2017-11-02,0.2,0.09524671268432564,0.1999999999999999,0.0,0.2,0.0,5.25586982656458e-17,0.0,0.19999999999999998,0.0,0.0,0.10475328731567449
2017-11-03,0.2,0.09524671268432564,0.1999999999999999,0.0,0.2,0.0,5.25586982656458e-17,0.0,0.19999999999999998,0.0,0.0,0.10475328731567449
2017-11-06,0.2,0.09524671268432564,0.1999999999999999,0.0,0.2,0.0,5.25586982656458e-17,0.0,0.19999999999999998,0.0,0.0,0.10475328731567449
2017-11-07,0.2,0.09524671268432564,0.1999999999999999,0.0,0.2,0.0,5.25586982656458e-17,0.0,0.19999999999999998,0.0,0.0,0.10475328731567449
2017-11-08,0.2,0.09524671268432564,0.1999999999999999,0.0,0.2,0.0,5.25586982656458e-17,0.0,0.19999999999999998,0.0,0.0,0.10475328731567449
2017-11-09,0.2,0.09524671268432564,0.1999999999999999,0.0,0.2,0.0,5.25586982656458e-17,0.0,0.19999999999999998,0.0,0.0,0.10475328731567449
2017-11-10,0.2,0.09524671268432564,0.1999999999999999,0.0,0.2,0.0,5.25586982656458e-17,0.0,0.19999999999999998,0.0,0.0,0.10475328731567449
2017-11-13,0.2,0.09524671268432564,0.1999999999999999,0.0,0.2,0.0,5.25586982656458e-17,0.0,0.19999999999999998,0.0,0.0,0.10475328731567449
2017-11-14,0.2,0.0,0.2,0.0,1.8214596497756474e-16,8.35669052306638e-17,0.0,0.2,0.19999999999999993,0.0,0.0,0.1999999999999999
2017-11-15,0.2,0.0,0.2,0.0,1.8214596497756474e-16,8.35669052306638e-17,0.0,0.2,0.19999999999999993,0.0,0.0,0.1999999999999999
2017-11-16,0.2,0.0,0.2,0.0,1.8214596497756474e-16,8.35669052306638e-17,0.0,0.2,0.19999999999999993,0.0,0.0,0.1999999999999999
2017-11-17,0.2,0.0,0.2,0.0,1.8214596497756474e-16,8.35669052306638e-17,0.0,0.2,0.19999999999999993,0.0,0.0,0.1999999999999999
2017-11-20,0.2,0.0,0.2,0.0,1.8214596497756474e-16,8.35669052306638e-17,0.0,0.2,0.19999999999999993,0.0,0.0,0.1999999999999999
2017-11-21,0.2,0.0,0.2,0.0,1.8214596497756474e-16,8.35669052306638e-17,0.0,0.2,0.19999999999999993,0.0,0.0,0.1999999999999999
2017-11-22,0.2,0.0,0.2,0.0,1.8214596497756474e-16,8.35669052306638e-17,0.0,0.2,0.19999999999999993,0.0,0.0,0.1999999999999999
2017-11-24,0.2,0.0,0.2,0.0,1.8214596497756474e-16,8.35669052306638e-17,0.0,0.2,0.19999999999999993,0.0,0.0,0.1999999999999999
2017-11-27,0.2,0.0,0.2,0.0,1.8214596497756474e-16,8.35669052306638e-17,0.0,0.2,0.19999999999999993,0.0,0.0,0.1999999999999999
2017-11-28,0.2,0.0,0.2,0.0,1.8214596497756474e-16,8.35669052306638e-17,0.0,0.2,0.19999999999999993,0.0,0.0,0.1999999999999999
2017-11-29,0.2,0.14131277784480167,0.15573057392895828,4.1936938270823607e-19,0.0,0.0,0.0,0.2,0.16452550609654396,1.0412739207770085e-17,1.0320112986567829e-16,0.1384311421296958
2017-11-30,0.2,0.14131277784480167,0.15573057392895828,4.1936938270823607e-19,0.0,0.0,0.0,0.2,0.16452550609654396,1.0412739207770085e-17,1.0320112986567829e-16,0.1384311421296958
2017-12-01,0.2,0.14131277784480167,0.15573057392895828,4.1936938270823607e-19,0.0,0.0,0.0,0.2,0.16452550609654396,1.0412739207770085e-17,1.0320112986567829e-16,0.1384311421296958
2017-12-04,0.2,0.14131277784480167,0.15573057392895828,4.1936938270823607e-19,0.0,0.0,0.0,0.2,0.16452550609654396,1.0412739207770085e-17,1.0320112986567829e-16,0.1384311421296958
2017-12-05,0.2,0.14131277784480167,0.15573057392895828,4.1936938270823607e-19,0.0,0.0,0.0,0.2,0.16452550609654396,1.0412739207770085e-17,1.0320112986567829e-16,0.1384311421296958
2017-12-06,0.2,0.11872451413457456,0.19999999999999984,9.970650921057753e-17,3.469446951953614e-18,0.08192678202881269,2.827399589738606e-17,0.19999999999999996,0.10116339484004319,0.0,4.76202414859429e-18,0.09818530899656931
2017-12-07,0.2,0.11872451413457456,0.19999999999999984,9.970650921057753e-17,3.469446951953614e-18,0.08192678202881269,2.827399589738606e-17,0.19999999999999996,0.10116339484004319,0.0,4.76202414859429e-18,0.09818530899656931
2017-12-08,0.2,0.11872451413457456,0.19999999999999984,9.970650921057753e-17,3.469446951953614e-18,0.08192678202881269,2.827399589738606e-17,0.19999999999999996,0.10116339484004319,0.0,4.76202414859429e-18,0.09818530899656931
2017-12-11,0.2,0.11872451413457456,0.19999999999999984,9.970650921057753e-17,3.469446951953614e-18,0.08192678202881269,2.827399589738606e-17,0.19999999999999996,0.10116339484004319,0.0,4.76202414859429e-18,0.09818530899656931
2017-12-12,0.2,0.11872451413457456,0.19999999999999984,9.970650921057753e-17,3.469446951953614e-18,0.08192678202881269,2.827399589738606e-17,0.19999999999999996,0.10116339484004319,0.0,4.76202414859429e-18,0.09818530899656931
2017-12-13,0.19999999999999993,0.19999999999999998,0.2,1.4532212119598864e-16,0.073660228063941,0.0,1.1412973644712243e-16,0.19999999999999998,0.0,7.384139355057243e-17,1.2076073810484914e-16,0.1263397719360588
2017-12-14,0.19999999999999993,0.19999999999999998,0.2,1.4532212119598864e-16,0.073660228063941,0.0,1.1412973644712243e-16,0.19999999999999998,0.0,7.384139355057243e-17,1.2076073810484914e-16,0.1263397719360588
2017-12-15,0.19999999999999993,0.19999999999999998,0.2,1.4532212119598864e-16,0.073660228063941,0.0,1.1412973644712243e-16,0.19999999999999998,0.0,7.384139355057243e-17,1.2076073810484914e-16,0.1263397719360588
2017-12-18,0.19999999999999993,0.19999999999999998,0.2,1.4532212119598864e-16,0.073660228063941,0.0,1.1412973644712243e-16,0.19999999999999998,0.0,7.384139355057243e-17,1.2076073810484914e-16,0.1263397719360588
2017-12-19,0.19999999999999993,0.19999999999999998,0.2,1.4532212119598864e-16,0.073660228063941,0.0,1.1412973644712243e-16,0.19999999999999998,0.0,7.384139355057243e-17,1.2076073810484914e-16,0.1263397719360588
2017-12-20,0.2,0.2,0.2,9.646889028015019e-17,0.2,0.015065456560436211,0.0,6.095710133523521e-17,0.1169054346329857,0.0,3.5605613911948055e-18,0.06802910880657762
2017-12-21,0.2,0.2,0.2,9.646889028015019e-17,0.2,0.015065456560436211,0.0,6.095710133523521e-17,0.1169054346329857,0.0,3.5605613911948055e-18,0.06802910880657762
2017-12-22,0.2,0.2,0.2,9.646889028015019e-17,0.2,0.015065456560436211,0.0,6.095710133523521e-17,0.1169054346329857,0.0,3.5605613911948055e-18,0.06802910880657762
2017-12-26,0.2,0.2,0.2,9.646889028015019e-17,0.2,0.015065456560436211,0.0,6.095710133523521e-17,0.1169054346329857,0.0,3.5605613911948055e-18,0.06802910880657762
2017-12-27,0.2,0.2,0.2,9.646889028015019e-17,0.2,0.015065456560436211,0.0,6.095710133523521e-17,0.1169054346329857,0.0,3.5605613911948055e-18,0.06802910880657762
2017-12-28,0.2,0.09920644765280066,0.0979264845464591,6.916335402079666e-17,0.19999999999999993,0.19999999999999993,8.602740686626504e-18,1.0423693138750775e-17,0.19999999999999996,0.0,1.1682241644345505e-16,0.0028670678007401557
2017-12-29,0.2,0.09920644765280066,0.0979264845464591,6.916335402079666e-17,0.19999999999999993,0.19999999999999993,8.602740686626504e-18,1.0423693138750775e-17,0.19999999999999996,0.0,1.1682241644345505e-16,0.0028670678007401557
2018-01-02,0.2,0.09920644765280066,0.0979264845464591,6.916335402079666e-17,0.19999999999999993,0.19999999999999993,8.602740686626504e-18,1.0423693138750775e-17,0.19999999999999996,0.0,1.1682241644345505e-16,0.0028670678007401557
2018-01-03,0.2,0.09920644765280066,0.0979264845464591,6.916335402079666e-17,0.19999999999999993,0.19999999999999993,8.602740686626504e-18,1.0423693138750775e-17,0.19999999999999996,0.0,1.1682241644345505e-16,0.0028670678007401557
2018-01-04,0.2,0.09920644765280066,0.0979264845464591,6.916335402079666e-17,0.19999999999999993,0.19999999999999993,8.602740686626504e-18,1.0423693138750775e-17,0.19999999999999996,0.0,1.1682241644345505e-16,0.0028670678007401557
2018-01-05,0.19999999999999973,0.09284531293716616,0.05727654888613554,2.2148072509533795e-16,0.19999999999999976,0.19999999999999962,8.592164610046234e-17,1.5298754934037073e-16,0.1999999999999999,1.2493530422604035e-16,2.0539982843079372e-16,0.049878138176698394
2018-01-08,0.19999999999999973,0.09284531293716616,0.05727654888613554,2.2148072509533795e-16,0.19999999999999976,0.19999999999999962,8.592164610046234e-17,1.5298754934037073e-16,0.1999999999999999,1.2493530422604035e-16,2.0539982843079372e-16,0.049878138176698394
2018-01-09,0.19999999999999973,0.09284531293716616,0.05727654888613554,2.2148072509533795e-16,0.19999999999999976,0.19999999999999962,8.592164610046234e-17,1.5298754934037073e-16,0.1999999999999999,1.2493530422604035e-16,2.0539982843079372e-16,0.049878138176698394
2018-01-10,0.19999999999999973,0.09284531293716616,0.05727654888613554,2.2148072509533795e-16,0.19999999999999976,0.19999999999999962,8.592164610046234e-17,1.5298754934037073e-16,0.1999999999999999,1.2493530422604035e-16,2.0539982843079372e-16,0.049878138176698394
2018-01-11,0.19999999999999973,0.09284531293716616,0.05727654888613554,2.2148072509533795e-16,0.19999999999999976,0.19999999999999962,8.592164610046234e-17,1.5298754934037073e-16,0.1999999999999999,1.2493530422604035e-16,2.0539982843079372e-16,0.049878138176698394
2018-01-12,0.2,7.24247051220317e-17,0.19999999999999998,7.35149147469186e-17,0.1999999999999999,0.11357117911429843,9.418145296440021e-17,4.409748857430837e-18,0.19999999999999993,6.598130243733618e-17,0.0,0.08642882088570157
2018-01-16,0.2,7.24247051220317e-17,0.19999999999999998,7.35149147469186e-17,0.1999999999999999,0.11357117911429843,9.418145296440021e-17,4.409748857430837e-18,0.19999999999999993,6.598130243733618e-17,0.0,0.08642882088570157
2018-01-17,0.2,7.24247051220317e-17,0.19999999999999998,7.35149147469186e-17,0.1999999999999999,0.11357117911429843,9.418145296440021e-17,4.409748857430837e-18,0.19999999999999993,6.598130243733618e-17,0.0,0.08642882088570157
2018-01-18,0.2,7.24247051220317e-17,0.19999999999999998,7.35149147469186e-17,0.1999999999999999,0.11357117911429843,9.418145296440021e-17,4.409748857430837e-18,0.19999999999999993,6.598130243733618e-17,0.0,0.08642882088570157
2018-01-19,0.2,7.24247051220317e-17,0.19999999999999998,7.35149147469186e-17,0.1999999999999999,0.11357117911429843,9.418145296440021e-17,4.409748857430837e-18,0.19999999999999993,6.598130243733618e-17,0.0,0.08642882088570157
2018-01-22,0.19999999999999998,0.2,0.2,1.6285742169156585e-17,0.2,0.12346501193585577,1.6124905405844186e-16,4.535106319781906e-17,0.07653498806414409,0.0,8.137960558211175e-17,0.0
2018-01-23,0.19999999999999998,0.2,0.2,1.6285742169156585e-17,0.2,0.12346501193585577,1.6124905405844186e-16,4.535106319781906e-17,0.07653498806414409,0.0,8.137960558211175e-17,0.0
2018-01-24,0.19999999999999998,0.2,0.2,1.6285742169156585e-17,0.2,0.12346501193585577,1.6124905405844186e-16,4.535106319781906e-17,0.07653498806414409,0.0,8.137960558211175e-17,0.0
2018-01-25,0.19999999999999998,0.2,0.2,1.6285742169156585e-17,0.2,0.12346501193585577,1.6124905405844186e-16,4.535106319781906e-17,0.07653498806414409,0.0,8.137960558211175e-17,0.0
2018-01-26,0.19999999999999998,0.2,0.2,1.6285742169156585e-17,0.2,0.12346501193585577,1.6124905405844186e-16,4.535106319781906e-17,0.07653498806414409,0.0,8.137960558211175e-17,0.0
2018-01-29,0.1999999999999999,0.19999999999999982,0.19999999999999987,2.905806217353228e-17,0.10961413218090978,0.19999999999999976,0.0,9.132216336558752e-17,2.017199193190448e-16,3.0871935355299703e-17,5.0130711014936505e-17,0.0903858678190905
2018-01-30,0.1999999999999999,0.19999999999999982,0.19999999999999987,2.905806217353228e-17,0.10961413218090978,0.19999999999999976,0.0,9.132216336558752e-17,2.017199193190448e-16,3.0871935355299703e-17,5.0130711014936505e-17,0.0903858678190905
2018-01-31,0.1999999999999999,0.19999999999999982,0.19999999999999987,2.905806217353228e-17,0.10961413218090978,0.19999999999999976,0.0,9.132216336558752e-17,2.017199193190448e-16,3.0871935355299703e-17,5.0130711014936505e-17,0.0903858678190905
2018-02-01,0.1999999999999999,0.19999999999999982,0.19999999999999987,2.905806217353228e-17,0.10961413218090978,0.19999999999999976,0.0,9.132216336558752e-17,2.017199193190448e-16,3.0871935355299703e-17,5.0130711014936505e-17,0.0903858678190905
2018-02-02,0.1999999999999999,0.19999999999999982,0.19999999999999987,2.905806217353228e-17,0.10961413218090978,0.19999999999999976,0.0,9.132216336558752e-17,2.017199193190448e-16,3.0871935355299703e-17,5.0130711014936505e-17,0.0903858678190905
2018-02-05,0.2,0.1035833435402861,0.2,0.0,0.2,0.19999999999999998,0.0,0.0,1.3601198507662152e-16,0.0,0.0,0.09641665645971362
2018-02-06,0.2,0.1035833435402861,0.2,0.0,0.2,0.19999999999999998,0.0,0.0,1.3601198507662152e-16,0.0,0.0,0.09641665645971362
2018-02-07,0.2,0.1035833435402861,0.2,0.0,0.2,0.19999999999999998,0.0,0.0,1.3601198507662152e-16,0.0,0.0,0.09641665645971362
2018-02-08,0.2,0.1035833435402861,0.2,0.0,0.2,0.19999999999999998,0.0,0.0,1.3601198507662152e-16,0.0,0.0,0.09641665645971362
2018-02-09,0.2,0.1035833435402861,0.2,0.0,0.2,0.19999999999999998,0.0,0.0,1.3601198507662152e-16,0.0,0.0,0.09641665645971362
2018-02-12,0.0,0.037543975104063515,0.2,0.0,0.06657296951073072,0.0,0.1403890080372181,0.15549404734798825,0.0,0.2,0.2,0.0
2018-02-13,0.0,0.037543975104063515,0.2,0.0,0.06657296951073072,0.0,0.1403890080372181,0.15549404734798825,0.0,0.2,0.2,0.0
2018-02-14,0.0,0.037543975104063515,0.2,0.0,0.06657296951073072,0.0,0.1403890080372181,0.15549404734798825,0.0,0.2,0.2,0.0
2018-02-15,0.0,0.037543975104063515,0.2,0.0,0.06657296951073072,0.0,0.1403890080372181,0.15549404734798825,0.0,0.2,0.2,0.0
2018-02-16,0.0,0.037543975104063515,0.2,0.0,0.06657296951073072,0.0,0.1403890080372181,0.15549404734798825,0.0,0.2,0.2,0.0
2018-02-20,0.0,0.037543975104063515,0.2,0.0,0.06657296951073072,0.0,0.1403890080372181,0.15549404734798825,0.0,0.2,0.2,0.0
2018-02-21,0.0,0.037543975104063515,0.2,0.0,0.06657296951073072,0.0,0.1403890080372181,0.15549404734798825,0.0,0.2,0.2,0.0
2018-02-22,0.0,0.037543975104063515,0.2,0.0,0.06657296951073072,0.0,0.1403890080372181,0.15549404734798825,0.0,0.2,0.2,0.0
2018-02-23,0.0,0.037543975104063515,0.2,0.0,0.06657296951073072,0.0,0.1403890080372181,0.15549404734798825,0.0,0.2,0.2,0.0
2018-02-26,0.0,0.037543975104063515,0.2,0.0,0.06657296951073072,0.0,0.1403890080372181,0.15549404734798825,0.0,0.2,0.2,0.0
2018-02-27,8.376184705581584e-19,0.044169158207792374,0.19999999999999998,3.7150966050797487e-19,0.04890425711983221,0.0481334478314813,0.06338988421291239,0.195403252627981,3.752298435045483e-19,0.2,0.19999999999999998,4.850429886611802e-16
2018-02-28,8.376184705581584e-19,0.044169158207792374,0.19999999999999998,3.7150966050797487e-19,0.04890425711983221,0.0481334478314813,0.06338988421291239,0.195403252627981,3.752298435045483e-19,0.2,0.19999999999999998,4.850429886611802e-16
2018-03-01,8.376184705581584e-19,0.044169158207792374,0.19999999999999998,3.7150966050797487e-19,0.04890425711983221,0.0481334478314813,0.06338988421291239,0.195403252627981,3.752298435045483e-19,0.2,0.19999999999999998,4.850429886611802e-16
2018-03-02,8.376184705581584e-19,0.044169158207792374,0.19999999999999998,3.7150966050797487e-19,0.04890425711983221,0.0481334478314813,0.06338988421291239,0.195403252627981,3.752298435045483e-19,0.2,0.19999999999999998,4.850429886611802e-16
2018-03-05,8.376184705581584e-19,0.044169158207792374,0.19999999999999998,3.7150966050797487e-19,0.04890425711983221,0.0481334478314813,0.06338988421291239,0.195403252627981,3.752298435045483e-19,0.2,0.19999999999999998,4.850429886611802e-16
2018-03-06,1.1360979861885064e-18,1.1799141691131257e-18,0.2,7.063965669831696e-18,0.047963429293174674,0.03662670322640756,0.1154098674804178,0.2,1.2438953778562534e-17,0.2,0.2,1.624036194195424e-18
2018-03-07,1.1360979861885064e-18,1.1799141691131257e-18,0.2,7.063965669831696e-18,0.047963429293174674,0.03662670322640756,0.1154098674804178,0.2,1.2438953778562534e-17,0.2,0.2,1.624036194195424e-18
2018-03-08,1.1360979861885064e-18,1.1799141691131257e-18,0.2,7.063965669831696e-18,0.047963429293174674,0.03662670322640756,0.1154098674804178,0.2,1.2438953778562534e-17,0.2,0.2,1.624036194195424e-18
2018-03-09,1.1360979861885064e-18,1.1799141691131257e-18,0.2,7.063965669831696e-18,0.047963429293174674,0.03662670322640756,0.1154098674804178,0.2,1.2438953778562534e-17,0.2,0.2,1.624036194195424e-18
2018-03-12,1.1360979861885064e-18,1.1799141691131257e-18,0.2,7.063965669831696e-18,0.047963429293174674,0.03662670322640756,0.1154098674804178,0.2,1.2438953778562534e-17,0.2,0.2,1.624036194195424e-18
2018-03-13,3.939283228069919e-17,2.4537891749303856e-20,0.1504679730043582,0.0,0.011446446196970488,0.0914932007364356,0.1465923800622359,0.19999999999999998,4.3735856869857456e-21,0.2,0.2,5.8890289750597885e-21
2018-03-14,3.939283228069919e-17,2.4537891749303856e-20,0.1504679730043582,0.0,0.011446446196970488,0.0914932007364356,0.1465923800622359,0.19999999999999998,4.3735856869857456e-21,0.2,0.2,5.8890289750597885e-21
2018-03-15,3.939283228069919e-17,2.4537891749303856e-20,0.1504679730043582,0.0,0.011446446196970488,0.0914932007364356,0.1465923800622359,0.19999999999999998,4.3735856869857456e-21,0.2,0.2,5.8890289750597885e-21
2018-03-16,3.939283228069919e-17,2.4537891749303856e-20,0.1504679730043582,0.0,0.011446446196970488,0.0914932007364356,0.1465923800622359,0.19999999999999998,4.3735856869857456e-21,0.2,0.2,5.8890289750597885e-21
2018-03-19,3.939283228069919e-17,2.4537891749303856e-20,0.1504679730043582,0.0,0.011446446196970488,0.0914932007364356,0.1465923800622359,0.19999999999999998,4.3735856869857456e-21,0.2,0.2,5.8890289750597885e-21
2018-03-20,3.939283228069919e-17,2.4537891749303856e-20,0.1504679730043582,0.0,0.011446446196970488,0.0914932007364356,0.1465923800622359,0.19999999999999998,4.3735856869857456e-21,0.2,0.2,5.8890289750597885e-21
2018-03-21,3.939283228069919e-17,2.4537891749303856e-20,0.1504679730043582,0.0,0.011446446196970488,0.0914932007364356,0.1465923800622359,0.19999999999999998,4.3735856869857456e-21,0.2,0.2,5.8890289750597885e-21
2018-03-22,3.939283228069919e-17,2.4537891749303856e-20,0.1504679730043582,0.0,0.011446446196970488,0.0914932007364356,0.1465923800622359,0.19999999999999998,4.3735856869857456e-21,0.2,0.2,5.8890289750597885e-21
2018-03-23,3.939283228069919e-17,2.4537891749303856e-20,0.1504679730043582,0.0,0.011446446196970488,0.0914932007364356,0.1465923800622359,0.19999999999999998,4.3735856869857456e-21,0.2,0.2,5.8890289750597885e-21
2018-03-26,3.939283228069919e-17,2.4537891749303856e-20,0.1504679730043582,0.0,0.011446446196970488,0.0914932007364356,0.1465923800622359,0.19999999999999998,4.3735856869857456e-21,0.2,0.2,5.8890289750597885e-21
2018-03-27,1.4808779242442268e-17,8.229739869551694e-19,0.16646399521719923,4.1715583705434206e-17,0.002007242893044896,0.11285246042451158,0.11867630146524444,0.2,9.480473427553068e-18,0.2,0.2,1.532440061834765e-17
2018-03-28,1.4808779242442268e-17,8.229739869551694e-19,0.16646399521719923,4.1715583705434206e-17,0.002007242893044896,0.11285246042451158,0.11867630146524444,0.2,9.480473427553068e-18,0.2,0.2,1.532440061834765e-17
2018-03-29,1.4808779242442268e-17,8.229739869551694e-19,0.16646399521719923,4.1715583705434206e-17,0.002007242893044896,0.11285246042451158,0.11867630146524444,0.2,9.480473427553068e-18,0.2,0.2,1.532440061834765e-17
2018-04-02,1.4808779242442268e-17,8.229739869551694e-19,0.16646399521719923,4.1715583705434206e-17,0.002007242893044896,0.11285246042451158,0.11867630146524444,0.2,9.480473427553068e-18,0.2,0.2,1.532440061834765e-17
2018-04-03,1.4808779242442268e-17,8.229739869551694e-19,0.16646399521719923,4.1715583705434206e-17,0.002007242893044896,0.11285246042451158,0.11867630146524444,0.2,9.480473427553068e-18,0.2,0.2,1.532440061834765e-17
2018-04-04,5.259392197462733e-19,2.646657326171142e-19,0.09860647002703282,1.5305159711479518e-19,1.0194025004950047e-21,0.14734839024574337,0.15404513972722408,0.2,2.621010068807241e-16,0.2,0.2,1.285502921490757e-16
2018-04-05,5.259392197462733e-19,2.646657326171142e-19,0.09860647002703282,1.5305159711479518e-19,1.0194025004950047e-21,0.14734839024574337,0.15404513972722408,0.2,2.621010068807241e-16,0.2,0.2,1.285502921490757e-16
2018-04-06,5.259392197462733e-19,2.646657326171142e-19,0.09860647002703282,1.5305159711479518e-19,1.0194025004950047e-21,0.14734839024574337,0.15404513972722408,0.2,2.621010068807241e-16,0.2,0.2,1.285502921490757e-16
2018-04-09,5.259392197462733e-19,2.646657326171142e-19,0.09860647002703282,1.5305159711479518e-19,1.0194025004950047e-21,0.14734839024574337,0.15404513972722408,0.2,2.621010068807241e-16,0.2,0.2,1.285502921490757e-16
2018-04-10,5.259392197462733e-19,2.646657326171142e-19,0.09860647002703282,1.5305159711479518e-19,1.0194025004950047e-21,0.14734839024574337,0.15404513972722408,0.2,2.621010068807241e-16,0.2,0.2,1.285502921490757e-16
2018-04-11,5.259392197462733e-19,2.646657326171142e-19,0.09860647002703282,1.5305159711479518e-19,1.0194025004950047e-21,0.14734839024574337,0.15404513972722408,0.2,2.621010068807241e-16,0.2,0.2,1.285502921490757e-16
2018-04-12,5.259392197462733e-19,2.646657326171142e-19,0.09860647002703282,1.5305159711479518e-19,1.0194025004950047e-21,0.14734839024574337,0.15404513972722408,0.2,2.621010068807241e-16,0.2,0.2,1.285502921490757e-16
2018-04-13,5.259392197462733e-19,2.646657326171142e-19,0.09860647002703282,1.5305159711479518e-19,1.0194025004950047e-21,0.14734839024574337,0.15404513972722408,0.2,2.621010068807241e-16,0.2,0.2,1.285502921490757e-16
2018-04-16,5.259392197462733e-19,2.646657326171142e-19,0.09860647002703282,1.5305159711479518e-19,1.0194025004950047e-21,0.14734839024574337,0.15404513972722408,0.2,2.621010068807241e-16,0.2,0.2,1.285502921490757e-16
2018-04-17,5.259392197462733e-19,2.646657326171142e-19,0.09860647002703282,1.5305159711479518e-19,1.0194025004950047e-21,0.14734839024574337,0.15404513972722408,0.2,2.621010068807241e-16,0.2,0.2,1.285502921490757e-16
2018-04-18,5.259392197462733e-19,2.646657326171142e-19,0.09860647002703282,1.5305159711479518e-19,1.0194025004950047e-21,0.14734839024574337,0.15404513972722408,0.2,2.621010068807241e-16,0.2,0.2,1.285502921490757e-16
2018-04-19,5.259392197462733e-19,2.646657326171142e-19,0.09860647002703282,1.5305159711479518e-19,1.0194025004950047e-21,0.14734839024574337,0.15404513972722408,0.2,2.621010068807241e-16,0.2,0.2,1.285502921490757e-16
2018-04-20,5.259392197462733e-19,2.646657326171142e-19,0.09860647002703282,1.5305159711479518e-19,1.0194025004950047e-21,0.14734839024574337,0.15404513972722408,0.2,2.621010068807241e-16,0.2,0.2,1.285502921490757e-16
2018-04-23,5.259392197462733e-19,2.646657326171142e-19,0.09860647002703282,1.5305159711479518e-19,1.0194025004950047e-21,0.14734839024574337,0.15404513972722408,0.2,2.621010068807241e-16,0.2,0.2,1.285502921490757e-16
2018-04-24,5.259392197462733e-19,2.646657326171142e-19,0.09860647002703282,1.5305159711479518e-19,1.0194025004950047e-21,0.14734839024574337,0.15404513972722408,0.2,2.621010068807241e-16,0.2,0.2,1.285502921490757e-16
2018-04-25,9.83372865840438e-18,0.036107968241813705,0.09211736185944235,1.1384276711661268e-17,0.03270239586482603,0.2,0.026478758236653296,0.19999999999999996,3.0263385176887795e-17,0.2,0.2,0.012593515797264723
2018-04-26,9.83372865840438e-18,0.036107968241813705,0.09211736185944235,1.1384276711661268e-17,0.03270239586482603,0.2,0.026478758236653296,0.19999999999999996,3.0263385176887795e-17,0.2,0.2,0.012593515797264723
2018-04-27,9.83372865840438e-18,0.036107968241813705,0.09211736185944235,1.1384276711661268e-17,0.03270239586482603,0.2,0.026478758236653296,0.19999999999999996,3.0263385176887795e-17,0.2,0.2,0.012593515797264723
2018-04-30,9.83372865840438e-18,0.036107968241813705,0.09211736185944235,1.1384276711661268e-17,0.03270239586482603,0.2,0.026478758236653296,0.19999999999999996,3.0263385176887795e-17,0.2,0.2,0.012593515797264723
2018-05-01,9.83372865840438e-18,0.036107968241813705,0.09211736185944235,1.1384276711661268e-17,0.03270239586482603,0.2,0.026478758236653296,0.19999999999999996,3.0263385176887795e-17,0.2,0.2,0.012593515797264723
2018-05-02,5.081941087625858e-18,0.008286503647859725,0.0551844908276182,9.776543289100359e-18,8.473002800347357e-20,0.11794961460851863,0.09564921768291662,0.2,3.8334763160598086e-17,0.2,0.19999999999999996,0.1229301732330869
2018-05-03,5.081941087625858e-18,0.008286503647859725,0.0551844908276182,9.776543289100359e-18,8.473002800347357e-20,0.11794961460851863,0.09564921768291662,0.2,3.8334763160598086e-17,0.2,0.19999999999999996,0.1229301732330869
2018-05-04,5.081941087625858e-18,0.008286503647859725,0.0551844908276182,9.776543289100359e-18,8.473002800347357e-20,0.11794961460851863,0.09564921768291662,0.2,3.8334763160598086e-17,0.2,0.19999999999999996,0.1229301732330869
2018-05-07,5.081941087625858e-18,0.008286503647859725,0.0551844908276182,9.776543289100359e-18,8.473002800347357e-20,0.11794961460851863,0.09564921768291662,0.2,3.8334763160598086e-17,0.2,0.19999999999999996,0.1229301732330869
2018-05-08,5.081941087625858e-18,0.008286503647859725,0.0551844908276182,9.776543289100359e-18,8.473002800347357e-20,0.11794961460851863,0.09564921768291662,0.2,3.8334763160598086e-17,0.2,0.19999999999999996,0.1229301732330869
2018-05-09,5.081941087625858e-18,0.008286503647859725,0.0551844908276182,9.776543289100359e-18,8.473002800347357e-20,0.11794961460851863,0.09564921768291662,0.2,3.8334763160598086e-17,0.2,0.19999999999999996,0.1229301732330869
2018-05-10,5.081941087625858e-18,0.008286503647859725,0.0551844908276182,9.776543289100359e-18,8.473002800347357e-20,0.11794961460851863,0.09564921768291662,0.2,3.8334763160598086e-17,0.2,0.19999999999999996,0.1229301732330869
2018-05-11,5.081941087625858e-18,0.008286503647859725,0.0551844908276182,9.776543289100359e-18,8.473002800347357e-20,0.11794961460851863,0.09564921768291662,0.2,3.8334763160598086e-17,0.2,0.19999999999999996,0.1229301732330869
2018-05-14,5.081941087625858e-18,0.008286503647859725,0.0551844908276182,9.776543289100359e-18,8.473002800347357e-20,0.11794961460851863,0.09564921768291662,0.2,3.8334763160598086e-17,0.2,0.19999999999999996,0.1229301732330869
2018-05-15,5.081941087625858e-18,0.008286503647859725,0.0551844908276182,9.776543289100359e-18,8.473002800347357e-20,0.11794961460851863,0.09564921768291662,0.2,3.8334763160598086e-17,0.2,0.19999999999999996,0.1229301732330869
2018-05-16,5.927103890116712e-18,0.08611899628177266,0.0016511397129226803,7.782037338630423e-17,4.6116053387555047e-17,0.1780350899028901,0.07276043480309408,0.2,3.855770412248555e-17,0.2,0.2,0.06143433929932024
2018-05-17,5.927103890116712e-18,0.08611899628177266,0.0016511397129226803,7.782037338630423e-17,4.6116053387555047e-17,0.1780350899028901,0.07276043480309408,0.2,3.855770412248555e-17,0.2,0.2,0.06143433929932024
2018-05-18,5.927103890116712e-18,0.08611899628177266,0.0016511397129226803,7.782037338630423e-17,4.6116053387555047e-17,0.1780350899028901,0.07276043480309408,0.2,3.855770412248555e-17,0.2,0.2,0.06143433929932024
2018-05-21,5.927103890116712e-18,0.08611899628177266,0.0016511397129226803,7.782037338630423e-17,4.6116053387555047e-17,0.1780350899028901,0.07276043480309408,0.2,3.855770412248555e-17,0.2,0.2,0.06143433929932024
2018-05-22,5.927103890116712e-18,0.08611899628177266,0.0016511397129226803,7.782037338630423e-17,4.6116053387555047e-17,0.1780350899028901,0.07276043480309408,0.2,3.855770412248555e-17,0.2,0.2,0.06143433929932024
2018-05-23,5.927103890116712e-18,0.08611899628177266,0.0016511397129226803,7.782037338630423e-17,4.6116053387555047e-17,0.1780350899028901,0.07276043480309408,0.2,3.855770412248555e-17,0.2,0.2,0.06143433929932024
2018-05-24,5.927103890116712e-18,0.08611899628177266,0.0016511397129226803,7.782037338630423e-17,4.6116053387555047e-17,0.1780350899028901,0.07276043480309408,0.2,3.855770412248555e-17,0.2,0.2,0.06143433929932024
2018-05-25,5.927103890116712e-18,0.08611899628177266,0.0016511397129226803,7.782037338630423e-17,4.6116053387555047e-17,0.1780350899028901,0.07276043480309408,0.2,3.855770412248555e-17,0.2,0.2,0.06143433929932024
2018-05-29,5.927103890116712e-18,0.08611899628177266,0.0016511397129226803,7.782037338630423e-17,4.6116053387555047e-17,0.1780350899028901,0.07276043480309408,0.2,3.855770412248555e-17,0.2,0.2,0.06143433929932024
2018-05-30,5.927103890116712e-18,0.08611899628177266,0.0016511397129226803,7.782037338630423e-17,4.6116053387555047e-17,0.1780350899028901,0.07276043480309408,0.2,3.855770412248555e-17,0.2,0.2,0.06143433929932024
2018-05-31,5.927103890116712e-18,0.08611899628177266,0.0016511397129226803,7.782037338630423e-17,4.6116053387555047e-17,0.1780350899028901,0.07276043480309408,0.2,3.855770412248555e-17,0.2,0.2,0.06143433929932024
2018-06-01,5.927103890116712e-18,0.08611899628177266,0.0016511397129226803,7.782037338630423e-17,4.6116053387555047e-17,0.1780350899028901,0.07276043480309408,0.2,3.855770412248555e-17,0.2,0.2,0.06143433929932024
2018-06-04,5.927103890116712e-18,0.08611899628177266,0.0016511397129226803,7.782037338630423e-17,4.6116053387555047e-17,0.1780350899028901,0.07276043480309408,0.2,3.855770412248555e-17,0.2,0.2,0.06143433929932024
2018-06-05,5.927103890116712e-18,0.08611899628177266,0.0016511397129226803,7.782037338630423e-17,4.6116053387555047e-17,0.1780350899028901,0.07276043480309408,0.2,3.855770412248555e-17,0.2,0.2,0.06143433929932024
2018-06-06,5.927103890116712e-18,0.08611899628177266,0.0016511397129226803,7.782037338630423e-17,4.6116053387555047e-17,0.1780350899028901,0.07276043480309408,0.2,3.855770412248555e-17,0.2,0.2,0.06143433929932024
2018-06-07,0.19999999999999987,4.2179606776364884e-16,0.2,0.2,0.0,0.19999999999999996,7.763989674758773e-17,0.0,0.0,1.7604004527890863e-17,1.451158471689784e-16,0.1999999999999999
2018-06-08,0.19999999999999987,4.2179606776364884e-16,0.2,0.2,0.0,0.19999999999999996,7.763989674758773e-17,0.0,0.0,1.7604004527890863e-17,1.451158471689784e-16,0.1999999999999999
2018-06-11,0.19999999999999987,4.2179606776364884e-16,0.2,0.2,0.0,0.19999999999999996,7.763989674758773e-17,0.0,0.0,1.7604004527890863e-17,1.451158471689784e-16,0.1999999999999999
2018-06-12,0.19999999999999987,4.2179606776364884e-16,0.2,0.2,0.0,0.19999999999999996,7.763989674758773e-17,0.0,0.0,1.7604004527890863e-17,1.451158471689784e-16,0.1999999999999999
2018-06-13,0.19999999999999987,4.2179606776364884e-16,0.2,0.2,0.0,0.19999999999999996,7.763989674758773e-17,0.0,0.0,1.7604004527890863e-17,1.451158471689784e-16,0.1999999999999999
2018-06-14,0.19999999999999987,4.2179606776364884e-16,0.2,0.2,0.0,0.19999999999999996,7.763989674758773e-17,0.0,0.0,1.7604004527890863e-17,1.451158471689784e-16,0.1999999999999999
2018-06-15,0.19999999999999987,4.2179606776364884e-16,0.2,0.2,0.0,0.19999999999999996,7.763989674758773e-17,0.0,0.0,1.7604004527890863e-17,1.451158471689784e-16,0.1999999999999999
2018-06-18,0.19999999999999987,4.2179606776364884e-16,0.2,0.2,0.0,0.19999999999999996,7.763989674758773e-17,0.0,0.0,1.7604004527890863e-17,1.451158471689784e-16,0.1999999999999999
2018-06-19,0.19999999999999987,4.2179606776364884e-16,0.2,0.2,0.0,0.19999999999999996,7.763989674758773e-17,0.0,0.0,1.7604004527890863e-17,1.451158471689784e-16,0.1999999999999999
2018-06-20,0.19999999999999987,4.2179606776364884e-16,0.2,0.2,0.0,0.19999999999999996,7.763989674758773e-17,0.0,0.0,1.7604004527890863e-17,1.451158471689784e-16,0.1999999999999999
2018-06-21,0.19999999999999987,4.2179606776364884e-16,0.2,0.2,0.0,0.19999999999999996,7.763989674758773e-17,0.0,0.0,1.7604004527890863e-17,1.451158471689784e-16,0.1999999999999999
2018-06-22,0.19999999999999987,4.2179606776364884e-16,0.2,0.2,0.0,0.19999999999999996,7.763989674758773e-17,0.0,0.0,1.7604004527890863e-17,1.451158471689784e-16,0.1999999999999999
2018-06-25,0.19999999999999987,4.2179606776364884e-16,0.2,0.2,0.0,0.19999999999999996,7.763989674758773e-17,0.0,0.0,1.7604004527890863e-17,1.451158471689784e-16,0.1999999999999999
2018-06-26,0.19999999999999987,4.2179606776364884e-16,0.2,0.2,0.0,0.19999999999999996,7.763989674758773e-17,0.0,0.0,1.7604004527890863e-17,1.451158471689784e-16,0.1999999999999999
2018-06-27,0.19999999999999987,4.2179606776364884e-16,0.2,0.2,0.0,0.19999999999999996,7.763989674758773e-17,0.0,0.0,1.7604004527890863e-17,1.451158471689784e-16,0.1999999999999999
2018-06-28,0.19999999999999987,4.2179606776364884e-16,0.2,0.2,0.0,0.19999999999999996,7.763989674758773e-17,0.0,0.0,1.7604004527890863e-17,1.451158471689784e-16,0.1999999999999999
2018-06-29,0.19999999999999987,4.2179606776364884e-16,0.2,0.2,0.0,0.19999999999999996,7.763989674758773e-17,0.0,0.0,1.7604004527890863e-17,1.451158471689784e-16,0.1999999999999999
2018-07-02,0.19999999999999987,4.2179606776364884e-16,0.2,0.2,0.0,0.19999999999999996,7.763989674758773e-17,0.0,0.0,1.7604004527890863e-17,1.451158471689784e-16,0.1999999999999999
2018-07-03,0.19999999999999987,4.2179606776364884e-16,0.2,0.2,0.0,0.19999999999999996,7.763989674758773e-17,0.0,0.0,1.7604004527890863e-17,1.451158471689784e-16,0.1999999999999999
2018-07-05,0.19999999999999987,4.2179606776364884e-16,0.2,0.2,0.0,0.19999999999999996,7.763989674758773e-17,0.0,0.0,1.7604004527890863e-17,1.451158471689784e-16,0.1999999999999999
2018-07-06,0.19999999999999996,0.0,0.07809263574670941,0.2,2.325820928117839e-17,0.2,0.0,3.3577972985618055e-17,0.12190736425329012,6.324844372233992e-17,0.0,0.2
2018-07-09,0.19999999999999996,0.0,0.07809263574670941,0.2,2.325820928117839e-17,0.2,0.0,3.3577972985618055e-17,0.12190736425329012,6.324844372233992e-17,0.0,0.2
2018-07-10,0.19999999999999996,0.0,0.07809263574670941,0.2,2.325820928117839e-17,0.2,0.0,3.3577972985618055e-17,0.12190736425329012,6.324844372233992e-17,0.0,0.2
2018-07-11,0.19999999999999996,0.0,0.07809263574670941,0.2,2.325820928117839e-17,0.2,0.0,3.3577972985618055e-17,0.12190736425329012,6.324844372233992e-17,0.0,0.2
2018-07-12,0.19999999999999996,0.0,0.07809263574670941,0.2,2.325820928117839e-17,0.2,0.0,3.3577972985618055e-17,0.12190736425329012,6.324844372233992e-17,0.0,0.2
2018-07-13,0.1999999999999999,0.0,0.2,0.1999999999999998,1.767274550911783e-16,0.19999999999999968,1.8190152569189065e-16,2.932536533892432e-16,2.1760088518376339e-16,2.2238043563369946e-16,8.333261790071629e-17,0.19999999999999982
2018-07-16,0.1999999999999999,0.0,0.2,0.1999999999999998,1.767274550911783e-16,0.19999999999999968,1.8190152569189065e-16,2.932536533892432e-16,2.1760088518376339e-16,2.2238043563369946e-16,8.333261790071629e-17,0.19999999999999982
2018-07-17,0.1999999999999999,0.0,0.2,0.1999999999999998,1.767274550911783e-16,0.19999999999999968,1.8190152569189065e-16,2.932536533892432e-16,2.1760088518376339e-16,2.2238043563369946e-16,8.333261790071629e-17,0.19999999999999982
2018-07-18,0.1999999999999999,0.0,0.2,0.1999999999999998,1.767274550911783e-16,0.19999999999999968,1.8190152569189065e-16,2.932536533892432e-16,2.1760088518376339e-16,2.2238043563369946e-16,8.333261790071629e-17,0.19999999999999982
2018-07-19,0.1999999999999999,0.0,0.2,0.1999999999999998,1.767274550911783e-16,0.19999999999999968,1.8190152569189065e-16,2.932536533892432e-16,2.1760088518376339e-16,2.2238043563369946e-16,8.333261790071629e-17,0.19999999999999982
2018-07-20,0.1999999999999999,0.0,0.2,0.1999999999999998,1.767274550911783e-16,0.19999999999999968,1.8190152569189065e-16,2.932536533892432e-16,2.1760088518376339e-16,2.2238043563369946e-16,8.333261790071629e-17,0.19999999999999982
2018-07-23,0.1999999999999999,0.0,0.2,0.1999999999999998,1.767274550911783e-16,0.19999999999999968,1.8190152569189065e-16,2.932536533892432e-16,2.1760088518376339e-16,2.2238043563369946e-16,8.333261790071629e-17,0.19999999999999982
2018-07-24,0.1999999999999999,0.0,0.2,0.1999999999999998,1.767274550911783e-16,0.19999999999999968,1.8190152569189065e-16,2.932536533892432e-16,2.1760088518376339e-16,2.2238043563369946e-16,8.333261790071629e-17,0.19999999999999982
2018-07-25,0.1999999999999999,0.0,0.2,0.1999999999999998,1.767274550911783e-16,0.19999999999999968,1.8190152569189065e-16,2.932536533892432e-16,2.1760088518376339e-16,2.2238043563369946e-16,8.333261790071629e-17,0.19999999999999982
2018-07-26,0.1999999999999999,0.0,0.2,0.1999999999999998,1.767274550911783e-16,0.19999999999999968,1.8190152569189065e-16,2.932536533892432e-16,2.1760088518376339e-16,2.2238043563369946e-16,8.333261790071629e-17,0.19999999999999982
2018-07-27,0.1999999999999999,0.0,0.2,0.1999999999999998,1.767274550911783e-16,0.19999999999999968,1.8190152569189065e-16,2.932536533892432e-16,2.1760088518376339e-16,2.2238043563369946e-16,8.333261790071629e-17,0.19999999999999982
2018-07-30,0.1999999999999999,0.0,0.2,0.1999999999999998,1.767274550911783e-16,0.19999999999999968,1.8190152569189065e-16,2.932536533892432e-16,2.1760088518376339e-16,2.2238043563369946e-16,8.333261790071629e-17,0.19999999999999982
2018-07-31,0.1999999999999999,0.0,0.2,0.1999999999999998,1.767274550911783e-16,0.19999999999999968,1.8190152569189065e-16,2.932536533892432e-16,2.1760088518376339e-16,2.2238043563369946e-16,8.333261790071629e-17,0.19999999999999982
2018-08-01,0.1999999999999999,0.0,0.2,0.1999999999999998,1.767274550911783e-16,0.19999999999999968,1.8190152569189065e-16,2.932536533892432e-16,2.1760088518376339e-16,2.2238043563369946e-16,8.333261790071629e-17,0.19999999999999982
2018-08-02,0.1999999999999999,0.0,0.2,0.1999999999999998,1.767274550911783e-16,0.19999999999999968,1.8190152569189065e-16,2.932536533892432e-16,2.1760088518376339e-16,2.2238043563369946e-16,8.333261790071629e-17,0.19999999999999982
2018-08-03,0.19999999999999998,0.07714039037631484,0.046533844308633644,0.2,0.07632576531505157,0.2,0.0,2.7679966463913483e-17,3.7477897838438835e-17,0.0,0.0,0.2
2018-08-06,0.19999999999999998,0.07714039037631484,0.046533844308633644,0.2,0.07632576531505157,0.2,0.0,2.7679966463913483e-17,3.7477897838438835e-17,0.0,0.0,0.2
2018-08-07,0.19999999999999998,0.07714039037631484,0.046533844308633644,0.2,0.07632576531505157,0.2,0.0,2.7679966463913483e-17,3.7477897838438835e-17,0.0,0.0,0.2
2018-08-08,0.19999999999999998,0.07714039037631484,0.046533844308633644,0.2,0.07632576531505157,0.2,0.0,2.7679966463913483e-17,3.7477897838438835e-17,0.0,0.0,0.2
2018-08-09,0.19999999999999998,0.07714039037631484,0.046533844308633644,0.2,0.07632576531505157,0.2,0.0,2.7679966463913483e-17,3.7477897838438835e-17,0.0,0.0,0.2
2018-08-10,0.2,0.09408068630717942,0.10591931369282079,0.19999999999999993,2.9027263663048978e-18,0.2,0.0,1.9902130032732137e-17,0.0,0.0,0.0,0.19999999999999976
2018-08-13,0.2,0.09408068630717942,0.10591931369282079,0.19999999999999993,2.9027263663048978e-18,0.2,0.0,1.9902130032732137e-17,0.0,0.0,0.0,0.19999999999999976
2018-08-14,0.2,0.09408068630717942,0.10591931369282079,0.19999999999999993,2.9027263663048978e-18,0.2,0.0,1.9902130032732137e-17,0.0,0.0,0.0,0.19999999999999976
2018-08-15,0.2,0.09408068630717942,0.10591931369282079,0.19999999999999993,2.9027263663048978e-18,0.2,0.0,1.9902130032732137e-17,0.0,0.0,0.0,0.19999999999999976
2018-08-16,0.2,0.09408068630717942,0.10591931369282079,0.19999999999999993,2.9027263663048978e-18,0.2,0.0,1.9902130032732137e-17,0.0,0.0,0.0,0.19999999999999976
2018-08-17,0.19999999999999996,0.2,0.0,0.19999999999999998,2.2641612324960782e-16,0.19999999999999996,8.23310132452938e-17,6.05057044632916e-17,1.3574236688342115e-16,0.0,0.0,0.2
2018-08-20,0.19999999999999996,0.2,0.0,0.19999999999999998,2.2641612324960782e-16,0.19999999999999996,8.23310132452938e-17,6.05057044632916e-17,1.3574236688342115e-16,0.0,0.0,0.2
2018-08-21,0.19999999999999996,0.2,0.0,0.19999999999999998,2.2641612324960782e-16,0.19999999999999996,8.23310132452938e-17,6.05057044632916e-17,1.3574236688342115e-16,0.0,0.0,0.2
2018-08-22,0.19999999999999996,0.2,0.0,0.19999999999999998,2.2641612324960782e-16,0.19999999999999996,8.23310132452938e-17,6.05057044632916e-17,1.3574236688342115e-16,0.0,0.0,0.2
2018-08-23,0.19999999999999996,0.2,0.0,0.19999999999999998,2.2641612324960782e-16,0.19999999999999996,8.23310132452938e-17,6.05057044632916e-17,1.3574236688342115e-16,0.0,0.0,0.2
2018-08-24,0.2,0.10272147345531914,0.0972785265446807,0.2,0.0,0.2,0.0,8.703701453549094e-17,7.791843357998053e-17,0.0,0.0,0.2
2018-08-27,0.2,0.10272147345531914,0.0972785265446807,0.2,0.0,0.2,0.0,8.703701453549094e-17,7.791843357998053e-17,0.0,0.0,0.2
2018-08-28,0.2,0.10272147345531914,0.0972785265446807,0.2,0.0,0.2,0.0,8.703701453549094e-17,7.791843357998053e-17,0.0,0.0,0.2
2018-08-29,0.2,0.10272147345531914,0.0972785265446807,0.2,0.0,0.2,0.0,8.703701453549094e-17,7.791843357998053e-17,0.0,0.0,0.2
2018-08-30,0.2,0.10272147345531914,0.0972785265446807,0.2,0.0,0.2,0.0,8.703701453549094e-17,7.791843357998053e-17,0.0,0.0,0.2
2018-08-31,0.2,0.10272147345531914,0.0972785265446807,0.2,0.0,0.2,0.0,8.703701453549094e-17,7.791843357998053e-17,0.0,0.0,0.2
2018-09-04,0.2,0.10272147345531914,0.0972785265446807,0.2,0.0,0.2,0.0,8.703701453549094e-17,7.791843357998053e-17,0.0,0.0,0.2
2018-09-05,0.2,0.10272147345531914,0.0972785265446807,0.2,0.0,0.2,0.0,8.703701453549094e-17,7.791843357998053e-17,0.0,0.0,0.2
2018-09-06,0.2,0.10272147345531914,0.0972785265446807,0.2,0.0,0.2,0.0,8.703701453549094e-17,7.791843357998053e-17,0.0,0.0,0.2
2018-09-07,0.2,0.10272147345531914,0.0972785265446807,0.2,0.0,0.2,0.0,8.703701453549094e-17,7.791843357998053e-17,0.0,0.0,0.2
2018-09-10,0.19999999999999976,4.367166350771612e-16,0.19999999999999973,0.0690425334989484,0.13095746650105128,0.2,2.070096275142923e-17,0.0,1.4842986772885235e-16,6.381615406085517e-17,2.278947837407174e-16,0.19999999999999996
2018-09-11,0.19999999999999976,4.367166350771612e-16,0.19999999999999973,0.0690425334989484,0.13095746650105128,0.2,2.070096275142923e-17,0.0,1.4842986772885235e-16,6.381615406085517e-17,2.278947837407174e-16,0.19999999999999996
2018-09-12,0.19999999999999976,4.367166350771612e-16,0.19999999999999973,0.0690425334989484,0.13095746650105128,0.2,2.070096275142923e-17,0.0,1.4842986772885235e-16,6.381615406085517e-17,2.278947837407174e-16,0.19999999999999996
2018-09-13,0.19999999999999976,4.367166350771612e-16,0.19999999999999973,0.0690425334989484,0.13095746650105128,0.2,2.070096275142923e-17,0.0,1.4842986772885235e-16,6.381615406085517e-17,2.278947837407174e-16,0.19999999999999996
2018-09-14,0.19999999999999976,4.367166350771612e-16,0.19999999999999973,0.0690425334989484,0.13095746650105128,0.2,2.070096275142923e-17,0.0,1.4842986772885235e-16,6.381615406085517e-17,2.278947837407174e-16,0.19999999999999996
2018-09-17,0.2,0.02655064210325258,0.07720452856367725,0.09624482933307019,0.2,0.2,0.0,0.0,8.948484775871718e-17,0.0,0.0,0.1999999999999999
2018-09-18,0.2,0.02655064210325258,0.07720452856367725,0.09624482933307019,0.2,0.2,0.0,0.0,8.948484775871718e-17,0.0,0.0,0.1999999999999999
2018-09-19,0.2,0.02655064210325258,0.07720452856367725,0.09624482933307019,0.2,0.2,0.0,0.0,8.948484775871718e-17,0.0,0.0,0.1999999999999999
2018-09-20,0.2,0.02655064210325258,0.07720452856367725,0.09624482933307019,0.2,0.2,0.0,0.0,8.948484775871718e-17,0.0,0.0,0.1999999999999999
2018-09-21,0.2,0.02655064210325258,0.07720452856367725,0.09624482933307019,0.2,0.2,0.0,0.0,8.948484775871718e-17,0.0,0.0,0.1999999999999999
2018-09-24,0.2,0.2,0.2,2.2518879122523927e-16,0.0,0.2,0.0,0.0,0.0,0.0,1.3746353869605507e-17,0.19999999999999993
2018-09-25,0.2,0.2,0.2,2.2518879122523927e-16,0.0,0.2,0.0,0.0,0.0,0.0,1.3746353869605507e-17,0.19999999999999993
2018-09-26,0.2,0.2,0.2,2.2518879122523927e-16,0.0,0.2,0.0,0.0,0.0,0.0,1.3746353869605507e-17,0.19999999999999993
2018-09-27,0.2,0.2,0.2,2.2518879122523927e-16,0.0,0.2,0.0,0.0,0.0,0.0,1.3746353869605507e-17,0.19999999999999993
2018-09-28,0.2,0.2,0.2,2.2518879122523927e-16,0.0,0.2,0.0,0.0,0.0,0.0,1.3746353869605507e-17,0.19999999999999993
2018-10-01,0.19999999999999998,0.19999999999999987,9.606031248221569e-17,0.11327679970229093,0.08672320029770912,0.19999999999999998,0.0,0.0,0.0,0.0,0.0,0.2
2018-10-02,0.19999999999999998,0.19999999999999987,9.606031248221569e-17,0.11327679970229093,0.08672320029770912,0.19999999999999998,0.0,0.0,0.0,0.0,0.0,0.2
2018-10-03,0.19999999999999998,0.19999999999999987,9.606031248221569e-17,0.11327679970229093,0.08672320029770912,0.19999999999999998,0.0,0.0,0.0,0.0,0.0,0.2
2018-10-04,0.19999999999999998,0.19999999999999987,9.606031248221569e-17,0.11327679970229093,0.08672320029770912,0.19999999999999998,0.0,0.0,0.0,0.0,0.0,0.2
2018-10-05,0.19999999999999998,0.19999999999999987,9.606031248221569e-17,0.11327679970229093,0.08672320029770912,0.19999999999999998,0.0,0.0,0.0,0.0,0.0,0.2
2018-10-08,0.2,0.2,0.0,0.19999999999999998,2.8449465006019636e-16,0.2,0.0,4.8690126171607876e-17,0.0,0.0,0.0,0.2
2018-10-09,0.2,0.2,0.0,0.19999999999999998,2.8449465006019636e-16,0.2,0.0,4.8690126171607876e-17,0.0,0.0,0.0,0.2
2018-10-10,0.2,0.2,0.0,0.19999999999999998,2.8449465006019636e-16,0.2,0.0,4.8690126171607876e-17,0.0,0.0,0.0,0.2
2018-10-11,0.2,0.2,0.0,0.19999999999999998,2.8449465006019636e-16,0.2,0.0,4.8690126171607876e-17,0.0,0.0,0.0,0.2
2018-10-12,0.2,0.2,0.0,0.19999999999999998,2.8449465006019636e-16,0.2,0.0,4.8690126171607876e-17,0.0,0.0,0.0,0.2
2018-10-15,6.326693353676507e-17,0.10722864582821173,0.06382336075432458,2.31889579558388e-16,4.466377317847216e-17,0.04928233519953449,0.04882982554063835,0.19999999999999996,7.915676617704635e-18,0.2,0.2,0.1308358326772904
2018-10-16,6.326693353676507e-17,0.10722864582821173,0.06382336075432458,2.31889579558388e-16,4.466377317847216e-17,0.04928233519953449,0.04882982554063835,0.19999999999999996,7.915676617704635e-18,0.2,0.2,0.1308358326772904
2018-10-17,6.326693353676507e-17,0.10722864582821173,0.06382336075432458,2.31889579558388e-16,4.466377317847216e-17,0.04928233519953449,0.04882982554063835,0.19999999999999996,7.915676617704635e-18,0.2,0.2,0.1308358326772904
2018-10-18,6.326693353676507e-17,0.10722864582821173,0.06382336075432458,2.31889579558388e-16,4.466377317847216e-17,0.04928233519953449,0.04882982554063835,0.19999999999999996,7.915676617704635e-18,0.2,0.2,0.1308358326772904
2018-10-19,6.326693353676507e-17,0.10722864582821173,0.06382336075432458,2.31889579558388e-16,4.466377317847216e-17,0.04928233519953449,0.04882982554063835,0.19999999999999996,7.915676617704635e-18,0.2,0.2,0.1308358326772904
2018-10-22,6.326693353676507e-17,0.10722864582821173,0.06382336075432458,2.31889579558388e-16,4.466377317847216e-17,0.04928233519953449,0.04882982554063835,0.19999999999999996,7.915676617704635e-18,0.2,0.2,0.1308358326772904
2018-10-23,6.326693353676507e-17,0.10722864582821173,0.06382336075432458,2.31889579558388e-16,4.466377317847216e-17,0.04928233519953449,0.04882982554063835,0.19999999999999996,7.915676617704635e-18,0.2,0.2,0.1308358326772904
2018-10-24,6.326693353676507e-17,0.10722864582821173,0.06382336075432458,2.31889579558388e-16,4.466377317847216e-17,0.04928233519953449,0.04882982554063835,0.19999999999999996,7.915676617704635e-18,0.2,0.2,0.1308358326772904
2018-10-25,6.326693353676507e-17,0.10722864582821173,0.06382336075432458,2.31889579558388e-16,4.466377317847216e-17,0.04928233519953449,0.04882982554063835,0.19999999999999996,7.915676617704635e-18,0.2,0.2,0.1308358326772904
2018-10-26,6.326693353676507e-17,0.10722864582821173,0.06382336075432458,2.31889579558388e-16,4.466377317847216e-17,0.04928233519953449,0.04882982554063835,0.19999999999999996,7.915676617704635e-18,0.2,0.2,0.1308358326772904
2018-10-29,6.326693353676507e-17,0.10722864582821173,0.06382336075432458,2.31889579558388e-16,4.466377317847216e-17,0.04928233519953449,0.04882982554063835,0.19999999999999996,7.915676617704635e-18,0.2,0.2,0.1308358326772904
2018-10-30,6.326693353676507e-17,0.10722864582821173,0.06382336075432458,2.31889579558388e-16,4.466377317847216e-17,0.04928233519953449,0.04882982554063835,0.19999999999999996,7.915676617704635e-18,0.2,0.2,0.1308358326772904
2018-10-31,6.326693353676507e-17,0.10722864582821173,0.06382336075432458,2.31889579558388e-16,4.466377317847216e-17,0.04928233519953449,0.04882982554063835,0.19999999999999996,7.915676617704635e-18,0.2,0.2,0.1308358326772904
2018-11-01,6.326693353676507e-17,0.10722864582821173,0.06382336075432458,2.31889579558388e-16,4.466377317847216e-17,0.04928233519953449,0.04882982554063835,0.19999999999999996,7.915676617704635e-18,0.2,0.2,0.1308358326772904
2018-11-02,6.326693353676507e-17,0.10722864582821173,0.06382336075432458,2.31889579558388e-16,4.466377317847216e-17,0.04928233519953449,0.04882982554063835,0.19999999999999996,7.915676617704635e-18,0.2,0.2,0.1308358326772904
2018-11-05,6.326693353676507e-17,0.10722864582821173,0.06382336075432458,2.31889579558388e-16,4.466377317847216e-17,0.04928233519953449,0.04882982554063835,0.19999999999999996,7.915676617704635e-18,0.2,0.2,0.1308358326772904
2018-11-06,6.326693353676507e-17,0.10722864582821173,0.06382336075432458,2.31889579558388e-16,4.466377317847216e-17,0.04928233519953449,0.04882982554063835,0.19999999999999996,7.915676617704635e-18,0.2,0.2,0.1308358326772904
2018-11-07,6.326693353676507e-17,0.10722864582821173,0.06382336075432458,2.31889579558388e-16,4.466377317847216e-17,0.04928233519953449,0.04882982554063835,0.19999999999999996,7.915676617704635e-18,0.2,0.2,0.1308358326772904
2018-11-08,6.326693353676507e-17,0.10722864582821173,0.06382336075432458,2.31889579558388e-16,4.466377317847216e-17,0.04928233519953449,0.04882982554063835,0.19999999999999996,7.915676617704635e-18,0.2,0.2,0.1308358326772904
2018-11-09,6.326693353676507e-17,0.10722864582821173,0.06382336075432458,2.31889579558388e-16,4.466377317847216e-17,0.04928233519953449,0.04882982554063835,0.19999999999999996,7.915676617704635e-18,0.2,0.2,0.1308358326772904
2018-11-12,6.326693353676507e-17,0.10722864582821173,0.06382336075432458,2.31889579558388e-16,4.466377317847216e-17,0.04928233519953449,0.04882982554063835,0.19999999999999996,7.915676617704635e-18,0.2,0.2,0.1308358326772904
2018-11-13,6.326693353676507e-17,0.10722864582821173,0.06382336075432458,2.31889579558388e-16,4.466377317847216e-17,0.04928233519953449,0.04882982554063835,0.19999999999999996,7.915676617704635e-18,0.2,0.2,0.1308358326772904
2018-11-14,6.326693353676507e-17,0.10722864582821173,0.06382336075432458,2.31889579558388e-16,4.466377317847216e-17,0.04928233519953449,0.04882982554063835,0.19999999999999996,7.915676617704635e-18,0.2,0.2,0.1308358326772904
2018-11-15,6.326693353676507e-17,0.10722864582821173,0.06382336075432458,2.31889579558388e-16,4.466377317847216e-17,0.04928233519953449,0.04882982554063835,0.19999999999999996,7.915676617704635e-18,0.2,0.2,0.1308358326772904
2018-11-16,6.326693353676507e-17,0.10722864582821173,0.06382336075432458,2.31889579558388e-16,4.466377317847216e-17,0.04928233519953449,0.04882982554063835,0.19999999999999996,7.915676617704635e-18,0.2,0.2,0.1308358326772904
2018-11-19,1.2854864267773067e-17,0.12039244017015523,0.04528648893031251,0.027071537258582083,3.3354464673972674e-17,0.0654884528773722,0.06421079116113006,0.19999999999999998,5.481696822391441e-17,0.2,0.2,0.0775502896024479
2018-11-20,1.2854864267773067e-17,0.12039244017015523,0.04528648893031251,0.027071537258582083,3.3354464673972674e-17,0.0654884528773722,0.06421079116113006,0.19999999999999998,5.481696822391441e-17,0.2,0.2,0.0775502896024479
2018-11-21,1.2854864267773067e-17,0.12039244017015523,0.04528648893031251,0.027071537258582083,3.3354464673972674e-17,0.0654884528773722,0.06421079116113006,0.19999999999999998,5.481696822391441e-17,0.2,0.2,0.0775502896024479
2018-11-23,1.2854864267773067e-17,0.12039244017015523,0.04528648893031251,0.027071537258582083,3.3354464673972674e-17,0.0654884528773722,0.06421079116113006,0.19999999999999998,5.481696822391441e-17,0.2,0.2,0.0775502896024479
2018-11-26,1.2854864267773067e-17,0.12039244017015523,0.04528648893031251,0.027071537258582083,3.3354464673972674e-17,0.0654884528773722,0.06421079116113006,0.19999999999999998,5.481696822391441e-17,0.2,0.2,0.0775502896024479
2018-11-27,8.75099795483978e-20,0.11299120131525058,0.055180168482970214,1.6403138308299477e-19,2.8299370650328875e-18,0.0510091638124319,0.052125907831729615,0.2,9.683926760976608e-17,0.2,0.2,0.1286935585576177
2018-11-28,8.75099795483978e-20,0.11299120131525058,0.055180168482970214,1.6403138308299477e-19,2.8299370650328875e-18,0.0510091638124319,0.052125907831729615,0.2,9.683926760976608e-17,0.2,0.2,0.1286935585576177
2018-11-29,8.75099795483978e-20,0.11299120131525058,0.055180168482970214,1.6403138308299477e-19,2.8299370650328875e-18,0.0510091638124319,0.052125907831729615,0.2,9.683926760976608e-17,0.2,0.2,0.1286935585576177
2018-11-30,8.75099795483978e-20,0.11299120131525058,0.055180168482970214,1.6403138308299477e-19,2.8299370650328875e-18,0.0510091638124319,0.052125907831729615,0.2,9.683926760976608e-17,0.2,0.2,0.1286935585576177
2018-12-03,8.75099795483978e-20,0.11299120131525058,0.055180168482970214,1.6403138308299477e-19,2.8299370650328875e-18,0.0510091638124319,0.052125907831729615,0.2,9.683926760976608e-17,0.2,0.2,0.1286935585576177
2018-12-04,8.75099795483978e-20,0.11299120131525058,0.055180168482970214,1.6403138308299477e-19,2.8299370650328875e-18,0.0510091638124319,0.052125907831729615,0.2,9.683926760976608e-17,0.2,0.2,0.1286935585576177
2018-12-06,8.75099795483978e-20,0.11299120131525058,0.055180168482970214,1.6403138308299477e-19,2.8299370650328875e-18,0.0510091638124319,0.052125907831729615,0.2,9.683926760976608e-17,0.2,0.2,0.1286935585576177
2018-12-07,8.75099795483978e-20,0.11299120131525058,0.055180168482970214,1.6403138308299477e-19,2.8299370650328875e-18,0.0510091638124319,0.052125907831729615,0.2,9.683926760976608e-17,0.2,0.2,0.1286935585576177
2018-12-10,8.75099795483978e-20,0.11299120131525058,0.055180168482970214,1.6403138308299477e-19,2.8299370650328875e-18,0.0510091638124319,0.052125907831729615,0.2,9.683926760976608e-17,0.2,0.2,0.1286935585576177
2018-12-11,8.75099795483978e-20,0.11299120131525058,0.055180168482970214,1.6403138308299477e-19,2.8299370650328875e-18,0.0510091638124319,0.052125907831729615,0.2,9.683926760976608e-17,0.2,0.2,0.1286935585576177
2018-12-12,1.2212534172512995e-17,0.18180983729621739,8.392697003640796e-17,2.3664972808911503e-20,1.3164249747637313e-17,0.09575896252499147,0.12243120017879099,0.2,1.6757330446926328e-16,0.2,0.2,2.1815188360422062e-17
2018-12-13,1.2212534172512995e-17,0.18180983729621739,8.392697003640796e-17,2.3664972808911503e-20,1.3164249747637313e-17,0.09575896252499147,0.12243120017879099,0.2,1.6757330446926328e-16,0.2,0.2,2.1815188360422062e-17
2018-12-14,1.2212534172512995e-17,0.18180983729621739,8.392697003640796e-17,2.3664972808911503e-20,1.3164249747637313e-17,0.09575896252499147,0.12243120017879099,0.2,1.6757330446926328e-16,0.2,0.2,2.1815188360422062e-17
2018-12-17,1.2212534172512995e-17,0.18180983729621739,8.392697003640796e-17,2.3664972808911503e-20,1.3164249747637313e-17,0.09575896252499147,0.12243120017879099,0.2,1.6757330446926328e-16,0.2,0.2,2.1815188360422062e-17
2018-12-18,1.2212534172512995e-17,0.18180983729621739,8.392697003640796e-17,2.3664972808911503e-20,1.3164249747637313e-17,0.09575896252499147,0.12243120017879099,0.2,1.6757330446926328e-16,0.2,0.2,2.1815188360422062e-17
2018-12-19,1.2212534172512995e-17,0.18180983729621739,8.392697003640796e-17,2.3664972808911503e-20,1.3164249747637313e-17,0.09575896252499147,0.12243120017879099,0.2,1.6757330446926328e-16,0.2,0.2,2.1815188360422062e-17
2018-12-20,1.2212534172512995e-17,0.18180983729621739,8.392697003640796e-17,2.3664972808911503e-20,1.3164249747637313e-17,0.09575896252499147,0.12243120017879099,0.2,1.6757330446926328e-16,0.2,0.2,2.1815188360422062e-17
2018-12-21,1.2212534172512995e-17,0.18180983729621739,8.392697003640796e-17,2.3664972808911503e-20,1.3164249747637313e-17,0.09575896252499147,0.12243120017879099,0.2,1.6757330446926328e-16,0.2,0.2,2.1815188360422062e-17
2018-12-24,1.2212534172512995e-17,0.18180983729621739,8.392697003640796e-17,2.3664972808911503e-20,1.3164249747637313e-17,0.09575896252499147,0.12243120017879099,0.2,1.6757330446926328e-16,0.2,0.2,2.1815188360422062e-17
2018-12-26,1.2212534172512995e-17,0.18180983729621739,8.392697003640796e-17,2.3664972808911503e-20,1.3164249747637313e-17,0.09575896252499147,0.12243120017879099,0.2,1.6757330446926328e-16,0.2,0.2,2.1815188360422062e-17
2018-12-27,1.2212534172512995e-17,0.18180983729621739,8.392697003640796e-17,2.3664972808911503e-20,1.3164249747637313e-17,0.09575896252499147,0.12243120017879099,0.2,1.6757330446926328e-16,0.2,0.2,2.1815188360422062e-17
2018-12-28,1.2212534172512995e-17,0.18180983729621739,8.392697003640796e-17,2.3664972808911503e-20,1.3164249747637313e-17,0.09575896252499147,0.12243120017879099,0.2,1.6757330446926328e-16,0.2,0.2,2.1815188360422062e-17
2018-12-31,1.2212534172512995e-17,0.18180983729621739,8.392697003640796e-17,2.3664972808911503e-20,1.3164249747637313e-17,0.09575896252499147,0.12243120017879099,0.2,1.6757330446926328e-16,0.2,0.2,2.1815188360422062e-17
2019-01-02,1.2212534172512995e-17,0.18180983729621739,8.392697003640796e-17,2.3664972808911503e-20,1.3164249747637313e-17,0.09575896252499147,0.12243120017879099,0.2,1.6757330446926328e-16,0.2,0.2,2.1815188360422062e-17
2019-01-03,1.2212534172512995e-17,0.18180983729621739,8.392697003640796e-17,2.3664972808911503e-20,1.3164249747637313e-17,0.09575896252499147,0.12243120017879099,0.2,1.6757330446926328e-16,0.2,0.2,2.1815188360422062e-17
2019-01-04,1.2212534172512995e-17,0.18180983729621739,8.392697003640796e-17,2.3664972808911503e-20,1.3164249747637313e-17,0.09575896252499147,0.12243120017879099,0.2,1.6757330446926328e-16,0.2,0.2,2.1815188360422062e-17
2019-01-07,1.2212534172512995e-17,0.18180983729621739,8.392697003640796e-17,2.3664972808911503e-20,1.3164249747637313e-17,0.09575896252499147,0.12243120017879099,0.2,1.6757330446926328e-16,0.2,0.2,2.1815188360422062e-17
2019-01-08,1.2212534172512995e-17,0.18180983729621739,8.392697003640796e-17,2.3664972808911503e-20,1.3164249747637313e-17,0.09575896252499147,0.12243120017879099,0.2,1.6757330446926328e-16,0.2,0.2,2.1815188360422062e-17
2019-01-09,1.2212534172512995e-17,0.18180983729621739,8.392697003640796e-17,2.3664972808911503e-20,1.3164249747637313e-17,0.09575896252499147,0.12243120017879099,0.2,1.6757330446926328e-16,0.2,0.2,2.1815188360422062e-17
2019-01-10,1.2212534172512995e-17,0.18180983729621739,8.392697003640796e-17,2.3664972808911503e-20,1.3164249747637313e-17,0.09575896252499147,0.12243120017879099,0.2,1.6757330446926328e-16,0.2,0.2,2.1815188360422062e-17
2019-01-11,1.2212534172512995e-17,0.18180983729621739,8.392697003640796e-17,2.3664972808911503e-20,1.3164249747637313e-17,0.09575896252499147,0.12243120017879099,0.2,1.6757330446926328e-16,0.2,0.2,2.1815188360422062e-17
2019-01-14,1.2212534172512995e-17,0.18180983729621739,8.392697003640796e-17,2.3664972808911503e-20,1.3164249747637313e-17,0.09575896252499147,0.12243120017879099,0.2,1.6757330446926328e-16,0.2,0.2,2.1815188360422062e-17
2019-01-15,1.2212534172512995e-17,0.18180983729621739,8.392697003640796e-17,2.3664972808911503e-20,1.3164249747637313e-17,0.09575896252499147,0.12243120017879099,0.2,1.6757330446926328e-16,0.2,0.2,2.1815188360422062e-17
2019-01-16,1.2212534172512995e-17,0.18180983729621739,8.392697003640796e-17,2.3664972808911503e-20,1.3164249747637313e-17,0.09575896252499147,0.12243120017879099,0.2,1.6757330446926328e-16,0.2,0.2,2.1815188360422062e-17
2019-01-17,1.2212534172512995e-17,0.18180983729621739,8.392697003640796e-17,2.3664972808911503e-20,1.3164249747637313e-17,0.09575896252499147,0.12243120017879099,0.2,1.6757330446926328e-16,0.2,0.2,2.1815188360422062e-17
2019-01-18,1.2212534172512995e-17,0.18180983729621739,8.392697003640796e-17,2.3664972808911503e-20,1.3164249747637313e-17,0.09575896252499147,0.12243120017879099,0.2,1.6757330446926328e-16,0.2,0.2,2.1815188360422062e-17
2019-01-22,1.2212534172512995e-17,0.18180983729621739,8.392697003640796e-17,2.3664972808911503e-20,1.3164249747637313e-17,0.09575896252499147,0.12243120017879099,0.2,1.6757330446926328e-16,0.2,0.2,2.1815188360422062e-17
2019-01-23,1.2212534172512995e-17,0.18180983729621739,8.392697003640796e-17,2.3664972808911503e-20,1.3164249747637313e-17,0.09575896252499147,0.12243120017879099,0.2,1.6757330446926328e-16,0.2,0.2,2.1815188360422062e-17
2019-01-24,1.2212534172512995e-17,0.18180983729621739,8.392697003640796e-17,2.3664972808911503e-20,1.3164249747637313e-17,0.09575896252499147,0.12243120017879099,0.2,1.6757330446926328e-16,0.2,0.2,2.1815188360422062e-17
2019-01-25,1.2212534172512995e-17,0.18180983729621739,8.392697003640796e-17,2.3664972808911503e-20,1.3164249747637313e-17,0.09575896252499147,0.12243120017879099,0.2,1.6757330446926328e-16,0.2,0.2,2.1815188360422062e-17
2019-01-28,1.2212534172512995e-17,0.18180983729621739,8.392697003640796e-17,2.3664972808911503e-20,1.3164249747637313e-17,0.09575896252499147,0.12243120017879099,0.2,1.6757330446926328e-16,0.2,0.2,2.1815188360422062e-17
2019-01-29,1.2212534172512995e-17,0.18180983729621739,8.392697003640796e-17,2.3664972808911503e-20,1.3164249747637313e-17,0.09575896252499147,0.12243120017879099,0.2,1.6757330446926328e-16,0.2,0.2,2.1815188360422062e-17
2019-01-30,1.2212534172512995e-17,0.18180983729621739,8.392697003640796e-17,2.3664972808911503e-20,1.3164249747637313e-17,0.09575896252499147,0.12243120017879099,0.2,1.6757330446926328e-16,0.2,0.2,2.1815188360422062e-17
2019-01-31,1.2212534172512995e-17,0.18180983729621739,8.392697003640796e-17,2.3664972808911503e-20,1.3164249747637313e-17,0.09575896252499147,0.12243120017879099,0.2,1.6757330446926328e-16,0.2,0.2,2.1815188360422062e-17
2019-02-01,1.2212534172512995e-17,0.18180983729621739,8.392697003640796e-17,2.3664972808911503e-20,1.3164249747637313e-17,0.09575896252499147,0.12243120017879099,0.2,1.6757330446926328e-16,0.2,0.2,2.1815188360422062e-17
2019-02-04,0.0,0.19999999999999984,9.30460393642725e-18,0.0,2.922992660415923e-17,0.051363540794350064,0.14863645920565013,0.2,4.887992254139641e-18,0.19999999999999998,0.2,4.4094364930499895e-17
2019-02-05,0.0,0.19999999999999984,9.30460393642725e-18,0.0,2.922992660415923e-17,0.051363540794350064,0.14863645920565013,0.2,4.887992254139641e-18,0.19999999999999998,0.2,4.4094364930499895e-17
2019-02-06,0.0,0.19999999999999984,9.30460393642725e-18,0.0,2.922992660415923e-17,0.051363540794350064,0.14863645920565013,0.2,4.887992254139641e-18,0.19999999999999998,0.2,4.4094364930499895e-17
2019-02-07,0.0,0.19999999999999984,9.30460393642725e-18,0.0,2.922992660415923e-17,0.051363540794350064,0.14863645920565013,0.2,4.887992254139641e-18,0.19999999999999998,0.2,4.4094364930499895e-17
2019-02-08,0.0,0.19999999999999984,9.30460393642725e-18,0.0,2.922992660415923e-17,0.051363540794350064,0.14863645920565013,0.2,4.887992254139641e-18,0.19999999999999998,0.2,4.4094364930499895e-17
2019-02-11,1.5495659964127527e-18,0.16042183630250026,0.02194286237802013,0.09070181575231145,1.2156370086235993e-18,2.952840605877507e-17,0.09879236553082407,0.2,0.02814112003634411,0.2,0.2,1.0092821369630949e-17
2019-02-12,1.5495659964127527e-18,0.16042183630250026,0.02194286237802013,0.09070181575231145,1.2156370086235993e-18,2.952840605877507e-17,0.09879236553082407,0.2,0.02814112003634411,0.2,0.2,1.0092821369630949e-17
2019-02-13,1.5495659964127527e-18,0.16042183630250026,0.02194286237802013,0.09070181575231145,1.2156370086235993e-18,2.952840605877507e-17,0.09879236553082407,0.2,0.02814112003634411,0.2,0.2,1.0092821369630949e-17
2019-02-14,1.5495659964127527e-18,0.16042183630250026,0.02194286237802013,0.09070181575231145,1.2156370086235993e-18,2.952840605877507e-17,0.09879236553082407,0.2,0.02814112003634411,0.2,0.2,1.0092821369630949e-17
2019-02-15,1.5495659964127527e-18,0.16042183630250026,0.02194286237802013,0.09070181575231145,1.2156370086235993e-18,2.952840605877507e-17,0.09879236553082407,0.2,0.02814112003634411,0.2,0.2,1.0092821369630949e-17
2019-02-19,1.5495659964127527e-18,0.16042183630250026,0.02194286237802013,0.09070181575231145,1.2156370086235993e-18,2.952840605877507e-17,0.09879236553082407,0.2,0.02814112003634411,0.2,0.2,1.0092821369630949e-17
2019-02-20,1.5495659964127527e-18,0.16042183630250026,0.02194286237802013,0.09070181575231145,1.2156370086235993e-18,2.952840605877507e-17,0.09879236553082407,0.2,0.02814112003634411,0.2,0.2,1.0092821369630949e-17
2019-02-21,1.5495659964127527e-18,0.16042183630250026,0.02194286237802013,0.09070181575231145,1.2156370086235993e-18,2.952840605877507e-17,0.09879236553082407,0.2,0.02814112003634411,0.2,0.2,1.0092821369630949e-17
2019-02-22,1.5495659964127527e-18,0.16042183630250026,0.02194286237802013,0.09070181575231145,1.2156370086235993e-18,2.952840605877507e-17,0.09879236553082407,0.2,0.02814112003634411,0.2,0.2,1.0092821369630949e-17
2019-02-25,1.5495659964127527e-18,0.16042183630250026,0.02194286237802013,0.09070181575231145,1.2156370086235993e-18,2.952840605877507e-17,0.09879236553082407,0.2,0.02814112003634411,0.2,0.2,1.0092821369630949e-17
2019-02-26,1.5495659964127527e-18,0.16042183630250026,0.02194286237802013,0.09070181575231145,1.2156370086235993e-18,2.952840605877507e-17,0.09879236553082407,0.2,0.02814112003634411,0.2,0.2,1.0092821369630949e-17
2019-02-27,1.5495659964127527e-18,0.16042183630250026,0.02194286237802013,0.09070181575231145,1.2156370086235993e-18,2.952840605877507e-17,0.09879236553082407,0.2,0.02814112003634411,0.2,0.2,1.0092821369630949e-17
2019-02-28,1.5495659964127527e-18,0.16042183630250026,0.02194286237802013,0.09070181575231145,1.2156370086235993e-18,2.952840605877507e-17,0.09879236553082407,0.2,0.02814112003634411,0.2,0.2,1.0092821369630949e-17
2019-03-01,1.5495659964127527e-18,0.16042183630250026,0.02194286237802013,0.09070181575231145,1.2156370086235993e-18,2.952840605877507e-17,0.09879236553082407,0.2,0.02814112003634411,0.2,0.2,1.0092821369630949e-17
2019-03-04,1.5495659964127527e-18,0.16042183630250026,0.02194286237802013,0.09070181575231145,1.2156370086235993e-18,2.952840605877507e-17,0.09879236553082407,0.2,0.02814112003634411,0.2,0.2,1.0092821369630949e-17
2019-03-05,0.1999999999999999,0.1999999999999998,0.0,3.341700485799035e-16,2.4697961460602644e-16,0.1999999999999997,3.0878077872387166e-16,0.19999999999999996,0.0,5.138698752999474e-17,1.4490540637006503e-16,0.1999999999999997
2019-03-06,0.1999999999999999,0.1999999999999998,0.0,3.341700485799035e-16,2.4697961460602644e-16,0.1999999999999997,3.0878077872387166e-16,0.19999999999999996,0.0,5.138698752999474e-17,1.4490540637006503e-16,0.1999999999999997
2019-03-07,0.1999999999999999,0.1999999999999998,0.0,3.341700485799035e-16,2.4697961460602644e-16,0.1999999999999997,3.0878077872387166e-16,0.19999999999999996,0.0,5.138698752999474e-17,1.4490540637006503e-16,0.1999999999999997
2019-03-08,0.1999999999999999,0.1999999999999998,0.0,3.341700485799035e-16,2.4697961460602644e-16,0.1999999999999997,3.0878077872387166e-16,0.19999999999999996,0.0,5.138698752999474e-17,1.4490540637006503e-16,0.1999999999999997
2019-03-11,0.1999999999999999,0.1999999999999998,0.0,3.341700485799035e-16,2.4697961460602644e-16,0.1999999999999997,3.0878077872387166e-16,0.19999999999999996,0.0,5.138698752999474e-17,1.4490540637006503e-16,0.1999999999999997
2019-03-12,0.2,0.19999999999999987,2.937171447899012e-17,2.6020852139652106e-16,4.163336342344337e-17,0.19999999999999984,0.0,0.19999999999999996,1.3183898417423734e-16,0.2,6.375108774214766e-17,0.0
2019-03-13,0.2,0.19999999999999987,2.937171447899012e-17,2.6020852139652106e-16,4.163336342344337e-17,0.19999999999999984,0.0,0.19999999999999996,1.3183898417423734e-16,0.2,6.375108774214766e-17,0.0
2019-03-14,0.2,0.19999999999999987,2.937171447899012e-17,2.6020852139652106e-16,4.163336342344337e-17,0.19999999999999984,0.0,0.19999999999999996,1.3183898417423734e-16,0.2,6.375108774214766e-17,0.0
2019-03-15,0.2,0.19999999999999987,2.937171447899012e-17,2.6020852139652106e-16,4.163336342344337e-17,0.19999999999999984,0.0,0.19999999999999996,1.3183898417423734e-16,0.2,6.375108774214766e-17,0.0
2019-03-18,0.2,0.19999999999999987,2.937171447899012e-17,2.6020852139652106e-16,4.163336342344337e-17,0.19999999999999984,0.0,0.19999999999999996,1.3183898417423734e-16,0.2,6.375108774214766e-17,0.0
2019-03-19,0.19999999999999993,0.19999999999999987,3.147550914864609e-16,0.0,1.1359507044020185e-16,0.19999999999999998,0.11182089377547533,0.19999999999999982,3.4945603118466934e-16,5.4643789493269423e-17,1.7079670624027023e-16,0.08817910622452438
2019-03-20,0.19999999999999993,0.19999999999999987,3.147550914864609e-16,0.0,1.1359507044020185e-16,0.19999999999999998,0.11182089377547533,0.19999999999999982,3.4945603118466934e-16,5.4643789493269423e-17,1.7079670624027023e-16,0.08817910622452438
2019-03-21,0.19999999999999993,0.19999999999999987,3.147550914864609e-16,0.0,1.1359507044020185e-16,0.19999999999999998,0.11182089377547533,0.19999999999999982,3.4945603118466934e-16,5.4643789493269423e-17,1.7079670624027023e-16,0.08817910622452438
2019-03-22,0.19999999999999993,0.19999999999999987,3.147550914864609e-16,0.0,1.1359507044020185e-16,0.19999999999999998,0.11182089377547533,0.19999999999999982,3.4945603118466934e-16,5.4643789493269423e-17,1.7079670624027023e-16,0.08817910622452438
2019-03-25,0.19999999999999993,0.19999999999999987,3.147550914864609e-16,0.0,1.1359507044020185e-16,0.19999999999999998,0.11182089377547533,0.19999999999999982,3.4945603118466934e-16,5.4643789493269423e-17,1.7079670624027023e-16,0.08817910622452438
2019-03-26,0.1999999999999999,0.1999999999999999,2.458714898913521e-17,1.9107006749221087e-17,4.9437719190972395e-17,0.2,0.2,0.1999999999999999,4.382906327351751e-17,0.0,8.926393438708201e-17,2.1141942363467336e-16
2019-03-27,0.1999999999999999,0.1999999999999999,2.458714898913521e-17,1.9107006749221087e-17,4.9437719190972395e-17,0.2,0.2,0.1999999999999999,4.382906327351751e-17,0.0,8.926393438708201e-17,2.1141942363467336e-16
2019-03-28,0.1999999999999999,0.1999999999999999,2.458714898913521e-17,1.9107006749221087e-17,4.9437719190972395e-17,0.2,0.2,0.1999999999999999,4.382906327351751e-17,0.0,8.926393438708201e-17,2.1141942363467336e-16
2019-03-29,0.1999999999999999,0.1999999999999999,2.458714898913521e-17,1.9107006749221087e-17,4.9437719190972395e-17,0.2,0.2,0.1999999999999999,4.382906327351751e-17,0.0,8.926393438708201e-17,2.1141942363467336e-16
2019-04-01,0.1999999999999999,0.1999999999999999,2.458714898913521e-17,1.9107006749221087e-17,4.9437719190972395e-17,0.2,0.2,0.1999999999999999,4.382906327351751e-17,0.0,8.926393438708201e-17,2.1141942363467336e-16
2019-04-02,3.728368281171686e-18,0.16646742804632814,0.07169614178260306,0.0690158894253402,1.0338501333953128e-17,1.4578601717719658e-17,0.09238783110630164,0.2,0.0004327096394270238,0.2,0.19999999999999998,1.5244528505521432e-18
2019-04-03,3.728368281171686e-18,0.16646742804632814,0.07169614178260306,0.0690158894253402,1.0338501333953128e-17,1.4578601717719658e-17,0.09238783110630164,0.2,0.0004327096394270238,0.2,0.19999999999999998,1.5244528505521432e-18
2019-04-04,3.728368281171686e-18,0.16646742804632814,0.07169614178260306,0.0690158894253402,1.0338501333953128e-17,1.4578601717719658e-17,0.09238783110630164,0.2,0.0004327096394270238,0.2,0.19999999999999998,1.5244528505521432e-18
2019-04-05,3.728368281171686e-18,0.16646742804632814,0.07169614178260306,0.0690158894253402,1.0338501333953128e-17,1.4578601717719658e-17,0.09238783110630164,0.2,0.0004327096394270238,0.2,0.19999999999999998,1.5244528505521432e-18
2019-04-08,3.728368281171686e-18,0.16646742804632814,0.07169614178260306,0.0690158894253402,1.0338501333953128e-17,1.4578601717719658e-17,0.09238783110630164,0.2,0.0004327096394270238,0.2,0.19999999999999998,1.5244528505521432e-18
2019-04-09,2.013512038653075e-21,0.14089537549056863,0.0699528999936719,0.07861571964101373,1.0359198021837068e-17,0.0001112356994581282,0.10410191951154367,0.2,0.00632284966374383,0.2,0.2,1.0598020624040572e-17
2019-04-10,2.013512038653075e-21,0.14089537549056863,0.0699528999936719,0.07861571964101373,1.0359198021837068e-17,0.0001112356994581282,0.10410191951154367,0.2,0.00632284966374383,0.2,0.2,1.0598020624040572e-17
2019-04-11,2.013512038653075e-21,0.14089537549056863,0.0699528999936719,0.07861571964101373,1.0359198021837068e-17,0.0001112356994581282,0.10410191951154367,0.2,0.00632284966374383,0.2,0.2,1.0598020624040572e-17
2019-04-12,2.013512038653075e-21,0.14089537549056863,0.0699528999936719,0.07861571964101373,1.0359198021837068e-17,0.0001112356994581282,0.10410191951154367,0.2,0.00632284966374383,0.2,0.2,1.0598020624040572e-17
2019-04-15,2.013512038653075e-21,0.14089537549056863,0.0699528999936719,0.07861571964101373,1.0359198021837068e-17,0.0001112356994581282,0.10410191951154367,0.2,0.00632284966374383,0.2,0.2,1.0598020624040572e-17
2019-04-16,2.013512038653075e-21,0.14089537549056863,0.0699528999936719,0.07861571964101373,1.0359198021837068e-17,0.0001112356994581282,0.10410191951154367,0.2,0.00632284966374383,0.2,0.2,1.0598020624040572e-17
2019-04-17,2.013512038653075e-21,0.14089537549056863,0.0699528999936719,0.07861571964101373,1.0359198021837068e-17,0.0001112356994581282,0.10410191951154367,0.2,0.00632284966374383,0.2,0.2,1.0598020624040572e-17
2019-04-18,2.013512038653075e-21,0.14089537549056863,0.0699528999936719,0.07861571964101373,1.0359198021837068e-17,0.0001112356994581282,0.10410191951154367,0.2,0.00632284966374383,0.2,0.2,1.0598020624040572e-17
2019-04-22,2.013512038653075e-21,0.14089537549056863,0.0699528999936719,0.07861571964101373,1.0359198021837068e-17,0.0001112356994581282,0.10410191951154367,0.2,0.00632284966374383,0.2,0.2,1.0598020624040572e-17
2019-04-23,2.013512038653075e-21,0.14089537549056863,0.0699528999936719,0.07861571964101373,1.0359198021837068e-17,0.0001112356994581282,0.10410191951154367,0.2,0.00632284966374383,0.2,0.2,1.0598020624040572e-17
2019-04-24,0.19999999999999996,3.157196726277789e-16,0.0,0.0,9.379001190404065e-17,0.19999999999999993,0.19999999999999996,0.1999999999999999,0.0,4.6872537152863346e-17,0.0,0.19999999999999987
2019-04-25,0.19999999999999996,3.157196726277789e-16,0.0,0.0,9.379001190404065e-17,0.19999999999999993,0.19999999999999996,0.1999999999999999,0.0,4.6872537152863346e-17,0.0,0.19999999999999987
2019-04-26,0.19999999999999996,3.157196726277789e-16,0.0,0.0,9.379001190404065e-17,0.19999999999999993,0.19999999999999996,0.1999999999999999,0.0,4.6872537152863346e-17,0.0,0.19999999999999987
2019-04-29,0.19999999999999996,3.157196726277789e-16,0.0,0.0,9.379001190404065e-17,0.19999999999999993,0.19999999999999996,0.1999999999999999,0.0,4.6872537152863346e-17,0.0,0.19999999999999987
2019-04-30,0.19999999999999996,3.157196726277789e-16,0.0,0.0,9.379001190404065e-17,0.19999999999999993,0.19999999999999996,0.1999999999999999,0.0,4.6872537152863346e-17,0.0,0.19999999999999987
2019-05-01,0.19999999999999996,3.157196726277789e-16,0.0,0.0,9.379001190404065e-17,0.19999999999999993,0.19999999999999996,0.1999999999999999,0.0,4.6872537152863346e-17,0.0,0.19999999999999987
2019-05-02,0.19999999999999996,3.157196726277789e-16,0.0,0.0,9.379001190404065e-17,0.19999999999999993,0.19999999999999996,0.1999999999999999,0.0,4.6872537152863346e-17,0.0,0.19999999999999987
2019-05-03,0.19999999999999996,3.157196726277789e-16,0.0,0.0,9.379001190404065e-17,0.19999999999999993,0.19999999999999996,0.1999999999999999,0.0,4.6872537152863346e-17,0.0,0.19999999999999987
2019-05-06,0.19999999999999996,3.157196726277789e-16,0.0,0.0,9.379001190404065e-17,0.19999999999999993,0.19999999999999996,0.1999999999999999,0.0,4.6872537152863346e-17,0.0,0.19999999999999987
2019-05-07,0.19999999999999996,3.157196726277789e-16,0.0,0.0,9.379001190404065e-17,0.19999999999999993,0.19999999999999996,0.1999999999999999,0.0,4.6872537152863346e-17,0.0,0.19999999999999987
2019-05-08,0.19999999999999996,0.19999999999999996,5.0130498222006297e-17,0.0,9.939657569479058e-17,0.19999999999999998,0.19999999999999998,0.19999999999999973,1.7451791972295235e-17,1.3621833545657596e-16,2.4731857249838434e-17,1.6653345369377348e-16
2019-05-09,0.19999999999999996,0.19999999999999996,5.0130498222006297e-17,0.0,9.939657569479058e-17,0.19999999999999998,0.19999999999999998,0.19999999999999973,1.7451791972295235e-17,1.3621833545657596e-16,2.4731857249838434e-17,1.6653345369377348e-16
2019-05-10,0.19999999999999996,0.19999999999999996,5.0130498222006297e-17,0.0,9.939657569479058e-17,0.19999999999999998,0.19999999999999998,0.19999999999999973,1.7451791972295235e-17,1.3621833545657596e-16,2.4731857249838434e-17,1.6653345369377348e-16
2019-05-13,0.19999999999999996,0.19999999999999996,5.0130498222006297e-17,0.0,9.939657569479058e-17,0.19999999999999998,0.19999999999999998,0.19999999999999973,1.7451791972295235e-17,1.3621833545657596e-16,2.4731857249838434e-17,1.6653345369377348e-16
2019-05-14,0.19999999999999996,0.19999999999999996,5.0130498222006297e-17,0.0,9.939657569479058e-17,0.19999999999999998,0.19999999999999998,0.19999999999999973,1.7451791972295235e-17,1.3621833545657596e-16,2.4731857249838434e-17,1.6653345369377348e-16
2019-05-15,5.543000136375504e-20,0.15150699429942777,0.0632483348266677,2.4213023962160437e-17,4.930913022360117e-19,0.03810610472993582,0.19999999999999998,0.14713856614396864,2.854084440823881e-17,0.19999999999999998,0.19999999999999998,1.1540380955780268e-16
2019-05-16,5.543000136375504e-20,0.15150699429942777,0.0632483348266677,2.4213023962160437e-17,4.930913022360117e-19,0.03810610472993582,0.19999999999999998,0.14713856614396864,2.854084440823881e-17,0.19999999999999998,0.19999999999999998,1.1540380955780268e-16
2019-05-17,5.543000136375504e-20,0.15150699429942777,0.0632483348266677,2.4213023962160437e-17,4.930913022360117e-19,0.03810610472993582,0.19999999999999998,0.14713856614396864,2.854084440823881e-17,0.19999999999999998,0.19999999999999998,1.1540380955780268e-16
2019-05-20,5.543000136375504e-20,0.15150699429942777,0.0632483348266677,2.4213023962160437e-17,4.930913022360117e-19,0.03810610472993582,0.19999999999999998,0.14713856614396864,2.854084440823881e-17,0.19999999999999998,0.19999999999999998,1.1540380955780268e-16
2019-05-21,5.543000136375504e-20,0.15150699429942777,0.0632483348266677,2.4213023962160437e-17,4.930913022360117e-19,0.03810610472993582,0.19999999999999998,0.14713856614396864,2.854084440823881e-17,0.19999999999999998,0.19999999999999998,1.1540380955780268e-16
2019-05-22,5.543000136375504e-20,0.15150699429942777,0.0632483348266677,2.4213023962160437e-17,4.930913022360117e-19,0.03810610472993582,0.19999999999999998,0.14713856614396864,2.854084440823881e-17,0.19999999999999998,0.19999999999999998,1.1540380955780268e-16
2019-05-23,5.543000136375504e-20,0.15150699429942777,0.0632483348266677,2.4213023962160437e-17,4.930913022360117e-19,0.03810610472993582,0.19999999999999998,0.14713856614396864,2.854084440823881e-17,0.19999999999999998,0.19999999999999998,1.1540380955780268e-16
2019-05-24,5.543000136375504e-20,0.15150699429942777,0.0632483348266677,2.4213023962160437e-17,4.930913022360117e-19,0.03810610472993582,0.19999999999999998,0.14713856614396864,2.854084440823881e-17,0.19999999999999998,0.19999999999999998,1.1540380955780268e-16
2019-05-28,5.543000136375504e-20,0.15150699429942777,0.0632483348266677,2.4213023962160437e-17,4.930913022360117e-19,0.03810610472993582,0.19999999999999998,0.14713856614396864,2.854084440823881e-17,0.19999999999999998,0.19999999999999998,1.1540380955780268e-16
2019-05-29,5.543000136375504e-20,0.15150699429942777,0.0632483348266677,2.4213023962160437e-17,4.930913022360117e-19,0.03810610472993582,0.19999999999999998,0.14713856614396864,2.854084440823881e-17,0.19999999999999998,0.19999999999999998,1.1540380955780268e-16
2019-05-30,1.0332294240222475e-17,0.12067439981556324,0.07789932866065051,2.761341148993334e-17,0.0,0.04256766805445309,0.2,0.15885860346933336,8.348962348751726e-20,0.2,0.2,0.0
2019-05-31,1.0332294240222475e-17,0.12067439981556324,0.07789932866065051,2.761341148993334e-17,0.0,0.04256766805445309,0.2,0.15885860346933336,8.348962348751726e-20,0.2,0.2,0.0
2019-06-03,1.0332294240222475e-17,0.12067439981556324,0.07789932866065051,2.761341148993334e-17,0.0,0.04256766805445309,0.2,0.15885860346933336,8.348962348751726e-20,0.2,0.2,0.0
2019-06-04,1.0332294240222475e-17,0.12067439981556324,0.07789932866065051,2.761341148993334e-17,0.0,0.04256766805445309,0.2,0.15885860346933336,8.348962348751726e-20,0.2,0.2,0.0
2019-06-05,1.0332294240222475e-17,0.12067439981556324,0.07789932866065051,2.761341148993334e-17,0.0,0.04256766805445309,0.2,0.15885860346933336,8.348962348751726e-20,0.2,0.2,0.0
2019-06-06,1.0332294240222475e-17,0.12067439981556324,0.07789932866065051,2.761341148993334e-17,0.0,0.04256766805445309,0.2,0.15885860346933336,8.348962348751726e-20,0.2,0.2,0.0
2019-06-07,1.0332294240222475e-17,0.12067439981556324,0.07789932866065051,2.761341148993334e-17,0.0,0.04256766805445309,0.2,0.15885860346933336,8.348962348751726e-20,0.2,0.2,0.0
2019-06-10,1.0332294240222475e-17,0.12067439981556324,0.07789932866065051,2.761341148993334e-17,0.0,0.04256766805445309,0.2,0.15885860346933336,8.348962348751726e-20,0.2,0.2,0.0
2019-06-11,1.0332294240222475e-17,0.12067439981556324,0.07789932866065051,2.761341148993334e-17,0.0,0.04256766805445309,0.2,0.15885860346933336,8.348962348751726e-20,0.2,0.2,0.0
2019-06-12,1.0332294240222475e-17,0.12067439981556324,0.07789932866065051,2.761341148993334e-17,0.0,0.04256766805445309,0.2,0.15885860346933336,8.348962348751726e-20,0.2,0.2,0.0
2019-06-13,1.0332294240222475e-17,0.12067439981556324,0.07789932866065051,2.761341148993334e-17,0.0,0.04256766805445309,0.2,0.15885860346933336,8.348962348751726e-20,0.2,0.2,0.0
2019-06-14,1.0332294240222475e-17,0.12067439981556324,0.07789932866065051,2.761341148993334e-17,0.0,0.04256766805445309,0.2,0.15885860346933336,8.348962348751726e-20,0.2,0.2,0.0
2019-06-17,1.0332294240222475e-17,0.12067439981556324,0.07789932866065051,2.761341148993334e-17,0.0,0.04256766805445309,0.2,0.15885860346933336,8.348962348751726e-20,0.2,0.2,0.0
2019-06-18,1.0332294240222475e-17,0.12067439981556324,0.07789932866065051,2.761341148993334e-17,0.0,0.04256766805445309,0.2,0.15885860346933336,8.348962348751726e-20,0.2,0.2,0.0
2019-06-19,1.0332294240222475e-17,0.12067439981556324,0.07789932866065051,2.761341148993334e-17,0.0,0.04256766805445309,0.2,0.15885860346933336,8.348962348751726e-20,0.2,0.2,0.0
2019-06-20,1.0332294240222475e-17,0.12067439981556324,0.07789932866065051,2.761341148993334e-17,0.0,0.04256766805445309,0.2,0.15885860346933336,8.348962348751726e-20,0.2,0.2,0.0
2019-06-21,1.0332294240222475e-17,0.12067439981556324,0.07789932866065051,2.761341148993334e-17,0.0,0.04256766805445309,0.2,0.15885860346933336,8.348962348751726e-20,0.2,0.2,0.0
2019-06-24,1.0332294240222475e-17,0.12067439981556324,0.07789932866065051,2.761341148993334e-17,0.0,0.04256766805445309,0.2,0.15885860346933336,8.348962348751726e-20,0.2,0.2,0.0
2019-06-25,1.0332294240222475e-17,0.12067439981556324,0.07789932866065051,2.761341148993334e-17,0.0,0.04256766805445309,0.2,0.15885860346933336,8.348962348751726e-20,0.2,0.2,0.0
2019-06-26,1.0332294240222475e-17,0.12067439981556324,0.07789932866065051,2.761341148993334e-17,0.0,0.04256766805445309,0.2,0.15885860346933336,8.348962348751726e-20,0.2,0.2,0.0
2019-06-27,1.7155246345386495e-18,0.1336641034646724,0.09921432651866723,1.978016873322226e-17,5.223870584238376e-19,0.006978772587321232,0.16621245124927872,0.16772643247701086,0.002715936255320211,0.19999999999999998,0.19999999999999998,0.023487977447729413
2019-06-28,1.7155246345386495e-18,0.1336641034646724,0.09921432651866723,1.978016873322226e-17,5.223870584238376e-19,0.006978772587321232,0.16621245124927872,0.16772643247701086,0.002715936255320211,0.19999999999999998,0.19999999999999998,0.023487977447729413
2019-07-01,1.7155246345386495e-18,0.1336641034646724,0.09921432651866723,1.978016873322226e-17,5.223870584238376e-19,0.006978772587321232,0.16621245124927872,0.16772643247701086,0.002715936255320211,0.19999999999999998,0.19999999999999998,0.023487977447729413
2019-07-02,1.7155246345386495e-18,0.1336641034646724,0.09921432651866723,1.978016873322226e-17,5.223870584238376e-19,0.006978772587321232,0.16621245124927872,0.16772643247701086,0.002715936255320211,0.19999999999999998,0.19999999999999998,0.023487977447729413
2019-07-03,1.7155246345386495e-18,0.1336641034646724,0.09921432651866723,1.978016873322226e-17,5.223870584238376e-19,0.006978772587321232,0.16621245124927872,0.16772643247701086,0.002715936255320211,0.19999999999999998,0.19999999999999998,0.023487977447729413
2019-07-05,1.5633444274304954e-19,0.12251922607487357,0.12803817508024276,1.9254588793344444e-17,5.007531542475031e-19,0.010415861815973267,0.16023141708298458,0.17879531994592576,4.500081686851522e-18,0.2,0.19999999999999998,2.3485752430649935e-16
2019-07-08,1.5633444274304954e-19,0.12251922607487357,0.12803817508024276,1.9254588793344444e-17,5.007531542475031e-19,0.010415861815973267,0.16023141708298458,0.17879531994592576,4.500081686851522e-18,0.2,0.19999999999999998,2.3485752430649935e-16
2019-07-09,1.5633444274304954e-19,0.12251922607487357,0.12803817508024276,1.9254588793344444e-17,5.007531542475031e-19,0.010415861815973267,0.16023141708298458,0.17879531994592576,4.500081686851522e-18,0.2,0.19999999999999998,2.3485752430649935e-16
2019-07-10,1.5633444274304954e-19,0.12251922607487357,0.12803817508024276,1.9254588793344444e-17,5.007531542475031e-19,0.010415861815973267,0.16023141708298458,0.17879531994592576,4.500081686851522e-18,0.2,0.19999999999999998,2.3485752430649935e-16
2019-07-11,1.5633444274304954e-19,0.12251922607487357,0.12803817508024276,1.9254588793344444e-17,5.007531542475031e-19,0.010415861815973267,0.16023141708298458,0.17879531994592576,4.500081686851522e-18,0.2,0.19999999999999998,2.3485752430649935e-16
2019-07-12,0.2,7.389922007661198e-16,0.0,0.0,6.759868203148153e-17,0.1999999999999999,0.2,0.2,0.0,0.0,0.19999999999999984,0.0
2019-07-15,0.2,7.389922007661198e-16,0.0,0.0,6.759868203148153e-17,0.1999999999999999,0.2,0.2,0.0,0.0,0.19999999999999984,0.0
2019-07-16,0.2,7.389922007661198e-16,0.0,0.0,6.759868203148153e-17,0.1999999999999999,0.2,0.2,0.0,0.0,0.19999999999999984,0.0
2019-07-17,0.2,7.389922007661198e-16,0.0,0.0,6.759868203148153e-17,0.1999999999999999,0.2,0.2,0.0,0.0,0.19999999999999984,0.0
2019-07-18,0.2,7.389922007661198e-16,0.0,0.0,6.759868203148153e-17,0.1999999999999999,0.2,0.2,0.0,0.0,0.19999999999999984,0.0
2019-07-19,0.2,7.389922007661198e-16,0.0,0.0,6.759868203148153e-17,0.1999999999999999,0.2,0.2,0.0,0.0,0.19999999999999984,0.0
2019-07-22,0.2,7.389922007661198e-16,0.0,0.0,6.759868203148153e-17,0.1999999999999999,0.2,0.2,0.0,0.0,0.19999999999999984,0.0
2019-07-23,0.2,7.389922007661198e-16,0.0,0.0,6.759868203148153e-17,0.1999999999999999,0.2,0.2,0.0,0.0,0.19999999999999984,0.0
2019-07-24,0.2,7.389922007661198e-16,0.0,0.0,6.759868203148153e-17,0.1999999999999999,0.2,0.2,0.0,0.0,0.19999999999999984,0.0
2019-07-25,0.2,7.389922007661198e-16,0.0,0.0,6.759868203148153e-17,0.1999999999999999,0.2,0.2,0.0,0.0,0.19999999999999984,0.0
2019-07-26,0.2,0.0,0.0,0.0,0.0,0.0894878724495282,0.2,0.2,0.0,0.11051212755047193,0.2,0.0
2019-07-29,0.2,0.0,0.0,0.0,0.0,0.0894878724495282,0.2,0.2,0.0,0.11051212755047193,0.2,0.0
2019-07-30,0.2,0.0,0.0,0.0,0.0,0.0894878724495282,0.2,0.2,0.0,0.11051212755047193,0.2,0.0
2019-07-31,0.2,0.0,0.0,0.0,0.0,0.0894878724495282,0.2,0.2,0.0,0.11051212755047193,0.2,0.0
2019-08-01,0.2,0.0,0.0,0.0,0.0,0.0894878724495282,0.2,0.2,0.0,0.11051212755047193,0.2,0.0
2019-08-02,0.2,3.27189653434548e-17,4.040675256094729e-17,0.0,0.0,0.0,0.19999999999999993,0.2,8.715040491931406e-17,0.1999999999999999,0.19999999999999984,2.7709262774458497e-17
2019-08-05,0.2,3.27189653434548e-17,4.040675256094729e-17,0.0,0.0,0.0,0.19999999999999993,0.2,8.715040491931406e-17,0.1999999999999999,0.19999999999999984,2.7709262774458497e-17
2019-08-06,0.2,3.27189653434548e-17,4.040675256094729e-17,0.0,0.0,0.0,0.19999999999999993,0.2,8.715040491931406e-17,0.1999999999999999,0.19999999999999984,2.7709262774458497e-17
2019-08-07,0.2,3.27189653434548e-17,4.040675256094729e-17,0.0,0.0,0.0,0.19999999999999993,0.2,8.715040491931406e-17,0.1999999999999999,0.19999999999999984,2.7709262774458497e-17
2019-08-08,0.2,3.27189653434548e-17,4.040675256094729e-17,0.0,0.0,0.0,0.19999999999999993,0.2,8.715040491931406e-17,0.1999999999999999,0.19999999999999984,2.7709262774458497e-17
2019-08-09,7.125224771442658e-18,0.15598760683119914,0.08221117915890583,1.0878805496243923e-17,2.786268084069825e-18,0.015261408570304903,0.1071706986400278,0.19999999999999996,6.628247720083673e-17,0.2,0.2,0.03936910679956224
2019-08-12,7.125224771442658e-18,0.15598760683119914,0.08221117915890583,1.0878805496243923e-17,2.786268084069825e-18,0.015261408570304903,0.1071706986400278,0.19999999999999996,6.628247720083673e-17,0.2,0.2,0.03936910679956224
2019-08-13,7.125224771442658e-18,0.15598760683119914,0.08221117915890583,1.0878805496243923e-17,2.786268084069825e-18,0.015261408570304903,0.1071706986400278,0.19999999999999996,6.628247720083673e-17,0.2,0.2,0.03936910679956224
2019-08-14,7.125224771442658e-18,0.15598760683119914,0.08221117915890583,1.0878805496243923e-17,2.786268084069825e-18,0.015261408570304903,0.1071706986400278,0.19999999999999996,6.628247720083673e-17,0.2,0.2,0.03936910679956224
2019-08-15,7.125224771442658e-18,0.15598760683119914,0.08221117915890583,1.0878805496243923e-17,2.786268084069825e-18,0.015261408570304903,0.1071706986400278,0.19999999999999996,6.628247720083673e-17,0.2,0.2,0.03936910679956224
2019-08-16,7.125224771442658e-18,0.15598760683119914,0.08221117915890583,1.0878805496243923e-17,2.786268084069825e-18,0.015261408570304903,0.1071706986400278,0.19999999999999996,6.628247720083673e-17,0.2,0.2,0.03936910679956224
2019-08-19,7.125224771442658e-18,0.15598760683119914,0.08221117915890583,1.0878805496243923e-17,2.786268084069825e-18,0.015261408570304903,0.1071706986400278,0.19999999999999996,6.628247720083673e-17,0.2,0.2,0.03936910679956224
2019-08-20,7.125224771442658e-18,0.15598760683119914,0.08221117915890583,1.0878805496243923e-17,2.786268084069825e-18,0.015261408570304903,0.1071706986400278,0.19999999999999996,6.628247720083673e-17,0.2,0.2,0.03936910679956224
2019-08-21,7.125224771442658e-18,0.15598760683119914,0.08221117915890583,1.0878805496243923e-17,2.786268084069825e-18,0.015261408570304903,0.1071706986400278,0.19999999999999996,6.628247720083673e-17,0.2,0.2,0.03936910679956224
2019-08-22,7.125224771442658e-18,0.15598760683119914,0.08221117915890583,1.0878805496243923e-17,2.786268084069825e-18,0.015261408570304903,0.1071706986400278,0.19999999999999996,6.628247720083673e-17,0.2,0.2,0.03936910679956224
2019-08-23,7.125224771442658e-18,0.15598760683119914,0.08221117915890583,1.0878805496243923e-17,2.786268084069825e-18,0.015261408570304903,0.1071706986400278,0.19999999999999996,6.628247720083673e-17,0.2,0.2,0.03936910679956224
2019-08-26,7.125224771442658e-18,0.15598760683119914,0.08221117915890583,1.0878805496243923e-17,2.786268084069825e-18,0.015261408570304903,0.1071706986400278,0.19999999999999996,6.628247720083673e-17,0.2,0.2,0.03936910679956224
2019-08-27,7.125224771442658e-18,0.15598760683119914,0.08221117915890583,1.0878805496243923e-17,2.786268084069825e-18,0.015261408570304903,0.1071706986400278,0.19999999999999996,6.628247720083673e-17,0.2,0.2,0.03936910679956224
2019-08-28,7.125224771442658e-18,0.15598760683119914,0.08221117915890583,1.0878805496243923e-17,2.786268084069825e-18,0.015261408570304903,0.1071706986400278,0.19999999999999996,6.628247720083673e-17,0.2,0.2,0.03936910679956224
2019-08-29,7.125224771442658e-18,0.15598760683119914,0.08221117915890583,1.0878805496243923e-17,2.786268084069825e-18,0.015261408570304903,0.1071706986400278,0.19999999999999996,6.628247720083673e-17,0.2,0.2,0.03936910679956224
2019-08-30,7.125224771442658e-18,0.15598760683119914,0.08221117915890583,1.0878805496243923e-17,2.786268084069825e-18,0.015261408570304903,0.1071706986400278,0.19999999999999996,6.628247720083673e-17,0.2,0.2,0.03936910679956224
2019-09-03,7.125224771442658e-18,0.15598760683119914,0.08221117915890583,1.0878805496243923e-17,2.786268084069825e-18,0.015261408570304903,0.1071706986400278,0.19999999999999996,6.628247720083673e-17,0.2,0.2,0.03936910679956224
2019-09-04,7.125224771442658e-18,0.15598760683119914,0.08221117915890583,1.0878805496243923e-17,2.786268084069825e-18,0.015261408570304903,0.1071706986400278,0.19999999999999996,6.628247720083673e-17,0.2,0.2,0.03936910679956224
2019-09-05,7.125224771442658e-18,0.15598760683119914,0.08221117915890583,1.0878805496243923e-17,2.786268084069825e-18,0.015261408570304903,0.1071706986400278,0.19999999999999996,6.628247720083673e-17,0.2,0.2,0.03936910679956224
2019-09-06,7.125224771442658e-18,0.15598760683119914,0.08221117915890583,1.0878805496243923e-17,2.786268084069825e-18,0.015261408570304903,0.1071706986400278,0.19999999999999996,6.628247720083673e-17,0.2,0.2,0.03936910679956224
2019-09-09,7.125224771442658e-18,0.15598760683119914,0.08221117915890583,1.0878805496243923e-17,2.786268084069825e-18,0.015261408570304903,0.1071706986400278,0.19999999999999996,6.628247720083673e-17,0.2,0.2,0.03936910679956224
2019-09-10,7.125224771442658e-18,0.15598760683119914,0.08221117915890583,1.0878805496243923e-17,2.786268084069825e-18,0.015261408570304903,0.1071706986400278,0.19999999999999996,6.628247720083673e-17,0.2,0.2,0.03936910679956224
2019-09-11,7.125224771442658e-18,0.15598760683119914,0.08221117915890583,1.0878805496243923e-17,2.786268084069825e-18,0.015261408570304903,0.1071706986400278,0.19999999999999996,6.628247720083673e-17,0.2,0.2,0.03936910679956224
2019-09-12,7.125224771442658e-18,0.15598760683119914,0.08221117915890583,1.0878805496243923e-17,2.786268084069825e-18,0.015261408570304903,0.1071706986400278,0.19999999999999996,6.628247720083673e-17,0.2,0.2,0.03936910679956224
2019-09-13,7.125224771442658e-18,0.15598760683119914,0.08221117915890583,1.0878805496243923e-17,2.786268084069825e-18,0.015261408570304903,0.1071706986400278,0.19999999999999996,6.628247720083673e-17,0.2,0.2,0.03936910679956224
2019-09-16,0.0,0.13413545970144689,0.12302222574809533,2.7462455349286262e-17,8.223940575100604e-19,0.027170665772953836,0.11567164877750406,0.2,5.491058422884316e-17,0.2,0.2,0.0
2019-09-17,0.0,0.13413545970144689,0.12302222574809533,2.7462455349286262e-17,8.223940575100604e-19,0.027170665772953836,0.11567164877750406,0.2,5.491058422884316e-17,0.2,0.2,0.0
2019-09-18,0.0,0.13413545970144689,0.12302222574809533,2.7462455349286262e-17,8.223940575100604e-19,0.027170665772953836,0.11567164877750406,0.2,5.491058422884316e-17,0.2,0.2,0.0
2019-09-19,0.0,0.13413545970144689,0.12302222574809533,2.7462455349286262e-17,8.223940575100604e-19,0.027170665772953836,0.11567164877750406,0.2,5.491058422884316e-17,0.2,0.2,0.0
2019-09-20,0.0,0.13413545970144689,0.12302222574809533,2.7462455349286262e-17,8.223940575100604e-19,0.027170665772953836,0.11567164877750406,0.2,5.491058422884316e-17,0.2,0.2,0.0
2019-09-23,0.0,0.13413545970144689,0.12302222574809533,2.7462455349286262e-17,8.223940575100604e-19,0.027170665772953836,0.11567164877750406,0.2,5.491058422884316e-17,0.2,0.2,0.0
2019-09-24,0.0,0.13413545970144689,0.12302222574809533,2.7462455349286262e-17,8.223940575100604e-19,0.027170665772953836,0.11567164877750406,0.2,5.491058422884316e-17,0.2,0.2,0.0
2019-09-25,0.0,0.13413545970144689,0.12302222574809533,2.7462455349286262e-17,8.223940575100604e-19,0.027170665772953836,0.11567164877750406,0.2,5.491058422884316e-17,0.2,0.2,0.0
2019-09-26,0.0,0.13413545970144689,0.12302222574809533,2.7462455349286262e-17,8.223940575100604e-19,0.027170665772953836,0.11567164877750406,0.2,5.491058422884316e-17,0.2,0.2,0.0
2019-09-27,0.0,0.13413545970144689,0.12302222574809533,2.7462455349286262e-17,8.223940575100604e-19,0.027170665772953836,0.11567164877750406,0.2,5.491058422884316e-17,0.2,0.2,0.0
2019-09-30,0.0,0.13413545970144689,0.12302222574809533,2.7462455349286262e-17,8.223940575100604e-19,0.027170665772953836,0.11567164877750406,0.2,5.491058422884316e-17,0.2,0.2,0.0
2019-10-01,0.0,0.13413545970144689,0.12302222574809533,2.7462455349286262e-17,8.223940575100604e-19,0.027170665772953836,0.11567164877750406,0.2,5.491058422884316e-17,0.2,0.2,0.0
2019-10-02,0.0,0.13413545970144689,0.12302222574809533,2.7462455349286262e-17,8.223940575100604e-19,0.027170665772953836,0.11567164877750406,0.2,5.491058422884316e-17,0.2,0.2,0.0
2019-10-03,0.0,0.13413545970144689,0.12302222574809533,2.7462455349286262e-17,8.223940575100604e-19,0.027170665772953836,0.11567164877750406,0.2,5.491058422884316e-17,0.2,0.2,0.0
2019-10-04,0.0,0.13413545970144689,0.12302222574809533,2.7462455349286262e-17,8.223940575100604e-19,0.027170665772953836,0.11567164877750406,0.2,5.491058422884316e-17,0.2,0.2,0.0
2019-10-07,0.0,0.13413545970144689,0.12302222574809533,2.7462455349286262e-17,8.223940575100604e-19,0.027170665772953836,0.11567164877750406,0.2,5.491058422884316e-17,0.2,0.2,0.0
2019-10-08,0.0,0.13413545970144689,0.12302222574809533,2.7462455349286262e-17,8.223940575100604e-19,0.027170665772953836,0.11567164877750406,0.2,5.491058422884316e-17,0.2,0.2,0.0
2019-10-09,0.0,0.13413545970144689,0.12302222574809533,2.7462455349286262e-17,8.223940575100604e-19,0.027170665772953836,0.11567164877750406,0.2,5.491058422884316e-17,0.2,0.2,0.0
2019-10-10,0.0,0.13413545970144689,0.12302222574809533,2.7462455349286262e-17,8.223940575100604e-19,0.027170665772953836,0.11567164877750406,0.2,5.491058422884316e-17,0.2,0.2,0.0
2019-10-11,0.0,0.13413545970144689,0.12302222574809533,2.7462455349286262e-17,8.223940575100604e-19,0.027170665772953836,0.11567164877750406,0.2,5.491058422884316e-17,0.2,0.2,0.0
2019-10-14,0.0,0.13413545970144689,0.12302222574809533,2.7462455349286262e-17,8.223940575100604e-19,0.027170665772953836,0.11567164877750406,0.2,5.491058422884316e-17,0.2,0.2,0.0
2019-10-15,0.0,0.13413545970144689,0.12302222574809533,2.7462455349286262e-17,8.223940575100604e-19,0.027170665772953836,0.11567164877750406,0.2,5.491058422884316e-17,0.2,0.2,0.0
2019-10-16,0.0,0.13413545970144689,0.12302222574809533,2.7462455349286262e-17,8.223940575100604e-19,0.027170665772953836,0.11567164877750406,0.2,5.491058422884316e-17,0.2,0.2,0.0
2019-10-17,0.0,0.13413545970144689,0.12302222574809533,2.7462455349286262e-17,8.223940575100604e-19,0.027170665772953836,0.11567164877750406,0.2,5.491058422884316e-17,0.2,0.2,0.0
2019-10-18,0.0,0.13413545970144689,0.12302222574809533,2.7462455349286262e-17,8.223940575100604e-19,0.027170665772953836,0.11567164877750406,0.2,5.491058422884316e-17,0.2,0.2,0.0
2019-10-21,3.5748618519119296e-18,0.13017358788959896,0.10094453128183034,1.6717943092430503e-18,9.137027749761685e-18,0.051273904889762155,0.1176079759388086,0.2,2.6822489481217927e-18,0.19999999999999998,0.2,6.719855683479823e-17
2019-10-22,3.5748618519119296e-18,0.13017358788959896,0.10094453128183034,1.6717943092430503e-18,9.137027749761685e-18,0.051273904889762155,0.1176079759388086,0.2,2.6822489481217927e-18,0.19999999999999998,0.2,6.719855683479823e-17
2019-10-23,3.5748618519119296e-18,0.13017358788959896,0.10094453128183034,1.6717943092430503e-18,9.137027749761685e-18,0.051273904889762155,0.1176079759388086,0.2,2.6822489481217927e-18,0.19999999999999998,0.2,6.719855683479823e-17
2019-10-24,3.5748618519119296e-18,0.13017358788959896,0.10094453128183034,1.6717943092430503e-18,9.137027749761685e-18,0.051273904889762155,0.1176079759388086,0.2,2.6822489481217927e-18,0.19999999999999998,0.2,6.719855683479823e-17
2019-10-25,3.5748618519119296e-18,0.13017358788959896,0.10094453128183034,1.6717943092430503e-18,9.137027749761685e-18,0.051273904889762155,0.1176079759388086,0.2,2.6822489481217927e-18,0.19999999999999998,0.2,6.719855683479823e-17
2019-10-28,6.83090111425585e-18,0.13422345152781393,0.1464883074062578,9.904054480761519e-18,3.6421689640847795e-18,0.011503223312781068,0.10673605496886436,0.1999996882840128,0.0007628663570449857,0.2,0.2,0.0002864081432251762
2019-10-29,6.83090111425585e-18,0.13422345152781393,0.1464883074062578,9.904054480761519e-18,3.6421689640847795e-18,0.011503223312781068,0.10673605496886436,0.1999996882840128,0.0007628663570449857,0.2,0.2,0.0002864081432251762
2019-10-30,6.83090111425585e-18,0.13422345152781393,0.1464883074062578,9.904054480761519e-18,3.6421689640847795e-18,0.011503223312781068,0.10673605496886436,0.1999996882840128,0.0007628663570449857,0.2,0.2,0.0002864081432251762
2019-10-31,6.83090111425585e-18,0.13422345152781393,0.1464883074062578,9.904054480761519e-18,3.6421689640847795e-18,0.011503223312781068,0.10673605496886436,0.1999996882840128,0.0007628663570449857,0.2,0.2,0.0002864081432251762
2019-11-01,6.83090111425585e-18,0.13422345152781393,0.1464883074062578,9.904054480761519e-18,3.6421689640847795e-18,0.011503223312781068,0.10673605496886436,0.1999996882840128,0.0007628663570449857,0.2,0.2,0.0002864081432251762
2019-11-04,6.83090111425585e-18,0.13422345152781393,0.1464883074062578,9.904054480761519e-18,3.6421689640847795e-18,0.011503223312781068,0.10673605496886436,0.1999996882840128,0.0007628663570449857,0.2,0.2,0.0002864081432251762
2019-11-05,6.83090111425585e-18,0.13422345152781393,0.1464883074062578,9.904054480761519e-18,3.6421689640847795e-18,0.011503223312781068,0.10673605496886436,0.1999996882840128,0.0007628663570449857,0.2,0.2,0.0002864081432251762
2019-11-06,6.83090111425585e-18,0.13422345152781393,0.1464883074062578,9.904054480761519e-18,3.6421689640847795e-18,0.011503223312781068,0.10673605496886436,0.1999996882840128,0.0007628663570449857,0.2,0.2,0.0002864081432251762
2019-11-07,6.83090111425585e-18,0.13422345152781393,0.1464883074062578,9.904054480761519e-18,3.6421689640847795e-18,0.011503223312781068,0.10673605496886436,0.1999996882840128,0.0007628663570449857,0.2,0.2,0.0002864081432251762
2019-11-08,6.83090111425585e-18,0.13422345152781393,0.1464883074062578,9.904054480761519e-18,3.6421689640847795e-18,0.011503223312781068,0.10673605496886436,0.1999996882840128,0.0007628663570449857,0.2,0.2,0.0002864081432251762
2019-11-11,0.2,0.0,0.0,0.0,0.2,0.0,0.0,0.2,0.0,0.2,0.2,1.231653667943533e-16
2019-11-12,0.2,0.0,0.0,0.0,0.2,0.0,0.0,0.2,0.0,0.2,0.2,1.231653667943533e-16
2019-11-13,0.2,0.0,0.0,0.0,0.2,0.0,0.0,0.2,0.0,0.2,0.2,1.231653667943533e-16
2019-11-14,0.2,0.0,0.0,0.0,0.2,0.0,0.0,0.2,0.0,0.2,0.2,1.231653667943533e-16
2019-11-15,0.2,0.0,0.0,0.0,0.2,0.0,0.0,0.2,0.0,0.2,0.2,1.231653667943533e-16
2019-11-18,0.2,0.0,0.0,0.0,0.2,0.0,0.0,0.2,0.0,0.2,0.2,1.231653667943533e-16
2019-11-19,0.2,0.0,0.0,0.0,0.2,0.0,0.0,0.2,0.0,0.2,0.2,1.231653667943533e-16
2019-11-20,0.2,0.0,0.0,0.0,0.2,0.0,0.0,0.2,0.0,0.2,0.2,1.231653667943533e-16
2019-11-21,0.2,0.0,0.0,0.0,0.2,0.0,0.0,0.2,0.0,0.2,0.2,1.231653667943533e-16
2019-11-22,0.2,0.0,0.0,0.0,0.2,0.0,0.0,0.2,0.0,0.2,0.2,1.231653667943533e-16
2019-11-25,0.19999999999999996,1.6414634170320373e-16,4.5102810375396984e-17,2.31997986511713e-16,0.1377484826230745,0.1203813675515006,0.0,0.10756285326995348,5.990432101588061e-17,0.1999999999999998,0.10884506917938958,0.1254622273760818
2019-11-26,0.19999999999999996,1.6414634170320373e-16,4.5102810375396984e-17,2.31997986511713e-16,0.1377484826230745,0.1203813675515006,0.0,0.10756285326995348,5.990432101588061e-17,0.1999999999999998,0.10884506917938958,0.1254622273760818
2019-11-27,0.19999999999999996,1.6414634170320373e-16,4.5102810375396984e-17,2.31997986511713e-16,0.1377484826230745,0.1203813675515006,0.0,0.10756285326995348,5.990432101588061e-17,0.1999999999999998,0.10884506917938958,0.1254622273760818
2019-11-29,0.19999999999999996,1.6414634170320373e-16,4.5102810375396984e-17,2.31997986511713e-16,0.1377484826230745,0.1203813675515006,0.0,0.10756285326995348,5.990432101588061e-17,0.1999999999999998,0.10884506917938958,0.1254622273760818
2019-12-02,0.19999999999999996,1.6414634170320373e-16,4.5102810375396984e-17,2.31997986511713e-16,0.1377484826230745,0.1203813675515006,0.0,0.10756285326995348,5.990432101588061e-17,0.1999999999999998,0.10884506917938958,0.1254622273760818
2019-12-03,0.2,0.0,6.973902722540189e-17,3.026663377186974e-16,0.1481199382616772,0.0,0.0,0.1612407528924717,0.0,0.2,0.17722006948529376,0.11341923936055831
2019-12-04,0.2,0.0,6.973902722540189e-17,3.026663377186974e-16,0.1481199382616772,0.0,0.0,0.1612407528924717,0.0,0.2,0.17722006948529376,0.11341923936055831
2019-12-05,0.2,0.0,6.973902722540189e-17,3.026663377186974e-16,0.1481199382616772,0.0,0.0,0.1612407528924717,0.0,0.2,0.17722006948529376,0.11341923936055831
2019-12-06,0.2,0.0,6.973902722540189e-17,3.026663377186974e-16,0.1481199382616772,0.0,0.0,0.1612407528924717,0.0,0.2,0.17722006948529376,0.11341923936055831
2019-12-09,0.2,0.0,6.973902722540189e-17,3.026663377186974e-16,0.1481199382616772,0.0,0.0,0.1612407528924717,0.0,0.2,0.17722006948529376,0.11341923936055831
2019-12-10,0.2,0.0,0.2,3.548892744900274e-17,0.2,0.0,5.792884900305943e-18,0.0,0.0,0.2,3.469446951953614e-17,0.19999999999999996
2019-12-11,0.2,0.0,0.2,3.548892744900274e-17,0.2,0.0,5.792884900305943e-18,0.0,0.0,0.2,3.469446951953614e-17,0.19999999999999996
2019-12-12,0.2,0.0,0.2,3.548892744900274e-17,0.2,0.0,5.792884900305943e-18,0.0,0.0,0.2,3.469446951953614e-17,0.19999999999999996
2019-12-13,0.2,0.0,0.2,3.548892744900274e-17,0.2,0.0,5.792884900305943e-18,0.0,0.0,0.2,3.469446951953614e-17,0.19999999999999996
2019-12-16,0.2,0.0,0.2,3.548892744900274e-17,0.2,0.0,5.792884900305943e-18,0.0,0.0,0.2,3.469446951953614e-17,0.19999999999999996
2019-12-17,0.19999999999999998,1.730042628160617e-17,0.2,3.023248584453868e-17,0.19999999999999968,0.10841650706049204,2.8818424652878833e-16,5.311138440133666e-17,0.09158349293950754,1.4725298994838373e-16,1.4444502042730374e-16,0.19999999999999982
2019-12-18,0.19999999999999998,1.730042628160617e-17,0.2,3.023248584453868e-17,0.19999999999999968,0.10841650706049204,2.8818424652878833e-16,5.311138440133666e-17,0.09158349293950754,1.4725298994838373e-16,1.4444502042730374e-16,0.19999999999999982
2019-12-19,0.19999999999999998,1.730042628160617e-17,0.2,3.023248584453868e-17,0.19999999999999968,0.10841650706049204,2.8818424652878833e-16,5.311138440133666e-17,0.09158349293950754,1.4725298994838373e-16,1.4444502042730374e-16,0.19999999999999982
2019-12-20,0.19999999999999998,1.730042628160617e-17,0.2,3.023248584453868e-17,0.19999999999999968,0.10841650706049204,2.8818424652878833e-16,5.311138440133666e-17,0.09158349293950754,1.4725298994838373e-16,1.4444502042730374e-16,0.19999999999999982
2019-12-23,0.19999999999999998,1.730042628160617e-17,0.2,3.023248584453868e-17,0.19999999999999968,0.10841650706049204,2.8818424652878833e-16,5.311138440133666e-17,0.09158349293950754,1.4725298994838373e-16,1.4444502042730374e-16,0.19999999999999982
2019-12-24,0.2,0.0,0.19999999999999982,0.0,0.2,0.19999999999999996,2.654126918244515e-16,6.656479292802775e-17,0.0,5.471103064068813e-17,5.3817222889547576e-17,0.2
2019-12-26,0.2,0.0,0.19999999999999982,0.0,0.2,0.19999999999999996,2.654126918244515e-16,6.656479292802775e-17,0.0,5.471103064068813e-17,5.3817222889547576e-17,0.2
2019-12-27,0.2,0.0,0.19999999999999982,0.0,0.2,0.19999999999999996,2.654126918244515e-16,6.656479292802775e-17,0.0,5.471103064068813e-17,5.3817222889547576e-17,0.2
2019-12-30,0.2,0.0,0.19999999999999982,0.0,0.2,0.19999999999999996,2.654126918244515e-16,6.656479292802775e-17,0.0,5.471103064068813e-17,5.3817222889547576e-17,0.2
2019-12-31,0.2,0.0,0.19999999999999982,0.0,0.2,0.19999999999999996,2.654126918244515e-16,6.656479292802775e-17,0.0,5.471103064068813e-17,5.3817222889547576e-17,0.2
2020-01-02,0.2,0.0,0.19999999999999982,0.0,0.2,0.19999999999999996,2.654126918244515e-16,6.656479292802775e-17,0.0,5.471103064068813e-17,5.3817222889547576e-17,0.2
2020-01-03,0.2,0.0,0.19999999999999982,0.0,0.2,0.19999999999999996,2.654126918244515e-16,6.656479292802775e-17,0.0,5.471103064068813e-17,5.3817222889547576e-17,0.2
2020-01-06,0.2,0.0,0.19999999999999982,0.0,0.2,0.19999999999999996,2.654126918244515e-16,6.656479292802775e-17,0.0,5.471103064068813e-17,5.3817222889547576e-17,0.2
2020-01-07,0.2,0.0,0.19999999999999982,0.0,0.2,0.19999999999999996,2.654126918244515e-16,6.656479292802775e-17,0.0,5.471103064068813e-17,5.3817222889547576e-17,0.2
2020-01-08,0.2,0.0,0.19999999999999982,0.0,0.2,0.19999999999999996,2.654126918244515e-16,6.656479292802775e-17,0.0,5.471103064068813e-17,5.3817222889547576e-17,0.2
2020-01-09,0.2,1.3980631654107604e-16,0.2,0.0,0.2,2.3900769373489086e-18,0.0,0.19999999999999998,0.0,0.0,0.0,0.19999999999999993
2020-01-10,0.2,1.3980631654107604e-16,0.2,0.0,0.2,2.3900769373489086e-18,0.0,0.19999999999999998,0.0,0.0,0.0,0.19999999999999993
2020-01-13,0.2,1.3980631654107604e-16,0.2,0.0,0.2,2.3900769373489086e-18,0.0,0.19999999999999998,0.0,0.0,0.0,0.19999999999999993
2020-01-14,0.2,1.3980631654107604e-16,0.2,0.0,0.2,2.3900769373489086e-18,0.0,0.19999999999999998,0.0,0.0,0.0,0.19999999999999993
2020-01-15,0.2,1.3980631654107604e-16,0.2,0.0,0.2,2.3900769373489086e-18,0.0,0.19999999999999998,0.0,0.0,0.0,0.19999999999999993
2020-01-16,0.2,2.282300845399385e-17,0.19999999999999996,0.0,0.10519088223877467,0.0,0.09480911776122548,0.2,0.0,1.0192626175843894e-17,5.735779619611003e-17,0.2
2020-01-17,0.2,2.282300845399385e-17,0.19999999999999996,0.0,0.10519088223877467,0.0,0.09480911776122548,0.2,0.0,1.0192626175843894e-17,5.735779619611003e-17,0.2
2020-01-21,0.2,2.282300845399385e-17,0.19999999999999996,0.0,0.10519088223877467,0.0,0.09480911776122548,0.2,0.0,1.0192626175843894e-17,5.735779619611003e-17,0.2
2020-01-22,0.2,2.282300845399385e-17,0.19999999999999996,0.0,0.10519088223877467,0.0,0.09480911776122548,0.2,0.0,1.0192626175843894e-17,5.735779619611003e-17,0.2
2020-01-23,0.2,2.282300845399385e-17,0.19999999999999996,0.0,0.10519088223877467,0.0,0.09480911776122548,0.2,0.0,1.0192626175843894e-17,5.735779619611003e-17,0.2
2020-01-24,0.2,1.9124079173890471e-16,0.0,0.0,0.19999999999999984,1.5184512121022724e-17,0.19999999999999996,0.2,0.0,9.106948928880935e-17,2.991291799697011e-16,0.19999999999999984
2020-01-27,0.2,1.9124079173890471e-16,0.0,0.0,0.19999999999999984,1.5184512121022724e-17,0.19999999999999996,0.2,0.0,9.106948928880935e-17,2.991291799697011e-16,0.19999999999999984
2020-01-28,0.2,1.9124079173890471e-16,0.0,0.0,0.19999999999999984,1.5184512121022724e-17,0.19999999999999996,0.2,0.0,9.106948928880935e-17,2.991291799697011e-16,0.19999999999999984
2020-01-29,0.2,1.9124079173890471e-16,0.0,0.0,0.19999999999999984,1.5184512121022724e-17,0.19999999999999996,0.2,0.0,9.106948928880935e-17,2.991291799697011e-16,0.19999999999999984
2020-01-30,0.2,1.9124079173890471e-16,0.0,0.0,0.19999999999999984,1.5184512121022724e-17,0.19999999999999996,0.2,0.0,9.106948928880935e-17,2.991291799697011e-16,0.19999999999999984
2020-01-31,0.2,0.0,0.0,0.0,0.0,0.0,0.2,0.2,0.0,0.2,1.5959455978986625e-16,0.2
2020-02-03,0.2,0.0,0.0,0.0,0.0,0.0,0.2,0.2,0.0,0.2,1.5959455978986625e-16,0.2
2020-02-04,0.2,0.0,0.0,0.0,0.0,0.0,0.2,0.2,0.0,0.2,1.5959455978986625e-16,0.2
2020-02-05,0.2,0.0,0.0,0.0,0.0,0.0,0.2,0.2,0.0,0.2,1.5959455978986625e-16,0.2
2020-02-06,0.2,0.0,0.0,0.0,0.0,0.0,0.2,0.2,0.0,0.2,1.5959455978986625e-16,0.2
2020-02-07,0.19999999999999998,9.20868919776285e-17,0.19999999999999954,1.3269658002283682e-16,0.0,5.9891328008099265e-16,0.19999999999999957,0.19999999999999996,0.0,2.5417257561421245e-16,2.0540073482037973e-17,0.19999999999999982
2020-02-10,0.19999999999999998,9.20868919776285e-17,0.19999999999999954,1.3269658002283682e-16,0.0,5.9891328008099265e-16,0.19999999999999957,0.19999999999999996,0.0,2.5417257561421245e-16,2.0540073482037973e-17,0.19999999999999982
2020-02-11,0.19999999999999998,9.20868919776285e-17,0.19999999999999954,1.3269658002283682e-16,0.0,5.9891328008099265e-16,0.19999999999999957,0.19999999999999996,0.0,2.5417257561421245e-16,2.0540073482037973e-17,0.19999999999999982
2020-02-12,0.19999999999999998,9.20868919776285e-17,0.19999999999999954,1.3269658002283682e-16,0.0,5.9891328008099265e-16,0.19999999999999957,0.19999999999999996,0.0,2.5417257561421245e-16,2.0540073482037973e-17,0.19999999999999982
2020-02-13,0.19999999999999998,9.20868919776285e-17,0.19999999999999954,1.3269658002283682e-16,0.0,5.9891328008099265e-16,0.19999999999999957,0.19999999999999996,0.0,2.5417257561421245e-16,2.0540073482037973e-17,0.19999999999999982
2020-02-14,0.2,0.0,0.0856629345781071,0.0,0.0,0.2,0.034829280326799446,0.2,0.0,0.07950778509509396,0.0,0.2
2020-02-18,0.2,0.0,0.0856629345781071,0.0,0.0,0.2,0.034829280326799446,0.2,0.0,0.07950778509509396,0.0,0.2
2020-02-19,0.2,0.0,0.0856629345781071,0.0,0.0,0.2,0.034829280326799446,0.2,0.0,0.07950778509509396,0.0,0.2
2020-02-20,0.2,0.0,0.0856629345781071,0.0,0.0,0.2,0.034829280326799446,0.2,0.0,0.07950778509509396,0.0,0.2
2020-02-21,0.2,0.0,0.0856629345781071,0.0,0.0,0.2,0.034829280326799446,0.2,0.0,0.07950778509509396,0.0,0.2
2020-02-24,1.279068526662858e-17,0.018627306129854526,0.1914844698021574,0.006209365305354758,0.08012659591880743,0.0441103856339004,3.0839898490611145e-18,0.1976674167288326,4.3366034226881e-18,0.2,0.2,0.06177446048109305
2020-02-25,1.279068526662858e-17,0.018627306129854526,0.1914844698021574,0.006209365305354758,0.08012659591880743,0.0441103856339004,3.0839898490611145e-18,0.1976674167288326,4.3366034226881e-18,0.2,0.2,0.06177446048109305
2020-02-26,1.279068526662858e-17,0.018627306129854526,0.1914844698021574,0.006209365305354758,0.08012659591880743,0.0441103856339004,3.0839898490611145e-18,0.1976674167288326,4.3366034226881e-18,0.2,0.2,0.06177446048109305
2020-02-27,1.279068526662858e-17,0.018627306129854526,0.1914844698021574,0.006209365305354758,0.08012659591880743,0.0441103856339004,3.0839898490611145e-18,0.1976674167288326,4.3366034226881e-18,0.2,0.2,0.06177446048109305
2020-02-28,1.279068526662858e-17,0.018627306129854526,0.1914844698021574,0.006209365305354758,0.08012659591880743,0.0441103856339004,3.0839898490611145e-18,0.1976674167288326,4.3366034226881e-18,0.2,0.2,0.06177446048109305
2020-03-02,6.493110409195349e-18,0.2,0.10512392280967404,6.855232833699388e-18,0.10440186976692192,1.4075047675734964e-18,0.007601530713207486,0.13634692846211258,3.155915313179323e-17,0.2,0.2,0.046525748248083885
2020-03-03,6.493110409195349e-18,0.2,0.10512392280967404,6.855232833699388e-18,0.10440186976692192,1.4075047675734964e-18,0.007601530713207486,0.13634692846211258,3.155915313179323e-17,0.2,0.2,0.046525748248083885
2020-03-04,6.493110409195349e-18,0.2,0.10512392280967404,6.855232833699388e-18,0.10440186976692192,1.4075047675734964e-18,0.007601530713207486,0.13634692846211258,3.155915313179323e-17,0.2,0.2,0.046525748248083885
2020-03-05,6.493110409195349e-18,0.2,0.10512392280967404,6.855232833699388e-18,0.10440186976692192,1.4075047675734964e-18,0.007601530713207486,0.13634692846211258,3.155915313179323e-17,0.2,0.2,0.046525748248083885
2020-03-06,6.493110409195349e-18,0.2,0.10512392280967404,6.855232833699388e-18,0.10440186976692192,1.4075047675734964e-18,0.007601530713207486,0.13634692846211258,3.155915313179323e-17,0.2,0.2,0.046525748248083885
2020-03-09,0.0,0.2,0.10949121693352692,4.558023959158866e-19,0.041176792259239675,1.0437369361717322e-19,0.044788490064442715,0.12491641151527409,1.6776605148222235e-19,0.2,0.2,0.07962708922751655
2020-03-10,0.0,0.2,0.10949121693352692,4.558023959158866e-19,0.041176792259239675,1.0437369361717322e-19,0.044788490064442715,0.12491641151527409,1.6776605148222235e-19,0.2,0.2,0.07962708922751655
2020-03-11,0.0,0.2,0.10949121693352692,4.558023959158866e-19,0.041176792259239675,1.0437369361717322e-19,0.044788490064442715,0.12491641151527409,1.6776605148222235e-19,0.2,0.2,0.07962708922751655
2020-03-12,0.0,0.2,0.10949121693352692,4.558023959158866e-19,0.041176792259239675,1.0437369361717322e-19,0.044788490064442715,0.12491641151527409,1.6776605148222235e-19,0.2,0.2,0.07962708922751655
2020-03-13,0.0,0.2,0.10949121693352692,4.558023959158866e-19,0.041176792259239675,1.0437369361717322e-19,0.044788490064442715,0.12491641151527409,1.6776605148222235e-19,0.2,0.2,0.07962708922751655
2020-03-16,2.824588890933073e-18,0.19999999999999996,0.023068891285332956,2.9837708427426935e-19,0.013383948959576421,0.045219288025969945,0.15283520038639709,0.05785168766810292,1.7480310692838188e-17,0.19999999999999998,0.19999999999999998,0.10764098367462079
2020-03-17,2.824588890933073e-18,0.19999999999999996,0.023068891285332956,2.9837708427426935e-19,0.013383948959576421,0.045219288025969945,0.15283520038639709,0.05785168766810292,1.7480310692838188e-17,0.19999999999999998,0.19999999999999998,0.10764098367462079
2020-03-18,2.824588890933073e-18,0.19999999999999996,0.023068891285332956,2.9837708427426935e-19,0.013383948959576421,0.045219288025969945,0.15283520038639709,0.05785168766810292,1.7480310692838188e-17,0.19999999999999998,0.19999999999999998,0.10764098367462079
2020-03-19,2.824588890933073e-18,0.19999999999999996,0.023068891285332956,2.9837708427426935e-19,0.013383948959576421,0.045219288025969945,0.15283520038639709,0.05785168766810292,1.7480310692838188e-17,0.19999999999999998,0.19999999999999998,0.10764098367462079
2020-03-20,2.824588890933073e-18,0.19999999999999996,0.023068891285332956,2.9837708427426935e-19,0.013383948959576421,0.045219288025969945,0.15283520038639709,0.05785168766810292,1.7480310692838188e-17,0.19999999999999998,0.19999999999999998,0.10764098367462079
2020-03-23,3.69878433076524e-17,0.19999999999999993,2.00532324888223e-20,0.0,2.3548493111183202e-17,4.5076716229673e-18,0.2,0.1296182492033906,5.0445310573138637e-20,0.2,0.2,0.0703817507966095
2020-03-24,3.69878433076524e-17,0.19999999999999993,2.00532324888223e-20,0.0,2.3548493111183202e-17,4.5076716229673e-18,0.2,0.1296182492033906,5.0445310573138637e-20,0.2,0.2,0.0703817507966095
2020-03-25,3.69878433076524e-17,0.19999999999999993,2.00532324888223e-20,0.0,2.3548493111183202e-17,4.5076716229673e-18,0.2,0.1296182492033906,5.0445310573138637e-20,0.2,0.2,0.0703817507966095
2020-03-26,3.69878433076524e-17,0.19999999999999993,2.00532324888223e-20,0.0,2.3548493111183202e-17,4.5076716229673e-18,0.2,0.1296182492033906,5.0445310573138637e-20,0.2,0.2,0.0703817507966095
2020-03-27,3.69878433076524e-17,0.19999999999999993,2.00532324888223e-20,0.0,2.3548493111183202e-17,4.5076716229673e-18,0.2,0.1296182492033906,5.0445310573138637e-20,0.2,0.2,0.0703817507966095
2020-03-30,3.69878433076524e-17,0.19999999999999993,2.00532324888223e-20,0.0,2.3548493111183202e-17,4.5076716229673e-18,0.2,0.1296182492033906,5.0445310573138637e-20,0.2,0.2,0.0703817507966095
2020-03-31,3.69878433076524e-17,0.19999999999999993,2.00532324888223e-20,0.0,2.3548493111183202e-17,4.5076716229673e-18,0.2,0.1296182492033906,5.0445310573138637e-20,0.2,0.2,0.0703817507966095
2020-04-01,3.69878433076524e-17,0.19999999999999993,2.00532324888223e-20,0.0,2.3548493111183202e-17,4.5076716229673e-18,0.2,0.1296182492033906,5.0445310573138637e-20,0.2,0.2,0.0703817507966095
2020-04-02,3.69878433076524e-17,0.19999999999999993,2.00532324888223e-20,0.0,2.3548493111183202e-17,4.5076716229673e-18,0.2,0.1296182492033906,5.0445310573138637e-20,0.2,0.2,0.0703817507966095
2020-04-03,3.69878433076524e-17,0.19999999999999993,2.00532324888223e-20,0.0,2.3548493111183202e-17,4.5076716229673e-18,0.2,0.1296182492033906,5.0445310573138637e-20,0.2,0.2,0.0703817507966095
2020-04-06,0.0,0.2,1.491222020990061e-17,2.0485687481349066e-18,0.0,8.818792654345497e-20,0.2,0.07179290723529773,1.3941061912119922e-17,0.2,0.2,0.12820709276470232
2020-04-07,0.0,0.2,1.491222020990061e-17,2.0485687481349066e-18,0.0,8.818792654345497e-20,0.2,0.07179290723529773,1.3941061912119922e-17,0.2,0.2,0.12820709276470232
2020-04-08,0.0,0.2,1.491222020990061e-17,2.0485687481349066e-18,0.0,8.818792654345497e-20,0.2,0.07179290723529773,1.3941061912119922e-17,0.2,0.2,0.12820709276470232
2020-04-09,0.0,0.2,1.491222020990061e-17,2.0485687481349066e-18,0.0,8.818792654345497e-20,0.2,0.07179290723529773,1.3941061912119922e-17,0.2,0.2,0.12820709276470232
2020-04-13,0.0,0.2,1.491222020990061e-17,2.0485687481349066e-18,0.0,8.818792654345497e-20,0.2,0.07179290723529773,1.3941061912119922e-17,0.2,0.2,0.12820709276470232
2020-04-14,0.0,0.19999999999999998,0.0,0.0,4.5565379484088814e-17,5.58048098383347e-18,0.19999999999999996,0.0,2.6209615870310214e-17,0.2,0.2,0.2
2020-04-15,0.0,0.19999999999999998,0.0,0.0,4.5565379484088814e-17,5.58048098383347e-18,0.19999999999999996,0.0,2.6209615870310214e-17,0.2,0.2,0.2
2020-04-16,0.0,0.19999999999999998,0.0,0.0,4.5565379484088814e-17,5.58048098383347e-18,0.19999999999999996,0.0,2.6209615870310214e-17,0.2,0.2,0.2
2020-04-17,0.0,0.19999999999999998,0.0,0.0,4.5565379484088814e-17,5.58048098383347e-18,0.19999999999999996,0.0,2.6209615870310214e-17,0.2,0.2,0.2
2020-04-20,0.0,0.19999999999999998,0.0,0.0,4.5565379484088814e-17,5.58048098383347e-18,0.19999999999999996,0.0,2.6209615870310214e-17,0.2,0.2,0.2
2020-04-21,2.9395077288049855e-18,0.2,4.12445724100902e-20,2.3699704367166848e-18,5.5159954315117305e-17,2.838801195067557e-17,0.2,0.0398224123844932,1.3737985067121677e-21,0.19999999999999996,0.19999999999999996,0.16017758761550668
2020-04-22,2.9395077288049855e-18,0.2,4.12445724100902e-20,2.3699704367166848e-18,5.5159954315117305e-17,2.838801195067557e-17,0.2,0.0398224123844932,1.3737985067121677e-21,0.19999999999999996,0.19999999999999996,0.16017758761550668
2020-04-23,2.9395077288049855e-18,0.2,4.12445724100902e-20,2.3699704367166848e-18,5.5159954315117305e-17,2.838801195067557e-17,0.2,0.0398224123844932,1.3737985067121677e-21,0.19999999999999996,0.19999999999999996,0.16017758761550668
2020-04-24,2.9395077288049855e-18,0.2,4.12445724100902e-20,2.3699704367166848e-18,5.5159954315117305e-17,2.838801195067557e-17,0.2,0.0398224123844932,1.3737985067121677e-21,0.19999999999999996,0.19999999999999996,0.16017758761550668
2020-04-27,2.9395077288049855e-18,0.2,4.12445724100902e-20,2.3699704367166848e-18,5.5159954315117305e-17,2.838801195067557e-17,0.2,0.0398224123844932,1.3737985067121677e-21,0.19999999999999996,0.19999999999999996,0.16017758761550668
2020-04-28,6.578886013636475e-17,0.19999999999999984,8.018766261926257e-17,4.9231000516764764e-18,1.340957009687589e-16,0.0,0.19999999999999984,5.781142528293127e-17,7.74774608786973e-17,0.2,0.2,0.19999999999999982
2020-04-29,6.578886013636475e-17,0.19999999999999984,8.018766261926257e-17,4.9231000516764764e-18,1.340957009687589e-16,0.0,0.19999999999999984,5.781142528293127e-17,7.74774608786973e-17,0.2,0.2,0.19999999999999982
2020-04-30,6.578886013636475e-17,0.19999999999999984,8.018766261926257e-17,4.9231000516764764e-18,1.340957009687589e-16,0.0,0.19999999999999984,5.781142528293127e-17,7.74774608786973e-17,0.2,0.2,0.19999999999999982
2020-05-01,6.578886013636475e-17,0.19999999999999984,8.018766261926257e-17,4.9231000516764764e-18,1.340957009687589e-16,0.0,0.19999999999999984,5.781142528293127e-17,7.74774608786973e-17,0.2,0.2,0.19999999999999982
2020-05-04,6.578886013636475e-17,0.19999999999999984,8.018766261926257e-17,4.9231000516764764e-18,1.340957009687589e-16,0.0,0.19999999999999984,5.781142528293127e-17,7.74774608786973e-17,0.2,0.2,0.19999999999999982
2020-05-05,6.578886013636475e-17,0.19999999999999984,8.018766261926257e-17,4.9231000516764764e-18,1.340957009687589e-16,0.0,0.19999999999999984,5.781142528293127e-17,7.74774608786973e-17,0.2,0.2,0.19999999999999982
2020-05-06,6.578886013636475e-17,0.19999999999999984,8.018766261926257e-17,4.9231000516764764e-18,1.340957009687589e-16,0.0,0.19999999999999984,5.781142528293127e-17,7.74774608786973e-17,0.2,0.2,0.19999999999999982
2020-05-07,6.578886013636475e-17,0.19999999999999984,8.018766261926257e-17,4.9231000516764764e-18,1.340957009687589e-16,0.0,0.19999999999999984,5.781142528293127e-17,7.74774608786973e-17,0.2,0.2,0.19999999999999982
2020-05-08,6.578886013636475e-17,0.19999999999999984,8.018766261926257e-17,4.9231000516764764e-18,1.340957009687589e-16,0.0,0.19999999999999984,5.781142528293127e-17,7.74774608786973e-17,0.2,0.2,0.19999999999999982
2020-05-11,6.578886013636475e-17,0.19999999999999984,8.018766261926257e-17,4.9231000516764764e-18,1.340957009687589e-16,0.0,0.19999999999999984,5.781142528293127e-17,7.74774608786973e-17,0.2,0.2,0.19999999999999982
2020-05-12,6.578886013636475e-17,0.19999999999999984,8.018766261926257e-17,4.9231000516764764e-18,1.340957009687589e-16,0.0,0.19999999999999984,5.781142528293127e-17,7.74774608786973e-17,0.2,0.2,0.19999999999999982
2020-05-13,6.578886013636475e-17,0.19999999999999984,8.018766261926257e-17,4.9231000516764764e-18,1.340957009687589e-16,0.0,0.19999999999999984,5.781142528293127e-17,7.74774608786973e-17,0.2,0.2,0.19999999999999982
2020-05-14,6.578886013636475e-17,0.19999999999999984,8.018766261926257e-17,4.9231000516764764e-18,1.340957009687589e-16,0.0,0.19999999999999984,5.781142528293127e-17,7.74774608786973e-17,0.2,0.2,0.19999999999999982
2020-05-15,6.578886013636475e-17,0.19999999999999984,8.018766261926257e-17,4.9231000516764764e-18,1.340957009687589e-16,0.0,0.19999999999999984,5.781142528293127e-17,7.74774608786973e-17,0.2,0.2,0.19999999999999982
2020-05-18,6.578886013636475e-17,0.19999999999999984,8.018766261926257e-17,4.9231000516764764e-18,1.340957009687589e-16,0.0,0.19999999999999984,5.781142528293127e-17,7.74774608786973e-17,0.2,0.2,0.19999999999999982
2020-05-19,6.578886013636475e-17,0.19999999999999984,8.018766261926257e-17,4.9231000516764764e-18,1.340957009687589e-16,0.0,0.19999999999999984,5.781142528293127e-17,7.74774608786973e-17,0.2,0.2,0.19999999999999982
2020-05-20,6.578886013636475e-17,0.19999999999999984,8.018766261926257e-17,4.9231000516764764e-18,1.340957009687589e-16,0.0,0.19999999999999984,5.781142528293127e-17,7.74774608786973e-17,0.2,0.2,0.19999999999999982
2020-05-21,6.578886013636475e-17,0.19999999999999984,8.018766261926257e-17,4.9231000516764764e-18,1.340957009687589e-16,0.0,0.19999999999999984,5.781142528293127e-17,7.74774608786973e-17,0.2,0.2,0.19999999999999982
2020-05-22,6.578886013636475e-17,0.19999999999999984,8.018766261926257e-17,4.9231000516764764e-18,1.340957009687589e-16,0.0,0.19999999999999984,5.781142528293127e-17,7.74774608786973e-17,0.2,0.2,0.19999999999999982
2020-05-26,6.578886013636475e-17,0.19999999999999984,8.018766261926257e-17,4.9231000516764764e-18,1.340957009687589e-16,0.0,0.19999999999999984,5.781142528293127e-17,7.74774608786973e-17,0.2,0.2,0.19999999999999982
2020-05-27,6.578886013636475e-17,0.19999999999999984,8.018766261926257e-17,4.9231000516764764e-18,1.340957009687589e-16,0.0,0.19999999999999984,5.781142528293127e-17,7.74774608786973e-17,0.2,0.2,0.19999999999999982
2020-05-28,6.578886013636475e-17,0.19999999999999984,8.018766261926257e-17,4.9231000516764764e-18,1.340957009687589e-16,0.0,0.19999999999999984,5.781142528293127e-17,7.74774608786973e-17,0.2,0.2,0.19999999999999982
2020-05-29,6.578886013636475e-17,0.19999999999999984,8.018766261926257e-17,4.9231000516764764e-18,1.340957009687589e-16,0.0,0.19999999999999984,5.781142528293127e-17,7.74774608786973e-17,0.2,0.2,0.19999999999999982
2020-06-01,6.578886013636475e-17,0.19999999999999984,8.018766261926257e-17,4.9231000516764764e-18,1.340957009687589e-16,0.0,0.19999999999999984,5.781142528293127e-17,7.74774608786973e-17,0.2,0.2,0.19999999999999982
2020-06-02,6.578886013636475e-17,0.19999999999999984,8.018766261926257e-17,4.9231000516764764e-18,1.340957009687589e-16,0.0,0.19999999999999984,5.781142528293127e-17,7.74774608786973e-17,0.2,0.2,0.19999999999999982
2020-06-03,6.578886013636475e-17,0.19999999999999984,8.018766261926257e-17,4.9231000516764764e-18,1.340957009687589e-16,0.0,0.19999999999999984,5.781142528293127e-17,7.74774608786973e-17,0.2,0.2,0.19999999999999982
2020-06-04,6.578886013636475e-17,0.19999999999999984,8.018766261926257e-17,4.9231000516764764e-18,1.340957009687589e-16,0.0,0.19999999999999984,5.781142528293127e-17,7.74774608786973e-17,0.2,0.2,0.19999999999999982
2020-06-05,6.578886013636475e-17,0.19999999999999984,8.018766261926257e-17,4.9231000516764764e-18,1.340957009687589e-16,0.0,0.19999999999999984,5.781142528293127e-17,7.74774608786973e-17,0.2,0.2,0.19999999999999982
2020-06-08,6.578886013636475e-17,0.19999999999999984,8.018766261926257e-17,4.9231000516764764e-18,1.340957009687589e-16,0.0,0.19999999999999984,5.781142528293127e-17,7.74774608786973e-17,0.2,0.2,0.19999999999999982
2020-06-09,6.578886013636475e-17,0.19999999999999984,8.018766261926257e-17,4.9231000516764764e-18,1.340957009687589e-16,0.0,0.19999999999999984,5.781142528293127e-17,7.74774608786973e-17,0.2,0.2,0.19999999999999982
2020-06-10,6.578886013636475e-17,0.19999999999999984,8.018766261926257e-17,4.9231000516764764e-18,1.340957009687589e-16,0.0,0.19999999999999984,5.781142528293127e-17,7.74774608786973e-17,0.2,0.2,0.19999999999999982
2020-06-11,6.578886013636475e-17,0.19999999999999984,8.018766261926257e-17,4.9231000516764764e-18,1.340957009687589e-16,0.0,0.19999999999999984,5.781142528293127e-17,7.74774608786973e-17,0.2,0.2,0.19999999999999982
2020-06-12,6.578886013636475e-17,0.19999999999999984,8.018766261926257e-17,4.9231000516764764e-18,1.340957009687589e-16,0.0,0.19999999999999984,5.781142528293127e-17,7.74774608786973e-17,0.2,0.2,0.19999999999999982
2020-06-15,6.578886013636475e-17,0.19999999999999984,8.018766261926257e-17,4.9231000516764764e-18,1.340957009687589e-16,0.0,0.19999999999999984,5.781142528293127e-17,7.74774608786973e-17,0.2,0.2,0.19999999999999982
2020-06-16,6.578886013636475e-17,0.19999999999999984,8.018766261926257e-17,4.9231000516764764e-18,1.340957009687589e-16,0.0,0.19999999999999984,5.781142528293127e-17,7.74774608786973e-17,0.2,0.2,0.19999999999999982
2020-06-17,6.578886013636475e-17,0.19999999999999984,8.018766261926257e-17,4.9231000516764764e-18,1.340957009687589e-16,0.0,0.19999999999999984,5.781142528293127e-17,7.74774608786973e-17,0.2,0.2,0.19999999999999982
2020-06-18,6.578886013636475e-17,0.19999999999999984,8.018766261926257e-17,4.9231000516764764e-18,1.340957009687589e-16,0.0,0.19999999999999984,5.781142528293127e-17,7.74774608786973e-17,0.2,0.2,0.19999999999999982
2020-06-19,6.578886013636475e-17,0.19999999999999984,8.018766261926257e-17,4.9231000516764764e-18,1.340957009687589e-16,0.0,0.19999999999999984,5.781142528293127e-17,7.74774608786973e-17,0.2,0.2,0.19999999999999982
2020-06-22,6.578886013636475e-17,0.19999999999999984,8.018766261926257e-17,4.9231000516764764e-18,1.340957009687589e-16,0.0,0.19999999999999984,5.781142528293127e-17,7.74774608786973e-17,0.2,0.2,0.19999999999999982
2020-06-23,6.578886013636475e-17,0.19999999999999984,8.018766261926257e-17,4.9231000516764764e-18,1.340957009687589e-16,0.0,0.19999999999999984,5.781142528293127e-17,7.74774608786973e-17,0.2,0.2,0.19999999999999982
2020-06-24,6.578886013636475e-17,0.19999999999999984,8.018766261926257e-17,4.9231000516764764e-18,1.340957009687589e-16,0.0,0.19999999999999984,5.781142528293127e-17,7.74774608786973e-17,0.2,0.2,0.19999999999999982
2020-06-25,6.578886013636475e-17,0.19999999999999984,8.018766261926257e-17,4.9231000516764764e-18,1.340957009687589e-16,0.0,0.19999999999999984,5.781142528293127e-17,7.74774608786973e-17,0.2,0.2,0.19999999999999982
2020-06-26,6.578886013636475e-17,0.19999999999999984,8.018766261926257e-17,4.9231000516764764e-18,1.340957009687589e-16,0.0,0.19999999999999984,5.781142528293127e-17,7.74774608786973e-17,0.2,0.2,0.19999999999999982
2020-06-29,6.578886013636475e-17,0.19999999999999984,8.018766261926257e-17,4.9231000516764764e-18,1.340957009687589e-16,0.0,0.19999999999999984,5.781142528293127e-17,7.74774608786973e-17,0.2,0.2,0.19999999999999982
2020-06-30,6.578886013636475e-17,0.19999999999999984,8.018766261926257e-17,4.9231000516764764e-18,1.340957009687589e-16,0.0,0.19999999999999984,5.781142528293127e-17,7.74774608786973e-17,0.2,0.2,0.19999999999999982
2020-07-01,6.578886013636475e-17,0.19999999999999984,8.018766261926257e-17,4.9231000516764764e-18,1.340957009687589e-16,0.0,0.19999999999999984,5.781142528293127e-17,7.74774608786973e-17,0.2,0.2,0.19999999999999982
2020-07-02,6.578886013636475e-17,0.19999999999999984,8.018766261926257e-17,4.9231000516764764e-18,1.340957009687589e-16,0.0,0.19999999999999984,5.781142528293127e-17,7.74774608786973e-17,0.2,0.2,0.19999999999999982
2020-07-06,6.578886013636475e-17,0.19999999999999984,8.018766261926257e-17,4.9231000516764764e-18,1.340957009687589e-16,0.0,0.19999999999999984,5.781142528293127e-17,7.74774608786973e-17,0.2,0.2,0.19999999999999982
2020-07-07,6.578886013636475e-17,0.19999999999999984,8.018766261926257e-17,4.9231000516764764e-18,1.340957009687589e-16,0.0,0.19999999999999984,5.781142528293127e-17,7.74774608786973e-17,0.2,0.2,0.19999999999999982
2020-07-08,6.578886013636475e-17,0.19999999999999984,8.018766261926257e-17,4.9231000516764764e-18,1.340957009687589e-16,0.0,0.19999999999999984,5.781142528293127e-17,7.74774608786973e-17,0.2,0.2,0.19999999999999982
2020-07-09,6.578886013636475e-17,0.19999999999999984,8.018766261926257e-17,4.9231000516764764e-18,1.340957009687589e-16,0.0,0.19999999999999984,5.781142528293127e-17,7.74774608786973e-17,0.2,0.2,0.19999999999999982
2020-07-10,6.578886013636475e-17,0.19999999999999984,8.018766261926257e-17,4.9231000516764764e-18,1.340957009687589e-16,0.0,0.19999999999999984,5.781142528293127e-17,7.74774608786973e-17,0.2,0.2,0.19999999999999982
2020-07-13,6.578886013636475e-17,0.19999999999999984,8.018766261926257e-17,4.9231000516764764e-18,1.340957009687589e-16,0.0,0.19999999999999984,5.781142528293127e-17,7.74774608786973e-17,0.2,0.2,0.19999999999999982
2020-07-14,6.578886013636475e-17,0.19999999999999984,8.018766261926257e-17,4.9231000516764764e-18,1.340957009687589e-16,0.0,0.19999999999999984,5.781142528293127e-17,7.74774608786973e-17,0.2,0.2,0.19999999999999982
2020-07-15,6.578886013636475e-17,0.19999999999999984,8.018766261926257e-17,4.9231000516764764e-18,1.340957009687589e-16,0.0,0.19999999999999984,5.781142528293127e-17,7.74774608786973e-17,0.2,0.2,0.19999999999999982
2020-07-16,6.578886013636475e-17,0.19999999999999984,8.018766261926257e-17,4.9231000516764764e-18,1.340957009687589e-16,0.0,0.19999999999999984,5.781142528293127e-17,7.74774608786973e-17,0.2,0.2,0.19999999999999982
2020-07-17,6.578886013636475e-17,0.19999999999999984,8.018766261926257e-17,4.9231000516764764e-18,1.340957009687589e-16,0.0,0.19999999999999984,5.781142528293127e-17,7.74774608786973e-17,0.2,0.2,0.19999999999999982
2020-07-20,6.578886013636475e-17,0.19999999999999984,8.018766261926257e-17,4.9231000516764764e-18,1.340957009687589e-16,0.0,0.19999999999999984,5.781142528293127e-17,7.74774608786973e-17,0.2,0.2,0.19999999999999982
2020-07-21,6.578886013636475e-17,0.19999999999999984,8.018766261926257e-17,4.9231000516764764e-18,1.340957009687589e-16,0.0,0.19999999999999984,5.781142528293127e-17,7.74774608786973e-17,0.2,0.2,0.19999999999999982
2020-07-22,6.578886013636475e-17,0.19999999999999984,8.018766261926257e-17,4.9231000516764764e-18,1.340957009687589e-16,0.0,0.19999999999999984,5.781142528293127e-17,7.74774608786973e-17,0.2,0.2,0.19999999999999982
2020-07-23,6.578886013636475e-17,0.19999999999999984,8.018766261926257e-17,4.9231000516764764e-18,1.340957009687589e-16,0.0,0.19999999999999984,5.781142528293127e-17,7.74774608786973e-17,0.2,0.2,0.19999999999999982
2020-07-24,6.578886013636475e-17,0.19999999999999984,8.018766261926257e-17,4.9231000516764764e-18,1.340957009687589e-16,0.0,0.19999999999999984,5.781142528293127e-17,7.74774608786973e-17,0.2,0.2,0.19999999999999982
2020-07-27,6.578886013636475e-17,0.19999999999999984,8.018766261926257e-17,4.9231000516764764e-18,1.340957009687589e-16,0.0,0.19999999999999984,5.781142528293127e-17,7.74774608786973e-17,0.2,0.2,0.19999999999999982
2020-07-28,6.578886013636475e-17,0.19999999999999984,8.018766261926257e-17,4.9231000516764764e-18,1.340957009687589e-16,0.0,0.19999999999999984,5.781142528293127e-17,7.74774608786973e-17,0.2,0.2,0.19999999999999982
2020-07-29,6.578886013636475e-17,0.19999999999999984,8.018766261926257e-17,4.9231000516764764e-18,1.340957009687589e-16,0.0,0.19999999999999984,5.781142528293127e-17,7.74774608786973e-17,0.2,0.2,0.19999999999999982
2020-07-30,0.1999999999999999,0.19999999999999996,0.0,0.0,0.0,0.1999999999999999,2.89948276193381e-17,1.885240964855634e-17,7.147060721024445e-16,0.19999999999999996,0.19999999999999998,0.0
2020-07-31,0.1999999999999999,0.19999999999999996,0.0,0.0,0.0,0.1999999999999999,2.89948276193381e-17,1.885240964855634e-17,7.147060721024445e-16,0.19999999999999996,0.19999999999999998,0.0
2020-08-03,0.1999999999999999,0.19999999999999996,0.0,0.0,0.0,0.1999999999999999,2.89948276193381e-17,1.885240964855634e-17,7.147060721024445e-16,0.19999999999999996,0.19999999999999998,0.0
2020-08-04,0.1999999999999999,0.19999999999999996,0.0,0.0,0.0,0.1999999999999999,2.89948276193381e-17,1.885240964855634e-17,7.147060721024445e-16,0.19999999999999996,0.19999999999999998,0.0
2020-08-05,0.1999999999999999,0.19999999999999996,0.0,0.0,0.0,0.1999999999999999,2.89948276193381e-17,1.885240964855634e-17,7.147060721024445e-16,0.19999999999999996,0.19999999999999998,0.0
2020-08-06,0.1999999999999999,0.19999999999999996,0.0,0.0,0.0,0.1999999999999999,2.89948276193381e-17,1.885240964855634e-17,7.147060721024445e-16,0.19999999999999996,0.19999999999999998,0.0
2020-08-07,0.1999999999999999,0.19999999999999996,0.0,0.0,0.0,0.1999999999999999,2.89948276193381e-17,1.885240964855634e-17,7.147060721024445e-16,0.19999999999999996,0.19999999999999998,0.0
2020-08-10,0.1999999999999999,0.19999999999999996,0.0,0.0,0.0,0.1999999999999999,2.89948276193381e-17,1.885240964855634e-17,7.147060721024445e-16,0.19999999999999996,0.19999999999999998,0.0
2020-08-11,0.1999999999999999,0.19999999999999996,0.0,0.0,0.0,0.1999999999999999,2.89948276193381e-17,1.885240964855634e-17,7.147060721024445e-16,0.19999999999999996,0.19999999999999998,0.0
2020-08-12,0.1999999999999999,0.19999999999999996,0.0,0.0,0.0,0.1999999999999999,2.89948276193381e-17,1.885240964855634e-17,7.147060721024445e-16,0.19999999999999996,0.19999999999999998,0.0
2020-08-13,0.19999999999999993,0.2,0.0,0.0,1.5034355376746798e-17,0.2,2.865264479633525e-16,3.5723864124196687e-17,0.0,2.4155760904512466e-16,0.2,0.1999999999999999
2020-08-14,0.19999999999999993,0.2,0.0,0.0,1.5034355376746798e-17,0.2,2.865264479633525e-16,3.5723864124196687e-17,0.0,2.4155760904512466e-16,0.2,0.1999999999999999
2020-08-17,0.19999999999999993,0.2,0.0,0.0,1.5034355376746798e-17,0.2,2.865264479633525e-16,3.5723864124196687e-17,0.0,2.4155760904512466e-16,0.2,0.1999999999999999
2020-08-18,0.19999999999999993,0.2,0.0,0.0,1.5034355376746798e-17,0.2,2.865264479633525e-16,3.5723864124196687e-17,0.0,2.4155760904512466e-16,0.2,0.1999999999999999
2020-08-19,0.19999999999999993,0.2,0.0,0.0,1.5034355376746798e-17,0.2,2.865264479633525e-16,3.5723864124196687e-17,0.0,2.4155760904512466e-16,0.2,0.1999999999999999
2020-08-20,0.19999999999999993,0.2,0.0,0.0,1.5034355376746798e-17,0.2,2.865264479633525e-16,3.5723864124196687e-17,0.0,2.4155760904512466e-16,0.2,0.1999999999999999
2020-08-21,0.19999999999999993,0.2,0.0,0.0,1.5034355376746798e-17,0.2,2.865264479633525e-16,3.5723864124196687e-17,0.0,2.4155760904512466e-16,0.2,0.1999999999999999
2020-08-24,0.19999999999999993,0.2,0.0,0.0,1.5034355376746798e-17,0.2,2.865264479633525e-16,3.5723864124196687e-17,0.0,2.4155760904512466e-16,0.2,0.1999999999999999
2020-08-25,0.19999999999999993,0.2,0.0,0.0,1.5034355376746798e-17,0.2,2.865264479633525e-16,3.5723864124196687e-17,0.0,2.4155760904512466e-16,0.2,0.1999999999999999
2020-08-26,0.19999999999999993,0.2,0.0,0.0,1.5034355376746798e-17,0.2,2.865264479633525e-16,3.5723864124196687e-17,0.0,2.4155760904512466e-16,0.2,0.1999999999999999
2020-08-27,0.2,0.1116923995171854,0.0,1.0557034190963599e-16,0.0,0.2,0.0,0.0,0.08830760048281455,1.7708113873279297e-16,0.2,0.19999999999999996
2020-08-28,0.2,0.1116923995171854,0.0,1.0557034190963599e-16,0.0,0.2,0.0,0.0,0.08830760048281455,1.7708113873279297e-16,0.2,0.19999999999999996
2020-08-31,0.2,0.1116923995171854,0.0,1.0557034190963599e-16,0.0,0.2,0.0,0.0,0.08830760048281455,1.7708113873279297e-16,0.2,0.19999999999999996
2020-09-01,0.2,0.1116923995171854,0.0,1.0557034190963599e-16,0.0,0.2,0.0,0.0,0.08830760048281455,1.7708113873279297e-16,0.2,0.19999999999999996
2020-09-02,0.2,0.1116923995171854,0.0,1.0557034190963599e-16,0.0,0.2,0.0,0.0,0.08830760048281455,1.7708113873279297e-16,0.2,0.19999999999999996
2020-09-03,0.19999999999999976,0.0780459317381869,5.4770486335223983e-17,1.5928586007645652e-16,1.266074534052437e-16,0.19999999999999998,1.241467843034083e-16,1.8001302413518876e-17,0.12195406826181347,0.0,0.1999999999999999,0.19999999999999965
2020-09-04,0.19999999999999976,0.0780459317381869,5.4770486335223983e-17,1.5928586007645652e-16,1.266074534052437e-16,0.19999999999999998,1.241467843034083e-16,1.8001302413518876e-17,0.12195406826181347,0.0,0.1999999999999999,0.19999999999999965
2020-09-08,0.19999999999999976,0.0780459317381869,5.4770486335223983e-17,1.5928586007645652e-16,1.266074534052437e-16,0.19999999999999998,1.241467843034083e-16,1.8001302413518876e-17,0.12195406826181347,0.0,0.1999999999999999,0.19999999999999965
2020-09-09,0.19999999999999976,0.0780459317381869,5.4770486335223983e-17,1.5928586007645652e-16,1.266074534052437e-16,0.19999999999999998,1.241467843034083e-16,1.8001302413518876e-17,0.12195406826181347,0.0,0.1999999999999999,0.19999999999999965
2020-09-10,0.19999999999999976,0.0780459317381869,5.4770486335223983e-17,1.5928586007645652e-16,1.266074534052437e-16,0.19999999999999998,1.241467843034083e-16,1.8001302413518876e-17,0.12195406826181347,0.0,0.1999999999999999,0.19999999999999965
2020-09-11,6.011097697057499e-17,0.19999999999999998,2.5383605304145424e-17,1.3826117778743927e-18,1.5506098919989552e-17,3.057170756599554e-17,0.19999999999999993,0.030274461391369228,4.5242487847727174e-18,0.2,0.2,0.1697255386086307
2020-09-14,6.011097697057499e-17,0.19999999999999998,2.5383605304145424e-17,1.3826117778743927e-18,1.5506098919989552e-17,3.057170756599554e-17,0.19999999999999993,0.030274461391369228,4.5242487847727174e-18,0.2,0.2,0.1697255386086307
2020-09-15,6.011097697057499e-17,0.19999999999999998,2.5383605304145424e-17,1.3826117778743927e-18,1.5506098919989552e-17,3.057170756599554e-17,0.19999999999999993,0.030274461391369228,4.5242487847727174e-18,0.2,0.2,0.1697255386086307
2020-09-16,6.011097697057499e-17,0.19999999999999998,2.5383605304145424e-17,1.3826117778743927e-18,1.5506098919989552e-17,3.057170756599554e-17,0.19999999999999993,0.030274461391369228,4.5242487847727174e-18,0.2,0.2,0.1697255386086307
2020-09-17,6.011097697057499e-17,0.19999999999999998,2.5383605304145424e-17,1.3826117778743927e-18,1.5506098919989552e-17,3.057170756599554e-17,0.19999999999999993,0.030274461391369228,4.5242487847727174e-18,0.2,0.2,0.1697255386086307
2020-09-18,7.795782197745791e-17,0.19999999999999996,2.6184922926732374e-17,4.2334086056423396e-19,2.042759253704429e-17,6.179132371806208e-18,0.19999999999999998,0.05818220830961819,5.686084498014625e-17,0.19999999999999998,0.2,0.14181779169038178
2020-09-21,7.795782197745791e-17,0.19999999999999996,2.6184922926732374e-17,4.2334086056423396e-19,2.042759253704429e-17,6.179132371806208e-18,0.19999999999999998,0.05818220830961819,5.686084498014625e-17,0.19999999999999998,0.2,0.14181779169038178
2020-09-22,7.795782197745791e-17,0.19999999999999996,2.6184922926732374e-17,4.2334086056423396e-19,2.042759253704429e-17,6.179132371806208e-18,0.19999999999999998,0.05818220830961819,5.686084498014625e-17,0.19999999999999998,0.2,0.14181779169038178
2020-09-23,7.795782197745791e-17,0.19999999999999996,2.6184922926732374e-17,4.2334086056423396e-19,2.042759253704429e-17,6.179132371806208e-18,0.19999999999999998,0.05818220830961819,5.686084498014625e-17,0.19999999999999998,0.2,0.14181779169038178
2020-09-24,7.795782197745791e-17,0.19999999999999996,2.6184922926732374e-17,4.2334086056423396e-19,2.042759253704429e-17,6.179132371806208e-18,0.19999999999999998,0.05818220830961819,5.686084498014625e-17,0.19999999999999998,0.2,0.14181779169038178
2020-09-25,7.795782197745791e-17,0.19999999999999996,2.6184922926732374e-17,4.2334086056423396e-19,2.042759253704429e-17,6.179132371806208e-18,0.19999999999999998,0.05818220830961819,5.686084498014625e-17,0.19999999999999998,0.2,0.14181779169038178
2020-09-28,7.795782197745791e-17,0.19999999999999996,2.6184922926732374e-17,4.2334086056423396e-19,2.042759253704429e-17,6.179132371806208e-18,0.19999999999999998,0.05818220830961819,5.686084498014625e-17,0.19999999999999998,0.2,0.14181779169038178
2020-09-29,7.795782197745791e-17,0.19999999999999996,2.6184922926732374e-17,4.2334086056423396e-19,2.042759253704429e-17,6.179132371806208e-18,0.19999999999999998,0.05818220830961819,5.686084498014625e-17,0.19999999999999998,0.2,0.14181779169038178
2020-09-30,7.795782197745791e-17,0.19999999999999996,2.6184922926732374e-17,4.2334086056423396e-19,2.042759253704429e-17,6.179132371806208e-18,0.19999999999999998,0.05818220830961819,5.686084498014625e-17,0.19999999999999998,0.2,0.14181779169038178
2020-10-01,7.795782197745791e-17,0.19999999999999996,2.6184922926732374e-17,4.2334086056423396e-19,2.042759253704429e-17,6.179132371806208e-18,0.19999999999999998,0.05818220830961819,5.686084498014625e-17,0.19999999999999998,0.2,0.14181779169038178
2020-10-02,7.795782197745791e-17,0.19999999999999996,2.6184922926732374e-17,4.2334086056423396e-19,2.042759253704429e-17,6.179132371806208e-18,0.19999999999999998,0.05818220830961819,5.686084498014625e-17,0.19999999999999998,0.2,0.14181779169038178
2020-10-05,7.795782197745791e-17,0.19999999999999996,2.6184922926732374e-17,4.2334086056423396e-19,2.042759253704429e-17,6.179132371806208e-18,0.19999999999999998,0.05818220830961819,5.686084498014625e-17,0.19999999999999998,0.2,0.14181779169038178
2020-10-06,7.795782197745791e-17,0.19999999999999996,2.6184922926732374e-17,4.2334086056423396e-19,2.042759253704429e-17,6.179132371806208e-18,0.19999999999999998,0.05818220830961819,5.686084498014625e-17,0.19999999999999998,0.2,0.14181779169038178
2020-10-07,7.795782197745791e-17,0.19999999999999996,2.6184922926732374e-17,4.2334086056423396e-19,2.042759253704429e-17,6.179132371806208e-18,0.19999999999999998,0.05818220830961819,5.686084498014625e-17,0.19999999999999998,0.2,0.14181779169038178
2020-10-08,7.795782197745791e-17,0.19999999999999996,2.6184922926732374e-17,4.2334086056423396e-19,2.042759253704429e-17,6.179132371806208e-18,0.19999999999999998,0.05818220830961819,5.686084498014625e-17,0.19999999999999998,0.2,0.14181779169038178
2020-10-09,7.795782197745791e-17,0.19999999999999996,2.6184922926732374e-17,4.2334086056423396e-19,2.042759253704429e-17,6.179132371806208e-18,0.19999999999999998,0.05818220830961819,5.686084498014625e-17,0.19999999999999998,0.2,0.14181779169038178
2020-10-12,7.795782197745791e-17,0.19999999999999996,2.6184922926732374e-17,4.2334086056423396e-19,2.042759253704429e-17,6.179132371806208e-18,0.19999999999999998,0.05818220830961819,5.686084498014625e-17,0.19999999999999998,0.2,0.14181779169038178
2020-10-13,7.795782197745791e-17,0.19999999999999996,2.6184922926732374e-17,4.2334086056423396e-19,2.042759253704429e-17,6.179132371806208e-18,0.19999999999999998,0.05818220830961819,5.686084498014625e-17,0.19999999999999998,0.2,0.14181779169038178
2020-10-14,7.795782197745791e-17,0.19999999999999996,2.6184922926732374e-17,4.2334086056423396e-19,2.042759253704429e-17,6.179132371806208e-18,0.19999999999999998,0.05818220830961819,5.686084498014625e-17,0.19999999999999998,0.2,0.14181779169038178
2020-10-15,7.795782197745791e-17,0.19999999999999996,2.6184922926732374e-17,4.2334086056423396e-19,2.042759253704429e-17,6.179132371806208e-18,0.19999999999999998,0.05818220830961819,5.686084498014625e-17,0.19999999999999998,0.2,0.14181779169038178
2020-10-16,7.795782197745791e-17,0.19999999999999996,2.6184922926732374e-17,4.2334086056423396e-19,2.042759253704429e-17,6.179132371806208e-18,0.19999999999999998,0.05818220830961819,5.686084498014625e-17,0.19999999999999998,0.2,0.14181779169038178
2020-10-19,7.795782197745791e-17,0.19999999999999996,2.6184922926732374e-17,4.2334086056423396e-19,2.042759253704429e-17,6.179132371806208e-18,0.19999999999999998,0.05818220830961819,5.686084498014625e-17,0.19999999999999998,0.2,0.14181779169038178
2020-10-20,7.795782197745791e-17,0.19999999999999996,2.6184922926732374e-17,4.2334086056423396e-19,2.042759253704429e-17,6.179132371806208e-18,0.19999999999999998,0.05818220830961819,5.686084498014625e-17,0.19999999999999998,0.2,0.14181779169038178
2020-10-21,7.795782197745791e-17,0.19999999999999996,2.6184922926732374e-17,4.2334086056423396e-19,2.042759253704429e-17,6.179132371806208e-18,0.19999999999999998,0.05818220830961819,5.686084498014625e-17,0.19999999999999998,0.2,0.14181779169038178
2020-10-22,7.795782197745791e-17,0.19999999999999996,2.6184922926732374e-17,4.2334086056423396e-19,2.042759253704429e-17,6.179132371806208e-18,0.19999999999999998,0.05818220830961819,5.686084498014625e-17,0.19999999999999998,0.2,0.14181779169038178
2020-10-23,7.795782197745791e-17,0.19999999999999996,2.6184922926732374e-17,4.2334086056423396e-19,2.042759253704429e-17,6.179132371806208e-18,0.19999999999999998,0.05818220830961819,5.686084498014625e-17,0.19999999999999998,0.2,0.14181779169038178
2020-10-26,7.795782197745791e-17,0.19999999999999996,2.6184922926732374e-17,4.2334086056423396e-19,2.042759253704429e-17,6.179132371806208e-18,0.19999999999999998,0.05818220830961819,5.686084498014625e-17,0.19999999999999998,0.2,0.14181779169038178
2020-10-27,7.795782197745791e-17,0.19999999999999996,2.6184922926732374e-17,4.2334086056423396e-19,2.042759253704429e-17,6.179132371806208e-18,0.19999999999999998,0.05818220830961819,5.686084498014625e-17,0.19999999999999998,0.2,0.14181779169038178
2020-10-28,7.795782197745791e-17,0.19999999999999996,2.6184922926732374e-17,4.2334086056423396e-19,2.042759253704429e-17,6.179132371806208e-18,0.19999999999999998,0.05818220830961819,5.686084498014625e-17,0.19999999999999998,0.2,0.14181779169038178
2020-10-29,7.795782197745791e-17,0.19999999999999996,2.6184922926732374e-17,4.2334086056423396e-19,2.042759253704429e-17,6.179132371806208e-18,0.19999999999999998,0.05818220830961819,5.686084498014625e-17,0.19999999999999998,0.2,0.14181779169038178
2020-10-30,7.795782197745791e-17,0.19999999999999996,2.6184922926732374e-17,4.2334086056423396e-19,2.042759253704429e-17,6.179132371806208e-18,0.19999999999999998,0.05818220830961819,5.686084498014625e-17,0.19999999999999998,0.2,0.14181779169038178
2020-11-02,7.795782197745791e-17,0.19999999999999996,2.6184922926732374e-17,4.2334086056423396e-19,2.042759253704429e-17,6.179132371806208e-18,0.19999999999999998,0.05818220830961819,5.686084498014625e-17,0.19999999999999998,0.2,0.14181779169038178
2020-11-03,7.795782197745791e-17,0.19999999999999996,2.6184922926732374e-17,4.2334086056423396e-19,2.042759253704429e-17,6.179132371806208e-18,0.19999999999999998,0.05818220830961819,5.686084498014625e-17,0.19999999999999998,0.2,0.14181779169038178
2020-11-04,7.795782197745791e-17,0.19999999999999996,2.6184922926732374e-17,4.2334086056423396e-19,2.042759253704429e-17,6.179132371806208e-18,0.19999999999999998,0.05818220830961819,5.686084498014625e-17,0.19999999999999998,0.2,0.14181779169038178
2020-11-05,7.795782197745791e-17,0.19999999999999996,2.6184922926732374e-17,4.2334086056423396e-19,2.042759253704429e-17,6.179132371806208e-18,0.19999999999999998,0.05818220830961819,5.686084498014625e-17,0.19999999999999998,0.2,0.14181779169038178
2020-11-06,7.795782197745791e-17,0.19999999999999996,2.6184922926732374e-17,4.2334086056423396e-19,2.042759253704429e-17,6.179132371806208e-18,0.19999999999999998,0.05818220830961819,5.686084498014625e-17,0.19999999999999998,0.2,0.14181779169038178
2020-11-09,7.795782197745791e-17,0.19999999999999996,2.6184922926732374e-17,4.2334086056423396e-19,2.042759253704429e-17,6.179132371806208e-18,0.19999999999999998,0.05818220830961819,5.686084498014625e-17,0.19999999999999998,0.2,0.14181779169038178
2020-11-10,7.795782197745791e-17,0.19999999999999996,2.6184922926732374e-17,4.2334086056423396e-19,2.042759253704429e-17,6.179132371806208e-18,0.19999999999999998,0.05818220830961819,5.686084498014625e-17,0.19999999999999998,0.2,0.14181779169038178
2020-11-11,7.795782197745791e-17,0.19999999999999996,2.6184922926732374e-17,4.2334086056423396e-19,2.042759253704429e-17,6.179132371806208e-18,0.19999999999999998,0.05818220830961819,5.686084498014625e-17,0.19999999999999998,0.2,0.14181779169038178
2020-11-12,7.795782197745791e-17,0.19999999999999996,2.6184922926732374e-17,4.2334086056423396e-19,2.042759253704429e-17,6.179132371806208e-18,0.19999999999999998,0.05818220830961819,5.686084498014625e-17,0.19999999999999998,0.2,0.14181779169038178
2020-11-13,0.0,0.2,1.6205842770571376e-17,0.0,3.54695470300121e-17,0.0,0.2,0.029528433701769007,2.469316783048368e-17,0.2,0.19999999999999996,0.170471566298231
2020-11-16,0.0,0.2,1.6205842770571376e-17,0.0,3.54695470300121e-17,0.0,0.2,0.029528433701769007,2.469316783048368e-17,0.2,0.19999999999999996,0.170471566298231
2020-11-17,0.0,0.2,1.6205842770571376e-17,0.0,3.54695470300121e-17,0.0,0.2,0.029528433701769007,2.469316783048368e-17,0.2,0.19999999999999996,0.170471566298231
2020-11-18,0.0,0.2,1.6205842770571376e-17,0.0,3.54695470300121e-17,0.0,0.2,0.029528433701769007,2.469316783048368e-17,0.2,0.19999999999999996,0.170471566298231
2020-11-19,0.0,0.2,1.6205842770571376e-17,0.0,3.54695470300121e-17,0.0,0.2,0.029528433701769007,2.469316783048368e-17,0.2,0.19999999999999996,0.170471566298231
2020-11-20,0.0,0.2,1.6205842770571376e-17,0.0,3.54695470300121e-17,0.0,0.2,0.029528433701769007,2.469316783048368e-17,0.2,0.19999999999999996,0.170471566298231
2020-11-23,0.0,0.2,1.6205842770571376e-17,0.0,3.54695470300121e-17,0.0,0.2,0.029528433701769007,2.469316783048368e-17,0.2,0.19999999999999996,0.170471566298231
2020-11-24,0.0,0.2,1.6205842770571376e-17,0.0,3.54695470300121e-17,0.0,0.2,0.029528433701769007,2.469316783048368e-17,0.2,0.19999999999999996,0.170471566298231
2020-11-25,0.0,0.2,1.6205842770571376e-17,0.0,3.54695470300121e-17,0.0,0.2,0.029528433701769007,2.469316783048368e-17,0.2,0.19999999999999996,0.170471566298231
2020-11-27,0.0,0.2,1.6205842770571376e-17,0.0,3.54695470300121e-17,0.0,0.2,0.029528433701769007,2.469316783048368e-17,0.2,0.19999999999999996,0.170471566298231
2020-11-30,0.2,0.0,3.9514947162027265e-17,0.0,4.4143291452747313e-16,0.2,0.0,0.0,0.19999999999999996,0.0,0.19999999999999993,0.19999999999999976
2020-12-01,0.2,0.0,3.9514947162027265e-17,0.0,4.4143291452747313e-16,0.2,0.0,0.0,0.19999999999999996,0.0,0.19999999999999993,0.19999999999999976
2020-12-02,0.2,0.0,3.9514947162027265e-17,0.0,4.4143291452747313e-16,0.2,0.0,0.0,0.19999999999999996,0.0,0.19999999999999993,0.19999999999999976
2020-12-03,0.2,0.0,3.9514947162027265e-17,0.0,4.4143291452747313e-16,0.2,0.0,0.0,0.19999999999999996,0.0,0.19999999999999993,0.19999999999999976
2020-12-04,0.2,0.0,3.9514947162027265e-17,0.0,4.4143291452747313e-16,0.2,0.0,0.0,0.19999999999999996,0.0,0.19999999999999993,0.19999999999999976
2020-12-07,0.2,0.0,3.9514947162027265e-17,0.0,4.4143291452747313e-16,0.2,0.0,0.0,0.19999999999999996,0.0,0.19999999999999993,0.19999999999999976
2020-12-08,0.2,0.0,3.9514947162027265e-17,0.0,4.4143291452747313e-16,0.2,0.0,0.0,0.19999999999999996,0.0,0.19999999999999993,0.19999999999999976
2020-12-09,0.2,0.0,3.9514947162027265e-17,0.0,4.4143291452747313e-16,0.2,0.0,0.0,0.19999999999999996,0.0,0.19999999999999993,0.19999999999999976
2020-12-10,0.2,0.0,3.9514947162027265e-17,0.0,4.4143291452747313e-16,0.2,0.0,0.0,0.19999999999999996,0.0,0.19999999999999993,0.19999999999999976
2020-12-11,0.2,0.0,3.9514947162027265e-17,0.0,4.4143291452747313e-16,0.2,0.0,0.0,0.19999999999999996,0.0,0.19999999999999993,0.19999999999999976
2020-12-14,0.2,0.0,3.9514947162027265e-17,0.0,4.4143291452747313e-16,0.2,0.0,0.0,0.19999999999999996,0.0,0.19999999999999993,0.19999999999999976
2020-12-15,0.2,0.0,3.9514947162027265e-17,0.0,4.4143291452747313e-16,0.2,0.0,0.0,0.19999999999999996,0.0,0.19999999999999993,0.19999999999999976
2020-12-16,0.2,0.0,3.9514947162027265e-17,0.0,4.4143291452747313e-16,0.2,0.0,0.0,0.19999999999999996,0.0,0.19999999999999993,0.19999999999999976
2020-12-17,0.2,0.0,3.9514947162027265e-17,0.0,4.4143291452747313e-16,0.2,0.0,0.0,0.19999999999999996,0.0,0.19999999999999993,0.19999999999999976
2020-12-18,0.2,0.0,3.9514947162027265e-17,0.0,4.4143291452747313e-16,0.2,0.0,0.0,0.19999999999999996,0.0,0.19999999999999993,0.19999999999999976
2020-12-21,0.2,0.0,3.9514947162027265e-17,0.0,4.4143291452747313e-16,0.2,0.0,0.0,0.19999999999999996,0.0,0.19999999999999993,0.19999999999999976
2020-12-22,0.2,0.0,3.9514947162027265e-17,0.0,4.4143291452747313e-16,0.2,0.0,0.0,0.19999999999999996,0.0,0.19999999999999993,0.19999999999999976
2020-12-23,0.2,0.0,3.9514947162027265e-17,0.0,4.4143291452747313e-16,0.2,0.0,0.0,0.19999999999999996,0.0,0.19999999999999993,0.19999999999999976
2020-12-24,0.2,0.0,3.9514947162027265e-17,0.0,4.4143291452747313e-16,0.2,0.0,0.0,0.19999999999999996,0.0,0.19999999999999993,0.19999999999999976
2020-12-28,0.2,0.0,3.9514947162027265e-17,0.0,4.4143291452747313e-16,0.2,0.0,0.0,0.19999999999999996,0.0,0.19999999999999993,0.19999999999999976
2020-12-29,0.2,0.0,3.9514947162027265e-17,0.0,4.4143291452747313e-16,0.2,0.0,0.0,0.19999999999999996,0.0,0.19999999999999993,0.19999999999999976
2020-12-30,0.2,0.0,3.9514947162027265e-17,0.0,4.4143291452747313e-16,0.2,0.0,0.0,0.19999999999999996,0.0,0.19999999999999993,0.19999999999999976
2020-12-31,0.2,0.0,3.9514947162027265e-17,0.0,4.4143291452747313e-16,0.2,0.0,0.0,0.19999999999999996,0.0,0.19999999999999993,0.19999999999999976
2021-01-04,0.2,0.0,3.9514947162027265e-17,0.0,4.4143291452747313e-16,0.2,0.0,0.0,0.19999999999999996,0.0,0.19999999999999993,0.19999999999999976
2021-01-05,0.2,0.0,3.9514947162027265e-17,0.0,4.4143291452747313e-16,0.2,0.0,0.0,0.19999999999999996,0.0,0.19999999999999993,0.19999999999999976
2021-01-06,0.2,0.0,3.9514947162027265e-17,0.0,4.4143291452747313e-16,0.2,0.0,0.0,0.19999999999999996,0.0,0.19999999999999993,0.19999999999999976
2021-01-07,0.2,0.0,3.9514947162027265e-17,0.0,4.4143291452747313e-16,0.2,0.0,0.0,0.19999999999999996,0.0,0.19999999999999993,0.19999999999999976
2021-01-08,0.2,0.0,3.9514947162027265e-17,0.0,4.4143291452747313e-16,0.2,0.0,0.0,0.19999999999999996,0.0,0.19999999999999993,0.19999999999999976
2021-01-11,0.2,0.0,3.9514947162027265e-17,0.0,4.4143291452747313e-16,0.2,0.0,0.0,0.19999999999999996,0.0,0.19999999999999993,0.19999999999999976
2021-01-12,0.2,0.0,3.9514947162027265e-17,0.0,4.4143291452747313e-16,0.2,0.0,0.0,0.19999999999999996,0.0,0.19999999999999993,0.19999999999999976
2021-01-13,0.2,0.09205092433185344,0.0,2.1592587684966607e-17,0.0,0.19999999999999996,1.3626004828893638e-16,2.0022909414070912e-17,0.19999999999999996,0.0,0.10794907566814639,0.2
2021-01-14,0.2,0.09205092433185344,0.0,2.1592587684966607e-17,0.0,0.19999999999999996,1.3626004828893638e-16,2.0022909414070912e-17,0.19999999999999996,0.0,0.10794907566814639,0.2
2021-01-15,0.2,0.09205092433185344,0.0,2.1592587684966607e-17,0.0,0.19999999999999996,1.3626004828893638e-16,2.0022909414070912e-17,0.19999999999999996,0.0,0.10794907566814639,0.2
2021-01-19,0.2,0.09205092433185344,0.0,2.1592587684966607e-17,0.0,0.19999999999999996,1.3626004828893638e-16,2.0022909414070912e-17,0.19999999999999996,0.0,0.10794907566814639,0.2
2021-01-20,0.2,0.09205092433185344,0.0,2.1592587684966607e-17,0.0,0.19999999999999996,1.3626004828893638e-16,2.0022909414070912e-17,0.19999999999999996,0.0,0.10794907566814639,0.2
2021-01-21,0.2,0.0,1.2921048299569263e-16,0.0,6.796886032503698e-17,0.2,0.0,0.0,0.19999999999999976,1.0273768114297329e-16,0.2,0.2
2021-01-22,0.2,0.0,1.2921048299569263e-16,0.0,6.796886032503698e-17,0.2,0.0,0.0,0.19999999999999976,1.0273768114297329e-16,0.2,0.2
2021-01-25,0.2,0.0,1.2921048299569263e-16,0.0,6.796886032503698e-17,0.2,0.0,0.0,0.19999999999999976,1.0273768114297329e-16,0.2,0.2
2021-01-26,0.2,0.0,1.2921048299569263e-16,0.0,6.796886032503698e-17,0.2,0.0,0.0,0.19999999999999976,1.0273768114297329e-16,0.2,0.2
2021-01-27,0.2,0.0,1.2921048299569263e-16,0.0,6.796886032503698e-17,0.2,0.0,0.0,0.19999999999999976,1.0273768114297329e-16,0.2,0.2
2021-01-28,0.2,0.1999999999999999,1.8935668404391674e-16,0.0,5.051008115084141e-17,0.2,8.744483848184222e-17,0.0,0.2,0.0,0.0,0.2
2021-01-29,0.2,0.1999999999999999,1.8935668404391674e-16,0.0,5.051008115084141e-17,0.2,8.744483848184222e-17,0.0,0.2,0.0,0.0,0.2
2021-02-01,0.2,0.1999999999999999,1.8935668404391674e-16,0.0,5.051008115084141e-17,0.2,8.744483848184222e-17,0.0,0.2,0.0,0.0,0.2
2021-02-02,0.2,0.1999999999999999,1.8935668404391674e-16,0.0,5.051008115084141e-17,0.2,8.744483848184222e-17,0.0,0.2,0.0,0.0,0.2
2021-02-03,0.2,0.1999999999999999,1.8935668404391674e-16,0.0,5.051008115084141e-17,0.2,8.744483848184222e-17,0.0,0.2,0.0,0.0,0.2
2021-02-04,0.2,0.10694651100526276,0.0,0.0,2.4508887198052475e-17,0.2,0.0,0.0,0.2,0.0,0.09305348899473737,0.19999999999999993
2021-02-05,0.2,0.10694651100526276,0.0,0.0,2.4508887198052475e-17,0.2,0.0,0.0,0.2,0.0,0.09305348899473737,0.19999999999999993
2021-02-08,0.2,0.10694651100526276,0.0,0.0,2.4508887198052475e-17,0.2,0.0,0.0,0.2,0.0,0.09305348899473737,0.19999999999999993
2021-02-09,0.2,0.10694651100526276,0.0,0.0,2.4508887198052475e-17,0.2,0.0,0.0,0.2,0.0,0.09305348899473737,0.19999999999999993
2021-02-10,0.2,0.10694651100526276,0.0,0.0,2.4508887198052475e-17,0.2,0.0,0.0,0.2,0.0,0.09305348899473737,0.19999999999999993
2021-02-11,0.19999999999999987,1.249000902703301e-16,1.3820456173860267e-16,0.0,0.0,0.2,0.0,0.0,0.2,0.0,0.19999999999999998,0.19999999999999982
2021-02-12,0.19999999999999987,1.249000902703301e-16,1.3820456173860267e-16,0.0,0.0,0.2,0.0,0.0,0.2,0.0,0.19999999999999998,0.19999999999999982
2021-02-16,0.19999999999999987,1.249000902703301e-16,1.3820456173860267e-16,0.0,0.0,0.2,0.0,0.0,0.2,0.0,0.19999999999999998,0.19999999999999982
2021-02-17,0.19999999999999987,1.249000902703301e-16,1.3820456173860267e-16,0.0,0.0,0.2,0.0,0.0,0.2,0.0,0.19999999999999998,0.19999999999999982
2021-02-18,0.19999999999999987,1.249000902703301e-16,1.3820456173860267e-16,0.0,0.0,0.2,0.0,0.0,0.2,0.0,0.19999999999999998,0.19999999999999982
2021-02-19,0.2,0.2,3.958923486922603e-17,3.4553271151312704e-18,0.0,0.19999999999999998,1.6321945016223676e-16,0.0,0.2,8.947407374895568e-17,0.0,0.2
2021-02-22,0.2,0.2,3.958923486922603e-17,3.4553271151312704e-18,0.0,0.19999999999999998,1.6321945016223676e-16,0.0,0.2,8.947407374895568e-17,0.0,0.2
2021-02-23,0.2,0.2,3.958923486922603e-17,3.4553271151312704e-18,0.0,0.19999999999999998,1.6321945016223676e-16,0.0,0.2,8.947407374895568e-17,0.0,0.2
2021-02-24,0.2,0.2,3.958923486922603e-17,3.4553271151312704e-18,0.0,0.19999999999999998,1.6321945016223676e-16,0.0,0.2,8.947407374895568e-17,0.0,0.2
2021-02-25,0.2,0.2,3.958923486922603e-17,3.4553271151312704e-18,0.0,0.19999999999999998,1.6321945016223676e-16,0.0,0.2,8.947407374895568e-17,0.0,0.2
2021-02-26,0.2,2.0394245560686324e-17,0.12769218067364382,0.07230781932635595,3.9898639947466563e-17,0.2,0.0,0.0,0.2,0.0,0.0,0.2
2021-03-01,0.2,2.0394245560686324e-17,0.12769218067364382,0.07230781932635595,3.9898639947466563e-17,0.2,0.0,0.0,0.2,0.0,0.0,0.2
2021-03-02,0.2,2.0394245560686324e-17,0.12769218067364382,0.07230781932635595,3.9898639947466563e-17,0.2,0.0,0.0,0.2,0.0,0.0,0.2
2021-03-03,0.2,2.0394245560686324e-17,0.12769218067364382,0.07230781932635595,3.9898639947466563e-17,0.2,0.0,0.0,0.2,0.0,0.0,0.2
2021-03-04,0.2,2.0394245560686324e-17,0.12769218067364382,0.07230781932635595,3.9898639947466563e-17,0.2,0.0,0.0,0.2,0.0,0.0,0.2
2021-03-05,0.1999999999999999,1.928514838468591e-16,0.2,0.19999999999999996,0.0,0.19999999999999998,0.0,0.0,0.19999999999999987,0.0,5.268143795750159e-17,1.320710254479218e-16
2021-03-08,0.1999999999999999,1.928514838468591e-16,0.2,0.19999999999999996,0.0,0.19999999999999998,0.0,0.0,0.19999999999999987,0.0,5.268143795750159e-17,1.320710254479218e-16
2021-03-09,0.1999999999999999,1.928514838468591e-16,0.2,0.19999999999999996,0.0,0.19999999999999998,0.0,0.0,0.19999999999999987,0.0,5.268143795750159e-17,1.320710254479218e-16
2021-03-10,0.1999999999999999,1.928514838468591e-16,0.2,0.19999999999999996,0.0,0.19999999999999998,0.0,0.0,0.19999999999999987,0.0,5.268143795750159e-17,1.320710254479218e-16
2021-03-11,0.1999999999999999,1.928514838468591e-16,0.2,0.19999999999999996,0.0,0.19999999999999998,0.0,0.0,0.19999999999999987,0.0,5.268143795750159e-17,1.320710254479218e-16
2021-03-12,0.1999999999999999,1.928514838468591e-16,0.2,0.19999999999999996,0.0,0.19999999999999998,0.0,0.0,0.19999999999999987,0.0,5.268143795750159e-17,1.320710254479218e-16
2021-03-15,0.1999999999999999,1.928514838468591e-16,0.2,0.19999999999999996,0.0,0.19999999999999998,0.0,0.0,0.19999999999999987,0.0,5.268143795750159e-17,1.320710254479218e-16
2021-03-16,0.1999999999999999,1.928514838468591e-16,0.2,0.19999999999999996,0.0,0.19999999999999998,0.0,0.0,0.19999999999999987,0.0,5.268143795750159e-17,1.320710254479218e-16
2021-03-17,0.1999999999999999,1.928514838468591e-16,0.2,0.19999999999999996,0.0,0.19999999999999998,0.0,0.0,0.19999999999999987,0.0,5.268143795750159e-17,1.320710254479218e-16
2021-03-18,0.1999999999999999,1.928514838468591e-16,0.2,0.19999999999999996,0.0,0.19999999999999998,0.0,0.0,0.19999999999999987,0.0,5.268143795750159e-17,1.320710254479218e-16
2021-03-19,0.13449334141439095,3.9094975087111683e-16,0.13893415410730897,0.19999999999999968,0.12657250447829926,0.19999999999999973,2.5218542532012833e-16,2.6316297231654406e-16,0.1999999999999998,2.1285599151321666e-16,2.0672347297509552e-16,1.0451708942760263e-16
2021-03-22,0.13449334141439095,3.9094975087111683e-16,0.13893415410730897,0.19999999999999968,0.12657250447829926,0.19999999999999973,2.5218542532012833e-16,2.6316297231654406e-16,0.1999999999999998,2.1285599151321666e-16,2.0672347297509552e-16,1.0451708942760263e-16
2021-03-23,0.13449334141439095,3.9094975087111683e-16,0.13893415410730897,0.19999999999999968,0.12657250447829926,0.19999999999999973,2.5218542532012833e-16,2.6316297231654406e-16,0.1999999999999998,2.1285599151321666e-16,2.0672347297509552e-16,1.0451708942760263e-16
2021-03-24,0.13449334141439095,3.9094975087111683e-16,0.13893415410730897,0.19999999999999968,0.12657250447829926,0.19999999999999973,2.5218542532012833e-16,2.6316297231654406e-16,0.1999999999999998,2.1285599151321666e-16,2.0672347297509552e-16,1.0451708942760263e-16
2021-03-25,0.13449334141439095,3.9094975087111683e-16,0.13893415410730897,0.19999999999999968,0.12657250447829926,0.19999999999999973,2.5218542532012833e-16,2.6316297231654406e-16,0.1999999999999998,2.1285599151321666e-16,2.0672347297509552e-16,1.0451708942760263e-16
2021-03-26,0.09641223571426143,0.0,0.2,0.19999999999999993,0.19999999999999993,0.10358776428573845,0.0,1.3010426069826053e-17,0.2,0.0,9.540979117872439e-18,2.463307335887066e-16
2021-03-29,0.09641223571426143,0.0,0.2,0.19999999999999993,0.19999999999999993,0.10358776428573845,0.0,1.3010426069826053e-17,0.2,0.0,9.540979117872439e-18,2.463307335887066e-16
2021-03-30,0.09641223571426143,0.0,0.2,0.19999999999999993,0.19999999999999993,0.10358776428573845,0.0,1.3010426069826053e-17,0.2,0.0,9.540979117872439e-18,2.463307335887066e-16
2021-03-31,0.09641223571426143,0.0,0.2,0.19999999999999993,0.19999999999999993,0.10358776428573845,0.0,1.3010426069826053e-17,0.2,0.0,9.540979117872439e-18,2.463307335887066e-16
2021-04-01,0.09641223571426143,0.0,0.2,0.19999999999999993,0.19999999999999993,0.10358776428573845,0.0,1.3010426069826053e-17,0.2,0.0,9.540979117872439e-18,2.463307335887066e-16
2021-04-05,0.0,1.6050977431403176e-17,0.19999999999999987,0.19999999999999998,0.2,0.2,4.857704260596831e-17,0.0,0.2,9.714929993331891e-17,3.040551361577123e-18,0.0
2021-04-06,0.0,1.6050977431403176e-17,0.19999999999999987,0.19999999999999998,0.2,0.2,4.857704260596831e-17,0.0,0.2,9.714929993331891e-17,3.040551361577123e-18,0.0
2021-04-07,0.0,1.6050977431403176e-17,0.19999999999999987,0.19999999999999998,0.2,0.2,4.857704260596831e-17,0.0,0.2,9.714929993331891e-17,3.040551361577123e-18,0.0
2021-04-08,0.0,1.6050977431403176e-17,0.19999999999999987,0.19999999999999998,0.2,0.2,4.857704260596831e-17,0.0,0.2,9.714929993331891e-17,3.040551361577123e-18,0.0
2021-04-09,0.0,1.6050977431403176e-17,0.19999999999999987,0.19999999999999998,0.2,0.2,4.857704260596831e-17,0.0,0.2,9.714929993331891e-17,3.040551361577123e-18,0.0
2021-04-12,0.14157090657356092,4.939799727566281e-16,0.1999999999999994,0.19999999999999946,0.05842909342643986,0.2,1.3631131813574004e-16,2.878058427862017e-17,0.1999999999999994,4.2010123678382083e-16,9.470505976660881e-17,0.0
2021-04-13,0.14157090657356092,4.939799727566281e-16,0.1999999999999994,0.19999999999999946,0.05842909342643986,0.2,1.3631131813574004e-16,2.878058427862017e-17,0.1999999999999994,4.2010123678382083e-16,9.470505976660881e-17,0.0
2021-04-14,0.14157090657356092,4.939799727566281e-16,0.1999999999999994,0.19999999999999946,0.05842909342643986,0.2,1.3631131813574004e-16,2.878058427862017e-17,0.1999999999999994,4.2010123678382083e-16,9.470505976660881e-17,0.0
2021-04-15,0.14157090657356092,4.939799727566281e-16,0.1999999999999994,0.19999999999999946,0.05842909342643986,0.2,1.3631131813574004e-16,2.878058427862017e-17,0.1999999999999994,4.2010123678382083e-16,9.470505976660881e-17,0.0
2021-04-16,0.14157090657356092,4.939799727566281e-16,0.1999999999999994,0.19999999999999946,0.05842909342643986,0.2,1.3631131813574004e-16,2.878058427862017e-17,0.1999999999999994,4.2010123678382083e-16,9.470505976660881e-17,0.0
2021-04-19,0.09347914771695107,2.148192372692686e-16,0.19999999999999984,0.19999999999999962,0.2,0.10652085228304829,2.586229084425745e-16,2.2323726003807886e-16,0.2,1.5673500928324923e-16,1.7631841102376866e-16,0.0
2021-04-20,0.09347914771695107,2.148192372692686e-16,0.19999999999999984,0.19999999999999962,0.2,0.10652085228304829,2.586229084425745e-16,2.2323726003807886e-16,0.2,1.5673500928324923e-16,1.7631841102376866e-16,0.0
2021-04-21,0.09347914771695107,2.148192372692686e-16,0.19999999999999984,0.19999999999999962,0.2,0.10652085228304829,2.586229084425745e-16,2.2323726003807886e-16,0.2,1.5673500928324923e-16,1.7631841102376866e-16,0.0
2021-04-22,0.09347914771695107,2.148192372692686e-16,0.19999999999999984,0.19999999999999962,0.2,0.10652085228304829,2.586229084425745e-16,2.2323726003807886e-16,0.2,1.5673500928324923e-16,1.7631841102376866e-16,0.0
2021-04-23,0.09347914771695107,2.148192372692686e-16,0.19999999999999984,0.19999999999999962,0.2,0.10652085228304829,2.586229084425745e-16,2.2323726003807886e-16,0.2,1.5673500928324923e-16,1.7631841102376866e-16,0.0
2021-04-26,0.19999999999999984,0.0,0.2,1.1796119636642288e-16,0.2,0.2,0.0,0.0,0.2,0.0,0.0,2.9947679938671924e-16
2021-04-27,0.19999999999999984,0.0,0.2,1.1796119636642288e-16,0.2,0.2,0.0,0.0,0.2,0.0,0.0,2.9947679938671924e-16
2021-04-28,0.19999999999999984,0.0,0.2,1.1796119636642288e-16,0.2,0.2,0.0,0.0,0.2,0.0,0.0,2.9947679938671924e-16
2021-04-29,0.19999999999999984,0.0,0.2,1.1796119636642288e-16,0.2,0.2,0.0,0.0,0.2,0.0,0.0,2.9947679938671924e-16
2021-04-30,0.19999999999999984,0.0,0.2,1.1796119636642288e-16,0.2,0.2,0.0,0.0,0.2,0.0,0.0,2.9947679938671924e-16
2021-05-03,0.19999999999999984,0.0,0.2,1.1796119636642288e-16,0.2,0.2,0.0,0.0,0.2,0.0,0.0,2.9947679938671924e-16
2021-05-04,0.19999999999999984,0.0,0.2,1.1796119636642288e-16,0.2,0.2,0.0,0.0,0.2,0.0,0.0,2.9947679938671924e-16
2021-05-05,0.19999999999999984,0.0,0.2,1.1796119636642288e-16,0.2,0.2,0.0,0.0,0.2,0.0,0.0,2.9947679938671924e-16
2021-05-06,0.19999999999999984,0.0,0.2,1.1796119636642288e-16,0.2,0.2,0.0,0.0,0.2,0.0,0.0,2.9947679938671924e-16
2021-05-07,0.19999999999999984,0.0,0.2,1.1796119636642288e-16,0.2,0.2,0.0,0.0,0.2,0.0,0.0,2.9947679938671924e-16
2021-05-10,0.0,4.800456966260257e-17,0.1999999999999999,0.19999999999999984,0.2,0.19999999999999948,1.0991251371152487e-16,0.0,0.2,0.0,0.0,6.562419884269706e-16
2021-05-11,0.0,4.800456966260257e-17,0.1999999999999999,0.19999999999999984,0.2,0.19999999999999948,1.0991251371152487e-16,0.0,0.2,0.0,0.0,6.562419884269706e-16
2021-05-12,0.0,4.800456966260257e-17,0.1999999999999999,0.19999999999999984,0.2,0.19999999999999948,1.0991251371152487e-16,0.0,0.2,0.0,0.0,6.562419884269706e-16
2021-05-13,0.0,4.800456966260257e-17,0.1999999999999999,0.19999999999999984,0.2,0.19999999999999948,1.0991251371152487e-16,0.0,0.2,0.0,0.0,6.562419884269706e-16
2021-05-14,0.0,4.800456966260257e-17,0.1999999999999999,0.19999999999999984,0.2,0.19999999999999948,1.0991251371152487e-16,0.0,0.2,0.0,0.0,6.562419884269706e-16
2021-05-17,0.0,4.800456966260257e-17,0.1999999999999999,0.19999999999999984,0.2,0.19999999999999948,1.0991251371152487e-16,0.0,0.2,0.0,0.0,6.562419884269706e-16
2021-05-18,0.0,4.800456966260257e-17,0.1999999999999999,0.19999999999999984,0.2,0.19999999999999948,1.0991251371152487e-16,0.0,0.2,0.0,0.0,6.562419884269706e-16
2021-05-19,0.0,4.800456966260257e-17,0.1999999999999999,0.19999999999999984,0.2,0.19999999999999948,1.0991251371152487e-16,0.0,0.2,0.0,0.0,6.562419884269706e-16
2021-05-20,0.0,4.800456966260257e-17,0.1999999999999999,0.19999999999999984,0.2,0.19999999999999948,1.0991251371152487e-16,0.0,0.2,0.0,0.0,6.562419884269706e-16
2021-05-21,0.0,4.800456966260257e-17,0.1999999999999999,0.19999999999999984,0.2,0.19999999999999948,1.0991251371152487e-16,0.0,0.2,0.0,0.0,6.562419884269706e-16
2021-05-24,0.2,5.4860629927766524e-17,0.2,0.1999999999999999,0.2,0.0,0.0,0.0,0.19999999999999993,1.0641444322945226e-16,8.435092901937224e-17,5.567378155713065e-17
2021-05-25,0.2,5.4860629927766524e-17,0.2,0.1999999999999999,0.2,0.0,0.0,0.0,0.19999999999999993,1.0641444322945226e-16,8.435092901937224e-17,5.567378155713065e-17
2021-05-26,0.2,5.4860629927766524e-17,0.2,0.1999999999999999,0.2,0.0,0.0,0.0,0.19999999999999993,1.0641444322945226e-16,8.435092901937224e-17,5.567378155713065e-17
2021-05-27,0.2,5.4860629927766524e-17,0.2,0.1999999999999999,0.2,0.0,0.0,0.0,0.19999999999999993,1.0641444322945226e-16,8.435092901937224e-17,5.567378155713065e-17
2021-05-28,0.2,5.4860629927766524e-17,0.2,0.1999999999999999,0.2,0.0,0.0,0.0,0.19999999999999993,1.0641444322945226e-16,8.435092901937224e-17,5.567378155713065e-17
2021-06-01,0.2,5.4860629927766524e-17,0.2,0.1999999999999999,0.2,0.0,0.0,0.0,0.19999999999999993,1.0641444322945226e-16,8.435092901937224e-17,5.567378155713065e-17
2021-06-02,0.2,5.4860629927766524e-17,0.2,0.1999999999999999,0.2,0.0,0.0,0.0,0.19999999999999993,1.0641444322945226e-16,8.435092901937224e-17,5.567378155713065e-17
2021-06-03,0.2,5.4860629927766524e-17,0.2,0.1999999999999999,0.2,0.0,0.0,0.0,0.19999999999999993,1.0641444322945226e-16,8.435092901937224e-17,5.567378155713065e-17
2021-06-04,0.2,5.4860629927766524e-17,0.2,0.1999999999999999,0.2,0.0,0.0,0.0,0.19999999999999993,1.0641444322945226e-16,8.435092901937224e-17,5.567378155713065e-17
2021-06-07,0.2,5.4860629927766524e-17,0.2,0.1999999999999999,0.2,0.0,0.0,0.0,0.19999999999999993,1.0641444322945226e-16,8.435092901937224e-17,5.567378155713065e-17
2021-06-08,0.2,5.4860629927766524e-17,0.2,0.1999999999999999,0.2,0.0,0.0,0.0,0.19999999999999993,1.0641444322945226e-16,8.435092901937224e-17,5.567378155713065e-17
2021-06-09,0.2,5.4860629927766524e-17,0.2,0.1999999999999999,0.2,0.0,0.0,0.0,0.19999999999999993,1.0641444322945226e-16,8.435092901937224e-17,5.567378155713065e-17
2021-06-10,0.2,5.4860629927766524e-17,0.2,0.1999999999999999,0.2,0.0,0.0,0.0,0.19999999999999993,1.0641444322945226e-16,8.435092901937224e-17,5.567378155713065e-17
2021-06-11,0.2,5.4860629927766524e-17,0.2,0.1999999999999999,0.2,0.0,0.0,0.0,0.19999999999999993,1.0641444322945226e-16,8.435092901937224e-17,5.567378155713065e-17
2021-06-14,0.2,5.4860629927766524e-17,0.2,0.1999999999999999,0.2,0.0,0.0,0.0,0.19999999999999993,1.0641444322945226e-16,8.435092901937224e-17,5.567378155713065e-17
2021-06-15,0.2,5.4860629927766524e-17,0.2,0.1999999999999999,0.2,0.0,0.0,0.0,0.19999999999999993,1.0641444322945226e-16,8.435092901937224e-17,5.567378155713065e-17
2021-06-16,0.2,5.4860629927766524e-17,0.2,0.1999999999999999,0.2,0.0,0.0,0.0,0.19999999999999993,1.0641444322945226e-16,8.435092901937224e-17,5.567378155713065e-17
2021-06-17,0.2,5.4860629927766524e-17,0.2,0.1999999999999999,0.2,0.0,0.0,0.0,0.19999999999999993,1.0641444322945226e-16,8.435092901937224e-17,5.567378155713065e-17
2021-06-18,0.2,5.4860629927766524e-17,0.2,0.1999999999999999,0.2,0.0,0.0,0.0,0.19999999999999993,1.0641444322945226e-16,8.435092901937224e-17,5.567378155713065e-17
2021-06-21,0.2,5.4860629927766524e-17,0.2,0.1999999999999999,0.2,0.0,0.0,0.0,0.19999999999999993,1.0641444322945226e-16,8.435092901937224e-17,5.567378155713065e-17
2021-06-22,0.2,5.4860629927766524e-17,0.2,0.1999999999999999,0.2,0.0,0.0,0.0,0.19999999999999993,1.0641444322945226e-16,8.435092901937224e-17,5.567378155713065e-17
2021-06-23,0.2,5.4860629927766524e-17,0.2,0.1999999999999999,0.2,0.0,0.0,0.0,0.19999999999999993,1.0641444322945226e-16,8.435092901937224e-17,5.567378155713065e-17
2021-06-24,0.2,5.4860629927766524e-17,0.2,0.1999999999999999,0.2,0.0,0.0,0.0,0.19999999999999993,1.0641444322945226e-16,8.435092901937224e-17,5.567378155713065e-17
2021-06-25,0.2,5.4860629927766524e-17,0.2,0.1999999999999999,0.2,0.0,0.0,0.0,0.19999999999999993,1.0641444322945226e-16,8.435092901937224e-17,5.567378155713065e-17
2021-06-28,0.2,5.4860629927766524e-17,0.2,0.1999999999999999,0.2,0.0,0.0,0.0,0.19999999999999993,1.0641444322945226e-16,8.435092901937224e-17,5.567378155713065e-17
2021-06-29,0.2,5.4860629927766524e-17,0.2,0.1999999999999999,0.2,0.0,0.0,0.0,0.19999999999999993,1.0641444322945226e-16,8.435092901937224e-17,5.567378155713065e-17
2021-06-30,0.2,5.4860629927766524e-17,0.2,0.1999999999999999,0.2,0.0,0.0,0.0,0.19999999999999993,1.0641444322945226e-16,8.435092901937224e-17,5.567378155713065e-17
2021-07-01,0.2,5.4860629927766524e-17,0.2,0.1999999999999999,0.2,0.0,0.0,0.0,0.19999999999999993,1.0641444322945226e-16,8.435092901937224e-17,5.567378155713065e-17
2021-07-02,0.2,5.4860629927766524e-17,0.2,0.1999999999999999,0.2,0.0,0.0,0.0,0.19999999999999993,1.0641444322945226e-16,8.435092901937224e-17,5.567378155713065e-17
2021-07-06,0.2,5.4860629927766524e-17,0.2,0.1999999999999999,0.2,0.0,0.0,0.0,0.19999999999999993,1.0641444322945226e-16,8.435092901937224e-17,5.567378155713065e-17
2021-07-07,0.2,5.4860629927766524e-17,0.2,0.1999999999999999,0.2,0.0,0.0,0.0,0.19999999999999993,1.0641444322945226e-16,8.435092901937224e-17,5.567378155713065e-17
2021-07-08,0.2,5.4860629927766524e-17,0.2,0.1999999999999999,0.2,0.0,0.0,0.0,0.19999999999999993,1.0641444322945226e-16,8.435092901937224e-17,5.567378155713065e-17
2021-07-09,0.2,5.4860629927766524e-17,0.2,0.1999999999999999,0.2,0.0,0.0,0.0,0.19999999999999993,1.0641444322945226e-16,8.435092901937224e-17,5.567378155713065e-17
2021-07-12,0.2,5.4860629927766524e-17,0.2,0.1999999999999999,0.2,0.0,0.0,0.0,0.19999999999999993,1.0641444322945226e-16,8.435092901937224e-17,5.567378155713065e-17
2021-07-13,0.2,5.4860629927766524e-17,0.2,0.1999999999999999,0.2,0.0,0.0,0.0,0.19999999999999993,1.0641444322945226e-16,8.435092901937224e-17,5.567378155713065e-17
2021-07-14,0.2,5.4860629927766524e-17,0.2,0.1999999999999999,0.2,0.0,0.0,0.0,0.19999999999999993,1.0641444322945226e-16,8.435092901937224e-17,5.567378155713065e-17
2021-07-15,0.2,5.4860629927766524e-17,0.2,0.1999999999999999,0.2,0.0,0.0,0.0,0.19999999999999993,1.0641444322945226e-16,8.435092901937224e-17,5.567378155713065e-17
2021-07-16,0.2,5.4860629927766524e-17,0.2,0.1999999999999999,0.2,0.0,0.0,0.0,0.19999999999999993,1.0641444322945226e-16,8.435092901937224e-17,5.567378155713065e-17
2021-07-19,0.2,5.4860629927766524e-17,0.2,0.1999999999999999,0.2,0.0,0.0,0.0,0.19999999999999993,1.0641444322945226e-16,8.435092901937224e-17,5.567378155713065e-17
2021-07-20,0.2,5.4860629927766524e-17,0.2,0.1999999999999999,0.2,0.0,0.0,0.0,0.19999999999999993,1.0641444322945226e-16,8.435092901937224e-17,5.567378155713065e-17
2021-07-21,0.2,0.0,0.2,0.2,0.2,0.06548470005703773,0.0,0.0,0.05716731873334687,0.0,0.0,0.07734798120961578
2021-07-22,0.2,0.0,0.2,0.2,0.2,0.06548470005703773,0.0,0.0,0.05716731873334687,0.0,0.0,0.07734798120961578
2021-07-23,0.2,0.0,0.2,0.2,0.2,0.06548470005703773,0.0,0.0,0.05716731873334687,0.0,0.0,0.07734798120961578
2021-07-26,0.2,0.0,0.2,0.2,0.2,0.06548470005703773,0.0,0.0,0.05716731873334687,0.0,0.0,0.07734798120961578
2021-07-27,0.2,0.0,0.2,0.2,0.2,0.06548470005703773,0.0,0.0,0.05716731873334687,0.0,0.0,0.07734798120961578
2021-07-28,0.2,1.648116183558893e-16,0.2,0.2,0.19999999999999998,0.0,0.0,0.0,2.9792442115457306e-17,0.0,0.0,0.2
2021-07-29,0.2,1.648116183558893e-16,0.2,0.2,0.19999999999999998,0.0,0.0,0.0,2.9792442115457306e-17,0.0,0.0,0.2
2021-07-30,0.2,1.648116183558893e-16,0.2,0.2,0.19999999999999998,0.0,0.0,0.0,2.9792442115457306e-17,0.0,0.0,0.2
2021-08-02,0.2,1.648116183558893e-16,0.2,0.2,0.19999999999999998,0.0,0.0,0.0,2.9792442115457306e-17,0.0,0.0,0.2
2021-08-03,0.2,1.648116183558893e-16,0.2,0.2,0.19999999999999998,0.0,0.0,0.0,2.9792442115457306e-17,0.0,0.0,0.2
2021-08-04,0.2,3.686287386450715e-18,0.2,0.2,0.2,0.0,0.0,0.0,0.2,0.0,0.0,0.0
2021-08-05,0.2,3.686287386450715e-18,0.2,0.2,0.2,0.0,0.0,0.0,0.2,0.0,0.0,0.0
2021-08-06,0.2,3.686287386450715e-18,0.2,0.2,0.2,0.0,0.0,0.0,0.2,0.0,0.0,0.0
2021-08-09,0.2,3.686287386450715e-18,0.2,0.2,0.2,0.0,0.0,0.0,0.2,0.0,0.0,0.0
2021-08-10,0.2,3.686287386450715e-18,0.2,0.2,0.2,0.0,0.0,0.0,0.2,0.0,0.0,0.0
2021-08-11,0.2,3.686287386450715e-18,0.2,0.2,0.2,0.0,0.0,0.0,0.2,0.0,0.0,0.0
2021-08-12,0.2,3.686287386450715e-18,0.2,0.2,0.2,0.0,0.0,0.0,0.2,0.0,0.0,0.0
2021-08-13,0.2,3.686287386450715e-18,0.2,0.2,0.2,0.0,0.0,0.0,0.2,0.0,0.0,0.0
2021-08-16,0.2,3.686287386450715e-18,0.2,0.2,0.2,0.0,0.0,0.0,0.2,0.0,0.0,0.0
2021-08-17,0.2,3.686287386450715e-18,0.2,0.2,0.2,0.0,0.0,0.0,0.2,0.0,0.0,0.0
2021-08-18,0.2,3.686287386450715e-18,0.2,0.2,0.2,0.0,0.0,0.0,0.2,0.0,0.0,0.0
2021-08-19,0.2,3.686287386450715e-18,0.2,0.2,0.2,0.0,0.0,0.0,0.2,0.0,0.0,0.0
2021-08-20,0.2,3.686287386450715e-18,0.2,0.2,0.2,0.0,0.0,0.0,0.2,0.0,0.0,0.0
2021-08-23,0.2,3.686287386450715e-18,0.2,0.2,0.2,0.0,0.0,0.0,0.2,0.0,0.0,0.0
2021-08-24,0.2,3.686287386450715e-18,0.2,0.2,0.2,0.0,0.0,0.0,0.2,0.0,0.0,0.0
2021-08-25,0.2,3.686287386450715e-18,0.2,0.2,0.2,0.0,0.0,0.0,0.2,0.0,0.0,0.0
2021-08-26,0.2,3.686287386450715e-18,0.2,0.2,0.2,0.0,0.0,0.0,0.2,0.0,0.0,0.0
2021-08-27,0.2,3.686287386450715e-18,0.2,0.2,0.2,0.0,0.0,0.0,0.2,0.0,0.0,0.0
2021-08-30,0.2,3.686287386450715e-18,0.2,0.2,0.2,0.0,0.0,0.0,0.2,0.0,0.0,0.0
2021-08-31,0.2,3.686287386450715e-18,0.2,0.2,0.2,0.0,0.0,0.0,0.2,0.0,0.0,0.0
2021-09-01,0.11300419521474067,0.0,0.19999999999999987,0.2,0.2,8.429671891074797e-17,0.0,4.3530717225293e-17,0.2,0.0,0.0,0.08699580478525883
2021-09-02,0.11300419521474067,0.0,0.19999999999999987,0.2,0.2,8.429671891074797e-17,0.0,4.3530717225293e-17,0.2,0.0,0.0,0.08699580478525883
2021-09-03,0.11300419521474067,0.0,0.19999999999999987,0.2,0.2,8.429671891074797e-17,0.0,4.3530717225293e-17,0.2,0.0,0.0,0.08699580478525883
2021-09-07,0.11300419521474067,0.0,0.19999999999999987,0.2,0.2,8.429671891074797e-17,0.0,4.3530717225293e-17,0.2,0.0,0.0,0.08699580478525883
2021-09-08,0.11300419521474067,0.0,0.19999999999999987,0.2,0.2,8.429671891074797e-17,0.0,4.3530717225293e-17,0.2,0.0,0.0,0.08699580478525883
2021-09-09,0.19999999999999993,0.0,0.19999999999999984,0.19999999999999976,0.12624825516725208,0.0,1.5306109977642357e-16,3.6631156499461334e-17,0.14147570972674955,2.1698428677879685e-16,2.0152176851070801e-16,0.13227603510599836
2021-09-10,0.19999999999999993,0.0,0.19999999999999984,0.19999999999999976,0.12624825516725208,0.0,1.5306109977642357e-16,3.6631156499461334e-17,0.14147570972674955,2.1698428677879685e-16,2.0152176851070801e-16,0.13227603510599836
2021-09-13,0.19999999999999993,0.0,0.19999999999999984,0.19999999999999976,0.12624825516725208,0.0,1.5306109977642357e-16,3.6631156499461334e-17,0.14147570972674955,2.1698428677879685e-16,2.0152176851070801e-16,0.13227603510599836
2021-09-14,0.19999999999999993,0.0,0.19999999999999984,0.19999999999999976,0.12624825516725208,0.0,1.5306109977642357e-16,3.6631156499461334e-17,0.14147570972674955,2.1698428677879685e-16,2.0152176851070801e-16,0.13227603510599836
2021-09-15,0.19999999999999993,0.0,0.19999999999999984,0.19999999999999976,0.12624825516725208,0.0,1.5306109977642357e-16,3.6631156499461334e-17,0.14147570972674955,2.1698428677879685e-16,2.0152176851070801e-16,0.13227603510599836
2021-09-16,0.2,1.4806799848130066e-16,0.2,0.2,0.19999999999999993,0.0,0.0,0.0,0.0,0.0,0.0,0.2
2021-09-17,0.2,1.4806799848130066e-16,0.2,0.2,0.19999999999999993,0.0,0.0,0.0,0.0,0.0,0.0,0.2
2021-09-20,0.2,1.4806799848130066e-16,0.2,0.2,0.19999999999999993,0.0,0.0,0.0,0.0,0.0,0.0,0.2
2021-09-21,0.2,1.4806799848130066e-16,0.2,0.2,0.19999999999999993,0.0,0.0,0.0,0.0,0.0,0.0,0.2
2021-09-22,0.2,1.4806799848130066e-16,0.2,0.2,0.19999999999999993,0.0,0.0,0.0,0.0,0.0,0.0,0.2
2021-09-23,0.2,1.4806799848130066e-16,0.2,0.2,0.19999999999999993,0.0,0.0,0.0,0.0,0.0,0.0,0.2
2021-09-24,0.2,1.4806799848130066e-16,0.2,0.2,0.19999999999999993,0.0,0.0,0.0,0.0,0.0,0.0,0.2
2021-09-27,0.2,1.4806799848130066e-16,0.2,0.2,0.19999999999999993,0.0,0.0,0.0,0.0,0.0,0.0,0.2
2021-09-28,0.2,1.4806799848130066e-16,0.2,0.2,0.19999999999999993,0.0,0.0,0.0,0.0,0.0,0.0,0.2
2021-09-29,0.2,1.4806799848130066e-16,0.2,0.2,0.19999999999999993,0.0,0.0,0.0,0.0,0.0,0.0,0.2
2021-09-30,0.2,1.4806799848130066e-16,0.2,0.2,0.19999999999999993,0.0,0.0,0.0,0.0,0.0,0.0,0.2
2021-10-01,0.2,1.4806799848130066e-16,0.2,0.2,0.19999999999999993,0.0,0.0,0.0,0.0,0.0,0.0,0.2
2021-10-04,0.2,1.4806799848130066e-16,0.2,0.2,0.19999999999999993,0.0,0.0,0.0,0.0,0.0,0.0,0.2
2021-10-05,0.2,1.4806799848130066e-16,0.2,0.2,0.19999999999999993,0.0,0.0,0.0,0.0,0.0,0.0,0.2
2021-10-06,0.2,1.4806799848130066e-16,0.2,0.2,0.19999999999999993,0.0,0.0,0.0,0.0,0.0,0.0,0.2
2021-10-07,1.775449025824875e-21,0.1583720020585031,0.15620551899863688,1.2261068802023657e-17,2.9222939735377787e-21,0.002554364649007448,0.2,0.08286811429385263,6.036642605187306e-21,0.2,0.2,1.913375557037898e-17
2021-10-08,1.775449025824875e-21,0.1583720020585031,0.15620551899863688,1.2261068802023657e-17,2.9222939735377787e-21,0.002554364649007448,0.2,0.08286811429385263,6.036642605187306e-21,0.2,0.2,1.913375557037898e-17
2021-10-11,1.775449025824875e-21,0.1583720020585031,0.15620551899863688,1.2261068802023657e-17,2.9222939735377787e-21,0.002554364649007448,0.2,0.08286811429385263,6.036642605187306e-21,0.2,0.2,1.913375557037898e-17
2021-10-12,1.775449025824875e-21,0.1583720020585031,0.15620551899863688,1.2261068802023657e-17,2.9222939735377787e-21,0.002554364649007448,0.2,0.08286811429385263,6.036642605187306e-21,0.2,0.2,1.913375557037898e-17
2021-10-13,1.775449025824875e-21,0.1583720020585031,0.15620551899863688,1.2261068802023657e-17,2.9222939735377787e-21,0.002554364649007448,0.2,0.08286811429385263,6.036642605187306e-21,0.2,0.2,1.913375557037898e-17
2021-10-14,1.775449025824875e-21,0.1583720020585031,0.15620551899863688,1.2261068802023657e-17,2.9222939735377787e-21,0.002554364649007448,0.2,0.08286811429385263,6.036642605187306e-21,0.2,0.2,1.913375557037898e-17
2021-10-15,1.775449025824875e-21,0.1583720020585031,0.15620551899863688,1.2261068802023657e-17,2.9222939735377787e-21,0.002554364649007448,0.2,0.08286811429385263,6.036642605187306e-21,0.2,0.2,1.913375557037898e-17
2021-10-18,1.775449025824875e-21,0.1583720020585031,0.15620551899863688,1.2261068802023657e-17,2.9222939735377787e-21,0.002554364649007448,0.2,0.08286811429385263,6.036642605187306e-21,0.2,0.2,1.913375557037898e-17
2021-10-19,1.775449025824875e-21,0.1583720020585031,0.15620551899863688,1.2261068802023657e-17,2.9222939735377787e-21,0.002554364649007448,0.2,0.08286811429385263,6.036642605187306e-21,0.2,0.2,1.913375557037898e-17
2021-10-20,1.775449025824875e-21,0.1583720020585031,0.15620551899863688,1.2261068802023657e-17,2.9222939735377787e-21,0.002554364649007448,0.2,0.08286811429385263,6.036642605187306e-21,0.2,0.2,1.913375557037898e-17
2021-10-21,1.2876371699924284e-17,0.17614447025317279,0.1307306087719059,1.00174104395884e-17,6.162966378704743e-19,0.007928044951659172,0.2,0.08519687602326215,8.291844960540695e-20,0.19999999999999998,0.2,3.867048505978392e-17
2021-10-22,1.2876371699924284e-17,0.17614447025317279,0.1307306087719059,1.00174104395884e-17,6.162966378704743e-19,0.007928044951659172,0.2,0.08519687602326215,8.291844960540695e-20,0.19999999999999998,0.2,3.867048505978392e-17
2021-10-25,1.2876371699924284e-17,0.17614447025317279,0.1307306087719059,1.00174104395884e-17,6.162966378704743e-19,0.007928044951659172,0.2,0.08519687602326215,8.291844960540695e-20,0.19999999999999998,0.2,3.867048505978392e-17
2021-10-26,1.2876371699924284e-17,0.17614447025317279,0.1307306087719059,1.00174104395884e-17,6.162966378704743e-19,0.007928044951659172,0.2,0.08519687602326215,8.291844960540695e-20,0.19999999999999998,0.2,3.867048505978392e-17
2021-10-27,1.2876371699924284e-17,0.17614447025317279,0.1307306087719059,1.00174104395884e-17,6.162966378704743e-19,0.007928044951659172,0.2,0.08519687602326215,8.291844960540695e-20,0.19999999999999998,0.2,3.867048505978392e-17
2021-10-28,1.2876371699924284e-17,0.17614447025317279,0.1307306087719059,1.00174104395884e-17,6.162966378704743e-19,0.007928044951659172,0.2,0.08519687602326215,8.291844960540695e-20,0.19999999999999998,0.2,3.867048505978392e-17
2021-10-29,1.2876371699924284e-17,0.17614447025317279,0.1307306087719059,1.00174104395884e-17,6.162966378704743e-19,0.007928044951659172,0.2,0.08519687602326215,8.291844960540695e-20,0.19999999999999998,0.2,3.867048505978392e-17
2021-11-01,1.2876371699924284e-17,0.17614447025317279,0.1307306087719059,1.00174104395884e-17,6.162966378704743e-19,0.007928044951659172,0.2,0.08519687602326215,8.291844960540695e-20,0.19999999999999998,0.2,3.867048505978392e-17
2021-11-02,1.2876371699924284e-17,0.17614447025317279,0.1307306087719059,1.00174104395884e-17,6.162966378704743e-19,0.007928044951659172,0.2,0.08519687602326215,8.291844960540695e-20,0.19999999999999998,0.2,3.867048505978392e-17
2021-11-03,1.2876371699924284e-17,0.17614447025317279,0.1307306087719059,1.00174104395884e-17,6.162966378704743e-19,0.007928044951659172,0.2,0.08519687602326215,8.291844960540695e-20,0.19999999999999998,0.2,3.867048505978392e-17
2021-11-04,0.19999999999999984,1.4915655564728283e-16,0.19999999999999998,0.19999999999999996,0.0,0.19999999999999998,4.110608046215037e-17,8.181637739838428e-17,0.0,9.278829122877396e-17,2.2373784751579463e-16,0.2
2021-11-05,0.19999999999999984,1.4915655564728283e-16,0.19999999999999998,0.19999999999999996,0.0,0.19999999999999998,4.110608046215037e-17,8.181637739838428e-17,0.0,9.278829122877396e-17,2.2373784751579463e-16,0.2
2021-11-08,0.19999999999999984,1.4915655564728283e-16,0.19999999999999998,0.19999999999999996,0.0,0.19999999999999998,4.110608046215037e-17,8.181637739838428e-17,0.0,9.278829122877396e-17,2.2373784751579463e-16,0.2
2021-11-09,0.19999999999999984,1.4915655564728283e-16,0.19999999999999998,0.19999999999999996,0.0,0.19999999999999998,4.110608046215037e-17,8.181637739838428e-17,0.0,9.278829122877396e-17,2.2373784751579463e-16,0.2
2021-11-10,0.19999999999999984,1.4915655564728283e-16,0.19999999999999998,0.19999999999999996,0.0,0.19999999999999998,4.110608046215037e-17,8.181637739838428e-17,0.0,9.278829122877396e-17,2.2373784751579463e-16,0.2
2021-11-11,0.19999999999999984,1.4915655564728283e-16,0.19999999999999998,0.19999999999999996,0.0,0.19999999999999998,4.110608046215037e-17,8.181637739838428e-17,0.0,9.278829122877396e-17,2.2373784751579463e-16,0.2
2021-11-12,0.19999999999999984,1.4915655564728283e-16,0.19999999999999998,0.19999999999999996,0.0,0.19999999999999998,4.110608046215037e-17,8.181637739838428e-17,0.0,9.278829122877396e-17,2.2373784751579463e-16,0.2
2021-11-15,0.19999999999999984,1.4915655564728283e-16,0.19999999999999998,0.19999999999999996,0.0,0.19999999999999998,4.110608046215037e-17,8.181637739838428e-17,0.0,9.278829122877396e-17,2.2373784751579463e-16,0.2
2021-11-16,0.19999999999999984,1.4915655564728283e-16,0.19999999999999998,0.19999999999999996,0.0,0.19999999999999998,4.110608046215037e-17,8.181637739838428e-17,0.0,9.278829122877396e-17,2.2373784751579463e-16,0.2
2021-11-17,0.19999999999999984,1.4915655564728283e-16,0.19999999999999998,0.19999999999999996,0.0,0.19999999999999998,4.110608046215037e-17,8.181637739838428e-17,0.0,9.278829122877396e-17,2.2373784751579463e-16,0.2
2021-11-18,0.19999999999999976,2.9963277930788597e-16,0.19999999999999984,0.19999999999999987,0.0,0.2,1.3788818388265592e-16,2.0883133597497488e-16,0.08804401903698296,3.038993118592498e-17,0.0,0.11195598096301683
2021-11-19,0.19999999999999976,2.9963277930788597e-16,0.19999999999999984,0.19999999999999987,0.0,0.2,1.3788818388265592e-16,2.0883133597497488e-16,0.08804401903698296,3.038993118592498e-17,0.0,0.11195598096301683
2021-11-22,0.19999999999999976,2.9963277930788597e-16,0.19999999999999984,0.19999999999999987,0.0,0.2,1.3788818388265592e-16,2.0883133597497488e-16,0.08804401903698296,3.038993118592498e-17,0.0,0.11195598096301683
2021-11-23,0.19999999999999976,2.9963277930788597e-16,0.19999999999999984,0.19999999999999987,0.0,0.2,1.3788818388265592e-16,2.0883133597497488e-16,0.08804401903698296,3.038993118592498e-17,0.0,0.11195598096301683
2021-11-24,0.19999999999999976,2.9963277930788597e-16,0.19999999999999984,0.19999999999999987,0.0,0.2,1.3788818388265592e-16,2.0883133597497488e-16,0.08804401903698296,3.038993118592498e-17,0.0,0.11195598096301683
2021-11-26,0.2,0.0,0.2,0.2,1.2426393722865732e-16,0.19999999999999987,0.0,0.0,1.942890293094024e-16,1.1769153450316891e-17,0.0,0.1999999999999999
2021-11-29,0.2,0.0,0.2,0.2,1.2426393722865732e-16,0.19999999999999987,0.0,0.0,1.942890293094024e-16,1.1769153450316891e-17,0.0,0.1999999999999999
2021-11-30,0.2,0.0,0.2,0.2,1.2426393722865732e-16,0.19999999999999987,0.0,0.0,1.942890293094024e-16,1.1769153450316891e-17,0.0,0.1999999999999999
2021-12-01,0.2,0.0,0.2,0.2,1.2426393722865732e-16,0.19999999999999987,0.0,0.0,1.942890293094024e-16,1.1769153450316891e-17,0.0,0.1999999999999999
2021-12-02,0.2,0.0,0.2,0.2,1.2426393722865732e-16,0.19999999999999987,0.0,0.0,1.942890293094024e-16,1.1769153450316891e-17,0.0,0.1999999999999999
2021-12-03,0.2,0.0,0.2,0.2,1.2426393722865732e-16,0.19999999999999987,0.0,0.0,1.942890293094024e-16,1.1769153450316891e-17,0.0,0.1999999999999999
2021-12-06,0.2,0.0,0.2,0.2,1.2426393722865732e-16,0.19999999999999987,0.0,0.0,1.942890293094024e-16,1.1769153450316891e-17,0.0,0.1999999999999999
2021-12-07,0.2,0.0,0.2,0.2,1.2426393722865732e-16,0.19999999999999987,0.0,0.0,1.942890293094024e-16,1.1769153450316891e-17,0.0,0.1999999999999999
2021-12-08,0.2,0.0,0.2,0.2,1.2426393722865732e-16,0.19999999999999987,0.0,0.0,1.942890293094024e-16,1.1769153450316891e-17,0.0,0.1999999999999999
2021-12-09,0.2,0.0,0.2,0.2,1.2426393722865732e-16,0.19999999999999987,0.0,0.0,1.942890293094024e-16,1.1769153450316891e-17,0.0,0.1999999999999999
2021-12-10,0.2,0.0,0.2,0.2,1.2426393722865732e-16,0.19999999999999987,0.0,0.0,1.942890293094024e-16,1.1769153450316891e-17,0.0,0.1999999999999999
2021-12-13,0.2,0.0,0.2,0.2,1.2426393722865732e-16,0.19999999999999987,0.0,0.0,1.942890293094024e-16,1.1769153450316891e-17,0.0,0.1999999999999999
2021-12-14,0.2,0.0,0.2,0.2,1.2426393722865732e-16,0.19999999999999987,0.0,0.0,1.942890293094024e-16,1.1769153450316891e-17,0.0,0.1999999999999999
2021-12-15,0.2,0.0,0.2,0.2,1.2426393722865732e-16,0.19999999999999987,0.0,0.0,1.942890293094024e-16,1.1769153450316891e-17,0.0,0.1999999999999999
2021-12-16,0.2,0.0,0.2,0.2,1.2426393722865732e-16,0.19999999999999987,0.0,0.0,1.942890293094024e-16,1.1769153450316891e-17,0.0,0.1999999999999999
2021-12-17,0.2,0.0,0.2,0.2,1.2426393722865732e-16,0.19999999999999987,0.0,0.0,1.942890293094024e-16,1.1769153450316891e-17,0.0,0.1999999999999999
2021-12-20,0.2,0.0,0.2,0.2,1.2426393722865732e-16,0.19999999999999987,0.0,0.0,1.942890293094024e-16,1.1769153450316891e-17,0.0,0.1999999999999999
2021-12-21,0.2,0.0,0.2,0.2,1.2426393722865732e-16,0.19999999999999987,0.0,0.0,1.942890293094024e-16,1.1769153450316891e-17,0.0,0.1999999999999999
2021-12-22,0.2,0.0,0.2,0.2,1.2426393722865732e-16,0.19999999999999987,0.0,0.0,1.942890293094024e-16,1.1769153450316891e-17,0.0,0.1999999999999999
2021-12-23,0.2,0.0,0.2,0.2,1.2426393722865732e-16,0.19999999999999987,0.0,0.0,1.942890293094024e-16,1.1769153450316891e-17,0.0,0.1999999999999999
2021-12-27,0.0,0.2,0.058124033757940514,1.8916991572288488e-17,0.0,1.3650344353826136e-18,0.2,0.06177993487851215,2.7441662580694037e-18,0.2,0.2,0.08009603136354737
2021-12-28,0.0,0.2,0.058124033757940514,1.8916991572288488e-17,0.0,1.3650344353826136e-18,0.2,0.06177993487851215,2.7441662580694037e-18,0.2,0.2,0.08009603136354737
2021-12-29,0.0,0.2,0.058124033757940514,1.8916991572288488e-17,0.0,1.3650344353826136e-18,0.2,0.06177993487851215,2.7441662580694037e-18,0.2,0.2,0.08009603136354737
2021-12-30,0.0,0.2,0.058124033757940514,1.8916991572288488e-17,0.0,1.3650344353826136e-18,0.2,0.06177993487851215,2.7441662580694037e-18,0.2,0.2,0.08009603136354737
2021-12-31,0.0,0.2,0.058124033757940514,1.8916991572288488e-17,0.0,1.3650344353826136e-18,0.2,0.06177993487851215,2.7441662580694037e-18,0.2,0.2,0.08009603136354737
2022-01-03,0.0,0.2,0.058124033757940514,1.8916991572288488e-17,0.0,1.3650344353826136e-18,0.2,0.06177993487851215,2.7441662580694037e-18,0.2,0.2,0.08009603136354737
2022-01-04,0.0,0.2,0.058124033757940514,1.8916991572288488e-17,0.0,1.3650344353826136e-18,0.2,0.06177993487851215,2.7441662580694037e-18,0.2,0.2,0.08009603136354737
2022-01-05,0.0,0.2,0.058124033757940514,1.8916991572288488e-17,0.0,1.3650344353826136e-18,0.2,0.06177993487851215,2.7441662580694037e-18,0.2,0.2,0.08009603136354737
2022-01-06,0.0,0.2,0.058124033757940514,1.8916991572288488e-17,0.0,1.3650344353826136e-18,0.2,0.06177993487851215,2.7441662580694037e-18,0.2,0.2,0.08009603136354737
2022-01-07,0.0,0.2,0.058124033757940514,1.8916991572288488e-17,0.0,1.3650344353826136e-18,0.2,0.06177993487851215,2.7441662580694037e-18,0.2,0.2,0.08009603136354737
2022-01-10,3.278186629157696e-18,0.2,0.11660376183303088,1.5721369572824054e-17,6.446448398416905e-20,0.0,0.2,0.09350393375975515,2.2506844078724893e-19,0.2,0.189892304407214,0.0
2022-01-11,3.278186629157696e-18,0.2,0.11660376183303088,1.5721369572824054e-17,6.446448398416905e-20,0.0,0.2,0.09350393375975515,2.2506844078724893e-19,0.2,0.189892304407214,0.0
2022-01-12,3.278186629157696e-18,0.2,0.11660376183303088,1.5721369572824054e-17,6.446448398416905e-20,0.0,0.2,0.09350393375975515,2.2506844078724893e-19,0.2,0.189892304407214,0.0
2022-01-13,3.278186629157696e-18,0.2,0.11660376183303088,1.5721369572824054e-17,6.446448398416905e-20,0.0,0.2,0.09350393375975515,2.2506844078724893e-19,0.2,0.189892304407214,0.0
2022-01-14,3.278186629157696e-18,0.2,0.11660376183303088,1.5721369572824054e-17,6.446448398416905e-20,0.0,0.2,0.09350393375975515,2.2506844078724893e-19,0.2,0.189892304407214,0.0
2022-01-18,0.2,0.0,0.2,0.19999999999999982,0.060573156972642435,0.037456215974663865,0.046179483342513955,2.4292231471946596e-17,0.055791143710180124,0.0,1.3749882335965248e-17,0.19999999999999996
2022-01-19,0.2,0.0,0.2,0.19999999999999982,0.060573156972642435,0.037456215974663865,0.046179483342513955,2.4292231471946596e-17,0.055791143710180124,0.0,1.3749882335965248e-17,0.19999999999999996
2022-01-20,0.2,0.0,0.2,0.19999999999999982,0.060573156972642435,0.037456215974663865,0.046179483342513955,2.4292231471946596e-17,0.055791143710180124,0.0,1.3749882335965248e-17,0.19999999999999996
2022-01-21,0.2,0.0,0.2,0.19999999999999982,0.060573156972642435,0.037456215974663865,0.046179483342513955,2.4292231471946596e-17,0.055791143710180124,0.0,1.3749882335965248e-17,0.19999999999999996
2022-01-24,0.2,0.0,0.2,0.19999999999999982,0.060573156972642435,0.037456215974663865,0.046179483342513955,2.4292231471946596e-17,0.055791143710180124,0.0,1.3749882335965248e-17,0.19999999999999996
2022-01-25,3.126877888337738e-17,0.15743010487818765,0.09054830297133418,0.024779254241751734,4.865050805379639e-17,3.515562535307554e-19,0.2,0.12724233790872655,6.142463267757816e-19,0.19999999999999998,0.2,1.5052591842696078e-18
2022-01-26,3.126877888337738e-17,0.15743010487818765,0.09054830297133418,0.024779254241751734,4.865050805379639e-17,3.515562535307554e-19,0.2,0.12724233790872655,6.142463267757816e-19,0.19999999999999998,0.2,1.5052591842696078e-18
2022-01-27,3.126877888337738e-17,0.15743010487818765,0.09054830297133418,0.024779254241751734,4.865050805379639e-17,3.515562535307554e-19,0.2,0.12724233790872655,6.142463267757816e-19,0.19999999999999998,0.2,1.5052591842696078e-18
2022-01-28,3.126877888337738e-17,0.15743010487818765,0.09054830297133418,0.024779254241751734,4.865050805379639e-17,3.515562535307554e-19,0.2,0.12724233790872655,6.142463267757816e-19,0.19999999999999998,0.2,1.5052591842696078e-18
2022-01-31,3.126877888337738e-17,0.15743010487818765,0.09054830297133418,0.024779254241751734,4.865050805379639e-17,3.515562535307554e-19,0.2,0.12724233790872655,6.142463267757816e-19,0.19999999999999998,0.2,1.5052591842696078e-18
2022-02-01,3.467325379309816e-18,0.1678000897140952,0.0579447276884779,0.04254939478811209,8.222537636121609e-18,6.162725353934744e-19,0.2,0.1317057878093148,8.72853516623671e-19,0.2,0.2,3.293423617401083e-18
2022-02-02,3.467325379309816e-18,0.1678000897140952,0.0579447276884779,0.04254939478811209,8.222537636121609e-18,6.162725353934744e-19,0.2,0.1317057878093148,8.72853516623671e-19,0.2,0.2,3.293423617401083e-18
2022-02-03,3.467325379309816e-18,0.1678000897140952,0.0579447276884779,0.04254939478811209,8.222537636121609e-18,6.162725353934744e-19,0.2,0.1317057878093148,8.72853516623671e-19,0.2,0.2,3.293423617401083e-18
2022-02-04,3.467325379309816e-18,0.1678000897140952,0.0579447276884779,0.04254939478811209,8.222537636121609e-18,6.162725353934744e-19,0.2,0.1317057878093148,8.72853516623671e-19,0.2,0.2,3.293423617401083e-18
2022-02-07,3.467325379309816e-18,0.1678000897140952,0.0579447276884779,0.04254939478811209,8.222537636121609e-18,6.162725353934744e-19,0.2,0.1317057878093148,8.72853516623671e-19,0.2,0.2,3.293423617401083e-18
2022-02-08,3.467325379309816e-18,0.1678000897140952,0.0579447276884779,0.04254939478811209,8.222537636121609e-18,6.162725353934744e-19,0.2,0.1317057878093148,8.72853516623671e-19,0.2,0.2,3.293423617401083e-18
2022-02-09,3.467325379309816e-18,0.1678000897140952,0.0579447276884779,0.04254939478811209,8.222537636121609e-18,6.162725353934744e-19,0.2,0.1317057878093148,8.72853516623671e-19,0.2,0.2,3.293423617401083e-18
2022-02-10,3.467325379309816e-18,0.1678000897140952,0.0579447276884779,0.04254939478811209,8.222537636121609e-18,6.162725353934744e-19,0.2,0.1317057878093148,8.72853516623671e-19,0.2,0.2,3.293423617401083e-18
2022-02-11,3.467325379309816e-18,0.1678000897140952,0.0579447276884779,0.04254939478811209,8.222537636121609e-18,6.162725353934744e-19,0.2,0.1317057878093148,8.72853516623671e-19,0.2,0.2,3.293423617401083e-18
2022-02-14,3.467325379309816e-18,0.1678000897140952,0.0579447276884779,0.04254939478811209,8.222537636121609e-18,6.162725353934744e-19,0.2,0.1317057878093148,8.72853516623671e-19,0.2,0.2,3.293423617401083e-18
2022-02-15,3.467325379309816e-18,0.1678000897140952,0.0579447276884779,0.04254939478811209,8.222537636121609e-18,6.162725353934744e-19,0.2,0.1317057878093148,8.72853516623671e-19,0.2,0.2,3.293423617401083e-18
2022-02-16,3.467325379309816e-18,0.1678000897140952,0.0579447276884779,0.04254939478811209,8.222537636121609e-18,6.162725353934744e-19,0.2,0.1317057878093148,8.72853516623671e-19,0.2,0.2,3.293423617401083e-18
2022-02-17,3.467325379309816e-18,0.1678000897140952,0.0579447276884779,0.04254939478811209,8.222537636121609e-18,6.162725353934744e-19,0.2,0.1317057878093148,8.72853516623671e-19,0.2,0.2,3.293423617401083e-18
2022-02-18,3.467325379309816e-18,0.1678000897140952,0.0579447276884779,0.04254939478811209,8.222537636121609e-18,6.162725353934744e-19,0.2,0.1317057878093148,8.72853516623671e-19,0.2,0.2,3.293423617401083e-18
2022-02-22,3.467325379309816e-18,0.1678000897140952,0.0579447276884779,0.04254939478811209,8.222537636121609e-18,6.162725353934744e-19,0.2,0.1317057878093148,8.72853516623671e-19,0.2,0.2,3.293423617401083e-18
2022-02-23,3.467325379309816e-18,0.1678000897140952,0.0579447276884779,0.04254939478811209,8.222537636121609e-18,6.162725353934744e-19,0.2,0.1317057878093148,8.72853516623671e-19,0.2,0.2,3.293423617401083e-18
2022-02-24,3.467325379309816e-18,0.1678000897140952,0.0579447276884779,0.04254939478811209,8.222537636121609e-18,6.162725353934744e-19,0.2,0.1317057878093148,8.72853516623671e-19,0.2,0.2,3.293423617401083e-18
2022-02-25,3.467325379309816e-18,0.1678000897140952,0.0579447276884779,0.04254939478811209,8.222537636121609e-18,6.162725353934744e-19,0.2,0.1317057878093148,8.72853516623671e-19,0.2,0.2,3.293423617401083e-18
2022-02-28,3.467325379309816e-18,0.1678000897140952,0.0579447276884779,0.04254939478811209,8.222537636121609e-18,6.162725353934744e-19,0.2,0.1317057878093148,8.72853516623671e-19,0.2,0.2,3.293423617401083e-18
2022-03-01,3.467325379309816e-18,0.1678000897140952,0.0579447276884779,0.04254939478811209,8.222537636121609e-18,6.162725353934744e-19,0.2,0.1317057878093148,8.72853516623671e-19,0.2,0.2,3.293423617401083e-18
2022-03-02,4.537159019379815e-22,0.13724339492374465,0.05539148277460862,0.05115268987311307,5.088399088658022e-20,2.0964620220915583e-21,0.2,0.15621243242853378,1.5370759081336963e-19,0.19999999999999998,0.19999999999999998,9.21079370082141e-21
2022-03-03,4.537159019379815e-22,0.13724339492374465,0.05539148277460862,0.05115268987311307,5.088399088658022e-20,2.0964620220915583e-21,0.2,0.15621243242853378,1.5370759081336963e-19,0.19999999999999998,0.19999999999999998,9.21079370082141e-21
2022-03-04,4.537159019379815e-22,0.13724339492374465,0.05539148277460862,0.05115268987311307,5.088399088658022e-20,2.0964620220915583e-21,0.2,0.15621243242853378,1.5370759081336963e-19,0.19999999999999998,0.19999999999999998,9.21079370082141e-21
2022-03-07,4.537159019379815e-22,0.13724339492374465,0.05539148277460862,0.05115268987311307,5.088399088658022e-20,2.0964620220915583e-21,0.2,0.15621243242853378,1.5370759081336963e-19,0.19999999999999998,0.19999999999999998,9.21079370082141e-21
2022-03-08,4.537159019379815e-22,0.13724339492374465,0.05539148277460862,0.05115268987311307,5.088399088658022e-20,2.0964620220915583e-21,0.2,0.15621243242853378,1.5370759081336963e-19,0.19999999999999998,0.19999999999999998,9.21079370082141e-21
2022-03-09,4.537159019379815e-22,0.13724339492374465,0.05539148277460862,0.05115268987311307,5.088399088658022e-20,2.0964620220915583e-21,0.2,0.15621243242853378,1.5370759081336963e-19,0.19999999999999998,0.19999999999999998,9.21079370082141e-21
2022-03-10,4.537159019379815e-22,0.13724339492374465,0.05539148277460862,0.05115268987311307,5.088399088658022e-20,2.0964620220915583e-21,0.2,0.15621243242853378,1.5370759081336963e-19,0.19999999999999998,0.19999999999999998,9.21079370082141e-21
2022-03-11,4.537159019379815e-22,0.13724339492374465,0.05539148277460862,0.05115268987311307,5.088399088658022e-20,2.0964620220915583e-21,0.2,0.15621243242853378,1.5370759081336963e-19,0.19999999999999998,0.19999999999999998,9.21079370082141e-21
2022-03-14,4.537159019379815e-22,0.13724339492374465,0.05539148277460862,0.05115268987311307,5.088399088658022e-20,2.0964620220915583e-21,0.2,0.15621243242853378,1.5370759081336963e-19,0.19999999999999998,0.19999999999999998,9.21079370082141e-21
2022-03-15,4.537159019379815e-22,0.13724339492374465,0.05539148277460862,0.05115268987311307,5.088399088658022e-20,2.0964620220915583e-21,0.2,0.15621243242853378,1.5370759081336963e-19,0.19999999999999998,0.19999999999999998,9.21079370082141e-21
2022-03-16,0.0,0.19999999999999998,0.05148356378600834,0.04381986835057021,5.04194173532535e-18,2.3784301944849305e-18,0.2,0.10469656786342149,5.596223079083877e-18,0.2,0.2,5.1653745893221344e-18
2022-03-17,0.0,0.19999999999999998,0.05148356378600834,0.04381986835057021,5.04194173532535e-18,2.3784301944849305e-18,0.2,0.10469656786342149,5.596223079083877e-18,0.2,0.2,5.1653745893221344e-18
2022-03-18,0.0,0.19999999999999998,0.05148356378600834,0.04381986835057021,5.04194173532535e-18,2.3784301944849305e-18,0.2,0.10469656786342149,5.596223079083877e-18,0.2,0.2,5.1653745893221344e-18
2022-03-21,0.0,0.19999999999999998,0.05148356378600834,0.04381986835057021,5.04194173532535e-18,2.3784301944849305e-18,0.2,0.10469656786342149,5.596223079083877e-18,0.2,0.2,5.1653745893221344e-18
2022-03-22,0.0,0.19999999999999998,0.05148356378600834,0.04381986835057021,5.04194173532535e-18,2.3784301944849305e-18,0.2,0.10469656786342149,5.596223079083877e-18,0.2,0.2,5.1653745893221344e-18
2022-03-23,4.045769978050327e-18,0.16304590242375303,0.05302200231318644,0.049026914751854896,3.9889619547279172e-19,6.541535426155126e-18,0.2,0.13490518038685878,1.2434690797030808e-10,0.19999999999999998,0.2,4.277613545317489e-18
2022-03-24,4.045769978050327e-18,0.16304590242375303,0.05302200231318644,0.049026914751854896,3.9889619547279172e-19,6.541535426155126e-18,0.2,0.13490518038685878,1.2434690797030808e-10,0.19999999999999998,0.2,4.277613545317489e-18
2022-03-25,4.045769978050327e-18,0.16304590242375303,0.05302200231318644,0.049026914751854896,3.9889619547279172e-19,6.541535426155126e-18,0.2,0.13490518038685878,1.2434690797030808e-10,0.19999999999999998,0.2,4.277613545317489e-18
2022-03-28,4.045769978050327e-18,0.16304590242375303,0.05302200231318644,0.049026914751854896,3.9889619547279172e-19,6.541535426155126e-18,0.2,0.13490518038685878,1.2434690797030808e-10,0.19999999999999998,0.2,4.277613545317489e-18
2022-03-29,4.045769978050327e-18,0.16304590242375303,0.05302200231318644,0.049026914751854896,3.9889619547279172e-19,6.541535426155126e-18,0.2,0.13490518038685878,1.2434690797030808e-10,0.19999999999999998,0.2,4.277613545317489e-18
2022-03-30,4.045769978050327e-18,0.16304590242375303,0.05302200231318644,0.049026914751854896,3.9889619547279172e-19,6.541535426155126e-18,0.2,0.13490518038685878,1.2434690797030808e-10,0.19999999999999998,0.2,4.277613545317489e-18
2022-03-31,4.045769978050327e-18,0.16304590242375303,0.05302200231318644,0.049026914751854896,3.9889619547279172e-19,6.541535426155126e-18,0.2,0.13490518038685878,1.2434690797030808e-10,0.19999999999999998,0.2,4.277613545317489e-18
2022-04-01,4.045769978050327e-18,0.16304590242375303,0.05302200231318644,0.049026914751854896,3.9889619547279172e-19,6.541535426155126e-18,0.2,0.13490518038685878,1.2434690797030808e-10,0.19999999999999998,0.2,4.277613545317489e-18
2022-04-04,4.045769978050327e-18,0.16304590242375303,0.05302200231318644,0.049026914751854896,3.9889619547279172e-19,6.541535426155126e-18,0.2,0.13490518038685878,1.2434690797030808e-10,0.19999999999999998,0.2,4.277613545317489e-18
2022-04-05,4.045769978050327e-18,0.16304590242375303,0.05302200231318644,0.049026914751854896,3.9889619547279172e-19,6.541535426155126e-18,0.2,0.13490518038685878,1.2434690797030808e-10,0.19999999999999998,0.2,4.277613545317489e-18
2022-04-06,4.045769978050327e-18,0.16304590242375303,0.05302200231318644,0.049026914751854896,3.9889619547279172e-19,6.541535426155126e-18,0.2,0.13490518038685878,1.2434690797030808e-10,0.19999999999999998,0.2,4.277613545317489e-18
2022-04-07,4.045769978050327e-18,0.16304590242375303,0.05302200231318644,0.049026914751854896,3.9889619547279172e-19,6.541535426155126e-18,0.2,0.13490518038685878,1.2434690797030808e-10,0.19999999999999998,0.2,4.277613545317489e-18
2022-04-08,4.045769978050327e-18,0.16304590242375303,0.05302200231318644,0.049026914751854896,3.9889619547279172e-19,6.541535426155126e-18,0.2,0.13490518038685878,1.2434690797030808e-10,0.19999999999999998,0.2,4.277613545317489e-18
2022-04-11,4.045769978050327e-18,0.16304590242375303,0.05302200231318644,0.049026914751854896,3.9889619547279172e-19,6.541535426155126e-18,0.2,0.13490518038685878,1.2434690797030808e-10,0.19999999999999998,0.2,4.277613545317489e-18
2022-04-12,4.045769978050327e-18,0.16304590242375303,0.05302200231318644,0.049026914751854896,3.9889619547279172e-19,6.541535426155126e-18,0.2,0.13490518038685878,1.2434690797030808e-10,0.19999999999999998,0.2,4.277613545317489e-18
2022-04-13,3.0170837964925666e-19,0.2,0.04477095579924441,0.04023609109466057,0.0,1.504771436373694e-19,0.2,0.1149929531060952,0.0,0.2,0.2,0.0
2022-04-14,3.0170837964925666e-19,0.2,0.04477095579924441,0.04023609109466057,0.0,1.504771436373694e-19,0.2,0.1149929531060952,0.0,0.2,0.2,0.0
2022-04-18,3.0170837964925666e-19,0.2,0.04477095579924441,0.04023609109466057,0.0,1.504771436373694e-19,0.2,0.1149929531060952,0.0,0.2,0.2,0.0
2022-04-19,3.0170837964925666e-19,0.2,0.04477095579924441,0.04023609109466057,0.0,1.504771436373694e-19,0.2,0.1149929531060952,0.0,0.2,0.2,0.0
2022-04-20,3.0170837964925666e-19,0.2,0.04477095579924441,0.04023609109466057,0.0,1.504771436373694e-19,0.2,0.1149929531060952,0.0,0.2,0.2,0.0
2022-04-21,9.66242282539333e-19,0.13507089336390765,0.06974490920862828,0.052712798335106135,3.9853642554513654e-17,6.3559346860072596e-18,0.19999999999999998,0.14247139909235793,7.359035753158252e-18,0.2,0.2,3.929893026720385e-17
2022-04-22,9.66242282539333e-19,0.13507089336390765,0.06974490920862828,0.052712798335106135,3.9853642554513654e-17,6.3559346860072596e-18,0.19999999999999998,0.14247139909235793,7.359035753158252e-18,0.2,0.2,3.929893026720385e-17
2022-04-25,9.66242282539333e-19,0.13507089336390765,0.06974490920862828,0.052712798335106135,3.9853642554513654e-17,6.3559346860072596e-18,0.19999999999999998,0.14247139909235793,7.359035753158252e-18,0.2,0.2,3.929893026720385e-17
2022-04-26,9.66242282539333e-19,0.13507089336390765,0.06974490920862828,0.052712798335106135,3.9853642554513654e-17,6.3559346860072596e-18,0.19999999999999998,0.14247139909235793,7.359035753158252e-18,0.2,0.2,3.929893026720385e-17
2022-04-27,9.66242282539333e-19,0.13507089336390765,0.06974490920862828,0.052712798335106135,3.9853642554513654e-17,6.3559346860072596e-18,0.19999999999999998,0.14247139909235793,7.359035753158252e-18,0.2,0.2,3.929893026720385e-17
2022-04-28,9.253408454198516e-20,0.1135126506660386,0.05894673109705364,0.03145926245249214,4.455480989325378e-18,8.435263251732169e-18,0.2,0.1960813557844157,1.5489609313349242e-20,0.19999999999999998,0.2,1.7185867867716872e-19
2022-04-29,9.253408454198516e-20,0.1135126506660386,0.05894673109705364,0.03145926245249214,4.455480989325378e-18,8.435263251732169e-18,0.2,0.1960813557844157,1.5489609313349242e-20,0.19999999999999998,0.2,1.7185867867716872e-19
2022-05-02,9.253408454198516e-20,0.1135126506660386,0.05894673109705364,0.03145926245249214,4.455480989325378e-18,8.435263251732169e-18,0.2,0.1960813557844157,1.5489609313349242e-20,0.19999999999999998,0.2,1.7185867867716872e-19
2022-05-03,9.253408454198516e-20,0.1135126506660386,0.05894673109705364,0.03145926245249214,4.455480989325378e-18,8.435263251732169e-18,0.2,0.1960813557844157,1.5489609313349242e-20,0.19999999999999998,0.2,1.7185867867716872e-19
2022-05-04,9.253408454198516e-20,0.1135126506660386,0.05894673109705364,0.03145926245249214,4.455480989325378e-18,8.435263251732169e-18,0.2,0.1960813557844157,1.5489609313349242e-20,0.19999999999999998,0.2,1.7185867867716872e-19
2022-05-05,6.7879595669035316e-18,0.14762190292615907,0.04111040434846005,0.03079661090927064,3.575812399253787e-18,4.087279606095064e-19,0.2,0.18047108181611018,6.235130542999911e-19,0.2,0.2,1.4225845544296596e-18
2022-05-06,6.7879595669035316e-18,0.14762190292615907,0.04111040434846005,0.03079661090927064,3.575812399253787e-18,4.087279606095064e-19,0.2,0.18047108181611018,6.235130542999911e-19,0.2,0.2,1.4225845544296596e-18
2022-05-09,6.7879595669035316e-18,0.14762190292615907,0.04111040434846005,0.03079661090927064,3.575812399253787e-18,4.087279606095064e-19,0.2,0.18047108181611018,6.235130542999911e-19,0.2,0.2,1.4225845544296596e-18
2022-05-10,6.7879595669035316e-18,0.14762190292615907,0.04111040434846005,0.03079661090927064,3.575812399253787e-18,4.087279606095064e-19,0.2,0.18047108181611018,6.235130542999911e-19,0.2,0.2,1.4225845544296596e-18
2022-05-11,6.7879595669035316e-18,0.14762190292615907,0.04111040434846005,0.03079661090927064,3.575812399253787e-18,4.087279606095064e-19,0.2,0.18047108181611018,6.235130542999911e-19,0.2,0.2,1.4225845544296596e-18
2022-05-12,3.457939623630877e-19,0.19999999999999998,0.01990639425221298,0.0540300788551219,3.247547646124101e-18,7.461288832183534e-19,0.2,0.12866872162012846,1.8237096082136466e-19,0.2,0.19739480527253667,1.597072309865778e-17
2022-05-13,3.457939623630877e-19,0.19999999999999998,0.01990639425221298,0.0540300788551219,3.247547646124101e-18,7.461288832183534e-19,0.2,0.12866872162012846,1.8237096082136466e-19,0.2,0.19739480527253667,1.597072309865778e-17
2022-05-16,3.457939623630877e-19,0.19999999999999998,0.01990639425221298,0.0540300788551219,3.247547646124101e-18,7.461288832183534e-19,0.2,0.12866872162012846,1.8237096082136466e-19,0.2,0.19739480527253667,1.597072309865778e-17
2022-05-17,3.457939623630877e-19,0.19999999999999998,0.01990639425221298,0.0540300788551219,3.247547646124101e-18,7.461288832183534e-19,0.2,0.12866872162012846,1.8237096082136466e-19,0.2,0.19739480527253667,1.597072309865778e-17
2022-05-18,3.457939623630877e-19,0.19999999999999998,0.01990639425221298,0.0540300788551219,3.247547646124101e-18,7.461288832183534e-19,0.2,0.12866872162012846,1.8237096082136466e-19,0.2,0.19739480527253667,1.597072309865778e-17
2022-05-19,1.3450338860980062e-18,0.10987339974144876,0.05945008898847144,0.03428322202523007,3.1463654209170713e-18,5.240220780040053e-18,0.2,0.19734032144558672,3.316152238585189e-22,0.2,0.19905295163307488,1.616618828711852e-08
2022-05-20,1.3450338860980062e-18,0.10987339974144876,0.05945008898847144,0.03428322202523007,3.1463654209170713e-18,5.240220780040053e-18,0.2,0.19734032144558672,3.316152238585189e-22,0.2,0.19905295163307488,1.616618828711852e-08
2022-05-23,1.3450338860980062e-18,0.10987339974144876,0.05945008898847144,0.03428322202523007,3.1463654209170713e-18,5.240220780040053e-18,0.2,0.19734032144558672,3.316152238585189e-22,0.2,0.19905295163307488,1.616618828711852e-08
2022-05-24,1.3450338860980062e-18,0.10987339974144876,0.05945008898847144,0.03428322202523007,3.1463654209170713e-18,5.240220780040053e-18,0.2,0.19734032144558672,3.316152238585189e-22,0.2,0.19905295163307488,1.616618828711852e-08
2022-05-25,1.3450338860980062e-18,0.10987339974144876,0.05945008898847144,0.03428322202523007,3.1463654209170713e-18,5.240220780040053e-18,0.2,0.19734032144558672,3.316152238585189e-22,0.2,0.19905295163307488,1.616618828711852e-08
2022-05-26,1.3450338860980062e-18,0.10987339974144876,0.05945008898847144,0.03428322202523007,3.1463654209170713e-18,5.240220780040053e-18,0.2,0.19734032144558672,3.316152238585189e-22,0.2,0.19905295163307488,1.616618828711852e-08
2022-05-27,1.3450338860980062e-18,0.10987339974144876,0.05945008898847144,0.03428322202523007,3.1463654209170713e-18,5.240220780040053e-18,0.2,0.19734032144558672,3.316152238585189e-22,0.2,0.19905295163307488,1.616618828711852e-08
2022-05-31,1.3450338860980062e-18,0.10987339974144876,0.05945008898847144,0.03428322202523007,3.1463654209170713e-18,5.240220780040053e-18,0.2,0.19734032144558672,3.316152238585189e-22,0.2,0.19905295163307488,1.616618828711852e-08
2022-06-01,1.3450338860980062e-18,0.10987339974144876,0.05945008898847144,0.03428322202523007,3.1463654209170713e-18,5.240220780040053e-18,0.2,0.19734032144558672,3.316152238585189e-22,0.2,0.19905295163307488,1.616618828711852e-08
2022-06-02,1.3450338860980062e-18,0.10987339974144876,0.05945008898847144,0.03428322202523007,3.1463654209170713e-18,5.240220780040053e-18,0.2,0.19734032144558672,3.316152238585189e-22,0.2,0.19905295163307488,1.616618828711852e-08
2022-06-03,1.3450338860980062e-18,0.10987339974144876,0.05945008898847144,0.03428322202523007,3.1463654209170713e-18,5.240220780040053e-18,0.2,0.19734032144558672,3.316152238585189e-22,0.2,0.19905295163307488,1.616618828711852e-08
2022-06-06,1.3450338860980062e-18,0.10987339974144876,0.05945008898847144,0.03428322202523007,3.1463654209170713e-18,5.240220780040053e-18,0.2,0.19734032144558672,3.316152238585189e-22,0.2,0.19905295163307488,1.616618828711852e-08
2022-06-07,1.3450338860980062e-18,0.10987339974144876,0.05945008898847144,0.03428322202523007,3.1463654209170713e-18,5.240220780040053e-18,0.2,0.19734032144558672,3.316152238585189e-22,0.2,0.19905295163307488,1.616618828711852e-08
2022-06-08,1.3450338860980062e-18,0.10987339974144876,0.05945008898847144,0.03428322202523007,3.1463654209170713e-18,5.240220780040053e-18,0.2,0.19734032144558672,3.316152238585189e-22,0.2,0.19905295163307488,1.616618828711852e-08
2022-06-09,1.3450338860980062e-18,0.10987339974144876,0.05945008898847144,0.03428322202523007,3.1463654209170713e-18,5.240220780040053e-18,0.2,0.19734032144558672,3.316152238585189e-22,0.2,0.19905295163307488,1.616618828711852e-08
2022-06-10,3.175206075079298e-19,0.15956857828786095,0.022017154094628746,0.023702869688580066,7.279992749034724e-18,3.876310297502773e-18,0.19471139792893036,0.2,1.6958117931163552e-20,0.2,0.2,1.865815709908067e-18
2022-06-13,3.175206075079298e-19,0.15956857828786095,0.022017154094628746,0.023702869688580066,7.279992749034724e-18,3.876310297502773e-18,0.19471139792893036,0.2,1.6958117931163552e-20,0.2,0.2,1.865815709908067e-18
2022-06-14,3.175206075079298e-19,0.15956857828786095,0.022017154094628746,0.023702869688580066,7.279992749034724e-18,3.876310297502773e-18,0.19471139792893036,0.2,1.6958117931163552e-20,0.2,0.2,1.865815709908067e-18
2022-06-15,3.175206075079298e-19,0.15956857828786095,0.022017154094628746,0.023702869688580066,7.279992749034724e-18,3.876310297502773e-18,0.19471139792893036,0.2,1.6958117931163552e-20,0.2,0.2,1.865815709908067e-18
2022-06-16,3.175206075079298e-19,0.15956857828786095,0.022017154094628746,0.023702869688580066,7.279992749034724e-18,3.876310297502773e-18,0.19471139792893036,0.2,1.6958117931163552e-20,0.2,0.2,1.865815709908067e-18
2022-06-17,0.0,0.2,0.0,1.1015494072452725e-16,0.0,0.0,0.2,0.2,0.0,0.19999999999999996,0.2,1.397881434397962e-17
2022-06-21,0.0,0.2,0.0,1.1015494072452725e-16,0.0,0.0,0.2,0.2,0.0,0.19999999999999996,0.2,1.397881434397962e-17
2022-06-22,0.0,0.2,0.0,1.1015494072452725e-16,0.0,0.0,0.2,0.2,0.0,0.19999999999999996,0.2,1.397881434397962e-17
2022-06-23,0.0,0.2,0.0,1.1015494072452725e-16,0.0,0.0,0.2,0.2,0.0,0.19999999999999996,0.2,1.397881434397962e-17
2022-06-24,0.0,0.2,0.0,1.1015494072452725e-16,0.0,0.0,0.2,0.2,0.0,0.19999999999999996,0.2,1.397881434397962e-17
2022-06-27,0.0,0.2,0.0,1.1015494072452725e-16,0.0,0.0,0.2,0.2,0.0,0.19999999999999996,0.2,1.397881434397962e-17
2022-06-28,0.0,0.2,0.0,1.1015494072452725e-16,0.0,0.0,0.2,0.2,0.0,0.19999999999999996,0.2,1.397881434397962e-17
2022-06-29,0.0,0.2,0.0,1.1015494072452725e-16,0.0,0.0,0.2,0.2,0.0,0.19999999999999996,0.2,1.397881434397962e-17
2022-06-30,0.0,0.2,0.0,1.1015494072452725e-16,0.0,0.0,0.2,0.2,0.0,0.19999999999999996,0.2,1.397881434397962e-17
2022-07-01,0.0,0.2,0.0,1.1015494072452725e-16,0.0,0.0,0.2,0.2,0.0,0.19999999999999996,0.2,1.397881434397962e-17
2022-07-05,0.0,0.2,0.0,1.1015494072452725e-16,0.0,0.0,0.2,0.2,0.0,0.19999999999999996,0.2,1.397881434397962e-17
2022-07-06,0.0,0.2,0.0,1.1015494072452725e-16,0.0,0.0,0.2,0.2,0.0,0.19999999999999996,0.2,1.397881434397962e-17
2022-07-07,0.0,0.2,0.0,1.1015494072452725e-16,0.0,0.0,0.2,0.2,0.0,0.19999999999999996,0.2,1.397881434397962e-17
2022-07-08,0.0,0.2,0.0,1.1015494072452725e-16,0.0,0.0,0.2,0.2,0.0,0.19999999999999996,0.2,1.397881434397962e-17
2022-07-11,0.0,0.2,0.0,1.1015494072452725e-16,0.0,0.0,0.2,0.2,0.0,0.19999999999999996,0.2,1.397881434397962e-17
2022-07-12,0.0,0.2,0.0,1.1015494072452725e-16,0.0,0.0,0.2,0.2,0.0,0.19999999999999996,0.2,1.397881434397962e-17
2022-07-13,0.0,0.2,0.0,1.1015494072452725e-16,0.0,0.0,0.2,0.2,0.0,0.19999999999999996,0.2,1.397881434397962e-17
2022-07-14,0.0,0.2,0.0,1.1015494072452725e-16,0.0,0.0,0.2,0.2,0.0,0.19999999999999996,0.2,1.397881434397962e-17
2022-07-15,0.0,0.2,0.0,1.1015494072452725e-16,0.0,0.0,0.2,0.2,0.0,0.19999999999999996,0.2,1.397881434397962e-17
2022-07-18,0.0,0.2,0.0,1.1015494072452725e-16,0.0,0.0,0.2,0.2,0.0,0.19999999999999996,0.2,1.397881434397962e-17
2022-07-19,0.0,0.2,0.0,1.1015494072452725e-16,0.0,0.0,0.2,0.2,0.0,0.19999999999999996,0.2,1.397881434397962e-17
2022-07-20,0.0,0.2,0.0,1.1015494072452725e-16,0.0,0.0,0.2,0.2,0.0,0.19999999999999996,0.2,1.397881434397962e-17
2022-07-21,0.0,0.2,0.0,1.1015494072452725e-16,0.0,0.0,0.2,0.2,0.0,0.19999999999999996,0.2,1.397881434397962e-17
2022-07-22,0.0,0.2,0.0,1.1015494072452725e-16,0.0,0.0,0.2,0.2,0.0,0.19999999999999996,0.2,1.397881434397962e-17
2022-07-25,0.0,0.2,0.0,1.1015494072452725e-16,0.0,0.0,0.2,0.2,0.0,0.19999999999999996,0.2,1.397881434397962e-17
2022-07-26,0.0,0.2,0.0,1.1015494072452725e-16,0.0,0.0,0.2,0.2,0.0,0.19999999999999996,0.2,1.397881434397962e-17
2022-07-27,0.0,0.2,0.0,1.1015494072452725e-16,0.0,0.0,0.2,0.2,0.0,0.19999999999999996,0.2,1.397881434397962e-17
2022-07-28,0.0,0.2,0.0,1.1015494072452725e-16,0.0,0.0,0.2,0.2,0.0,0.19999999999999996,0.2,1.397881434397962e-17
2022-07-29,0.0,0.2,0.0,1.1015494072452725e-16,0.0,0.0,0.2,0.2,0.0,0.19999999999999996,0.2,1.397881434397962e-17
2022-08-01,0.0,0.2,0.0,1.1015494072452725e-16,0.0,0.0,0.2,0.2,0.0,0.19999999999999996,0.2,1.397881434397962e-17
2022-08-02,0.0,0.2,0.0,1.1015494072452725e-16,0.0,0.0,0.2,0.2,0.0,0.19999999999999996,0.2,1.397881434397962e-17
2022-08-03,0.0,0.2,0.0,1.1015494072452725e-16,0.0,0.0,0.2,0.2,0.0,0.19999999999999996,0.2,1.397881434397962e-17
2022-08-04,0.0,0.2,0.0,1.1015494072452725e-16,0.0,0.0,0.2,0.2,0.0,0.19999999999999996,0.2,1.397881434397962e-17
2022-08-05,0.0,0.2,0.0,1.1015494072452725e-16,0.0,0.0,0.2,0.2,0.0,0.19999999999999996,0.2,1.397881434397962e-17
2022-08-08,0.0,0.2,0.0,1.1015494072452725e-16,0.0,0.0,0.2,0.2,0.0,0.19999999999999996,0.2,1.397881434397962e-17
2022-08-09,0.0,0.2,0.0,1.1015494072452725e-16,0.0,0.0,0.2,0.2,0.0,0.19999999999999996,0.2,1.397881434397962e-17
2022-08-10,0.0,0.2,0.0,1.1015494072452725e-16,0.0,0.0,0.2,0.2,0.0,0.19999999999999996,0.2,1.397881434397962e-17
2022-08-11,0.0,0.2,0.0,1.1015494072452725e-16,0.0,0.0,0.2,0.2,0.0,0.19999999999999996,0.2,1.397881434397962e-17
2022-08-12,0.0,0.2,0.0,1.1015494072452725e-16,0.0,0.0,0.2,0.2,0.0,0.19999999999999996,0.2,1.397881434397962e-17
2022-08-15,0.0,0.2,0.0,1.1015494072452725e-16,0.0,0.0,0.2,0.2,0.0,0.19999999999999996,0.2,1.397881434397962e-17
2022-08-16,0.11887759573164824,0.19999999999999965,1.6705152927711937e-16,0.19999999999999946,3.065889597844291e-17,2.484480073764686e-16,0.19999999999999993,0.1999999999999998,7.798432080743518e-17,3.277302912394711e-16,0.08112240426835199,9.934002405398434e-17
2022-08-17,0.11887759573164824,0.19999999999999965,1.6705152927711937e-16,0.19999999999999946,3.065889597844291e-17,2.484480073764686e-16,0.19999999999999993,0.1999999999999998,7.798432080743518e-17,3.277302912394711e-16,0.08112240426835199,9.934002405398434e-17
2022-08-18,0.11887759573164824,0.19999999999999965,1.6705152927711937e-16,0.19999999999999946,3.065889597844291e-17,2.484480073764686e-16,0.19999999999999993,0.1999999999999998,7.798432080743518e-17,3.277302912394711e-16,0.08112240426835199,9.934002405398434e-17
2022-08-19,0.11887759573164824,0.19999999999999965,1.6705152927711937e-16,0.19999999999999946,3.065889597844291e-17,2.484480073764686e-16,0.19999999999999993,0.1999999999999998,7.798432080743518e-17,3.277302912394711e-16,0.08112240426835199,9.934002405398434e-17
2022-08-22,0.11887759573164824,0.19999999999999965,1.6705152927711937e-16,0.19999999999999946,3.065889597844291e-17,2.484480073764686e-16,0.19999999999999993,0.1999999999999998,7.798432080743518e-17,3.277302912394711e-16,0.08112240426835199,9.934002405398434e-17
2022-08-23,0.1037920031439262,0.2,4.743384504624082e-18,0.2,0.011200289385247591,0.08500770747082567,0.2,0.2,9.470505976660881e-17,0.0,1.9048076917854706e-16,1.828235913353682e-17
2022-08-24,0.1037920031439262,0.2,4.743384504624082e-18,0.2,0.011200289385247591,0.08500770747082567,0.2,0.2,9.470505976660881e-17,0.0,1.9048076917854706e-16,1.828235913353682e-17
2022-08-25,0.1037920031439262,0.2,4.743384504624082e-18,0.2,0.011200289385247591,0.08500770747082567,0.2,0.2,9.470505976660881e-17,0.0,1.9048076917854706e-16,1.828235913353682e-17
2022-08-26,0.1037920031439262,0.2,4.743384504624082e-18,0.2,0.011200289385247591,0.08500770747082567,0.2,0.2,9.470505976660881e-17,0.0,1.9048076917854706e-16,1.828235913353682e-17
2022-08-29,0.1037920031439262,0.2,4.743384504624082e-18,0.2,0.011200289385247591,0.08500770747082567,0.2,0.2,9.470505976660881e-17,0.0,1.9048076917854706e-16,1.828235913353682e-17
2022-08-30,1.3838374834042335e-16,0.19999999999999946,1.4331890495996068e-16,0.2,0.0,0.0,0.19999999999999968,0.19999999999999996,1.4554329963445412e-15,0.0,0.19999999999999998,0.0
2022-08-31,1.3838374834042335e-16,0.19999999999999946,1.4331890495996068e-16,0.2,0.0,0.0,0.19999999999999968,0.19999999999999996,1.4554329963445412e-15,0.0,0.19999999999999998,0.0
2022-09-01,1.3838374834042335e-16,0.19999999999999946,1.4331890495996068e-16,0.2,0.0,0.0,0.19999999999999968,0.19999999999999996,1.4554329963445412e-15,0.0,0.19999999999999998,0.0
2022-09-02,1.3838374834042335e-16,0.19999999999999946,1.4331890495996068e-16,0.2,0.0,0.0,0.19999999999999968,0.19999999999999996,1.4554329963445412e-15,0.0,0.19999999999999998,0.0
2022-09-06,1.3838374834042335e-16,0.19999999999999946,1.4331890495996068e-16,0.2,0.0,0.0,0.19999999999999968,0.19999999999999996,1.4554329963445412e-15,0.0,0.19999999999999998,0.0
2022-09-07,1.3838374834042335e-16,0.19999999999999946,1.4331890495996068e-16,0.2,0.0,0.0,0.19999999999999968,0.19999999999999996,1.4554329963445412e-15,0.0,0.19999999999999998,0.0
2022-09-08,1.3838374834042335e-16,0.19999999999999946,1.4331890495996068e-16,0.2,0.0,0.0,0.19999999999999968,0.19999999999999996,1.4554329963445412e-15,0.0,0.19999999999999998,0.0
2022-09-09,1.3838374834042335e-16,0.19999999999999946,1.4331890495996068e-16,0.2,0.0,0.0,0.19999999999999968,0.19999999999999996,1.4554329963445412e-15,0.0,0.19999999999999998,0.0
2022-09-12,1.3838374834042335e-16,0.19999999999999946,1.4331890495996068e-16,0.2,0.0,0.0,0.19999999999999968,0.19999999999999996,1.4554329963445412e-15,0.0,0.19999999999999998,0.0
2022-09-13,1.3838374834042335e-16,0.19999999999999946,1.4331890495996068e-16,0.2,0.0,0.0,0.19999999999999968,0.19999999999999996,1.4554329963445412e-15,0.0,0.19999999999999998,0.0
2022-09-14,9.343503608888334e-18,0.17881077440212012,9.43810398607417e-18,0.021189225597879644,9.776491568806801e-17,1.9065522150641563e-18,0.19999999999999998,0.2,3.2031590100129363e-19,0.2,0.2,1.0018282828989059e-17
2022-09-15,9.343503608888334e-18,0.17881077440212012,9.43810398607417e-18,0.021189225597879644,9.776491568806801e-17,1.9065522150641563e-18,0.19999999999999998,0.2,3.2031590100129363e-19,0.2,0.2,1.0018282828989059e-17
2022-09-16,9.343503608888334e-18,0.17881077440212012,9.43810398607417e-18,0.021189225597879644,9.776491568806801e-17,1.9065522150641563e-18,0.19999999999999998,0.2,3.2031590100129363e-19,0.2,0.2,1.0018282828989059e-17
2022-09-19,9.343503608888334e-18,0.17881077440212012,9.43810398607417e-18,0.021189225597879644,9.776491568806801e-17,1.9065522150641563e-18,0.19999999999999998,0.2,3.2031590100129363e-19,0.2,0.2,1.0018282828989059e-17
2022-09-20,9.343503608888334e-18,0.17881077440212012,9.43810398607417e-18,0.021189225597879644,9.776491568806801e-17,1.9065522150641563e-18,0.19999999999999998,0.2,3.2031590100129363e-19,0.2,0.2,1.0018282828989059e-17
2022-09-21,9.343503608888334e-18,0.17881077440212012,9.43810398607417e-18,0.021189225597879644,9.776491568806801e-17,1.9065522150641563e-18,0.19999999999999998,0.2,3.2031590100129363e-19,0.2,0.2,1.0018282828989059e-17
2022-09-22,9.343503608888334e-18,0.17881077440212012,9.43810398607417e-18,0.021189225597879644,9.776491568806801e-17,1.9065522150641563e-18,0.19999999999999998,0.2,3.2031590100129363e-19,0.2,0.2,1.0018282828989059e-17
2022-09-23,9.343503608888334e-18,0.17881077440212012,9.43810398607417e-18,0.021189225597879644,9.776491568806801e-17,1.9065522150641563e-18,0.19999999999999998,0.2,3.2031590100129363e-19,0.2,0.2,1.0018282828989059e-17
2022-09-26,9.343503608888334e-18,0.17881077440212012,9.43810398607417e-18,0.021189225597879644,9.776491568806801e-17,1.9065522150641563e-18,0.19999999999999998,0.2,3.2031590100129363e-19,0.2,0.2,1.0018282828989059e-17
2022-09-27,9.343503608888334e-18,0.17881077440212012,9.43810398607417e-18,0.021189225597879644,9.776491568806801e-17,1.9065522150641563e-18,0.19999999999999998,0.2,3.2031590100129363e-19,0.2,0.2,1.0018282828989059e-17
2022-09-28,9.343503608888334e-18,0.17881077440212012,9.43810398607417e-18,0.021189225597879644,9.776491568806801e-17,1.9065522150641563e-18,0.19999999999999998,0.2,3.2031590100129363e-19,0.2,0.2,1.0018282828989059e-17
2022-09-29,9.343503608888334e-18,0.17881077440212012,9.43810398607417e-18,0.021189225597879644,9.776491568806801e-17,1.9065522150641563e-18,0.19999999999999998,0.2,3.2031590100129363e-19,0.2,0.2,1.0018282828989059e-17
2022-09-30,9.343503608888334e-18,0.17881077440212012,9.43810398607417e-18,0.021189225597879644,9.776491568806801e-17,1.9065522150641563e-18,0.19999999999999998,0.2,3.2031590100129363e-19,0.2,0.2,1.0018282828989059e-17
2022-10-03,9.343503608888334e-18,0.17881077440212012,9.43810398607417e-18,0.021189225597879644,9.776491568806801e-17,1.9065522150641563e-18,0.19999999999999998,0.2,3.2031590100129363e-19,0.2,0.2,1.0018282828989059e-17
2022-10-04,9.343503608888334e-18,0.17881077440212012,9.43810398607417e-18,0.021189225597879644,9.776491568806801e-17,1.9065522150641563e-18,0.19999999999999998,0.2,3.2031590100129363e-19,0.2,0.2,1.0018282828989059e-17
2022-10-05,9.343503608888334e-18,0.17881077440212012,9.43810398607417e-18,0.021189225597879644,9.776491568806801e-17,1.9065522150641563e-18,0.19999999999999998,0.2,3.2031590100129363e-19,0.2,0.2,1.0018282828989059e-17
2022-10-06,9.343503608888334e-18,0.17881077440212012,9.43810398607417e-18,0.021189225597879644,9.776491568806801e-17,1.9065522150641563e-18,0.19999999999999998,0.2,3.2031590100129363e-19,0.2,0.2,1.0018282828989059e-17
2022-10-07,9.343503608888334e-18,0.17881077440212012,9.43810398607417e-18,0.021189225597879644,9.776491568806801e-17,1.9065522150641563e-18,0.19999999999999998,0.2,3.2031590100129363e-19,0.2,0.2,1.0018282828989059e-17
2022-10-10,9.343503608888334e-18,0.17881077440212012,9.43810398607417e-18,0.021189225597879644,9.776491568806801e-17,1.9065522150641563e-18,0.19999999999999998,0.2,3.2031590100129363e-19,0.2,0.2,1.0018282828989059e-17
2022-10-11,9.343503608888334e-18,0.17881077440212012,9.43810398607417e-18,0.021189225597879644,9.776491568806801e-17,1.9065522150641563e-18,0.19999999999999998,0.2,3.2031590100129363e-19,0.2,0.2,1.0018282828989059e-17
2022-10-12,9.343503608888334e-18,0.17881077440212012,9.43810398607417e-18,0.021189225597879644,9.776491568806801e-17,1.9065522150641563e-18,0.19999999999999998,0.2,3.2031590100129363e-19,0.2,0.2,1.0018282828989059e-17
2022-10-13,9.343503608888334e-18,0.17881077440212012,9.43810398607417e-18,0.021189225597879644,9.776491568806801e-17,1.9065522150641563e-18,0.19999999999999998,0.2,3.2031590100129363e-19,0.2,0.2,1.0018282828989059e-17
2022-10-14,9.343503608888334e-18,0.17881077440212012,9.43810398607417e-18,0.021189225597879644,9.776491568806801e-17,1.9065522150641563e-18,0.19999999999999998,0.2,3.2031590100129363e-19,0.2,0.2,1.0018282828989059e-17
2022-10-17,9.343503608888334e-18,0.17881077440212012,9.43810398607417e-18,0.021189225597879644,9.776491568806801e-17,1.9065522150641563e-18,0.19999999999999998,0.2,3.2031590100129363e-19,0.2,0.2,1.0018282828989059e-17
2022-10-18,9.343503608888334e-18,0.17881077440212012,9.43810398607417e-18,0.021189225597879644,9.776491568806801e-17,1.9065522150641563e-18,0.19999999999999998,0.2,3.2031590100129363e-19,0.2,0.2,1.0018282828989059e-17
2022-10-19,1.1441409148178341e-17,0.13545036330783394,9.65020403736845e-18,0.07925288178541177,7.002717423968317e-17,6.725362707871677e-18,0.19999999999999998,0.18529675490675418,9.330119414172021e-18,0.2,0.19999999999999998,4.262611636255177e-17
2022-10-20,1.1441409148178341e-17,0.13545036330783394,9.65020403736845e-18,0.07925288178541177,7.002717423968317e-17,6.725362707871677e-18,0.19999999999999998,0.18529675490675418,9.330119414172021e-18,0.2,0.19999999999999998,4.262611636255177e-17
2022-10-21,1.1441409148178341e-17,0.13545036330783394,9.65020403736845e-18,0.07925288178541177,7.002717423968317e-17,6.725362707871677e-18,0.19999999999999998,0.18529675490675418,9.330119414172021e-18,0.2,0.19999999999999998,4.262611636255177e-17
2022-10-24,1.1441409148178341e-17,0.13545036330783394,9.65020403736845e-18,0.07925288178541177,7.002717423968317e-17,6.725362707871677e-18,0.19999999999999998,0.18529675490675418,9.330119414172021e-18,0.2,0.19999999999999998,4.262611636255177e-17
2022-10-25,1.1441409148178341e-17,0.13545036330783394,9.65020403736845e-18,0.07925288178541177,7.002717423968317e-17,6.725362707871677e-18,0.19999999999999998,0.18529675490675418,9.330119414172021e-18,0.2,0.19999999999999998,4.262611636255177e-17
2022-10-26,1.1441409148178341e-17,0.13545036330783394,9.65020403736845e-18,0.07925288178541177,7.002717423968317e-17,6.725362707871677e-18,0.19999999999999998,0.18529675490675418,9.330119414172021e-18,0.2,0.19999999999999998,4.262611636255177e-17
2022-10-27,1.1441409148178341e-17,0.13545036330783394,9.65020403736845e-18,0.07925288178541177,7.002717423968317e-17,6.725362707871677e-18,0.19999999999999998,0.18529675490675418,9.330119414172021e-18,0.2,0.19999999999999998,4.262611636255177e-17
2022-10-28,1.1441409148178341e-17,0.13545036330783394,9.65020403736845e-18,0.07925288178541177,7.002717423968317e-17,6.725362707871677e-18,0.19999999999999998,0.18529675490675418,9.330119414172021e-18,0.2,0.19999999999999998,4.262611636255177e-17
2022-10-31,1.1441409148178341e-17,0.13545036330783394,9.65020403736845e-18,0.07925288178541177,7.002717423968317e-17,6.725362707871677e-18,0.19999999999999998,0.18529675490675418,9.330119414172021e-18,0.2,0.19999999999999998,4.262611636255177e-17
2022-11-01,1.1441409148178341e-17,0.13545036330783394,9.65020403736845e-18,0.07925288178541177,7.002717423968317e-17,6.725362707871677e-18,0.19999999999999998,0.18529675490675418,9.330119414172021e-18,0.2,0.19999999999999998,4.262611636255177e-17
2022-11-02,1.1441409148178341e-17,0.13545036330783394,9.65020403736845e-18,0.07925288178541177,7.002717423968317e-17,6.725362707871677e-18,0.19999999999999998,0.18529675490675418,9.330119414172021e-18,0.2,0.19999999999999998,4.262611636255177e-17
2022-11-03,1.1441409148178341e-17,0.13545036330783394,9.65020403736845e-18,0.07925288178541177,7.002717423968317e-17,6.725362707871677e-18,0.19999999999999998,0.18529675490675418,9.330119414172021e-18,0.2,0.19999999999999998,4.262611636255177e-17
2022-11-04,1.1441409148178341e-17,0.13545036330783394,9.65020403736845e-18,0.07925288178541177,7.002717423968317e-17,6.725362707871677e-18,0.19999999999999998,0.18529675490675418,9.330119414172021e-18,0.2,0.19999999999999998,4.262611636255177e-17
2022-11-07,1.1441409148178341e-17,0.13545036330783394,9.65020403736845e-18,0.07925288178541177,7.002717423968317e-17,6.725362707871677e-18,0.19999999999999998,0.18529675490675418,9.330119414172021e-18,0.2,0.19999999999999998,4.262611636255177e-17
2022-11-08,1.1441409148178341e-17,0.13545036330783394,9.65020403736845e-18,0.07925288178541177,7.002717423968317e-17,6.725362707871677e-18,0.19999999999999998,0.18529675490675418,9.330119414172021e-18,0.2,0.19999999999999998,4.262611636255177e-17
2022-11-09,1.1441409148178341e-17,0.13545036330783394,9.65020403736845e-18,0.07925288178541177,7.002717423968317e-17,6.725362707871677e-18,0.19999999999999998,0.18529675490675418,9.330119414172021e-18,0.2,0.19999999999999998,4.262611636255177e-17
2022-11-10,1.1441409148178341e-17,0.13545036330783394,9.65020403736845e-18,0.07925288178541177,7.002717423968317e-17,6.725362707871677e-18,0.19999999999999998,0.18529675490675418,9.330119414172021e-18,0.2,0.19999999999999998,4.262611636255177e-17
2022-11-11,1.1441409148178341e-17,0.13545036330783394,9.65020403736845e-18,0.07925288178541177,7.002717423968317e-17,6.725362707871677e-18,0.19999999999999998,0.18529675490675418,9.330119414172021e-18,0.2,0.19999999999999998,4.262611636255177e-17
2022-11-14,1.1441409148178341e-17,0.13545036330783394,9.65020403736845e-18,0.07925288178541177,7.002717423968317e-17,6.725362707871677e-18,0.19999999999999998,0.18529675490675418,9.330119414172021e-18,0.2,0.19999999999999998,4.262611636255177e-17
2022-11-15,1.1441409148178341e-17,0.13545036330783394,9.65020403736845e-18,0.07925288178541177,7.002717423968317e-17,6.725362707871677e-18,0.19999999999999998,0.18529675490675418,9.330119414172021e-18,0.2,0.19999999999999998,4.262611636255177e-17
2022-11-16,1.1441409148178341e-17,0.13545036330783394,9.65020403736845e-18,0.07925288178541177,7.002717423968317e-17,6.725362707871677e-18,0.19999999999999998,0.18529675490675418,9.330119414172021e-18,0.2,0.19999999999999998,4.262611636255177e-17
2022-11-17,1.1441409148178341e-17,0.13545036330783394,9.65020403736845e-18,0.07925288178541177,7.002717423968317e-17,6.725362707871677e-18,0.19999999999999998,0.18529675490675418,9.330119414172021e-18,0.2,0.19999999999999998,4.262611636255177e-17
2022-11-18,1.1441409148178341e-17,0.13545036330783394,9.65020403736845e-18,0.07925288178541177,7.002717423968317e-17,6.725362707871677e-18,0.19999999999999998,0.18529675490675418,9.330119414172021e-18,0.2,0.19999999999999998,4.262611636255177e-17
2022-11-21,1.1441409148178341e-17,0.13545036330783394,9.65020403736845e-18,0.07925288178541177,7.002717423968317e-17,6.725362707871677e-18,0.19999999999999998,0.18529675490675418,9.330119414172021e-18,0.2,0.19999999999999998,4.262611636255177e-17
2022-11-22,1.1441409148178341e-17,0.13545036330783394,9.65020403736845e-18,0.07925288178541177,7.002717423968317e-17,6.725362707871677e-18,0.19999999999999998,0.18529675490675418,9.330119414172021e-18,0.2,0.19999999999999998,4.262611636255177e-17
2022-11-23,1.1441409148178341e-17,0.13545036330783394,9.65020403736845e-18,0.07925288178541177,7.002717423968317e-17,6.725362707871677e-18,0.19999999999999998,0.18529675490675418,9.330119414172021e-18,0.2,0.19999999999999998,4.262611636255177e-17
2022-11-25,1.1441409148178341e-17,0.13545036330783394,9.65020403736845e-18,0.07925288178541177,7.002717423968317e-17,6.725362707871677e-18,0.19999999999999998,0.18529675490675418,9.330119414172021e-18,0.2,0.19999999999999998,4.262611636255177e-17
2022-11-28,1.1441409148178341e-17,0.13545036330783394,9.65020403736845e-18,0.07925288178541177,7.002717423968317e-17,6.725362707871677e-18,0.19999999999999998,0.18529675490675418,9.330119414172021e-18,0.2,0.19999999999999998,4.262611636255177e-17
2022-11-29,1.1441409148178341e-17,0.13545036330783394,9.65020403736845e-18,0.07925288178541177,7.002717423968317e-17,6.725362707871677e-18,0.19999999999999998,0.18529675490675418,9.330119414172021e-18,0.2,0.19999999999999998,4.262611636255177e-17
2022-11-30,1.1441409148178341e-17,0.13545036330783394,9.65020403736845e-18,0.07925288178541177,7.002717423968317e-17,6.725362707871677e-18,0.19999999999999998,0.18529675490675418,9.330119414172021e-18,0.2,0.19999999999999998,4.262611636255177e-17
2022-12-01,1.1441409148178341e-17,0.13545036330783394,9.65020403736845e-18,0.07925288178541177,7.002717423968317e-17,6.725362707871677e-18,0.19999999999999998,0.18529675490675418,9.330119414172021e-18,0.2,0.19999999999999998,4.262611636255177e-17
2022-12-02,1.1441409148178341e-17,0.13545036330783394,9.65020403736845e-18,0.07925288178541177,7.002717423968317e-17,6.725362707871677e-18,0.19999999999999998,0.18529675490675418,9.330119414172021e-18,0.2,0.19999999999999998,4.262611636255177e-17
2022-12-05,1.1441409148178341e-17,0.13545036330783394,9.65020403736845e-18,0.07925288178541177,7.002717423968317e-17,6.725362707871677e-18,0.19999999999999998,0.18529675490675418,9.330119414172021e-18,0.2,0.19999999999999998,4.262611636255177e-17
2022-12-06,1.1441409148178341e-17,0.13545036330783394,9.65020403736845e-18,0.07925288178541177,7.002717423968317e-17,6.725362707871677e-18,0.19999999999999998,0.18529675490675418,9.330119414172021e-18,0.2,0.19999999999999998,4.262611636255177e-17
2022-12-07,1.1441409148178341e-17,0.13545036330783394,9.65020403736845e-18,0.07925288178541177,7.002717423968317e-17,6.725362707871677e-18,0.19999999999999998,0.18529675490675418,9.330119414172021e-18,0.2,0.19999999999999998,4.262611636255177e-17
2022-12-08,1.1441409148178341e-17,0.13545036330783394,9.65020403736845e-18,0.07925288178541177,7.002717423968317e-17,6.725362707871677e-18,0.19999999999999998,0.18529675490675418,9.330119414172021e-18,0.2,0.19999999999999998,4.262611636255177e-17
2022-12-09,1.1441409148178341e-17,0.13545036330783394,9.65020403736845e-18,0.07925288178541177,7.002717423968317e-17,6.725362707871677e-18,0.19999999999999998,0.18529675490675418,9.330119414172021e-18,0.2,0.19999999999999998,4.262611636255177e-17
2022-12-12,1.1441409148178341e-17,0.13545036330783394,9.65020403736845e-18,0.07925288178541177,7.002717423968317e-17,6.725362707871677e-18,0.19999999999999998,0.18529675490675418,9.330119414172021e-18,0.2,0.19999999999999998,4.262611636255177e-17
2022-12-13,1.1441409148178341e-17,0.13545036330783394,9.65020403736845e-18,0.07925288178541177,7.002717423968317e-17,6.725362707871677e-18,0.19999999999999998,0.18529675490675418,9.330119414172021e-18,0.2,0.19999999999999998,4.262611636255177e-17
2022-12-14,1.1441409148178341e-17,0.13545036330783394,9.65020403736845e-18,0.07925288178541177,7.002717423968317e-17,6.725362707871677e-18,0.19999999999999998,0.18529675490675418,9.330119414172021e-18,0.2,0.19999999999999998,4.262611636255177e-17
2022-12-15,2.0739601775206307e-17,0.2,2.5023531846853986e-16,0.19999999999999954,2.636779683484747e-16,0.0,0.2,0.2,0.0,0.0,0.2,0.0
2022-12-16,2.0739601775206307e-17,0.2,2.5023531846853986e-16,0.19999999999999954,2.636779683484747e-16,0.0,0.2,0.2,0.0,0.0,0.2,0.0
2022-12-19,2.0739601775206307e-17,0.2,2.5023531846853986e-16,0.19999999999999954,2.636779683484747e-16,0.0,0.2,0.2,0.0,0.0,0.2,0.0
2022-12-20,2.0739601775206307e-17,0.2,2.5023531846853986e-16,0.19999999999999954,2.636779683484747e-16,0.0,0.2,0.2,0.0,0.0,0.2,0.0
2022-12-21,2.0739601775206307e-17,0.2,2.5023531846853986e-16,0.19999999999999954,2.636779683484747e-16,0.0,0.2,0.2,0.0,0.0,0.2,0.0
2022-12-22,0.0,0.14263694359996207,2.1971719206170677e-17,0.19999999999999962,0.12243912356286409,1.2408758788764484e-16,0.19999999999999996,0.19999999999999998,2.1490420060323913e-16,3.5505089669367495e-17,0.13492393283717413,0.0
2022-12-23,0.0,0.14263694359996207,2.1971719206170677e-17,0.19999999999999962,0.12243912356286409,1.2408758788764484e-16,0.19999999999999996,0.19999999999999998,2.1490420060323913e-16,3.5505089669367495e-17,0.13492393283717413,0.0
2022-12-27,0.0,0.14263694359996207,2.1971719206170677e-17,0.19999999999999962,0.12243912356286409,1.2408758788764484e-16,0.19999999999999996,0.19999999999999998,2.1490420060323913e-16,3.5505089669367495e-17,0.13492393283717413,0.0
2022-12-28,0.0,0.14263694359996207,2.1971719206170677e-17,0.19999999999999962,0.12243912356286409,1.2408758788764484e-16,0.19999999999999996,0.19999999999999998,2.1490420060323913e-16,3.5505089669367495e-17,0.13492393283717413,0.0
2022-12-29,0.0,0.14263694359996207,2.1971719206170677e-17,0.19999999999999962,0.12243912356286409,1.2408758788764484e-16,0.19999999999999996,0.19999999999999998,2.1490420060323913e-16,3.5505089669367495e-17,0.13492393283717413,0.0
2022-12-30,0.0,0.1999999999999999,1.0375021813358222e-16,0.2,0.0,0.0,0.2,0.2,0.0,1.4457896358837015e-16,0.2,1.2957865334698418e-17
2023-01-03,0.0,0.1999999999999999,1.0375021813358222e-16,0.2,0.0,0.0,0.2,0.2,0.0,1.4457896358837015e-16,0.2,1.2957865334698418e-17
2023-01-04,0.0,0.1999999999999999,1.0375021813358222e-16,0.2,0.0,0.0,0.2,0.2,0.0,1.4457896358837015e-16,0.2,1.2957865334698418e-17
2023-01-05,0.0,0.1999999999999999,1.0375021813358222e-16,0.2,0.0,0.0,0.2,0.2,0.0,1.4457896358837015e-16,0.2,1.2957865334698418e-17
2023-01-06,0.0,0.1999999999999999,1.0375021813358222e-16,0.2,0.0,0.0,0.2,0.2,0.0,1.4457896358837015e-16,0.2,1.2957865334698418e-17
2023-01-09,0.0,0.1999999999999999,1.0375021813358222e-16,0.2,0.0,0.0,0.2,0.2,0.0,1.4457896358837015e-16,0.2,1.2957865334698418e-17
2023-01-10,0.0,0.1999999999999999,1.0375021813358222e-16,0.2,0.0,0.0,0.2,0.2,0.0,1.4457896358837015e-16,0.2,1.2957865334698418e-17
2023-01-11,0.0,0.1999999999999999,1.0375021813358222e-16,0.2,0.0,0.0,0.2,0.2,0.0,1.4457896358837015e-16,0.2,1.2957865334698418e-17
2023-01-12,0.0,0.1999999999999999,1.0375021813358222e-16,0.2,0.0,0.0,0.2,0.2,0.0,1.4457896358837015e-16,0.2,1.2957865334698418e-17
2023-01-13,0.0,0.1999999999999999,1.0375021813358222e-16,0.2,0.0,0.0,0.2,0.2,0.0,1.4457896358837015e-16,0.2,1.2957865334698418e-17
2023-01-17,1.9245851650476218e-16,0.19999999999999996,2.189132815230635e-16,0.19999999999999965,0.07447789832732724,5.820794728173006e-17,0.1255221016726732,0.19999999999999968,8.538081555445167e-17,2.0564514044924996e-16,0.19999999999999965,0.0
2023-01-18,1.9245851650476218e-16,0.19999999999999996,2.189132815230635e-16,0.19999999999999965,0.07447789832732724,5.820794728173006e-17,0.1255221016726732,0.19999999999999968,8.538081555445167e-17,2.0564514044924996e-16,0.19999999999999965,0.0
2023-01-19,1.9245851650476218e-16,0.19999999999999996,2.189132815230635e-16,0.19999999999999965,0.07447789832732724,5.820794728173006e-17,0.1255221016726732,0.19999999999999968,8.538081555445167e-17,2.0564514044924996e-16,0.19999999999999965,0.0
2023-01-20,1.9245851650476218e-16,0.19999999999999996,2.189132815230635e-16,0.19999999999999965,0.07447789832732724,5.820794728173006e-17,0.1255221016726732,0.19999999999999968,8.538081555445167e-17,2.0564514044924996e-16,0.19999999999999965,0.0
2023-01-23,1.9245851650476218e-16,0.19999999999999996,2.189132815230635e-16,0.19999999999999965,0.07447789832732724,5.820794728173006e-17,0.1255221016726732,0.19999999999999968,8.538081555445167e-17,2.0564514044924996e-16,0.19999999999999965,0.0
2023-01-24,5.079103891407158e-18,0.11279303707142581,6.9173477477084965e-18,0.09378234646556086,1.1457675277032595e-17,1.518981727233201e-17,0.2,0.19342461646301284,5.584635445037038e-18,0.2,0.2,3.433046028785718e-18
2023-01-25,5.079103891407158e-18,0.11279303707142581,6.9173477477084965e-18,0.09378234646556086,1.1457675277032595e-17,1.518981727233201e-17,0.2,0.19342461646301284,5.584635445037038e-18,0.2,0.2,3.433046028785718e-18
2023-01-26,5.079103891407158e-18,0.11279303707142581,6.9173477477084965e-18,0.09378234646556086,1.1457675277032595e-17,1.518981727233201e-17,0.2,0.19342461646301284,5.584635445037038e-18,0.2,0.2,3.433046028785718e-18
2023-01-27,5.079103891407158e-18,0.11279303707142581,6.9173477477084965e-18,0.09378234646556086,1.1457675277032595e-17,1.518981727233201e-17,0.2,0.19342461646301284,5.584635445037038e-18,0.2,0.2,3.433046028785718e-18
2023-01-30,5.079103891407158e-18,0.11279303707142581,6.9173477477084965e-18,0.09378234646556086,1.1457675277032595e-17,1.518981727233201e-17,0.2,0.19342461646301284,5.584635445037038e-18,0.2,0.2,3.433046028785718e-18
2023-01-31,0.0,0.19999999999999996,7.854850496818883e-17,0.19999999999999965,5.48172618408671e-16,1.3261698291810091e-16,0.0,0.19999999999999993,0.19999999999999993,3.078603116579023e-16,0.1999999999999997,0.0
2023-02-01,0.0,0.19999999999999996,7.854850496818883e-17,0.19999999999999965,5.48172618408671e-16,1.3261698291810091e-16,0.0,0.19999999999999993,0.19999999999999993,3.078603116579023e-16,0.1999999999999997,0.0
2023-02-02,0.0,0.19999999999999996,7.854850496818883e-17,0.19999999999999965,5.48172618408671e-16,1.3261698291810091e-16,0.0,0.19999999999999993,0.19999999999999993,3.078603116579023e-16,0.1999999999999997,0.0
2023-02-03,0.0,0.19999999999999996,7.854850496818883e-17,0.19999999999999965,5.48172618408671e-16,1.3261698291810091e-16,0.0,0.19999999999999993,0.19999999999999993,3.078603116579023e-16,0.1999999999999997,0.0
2023-02-06,0.0,0.19999999999999996,7.854850496818883e-17,0.19999999999999965,5.48172618408671e-16,1.3261698291810091e-16,0.0,0.19999999999999993,0.19999999999999993,3.078603116579023e-16,0.1999999999999997,0.0
2023-02-07,1.7243733575030125e-16,0.13476437495089147,3.4930327726018266e-16,0.19999999999999965,0.2,2.389285501019894e-16,0.0,0.1372525942301603,0.1279830308189477,1.7681543130215215e-16,0.2,0.0
2023-02-08,1.7243733575030125e-16,0.13476437495089147,3.4930327726018266e-16,0.19999999999999965,0.2,2.389285501019894e-16,0.0,0.1372525942301603,0.1279830308189477,1.7681543130215215e-16,0.2,0.0
2023-02-09,1.7243733575030125e-16,0.13476437495089147,3.4930327726018266e-16,0.19999999999999965,0.2,2.389285501019894e-16,0.0,0.1372525942301603,0.1279830308189477,1.7681543130215215e-16,0.2,0.0
2023-02-10,1.7243733575030125e-16,0.13476437495089147,3.4930327726018266e-16,0.19999999999999965,0.2,2.389285501019894e-16,0.0,0.1372525942301603,0.1279830308189477,1.7681543130215215e-16,0.2,0.0
2023-02-13,1.7243733575030125e-16,0.13476437495089147,3.4930327726018266e-16,0.19999999999999965,0.2,2.389285501019894e-16,0.0,0.1372525942301603,0.1279830308189477,1.7681543130215215e-16,0.2,0.0
2023-02-14,0.0,0.19999999999999998,0.0,0.2,0.2,0.0,0.0,0.2,0.07041055680201162,0.0,0.12958944319798876,0.0
2023-02-15,0.0,0.19999999999999998,0.0,0.2,0.2,0.0,0.0,0.2,0.07041055680201162,0.0,0.12958944319798876,0.0
2023-02-16,0.0,0.19999999999999998,0.0,0.2,0.2,0.0,0.0,0.2,0.07041055680201162,0.0,0.12958944319798876,0.0
2023-02-17,0.0,0.19999999999999998,0.0,0.2,0.2,0.0,0.0,0.2,0.07041055680201162,0.0,0.12958944319798876,0.0
2023-02-21,0.0,0.19999999999999998,0.0,0.2,0.2,0.0,0.0,0.2,0.07041055680201162,0.0,0.12958944319798876,0.0
2023-02-22,0.0,0.19999999999999973,5.99307781891814e-17,0.2,0.1999999999999999,0.0,0.10886765865118661,0.19999999999999973,0.0911323413488137,0.0,1.5473026776345194e-16,1.8778890673993093e-16
2023-02-23,0.0,0.19999999999999973,5.99307781891814e-17,0.2,0.1999999999999999,0.0,0.10886765865118661,0.19999999999999973,0.0911323413488137,0.0,1.5473026776345194e-16,1.8778890673993093e-16
2023-02-24,0.0,0.19999999999999973,5.99307781891814e-17,0.2,0.1999999999999999,0.0,0.10886765865118661,0.19999999999999973,0.0911323413488137,0.0,1.5473026776345194e-16,1.8778890673993093e-16
2023-02-27,0.0,0.19999999999999973,5.99307781891814e-17,0.2,0.1999999999999999,0.0,0.10886765865118661,0.19999999999999973,0.0911323413488137,0.0,1.5473026776345194e-16,1.8778890673993093e-16
2023-02-28,0.0,0.19999999999999973,5.99307781891814e-17,0.2,0.1999999999999999,0.0,0.10886765865118661,0.19999999999999973,0.0911323413488137,0.0,1.5473026776345194e-16,1.8778890673993093e-16
2023-03-01,0.0,0.19999999999999982,2.488020176083296e-17,0.19999999999999996,0.2,9.625854949909196e-17,0.0,0.2,0.19999999999999998,0.0,5.792874265676299e-17,0.0
2023-03-02,0.0,0.19999999999999982,2.488020176083296e-17,0.19999999999999996,0.2,9.625854949909196e-17,0.0,0.2,0.19999999999999998,0.0,5.792874265676299e-17,0.0
2023-03-03,0.0,0.19999999999999982,2.488020176083296e-17,0.19999999999999996,0.2,9.625854949909196e-17,0.0,0.2,0.19999999999999998,0.0,5.792874265676299e-17,0.0
2023-03-06,0.0,0.19999999999999982,2.488020176083296e-17,0.19999999999999996,0.2,9.625854949909196e-17,0.0,0.2,0.19999999999999998,0.0,5.792874265676299e-17,0.0
2023-03-07,0.0,0.19999999999999982,2.488020176083296e-17,0.19999999999999996,0.2,9.625854949909196e-17,0.0,0.2,0.19999999999999998,0.0,5.792874265676299e-17,0.0
2023-03-08,1.8559719124553915e-16,0.2,0.06506268982532235,0.2,0.19999999999999976,2.2888068841461806e-16,0.0489177685351667,0.08601954163951006,0.2,9.292786989812593e-17,4.2720551752848213e-16,2.7216771818265263e-17
2023-03-09,1.8559719124553915e-16,0.2,0.06506268982532235,0.2,0.19999999999999976,2.2888068841461806e-16,0.0489177685351667,0.08601954163951006,0.2,9.292786989812593e-17,4.2720551752848213e-16,2.7216771818265263e-17
2023-03-10,1.8559719124553915e-16,0.2,0.06506268982532235,0.2,0.19999999999999976,2.2888068841461806e-16,0.0489177685351667,0.08601954163951006,0.2,9.292786989812593e-17,4.2720551752848213e-16,2.7216771818265263e-17
2023-03-13,1.8559719124553915e-16,0.2,0.06506268982532235,0.2,0.19999999999999976,2.2888068841461806e-16,0.0489177685351667,0.08601954163951006,0.2,9.292786989812593e-17,4.2720551752848213e-16,2.7216771818265263e-17
2023-03-14,1.8559719124553915e-16,0.2,0.06506268982532235,0.2,0.19999999999999976,2.2888068841461806e-16,0.0489177685351667,0.08601954163951006,0.2,9.292786989812593e-17,4.2720551752848213e-16,2.7216771818265263e-17
2023-03-15,0.0,0.2,2.16900002965411e-16,0.2,0.1999999999999999,1.7526663954196764e-16,0.19999999999999987,6.72801031624114e-17,0.2,8.527785922567077e-17,1.49257378865185e-16,1.49257378865185e-16
2023-03-16,0.0,0.2,2.16900002965411e-16,0.2,0.1999999999999999,1.7526663954196764e-16,0.19999999999999987,6.72801031624114e-17,0.2,8.527785922567077e-17,1.49257378865185e-16,1.49257378865185e-16
2023-03-17,0.0,0.2,2.16900002965411e-16,0.2,0.1999999999999999,1.7526663954196764e-16,0.19999999999999987,6.72801031624114e-17,0.2,8.527785922567077e-17,1.49257378865185e-16,1.49257378865185e-16
2023-03-20,0.0,0.2,2.16900002965411e-16,0.2,0.1999999999999999,1.7526663954196764e-16,0.19999999999999987,6.72801031624114e-17,0.2,8.527785922567077e-17,1.49257378865185e-16,1.49257378865185e-16
2023-03-21,0.0,0.2,2.16900002965411e-16,0.2,0.1999999999999999,1.7526663954196764e-16,0.19999999999999987,6.72801031624114e-17,0.2,8.527785922567077e-17,1.49257378865185e-16,1.49257378865185e-16
2023-03-22,0.2,7.612454503563848e-17,1.6324357772663778e-16,0.19999999999999993,0.2,7.18513359236255e-17,0.2,0.0,1.5178830414797062e-16,2.4082065830271973e-17,0.19999999999999993,8.253489038045903e-17
2023-03-23,0.2,7.612454503563848e-17,1.6324357772663778e-16,0.19999999999999993,0.2,7.18513359236255e-17,0.2,0.0,1.5178830414797062e-16,2.4082065830271973e-17,0.19999999999999993,8.253489038045903e-17
2023-03-24,0.2,7.612454503563848e-17,1.6324357772663778e-16,0.19999999999999993,0.2,7.18513359236255e-17,0.2,0.0,1.5178830414797062e-16,2.4082065830271973e-17,0.19999999999999993,8.253489038045903e-17
2023-03-27,0.2,7.612454503563848e-17,1.6324357772663778e-16,0.19999999999999993,0.2,7.18513359236255e-17,0.2,0.0,1.5178830414797062e-16,2.4082065830271973e-17,0.19999999999999993,8.253489038045903e-17
2023-03-28,0.2,7.612454503563848e-17,1.6324357772663778e-16,0.19999999999999993,0.2,7.18513359236255e-17,0.2,0.0,1.5178830414797062e-16,2.4082065830271973e-17,0.19999999999999993,8.253489038045903e-17
2023-03-29,6.682068523999696e-20,0.14489235994198155,2.4877946633059836e-17,0.08528091538755829,6.322242262602779e-17,1.7074791479964638e-17,0.2,0.16982672467046,2.2816339480475785e-18,0.19999999999999998,0.2,4.4119305208052324e-17
2023-03-30,6.682068523999696e-20,0.14489235994198155,2.4877946633059836e-17,0.08528091538755829,6.322242262602779e-17,1.7074791479964638e-17,0.2,0.16982672467046,2.2816339480475785e-18,0.19999999999999998,0.2,4.4119305208052324e-17
2023-03-31,6.682068523999696e-20,0.14489235994198155,2.4877946633059836e-17,0.08528091538755829,6.322242262602779e-17,1.7074791479964638e-17,0.2,0.16982672467046,2.2816339480475785e-18,0.19999999999999998,0.2,4.4119305208052324e-17
2023-04-03,6.682068523999696e-20,0.14489235994198155,2.4877946633059836e-17,0.08528091538755829,6.322242262602779e-17,1.7074791479964638e-17,0.2,0.16982672467046,2.2816339480475785e-18,0.19999999999999998,0.2,4.4119305208052324e-17
2023-04-04,6.682068523999696e-20,0.14489235994198155,2.4877946633059836e-17,0.08528091538755829,6.322242262602779e-17,1.7074791479964638e-17,0.2,0.16982672467046,2.2816339480475785e-18,0.19999999999999998,0.2,4.4119305208052324e-17
2023-04-05,6.682068523999696e-20,0.14489235994198155,2.4877946633059836e-17,0.08528091538755829,6.322242262602779e-17,1.7074791479964638e-17,0.2,0.16982672467046,2.2816339480475785e-18,0.19999999999999998,0.2,4.4119305208052324e-17
2023-04-06,6.682068523999696e-20,0.14489235994198155,2.4877946633059836e-17,0.08528091538755829,6.322242262602779e-17,1.7074791479964638e-17,0.2,0.16982672467046,2.2816339480475785e-18,0.19999999999999998,0.2,4.4119305208052324e-17
2023-04-10,6.682068523999696e-20,0.14489235994198155,2.4877946633059836e-17,0.08528091538755829,6.322242262602779e-17,1.7074791479964638e-17,0.2,0.16982672467046,2.2816339480475785e-18,0.19999999999999998,0.2,4.4119305208052324e-17
2023-04-11,6.682068523999696e-20,0.14489235994198155,2.4877946633059836e-17,0.08528091538755829,6.322242262602779e-17,1.7074791479964638e-17,0.2,0.16982672467046,2.2816339480475785e-18,0.19999999999999998,0.2,4.4119305208052324e-17
2023-04-12,6.682068523999696e-20,0.14489235994198155,2.4877946633059836e-17,0.08528091538755829,6.322242262602779e-17,1.7074791479964638e-17,0.2,0.16982672467046,2.2816339480475785e-18,0.19999999999999998,0.2,4.4119305208052324e-17
2023-04-13,6.682068523999696e-20,0.14489235994198155,2.4877946633059836e-17,0.08528091538755829,6.322242262602779e-17,1.7074791479964638e-17,0.2,0.16982672467046,2.2816339480475785e-18,0.19999999999999998,0.2,4.4119305208052324e-17
2023-04-14,6.682068523999696e-20,0.14489235994198155,2.4877946633059836e-17,0.08528091538755829,6.322242262602779e-17,1.7074791479964638e-17,0.2,0.16982672467046,2.2816339480475785e-18,0.19999999999999998,0.2,4.4119305208052324e-17
2023-04-17,6.682068523999696e-20,0.14489235994198155,2.4877946633059836e-17,0.08528091538755829,6.322242262602779e-17,1.7074791479964638e-17,0.2,0.16982672467046,2.2816339480475785e-18,0.19999999999999998,0.2,4.4119305208052324e-17
2023-04-18,6.682068523999696e-20,0.14489235994198155,2.4877946633059836e-17,0.08528091538755829,6.322242262602779e-17,1.7074791479964638e-17,0.2,0.16982672467046,2.2816339480475785e-18,0.19999999999999998,0.2,4.4119305208052324e-17
2023-04-19,6.682068523999696e-20,0.14489235994198155,2.4877946633059836e-17,0.08528091538755829,6.322242262602779e-17,1.7074791479964638e-17,0.2,0.16982672467046,2.2816339480475785e-18,0.19999999999999998,0.2,4.4119305208052324e-17
2023-04-20,6.682068523999696e-20,0.14489235994198155,2.4877946633059836e-17,0.08528091538755829,6.322242262602779e-17,1.7074791479964638e-17,0.2,0.16982672467046,2.2816339480475785e-18,0.19999999999999998,0.2,4.4119305208052324e-17
2023-04-21,6.682068523999696e-20,0.14489235994198155,2.4877946633059836e-17,0.08528091538755829,6.322242262602779e-17,1.7074791479964638e-17,0.2,0.16982672467046,2.2816339480475785e-18,0.19999999999999998,0.2,4.4119305208052324e-17
2023-04-24,6.682068523999696e-20,0.14489235994198155,2.4877946633059836e-17,0.08528091538755829,6.322242262602779e-17,1.7074791479964638e-17,0.2,0.16982672467046,2.2816339480475785e-18,0.19999999999999998,0.2,4.4119305208052324e-17
2023-04-25,6.682068523999696e-20,0.14489235994198155,2.4877946633059836e-17,0.08528091538755829,6.322242262602779e-17,1.7074791479964638e-17,0.2,0.16982672467046,2.2816339480475785e-18,0.19999999999999998,0.2,4.4119305208052324e-17
2023-04-26,6.682068523999696e-20,0.14489235994198155,2.4877946633059836e-17,0.08528091538755829,6.322242262602779e-17,1.7074791479964638e-17,0.2,0.16982672467046,2.2816339480475785e-18,0.19999999999999998,0.2,4.4119305208052324e-17
2023-04-27,2.09080634815392e-17,0.19999999999999982,2.7428814101655905e-16,0.08892487825132307,9.285613830866814e-17,1.1897893153547622e-17,0.1694049293061158,0.14167019244256085,1.4503014664982217e-18,0.19999999999999996,0.19999999999999996,2.9936307279261847e-16
2023-04-28,2.09080634815392e-17,0.19999999999999982,2.7428814101655905e-16,0.08892487825132307,9.285613830866814e-17,1.1897893153547622e-17,0.1694049293061158,0.14167019244256085,1.4503014664982217e-18,0.19999999999999996,0.19999999999999996,2.9936307279261847e-16
2023-05-01,2.09080634815392e-17,0.19999999999999982,2.7428814101655905e-16,0.08892487825132307,9.285613830866814e-17,1.1897893153547622e-17,0.1694049293061158,0.14167019244256085,1.4503014664982217e-18,0.19999999999999996,0.19999999999999996,2.9936307279261847e-16
2023-05-02,2.09080634815392e-17,0.19999999999999982,2.7428814101655905e-16,0.08892487825132307,9.285613830866814e-17,1.1897893153547622e-17,0.1694049293061158,0.14167019244256085,1.4503014664982217e-18,0.19999999999999996,0.19999999999999996,2.9936307279261847e-16
2023-05-03,2.09080634815392e-17,0.19999999999999982,2.7428814101655905e-16,0.08892487825132307,9.285613830866814e-17,1.1897893153547622e-17,0.1694049293061158,0.14167019244256085,1.4503014664982217e-18,0.19999999999999996,0.19999999999999996,2.9936307279261847e-16
2023-05-04,0.19999999999999993,0.2,0.0,0.19999999999999996,0.2,7.756999582936784e-17,0.0,0.0,0.0,6.395497201477627e-17,0.2,3.2612801348363973e-16
2023-05-05,0.19999999999999993,0.2,0.0,0.19999999999999996,0.2,7.756999582936784e-17,0.0,0.0,0.0,6.395497201477627e-17,0.2,3.2612801348363973e-16
2023-05-08,0.19999999999999993,0.2,0.0,0.19999999999999996,0.2,7.756999582936784e-17,0.0,0.0,0.0,6.395497201477627e-17,0.2,3.2612801348363973e-16
2023-05-09,0.19999999999999993,0.2,0.0,0.19999999999999996,0.2,7.756999582936784e-17,0.0,0.0,0.0,6.395497201477627e-17,0.2,3.2612801348363973e-16
2023-05-10,0.19999999999999993,0.2,0.0,0.19999999999999996,0.2,7.756999582936784e-17,0.0,0.0,0.0,6.395497201477627e-17,0.2,3.2612801348363973e-16
2023-05-11,0.2,0.1103414855875886,3.151277526441283e-17,0.2,0.19999999999999998,8.988434161549339e-18,2.636779683484747e-16,4.2101916112552675e-17,0.0,0.0,0.19999999999999993,0.08965851441241127
2023-05-12,0.2,0.1103414855875886,3.151277526441283e-17,0.2,0.19999999999999998,8.988434161549339e-18,2.636779683484747e-16,4.2101916112552675e-17,0.0,0.0,0.19999999999999993,0.08965851441241127
2023-05-15,0.2,0.1103414855875886,3.151277526441283e-17,0.2,0.19999999999999998,8.988434161549339e-18,2.636779683484747e-16,4.2101916112552675e-17,0.0,0.0,0.19999999999999993,0.08965851441241127
2023-05-16,0.2,0.1103414855875886,3.151277526441283e-17,0.2,0.19999999999999998,8.988434161549339e-18,2.636779683484747e-16,4.2101916112552675e-17,0.0,0.0,0.19999999999999993,0.08965851441241127
2023-05-17,0.2,0.1103414855875886,3.151277526441283e-17,0.2,0.19999999999999998,8.988434161549339e-18,2.636779683484747e-16,4.2101916112552675e-17,0.0,0.0,0.19999999999999993,0.08965851441241127
2023-05-18,0.19999999999999993,0.07331314875358008,3.79043645584088e-17,0.12668685124642048,0.2,0.0,0.0,0.0,0.0,0.0,0.2,0.2
2023-05-19,0.19999999999999993,0.07331314875358008,3.79043645584088e-17,0.12668685124642048,0.2,0.0,0.0,0.0,0.0,0.0,0.2,0.2
2023-05-22,0.19999999999999993,0.07331314875358008,3.79043645584088e-17,0.12668685124642048,0.2,0.0,0.0,0.0,0.0,0.0,0.2,0.2
2023-05-23,0.19999999999999993,0.07331314875358008,3.79043645584088e-17,0.12668685124642048,0.2,0.0,0.0,0.0,0.0,0.0,0.2,0.2
2023-05-24,0.19999999999999993,0.07331314875358008,3.79043645584088e-17,0.12668685124642048,0.2,0.0,0.0,0.0,0.0,0.0,0.2,0.2
2023-05-25,0.19999999999999976,9.492020159170669e-17,2.4243621673544226e-16,0.08534574089593662,0.19999999999999987,0.19999999999999996,0.08824921921497365,1.436188007551918e-16,1.9371757733859458e-16,1.559553977803433e-16,0.026405039889089415,0.19999999999999993
2023-05-26,0.19999999999999976,9.492020159170669e-17,2.4243621673544226e-16,0.08534574089593662,0.19999999999999987,0.19999999999999996,0.08824921921497365,1.436188007551918e-16,1.9371757733859458e-16,1.559553977803433e-16,0.026405039889089415,0.19999999999999993
2023-05-30,0.19999999999999976,9.492020159170669e-17,2.4243621673544226e-16,0.08534574089593662,0.19999999999999987,0.19999999999999996,0.08824921921497365,1.436188007551918e-16,1.9371757733859458e-16,1.559553977803433e-16,0.026405039889089415,0.19999999999999993
2023-05-31,0.19999999999999976,9.492020159170669e-17,2.4243621673544226e-16,0.08534574089593662,0.19999999999999987,0.19999999999999996,0.08824921921497365,1.436188007551918e-16,1.9371757733859458e-16,1.559553977803433e-16,0.026405039889089415,0.19999999999999993
2023-06-01,0.19999999999999976,9.492020159170669e-17,2.4243621673544226e-16,0.08534574089593662,0.19999999999999987,0.19999999999999996,0.08824921921497365,1.436188007551918e-16,1.9371757733859458e-16,1.559553977803433e-16,0.026405039889089415,0.19999999999999993
2023-06-02,0.2,0.0,3.0173790572679245e-17,4.7996385149259374e-17,0.19999999999999998,0.2,0.0,3.906783714569231e-17,0.0,0.0,0.19999999999999998,0.2
2023-06-05,0.2,0.0,3.0173790572679245e-17,4.7996385149259374e-17,0.19999999999999998,0.2,0.0,3.906783714569231e-17,0.0,0.0,0.19999999999999998,0.2
2023-06-06,0.2,0.0,3.0173790572679245e-17,4.7996385149259374e-17,0.19999999999999998,0.2,0.0,3.906783714569231e-17,0.0,0.0,0.19999999999999998,0.2
2023-06-07,0.2,0.0,3.0173790572679245e-17,4.7996385149259374e-17,0.19999999999999998,0.2,0.0,3.906783714569231e-17,0.0,0.0,0.19999999999999998,0.2
2023-06-08,0.2,0.0,3.0173790572679245e-17,4.7996385149259374e-17,0.19999999999999998,0.2,0.0,3.906783714569231e-17,0.0,0.0,0.19999999999999998,0.2
2023-06-09,0.2,0.0,3.0173790572679245e-17,4.7996385149259374e-17,0.19999999999999998,0.2,0.0,3.906783714569231e-17,0.0,0.0,0.19999999999999998,0.2
2023-06-12,0.2,0.0,3.0173790572679245e-17,4.7996385149259374e-17,0.19999999999999998,0.2,0.0,3.906783714569231e-17,0.0,0.0,0.19999999999999998,0.2
2023-06-13,0.2,0.0,3.0173790572679245e-17,4.7996385149259374e-17,0.19999999999999998,0.2,0.0,3.906783714569231e-17,0.0,0.0,0.19999999999999998,0.2
2023-06-14,0.2,0.0,3.0173790572679245e-17,4.7996385149259374e-17,0.19999999999999998,0.2,0.0,3.906783714569231e-17,0.0,0.0,0.19999999999999998,0.2
2023-06-15,0.2,0.0,3.0173790572679245e-17,4.7996385149259374e-17,0.19999999999999998,0.2,0.0,3.906783714569231e-17,0.0,0.0,0.19999999999999998,0.2
2023-06-16,0.2,0.13352040845981578,0.06647959154018443,0.0,0.19999999999999987,0.2,0.0,3.153060482011216e-17,0.0,3.047643810448867e-17,4.1763022564835206e-17,0.2
2023-06-20,0.2,0.13352040845981578,0.06647959154018443,0.0,0.19999999999999987,0.2,0.0,3.153060482011216e-17,0.0,3.047643810448867e-17,4.1763022564835206e-17,0.2
2023-06-21,0.2,0.13352040845981578,0.06647959154018443,0.0,0.19999999999999987,0.2,0.0,3.153060482011216e-17,0.0,3.047643810448867e-17,4.1763022564835206e-17,0.2
2023-06-22,0.2,0.13352040845981578,0.06647959154018443,0.0,0.19999999999999987,0.2,0.0,3.153060482011216e-17,0.0,3.047643810448867e-17,4.1763022564835206e-17,0.2
2023-06-23,0.2,0.13352040845981578,0.06647959154018443,0.0,0.19999999999999987,0.2,0.0,3.153060482011216e-17,0.0,3.047643810448867e-17,4.1763022564835206e-17,0.2
2023-06-26,0.19999999999999998,0.0,0.0,0.2,0.19999999999999998,0.2,0.0,3.1146136315435054e-17,1.9081958235744878e-16,0.0,0.0,0.19999999999999996
2023-06-27,0.19999999999999998,0.0,0.0,0.2,0.19999999999999998,0.2,0.0,3.1146136315435054e-17,1.9081958235744878e-16,0.0,0.0,0.19999999999999996
2023-06-28,0.19999999999999998,0.0,0.0,0.2,0.19999999999999998,0.2,0.0,3.1146136315435054e-17,1.9081958235744878e-16,0.0,0.0,0.19999999999999996
2023-06-29,0.19999999999999998,0.0,0.0,0.2,0.19999999999999998,0.2,0.0,3.1146136315435054e-17,1.9081958235744878e-16,0.0,0.0,0.19999999999999996
2023-06-30,0.19999999999999998,0.0,0.0,0.2,0.19999999999999998,0.2,0.0,3.1146136315435054e-17,1.9081958235744878e-16,0.0,0.0,0.19999999999999996
2023-07-03,0.19999999999999993,8.728865066389021e-17,0.0,0.10690632010321127,0.19999999999999996,0.19999999999999982,6.777229781543972e-17,9.149008606219164e-17,0.09309367989678877,3.619496894796109e-17,6.618286135507578e-17,0.19999999999999996
2023-07-05,0.19999999999999993,8.728865066389021e-17,0.0,0.10690632010321127,0.19999999999999996,0.19999999999999982,6.777229781543972e-17,9.149008606219164e-17,0.09309367989678877,3.619496894796109e-17,6.618286135507578e-17,0.19999999999999996
2023-07-06,0.19999999999999993,8.728865066389021e-17,0.0,0.10690632010321127,0.19999999999999996,0.19999999999999982,6.777229781543972e-17,9.149008606219164e-17,0.09309367989678877,3.619496894796109e-17,6.618286135507578e-17,0.19999999999999996
2023-07-07,0.19999999999999993,8.728865066389021e-17,0.0,0.10690632010321127,0.19999999999999996,0.19999999999999982,6.777229781543972e-17,9.149008606219164e-17,0.09309367989678877,3.619496894796109e-17,6.618286135507578e-17,0.19999999999999996
2023-07-10,0.19999999999999993,8.728865066389021e-17,0.0,0.10690632010321127,0.19999999999999996,0.19999999999999982,6.777229781543972e-17,9.149008606219164e-17,0.09309367989678877,3.619496894796109e-17,6.618286135507578e-17,0.19999999999999996
2023-07-11,0.2,0.0,1.200682157341651e-16,0.19999999999999984,0.1999999999999999,0.19999999999999976,1.1691900798602839e-16,0.0,3.469446951953614e-16,0.0,1.579969123719221e-16,0.19999999999999973
2023-07-12,0.2,0.0,1.200682157341651e-16,0.19999999999999984,0.1999999999999999,0.19999999999999976,1.1691900798602839e-16,0.0,3.469446951953614e-16,0.0,1.579969123719221e-16,0.19999999999999973
2023-07-13,0.2,0.0,1.200682157341651e-16,0.19999999999999984,0.1999999999999999,0.19999999999999976,1.1691900798602839e-16,0.0,3.469446951953614e-16,0.0,1.579969123719221e-16,0.19999999999999973
2023-07-14,0.2,0.0,1.200682157341651e-16,0.19999999999999984,0.1999999999999999,0.19999999999999976,1.1691900798602839e-16,0.0,3.469446951953614e-16,0.0,1.579969123719221e-16,0.19999999999999973
2023-07-17,0.2,0.0,1.200682157341651e-16,0.19999999999999984,0.1999999999999999,0.19999999999999976,1.1691900798602839e-16,0.0,3.469446951953614e-16,0.0,1.579969123719221e-16,0.19999999999999973
2023-07-18,0.2,0.0,1.200682157341651e-16,0.19999999999999984,0.1999999999999999,0.19999999999999976,1.1691900798602839e-16,0.0,3.469446951953614e-16,0.0,1.579969123719221e-16,0.19999999999999973
2023-07-19,0.2,0.0,1.200682157341651e-16,0.19999999999999984,0.1999999999999999,0.19999999999999976,1.1691900798602839e-16,0.0,3.469446951953614e-16,0.0,1.579969123719221e-16,0.19999999999999973
2023-07-20,0.2,0.0,1.200682157341651e-16,0.19999999999999984,0.1999999999999999,0.19999999999999976,1.1691900798602839e-16,0.0,3.469446951953614e-16,0.0,1.579969123719221e-16,0.19999999999999973
2023-07-21,0.2,0.0,1.200682157341651e-16,0.19999999999999984,0.1999999999999999,0.19999999999999976,1.1691900798602839e-16,0.0,3.469446951953614e-16,0.0,1.579969123719221e-16,0.19999999999999973
2023-07-24,0.2,0.0,1.200682157341651e-16,0.19999999999999984,0.1999999999999999,0.19999999999999976,1.1691900798602839e-16,0.0,3.469446951953614e-16,0.0,1.579969123719221e-16,0.19999999999999973
2023-07-25,0.19999999999999962,1.8432531586149876e-16,3.1011045800325575e-17,0.19999999999999996,0.19999999999999982,4.579669976578771e-16,1.3900000782368175e-16,1.999431205486017e-16,0.1999999999999998,5.972786232526382e-17,1.5985091299410412e-16,0.19999999999999973
2023-07-26,0.19999999999999962,1.8432531586149876e-16,3.1011045800325575e-17,0.19999999999999996,0.19999999999999982,4.579669976578771e-16,1.3900000782368175e-16,1.999431205486017e-16,0.1999999999999998,5.972786232526382e-17,1.5985091299410412e-16,0.19999999999999973
2023-07-27,0.19999999999999962,1.8432531586149876e-16,3.1011045800325575e-17,0.19999999999999996,0.19999999999999982,4.579669976578771e-16,1.3900000782368175e-16,1.999431205486017e-16,0.1999999999999998,5.972786232526382e-17,1.5985091299410412e-16,0.19999999999999973
2023-07-28,0.19999999999999962,1.8432531586149876e-16,3.1011045800325575e-17,0.19999999999999996,0.19999999999999982,4.579669976578771e-16,1.3900000782368175e-16,1.999431205486017e-16,0.1999999999999998,5.972786232526382e-17,1.5985091299410412e-16,0.19999999999999973
2023-07-31,0.19999999999999962,1.8432531586149876e-16,3.1011045800325575e-17,0.19999999999999996,0.19999999999999982,4.579669976578771e-16,1.3900000782368175e-16,1.999431205486017e-16,0.1999999999999998,5.972786232526382e-17,1.5985091299410412e-16,0.19999999999999973
2023-08-01,0.2,3.1063153574507278e-18,0.0,0.2,0.2,0.11496499185050145,0.0,0.0,0.144614867026688,0.0,4.5102810375396984e-17,0.14042014112281057
2023-08-02,0.2,3.1063153574507278e-18,0.0,0.2,0.2,0.11496499185050145,0.0,0.0,0.144614867026688,0.0,4.5102810375396984e-17,0.14042014112281057
2023-08-03,0.2,3.1063153574507278e-18,0.0,0.2,0.2,0.11496499185050145,0.0,0.0,0.144614867026688,0.0,4.5102810375396984e-17,0.14042014112281057
2023-08-04,0.2,3.1063153574507278e-18,0.0,0.2,0.2,0.11496499185050145,0.0,0.0,0.144614867026688,0.0,4.5102810375396984e-17,0.14042014112281057
2023-08-07,0.2,3.1063153574507278e-18,0.0,0.2,0.2,0.11496499185050145,0.0,0.0,0.144614867026688,0.0,4.5102810375396984e-17,0.14042014112281057
2023-08-08,0.2,0.0,4.0143723226719613e-16,0.2,0.2,0.0,0.0,0.0,0.19999999999999993,0.0,2.3071822230491534e-16,0.19999999999999965
2023-08-09,0.2,0.0,4.0143723226719613e-16,0.2,0.2,0.0,0.0,0.0,0.19999999999999993,0.0,2.3071822230491534e-16,0.19999999999999965
2023-08-10,0.2,0.0,4.0143723226719613e-16,0.2,0.2,0.0,0.0,0.0,0.19999999999999993,0.0,2.3071822230491534e-16,0.19999999999999965
2023-08-11,0.2,0.0,4.0143723226719613e-16,0.2,0.2,0.0,0.0,0.0,0.19999999999999993,0.0,2.3071822230491534e-16,0.19999999999999965
2023-08-14,0.2,0.0,4.0143723226719613e-16,0.2,0.2,0.0,0.0,0.0,0.19999999999999993,0.0,2.3071822230491534e-16,0.19999999999999965
2023-08-15,0.2,0.0,4.0143723226719613e-16,0.2,0.2,0.0,0.0,0.0,0.19999999999999993,0.0,2.3071822230491534e-16,0.19999999999999965
2023-08-16,0.2,0.0,4.0143723226719613e-16,0.2,0.2,0.0,0.0,0.0,0.19999999999999993,0.0,2.3071822230491534e-16,0.19999999999999965
2023-08-17,0.2,0.0,4.0143723226719613e-16,0.2,0.2,0.0,0.0,0.0,0.19999999999999993,0.0,2.3071822230491534e-16,0.19999999999999965
2023-08-18,0.2,0.0,4.0143723226719613e-16,0.2,0.2,0.0,0.0,0.0,0.19999999999999993,0.0,2.3071822230491534e-16,0.19999999999999965
2023-08-21,0.2,0.0,4.0143723226719613e-16,0.2,0.2,0.0,0.0,0.0,0.19999999999999993,0.0,2.3071822230491534e-16,0.19999999999999965
2023-08-22,0.2,3.37489566501068e-16,0.0,0.1999999999999999,0.19999999999999993,8.649458466310288e-17,0.0,0.0,0.0837519173802095,0.0,0.19999999999999993,0.1162480826197903
2023-08-23,0.2,3.37489566501068e-16,0.0,0.1999999999999999,0.19999999999999993,8.649458466310288e-17,0.0,0.0,0.0837519173802095,0.0,0.19999999999999993,0.1162480826197903
2023-08-24,0.2,3.37489566501068e-16,0.0,0.1999999999999999,0.19999999999999993,8.649458466310288e-17,0.0,0.0,0.0837519173802095,0.0,0.19999999999999993,0.1162480826197903
2023-08-25,0.2,3.37489566501068e-16,0.0,0.1999999999999999,0.19999999999999993,8.649458466310288e-17,0.0,0.0,0.0837519173802095,0.0,0.19999999999999993,0.1162480826197903
2023-08-28,0.2,3.37489566501068e-16,0.0,0.1999999999999999,0.19999999999999993,8.649458466310288e-17,0.0,0.0,0.0837519173802095,0.0,0.19999999999999993,0.1162480826197903
2023-08-29,0.2,1.8128978930677948e-16,0.0,0.1999999999999999,0.2,2.5596300045425507e-17,8.045488802092158e-17,9.356207180173434e-17,0.0,6.266973125785522e-17,0.2,0.2
2023-08-30,0.2,1.8128978930677948e-16,0.0,0.1999999999999999,0.2,2.5596300045425507e-17,8.045488802092158e-17,9.356207180173434e-17,0.0,6.266973125785522e-17,0.2,0.2
2023-08-31,0.2,1.8128978930677948e-16,0.0,0.1999999999999999,0.2,2.5596300045425507e-17,8.045488802092158e-17,9.356207180173434e-17,0.0,6.266973125785522e-17,0.2,0.2
2023-09-01,0.2,1.8128978930677948e-16,0.0,0.1999999999999999,0.2,2.5596300045425507e-17,8.045488802092158e-17,9.356207180173434e-17,0.0,6.266973125785522e-17,0.2,0.2
2023-09-05,0.2,1.8128978930677948e-16,0.0,0.1999999999999999,0.2,2.5596300045425507e-17,8.045488802092158e-17,9.356207180173434e-17,0.0,6.266973125785522e-17,0.2,0.2
2023-09-06,0.19999999999999984,0.0,0.0,0.2,0.2,0.0,1.3198883031336764e-16,0.0,0.19999999999999996,0.0,4.1149570075742546e-17,0.2
2023-09-07,0.19999999999999984,0.0,0.0,0.2,0.2,0.0,1.3198883031336764e-16,0.0,0.19999999999999996,0.0,4.1149570075742546e-17,0.2
2023-09-08,0.19999999999999984,0.0,0.0,0.2,0.2,0.0,1.3198883031336764e-16,0.0,0.19999999999999996,0.0,4.1149570075742546e-17,0.2
2023-09-11,0.19999999999999984,0.0,0.0,0.2,0.2,0.0,1.3198883031336764e-16,0.0,0.19999999999999996,0.0,4.1149570075742546e-17,0.2
2023-09-12,0.19999999999999984,0.0,0.0,0.2,0.2,0.0,1.3198883031336764e-16,0.0,0.19999999999999996,0.0,4.1149570075742546e-17,0.2
2023-09-13,0.19999999999999996,2.8788657446116594e-17,1.0630118905937953e-16,0.19999999999999973,0.19999999999999996,0.0667190873402045,1.2587505551233024e-16,2.0707187460989755e-16,9.71445146547012e-17,1.1235480858493395e-16,0.13328091265979536,0.19999999999999984
2023-09-14,0.19999999999999996,2.8788657446116594e-17,1.0630118905937953e-16,0.19999999999999973,0.19999999999999996,0.0667190873402045,1.2587505551233024e-16,2.0707187460989755e-16,9.71445146547012e-17,1.1235480858493395e-16,0.13328091265979536,0.19999999999999984
2023-09-15,0.19999999999999996,2.8788657446116594e-17,1.0630118905937953e-16,0.19999999999999973,0.19999999999999996,0.0667190873402045,1.2587505551233024e-16,2.0707187460989755e-16,9.71445146547012e-17,1.1235480858493395e-16,0.13328091265979536,0.19999999999999984
2023-09-18,0.19999999999999996,2.8788657446116594e-17,1.0630118905937953e-16,0.19999999999999973,0.19999999999999996,0.0667190873402045,1.2587505551233024e-16,2.0707187460989755e-16,9.71445146547012e-17,1.1235480858493395e-16,0.13328091265979536,0.19999999999999984
2023-09-19,0.19999999999999996,2.8788657446116594e-17,1.0630118905937953e-16,0.19999999999999973,0.19999999999999996,0.0667190873402045,1.2587505551233024e-16,2.0707187460989755e-16,9.71445146547012e-17,1.1235480858493395e-16,0.13328091265979536,0.19999999999999984
2023-09-20,2.885930042722525e-18,0.19999999999999996,5.08913021861197e-17,0.10811222621646527,1.0805235493359987e-17,0.0,0.19999999999999996,2.633936543192341e-17,2.901006147989292e-20,0.2,0.2,0.09188777378353491
2023-09-21,2.885930042722525e-18,0.19999999999999996,5.08913021861197e-17,0.10811222621646527,1.0805235493359987e-17,0.0,0.19999999999999996,2.633936543192341e-17,2.901006147989292e-20,0.2,0.2,0.09188777378353491
2023-09-22,2.885930042722525e-18,0.19999999999999996,5.08913021861197e-17,0.10811222621646527,1.0805235493359987e-17,0.0,0.19999999999999996,2.633936543192341e-17,2.901006147989292e-20,0.2,0.2,0.09188777378353491
2023-09-25,2.885930042722525e-18,0.19999999999999996,5.08913021861197e-17,0.10811222621646527,1.0805235493359987e-17,0.0,0.19999999999999996,2.633936543192341e-17,2.901006147989292e-20,0.2,0.2,0.09188777378353491
2023-09-26,2.885930042722525e-18,0.19999999999999996,5.08913021861197e-17,0.10811222621646527,1.0805235493359987e-17,0.0,0.19999999999999996,2.633936543192341e-17,2.901006147989292e-20,0.2,0.2,0.09188777378353491
2023-09-27,3.7372383059222366e-20,0.2,0.0008039186098455716,0.11317723400145373,0.057119328817812044,1.9400631593242308e-20,0.2,0.0007818550969033364,8.031776844478656e-19,0.2,0.2,0.028117663473985272
2023-09-28,3.7372383059222366e-20,0.2,0.0008039186098455716,0.11317723400145373,0.057119328817812044,1.9400631593242308e-20,0.2,0.0007818550969033364,8.031776844478656e-19,0.2,0.2,0.028117663473985272
2023-09-29,3.7372383059222366e-20,0.2,0.0008039186098455716,0.11317723400145373,0.057119328817812044,1.9400631593242308e-20,0.2,0.0007818550969033364,8.031776844478656e-19,0.2,0.2,0.028117663473985272
2023-10-02,3.7372383059222366e-20,0.2,0.0008039186098455716,0.11317723400145373,0.057119328817812044,1.9400631593242308e-20,0.2,0.0007818550969033364,8.031776844478656e-19,0.2,0.2,0.028117663473985272
2023-10-03,3.7372383059222366e-20,0.2,0.0008039186098455716,0.11317723400145373,0.057119328817812044,1.9400631593242308e-20,0.2,0.0007818550969033364,8.031776844478656e-19,0.2,0.2,0.028117663473985272
2023-10-04,1.2319312496277874e-19,0.2,2.108431524935779e-18,0.11017398926359837,0.028033286673254252,9.346831953060097e-18,0.2,1.0930369435769047e-18,4.933590490062546e-18,0.2,0.2,0.061792724063147474
2023-10-05,1.2319312496277874e-19,0.2,2.108431524935779e-18,0.11017398926359837,0.028033286673254252,9.346831953060097e-18,0.2,1.0930369435769047e-18,4.933590490062546e-18,0.2,0.2,0.061792724063147474
2023-10-06,1.2319312496277874e-19,0.2,2.108431524935779e-18,0.11017398926359837,0.028033286673254252,9.346831953060097e-18,0.2,1.0930369435769047e-18,4.933590490062546e-18,0.2,0.2,0.061792724063147474
2023-10-09,1.2319312496277874e-19,0.2,2.108431524935779e-18,0.11017398926359837,0.028033286673254252,9.346831953060097e-18,0.2,1.0930369435769047e-18,4.933590490062546e-18,0.2,0.2,0.061792724063147474
2023-10-10,1.2319312496277874e-19,0.2,2.108431524935779e-18,0.11017398926359837,0.028033286673254252,9.346831953060097e-18,0.2,1.0930369435769047e-18,4.933590490062546e-18,0.2,0.2,0.061792724063147474
2023-10-11,1.2319312496277874e-19,0.2,2.108431524935779e-18,0.11017398926359837,0.028033286673254252,9.346831953060097e-18,0.2,1.0930369435769047e-18,4.933590490062546e-18,0.2,0.2,0.061792724063147474
2023-10-12,1.2319312496277874e-19,0.2,2.108431524935779e-18,0.11017398926359837,0.028033286673254252,9.346831953060097e-18,0.2,1.0930369435769047e-18,4.933590490062546e-18,0.2,0.2,0.061792724063147474
2023-10-13,1.2319312496277874e-19,0.2,2.108431524935779e-18,0.11017398926359837,0.028033286673254252,9.346831953060097e-18,0.2,1.0930369435769047e-18,4.933590490062546e-18,0.2,0.2,0.061792724063147474
2023-10-16,1.2319312496277874e-19,0.2,2.108431524935779e-18,0.11017398926359837,0.028033286673254252,9.346831953060097e-18,0.2,1.0930369435769047e-18,4.933590490062546e-18,0.2,0.2,0.061792724063147474
2023-10-17,1.2319312496277874e-19,0.2,2.108431524935779e-18,0.11017398926359837,0.028033286673254252,9.346831953060097e-18,0.2,1.0930369435769047e-18,4.933590490062546e-18,0.2,0.2,0.061792724063147474
2023-10-18,0.03304325800307812,0.2,0.0,0.09692207470112571,2.9646567779092995e-19,5.674533940678441e-18,0.2,0.004780050487162554,1.5437218099854122e-21,0.19999997895918864,0.2,0.06525463784944505
2023-10-19,0.03304325800307812,0.2,0.0,0.09692207470112571,2.9646567779092995e-19,5.674533940678441e-18,0.2,0.004780050487162554,1.5437218099854122e-21,0.19999997895918864,0.2,0.06525463784944505
2023-10-20,0.03304325800307812,0.2,0.0,0.09692207470112571,2.9646567779092995e-19,5.674533940678441e-18,0.2,0.004780050487162554,1.5437218099854122e-21,0.19999997895918864,0.2,0.06525463784944505
2023-10-23,0.03304325800307812,0.2,0.0,0.09692207470112571,2.9646567779092995e-19,5.674533940678441e-18,0.2,0.004780050487162554,1.5437218099854122e-21,0.19999997895918864,0.2,0.06525463784944505
2023-10-24,0.03304325800307812,0.2,0.0,0.09692207470112571,2.9646567779092995e-19,5.674533940678441e-18,0.2,0.004780050487162554,1.5437218099854122e-21,0.19999997895918864,0.2,0.06525463784944505
2023-10-25,0.008207137571368761,0.19999999999999998,8.883017669396702e-18,0.09234343884085601,0.02136016773964097,1.5640092682596209e-18,0.19999999999999998,0.0375496968893252,2.4940404097714584e-19,0.2,0.19999999999999998,0.040539558958809056
2023-10-26,0.008207137571368761,0.19999999999999998,8.883017669396702e-18,0.09234343884085601,0.02136016773964097,1.5640092682596209e-18,0.19999999999999998,0.0375496968893252,2.4940404097714584e-19,0.2,0.19999999999999998,0.040539558958809056
2023-10-27,0.008207137571368761,0.19999999999999998,8.883017669396702e-18,0.09234343884085601,0.02136016773964097,1.5640092682596209e-18,0.19999999999999998,0.0375496968893252,2.4940404097714584e-19,0.2,0.19999999999999998,0.040539558958809056
2023-10-30,0.008207137571368761,0.19999999999999998,8.883017669396702e-18,0.09234343884085601,0.02136016773964097,1.5640092682596209e-18,0.19999999999999998,0.0375496968893252,2.4940404097714584e-19,0.2,0.19999999999999998,0.040539558958809056
2023-10-31,0.008207137571368761,0.19999999999999998,8.883017669396702e-18,0.09234343884085601,0.02136016773964097,1.5640092682596209e-18,0.19999999999999998,0.0375496968893252,2.4940404097714584e-19,0.2,0.19999999999999998,0.040539558958809056
2023-11-01,0.008207137571368761,0.19999999999999998,8.883017669396702e-18,0.09234343884085601,0.02136016773964097,1.5640092682596209e-18,0.19999999999999998,0.0375496968893252,2.4940404097714584e-19,0.2,0.19999999999999998,0.040539558958809056
2023-11-02,0.008207137571368761,0.19999999999999998,8.883017669396702e-18,0.09234343884085601,0.02136016773964097,1.5640092682596209e-18,0.19999999999999998,0.0375496968893252,2.4940404097714584e-19,0.2,0.19999999999999998,0.040539558958809056
2023-11-03,0.008207137571368761,0.19999999999999998,8.883017669396702e-18,0.09234343884085601,0.02136016773964097,1.5640092682596209e-18,0.19999999999999998,0.0375496968893252,2.4940404097714584e-19,0.2,0.19999999999999998,0.040539558958809056
2023-11-06,0.008207137571368761,0.19999999999999998,8.883017669396702e-18,0.09234343884085601,0.02136016773964097,1.5640092682596209e-18,0.19999999999999998,0.0375496968893252,2.4940404097714584e-19,0.2,0.19999999999999998,0.040539558958809056
2023-11-07,0.008207137571368761,0.19999999999999998,8.883017669396702e-18,0.09234343884085601,0.02136016773964097,1.5640092682596209e-18,0.19999999999999998,0.0375496968893252,2.4940404097714584e-19,0.2,0.19999999999999998,0.040539558958809056
2023-11-08,0.050293862002067716,0.19999999999999998,5.169522128706725e-20,0.07791155320875762,3.4188928971377154e-21,5.901397417068782e-18,0.2,0.028374849163727157,7.799022546014773e-19,0.2,0.19999999999999998,0.043419735625447584
2023-11-09,0.050293862002067716,0.19999999999999998,5.169522128706725e-20,0.07791155320875762,3.4188928971377154e-21,5.901397417068782e-18,0.2,0.028374849163727157,7.799022546014773e-19,0.2,0.19999999999999998,0.043419735625447584
2023-11-10,0.050293862002067716,0.19999999999999998,5.169522128706725e-20,0.07791155320875762,3.4188928971377154e-21,5.901397417068782e-18,0.2,0.028374849163727157,7.799022546014773e-19,0.2,0.19999999999999998,0.043419735625447584
2023-11-13,0.050293862002067716,0.19999999999999998,5.169522128706725e-20,0.07791155320875762,3.4188928971377154e-21,5.901397417068782e-18,0.2,0.028374849163727157,7.799022546014773e-19,0.2,0.19999999999999998,0.043419735625447584
2023-11-14,0.050293862002067716,0.19999999999999998,5.169522128706725e-20,0.07791155320875762,3.4188928971377154e-21,5.901397417068782e-18,0.2,0.028374849163727157,7.799022546014773e-19,0.2,0.19999999999999998,0.043419735625447584
2023-11-15,0.050293862002067716,0.19999999999999998,5.169522128706725e-20,0.07791155320875762,3.4188928971377154e-21,5.901397417068782e-18,0.2,0.028374849163727157,7.799022546014773e-19,0.2,0.19999999999999998,0.043419735625447584
2023-11-16,0.050293862002067716,0.19999999999999998,5.169522128706725e-20,0.07791155320875762,3.4188928971377154e-21,5.901397417068782e-18,0.2,0.028374849163727157,7.799022546014773e-19,0.2,0.19999999999999998,0.043419735625447584
2023-11-17,0.050293862002067716,0.19999999999999998,5.169522128706725e-20,0.07791155320875762,3.4188928971377154e-21,5.901397417068782e-18,0.2,0.028374849163727157,7.799022546014773e-19,0.2,0.19999999999999998,0.043419735625447584
2023-11-20,0.050293862002067716,0.19999999999999998,5.169522128706725e-20,0.07791155320875762,3.4188928971377154e-21,5.901397417068782e-18,0.2,0.028374849163727157,7.799022546014773e-19,0.2,0.19999999999999998,0.043419735625447584
2023-11-21,0.050293862002067716,0.19999999999999998,5.169522128706725e-20,0.07791155320875762,3.4188928971377154e-21,5.901397417068782e-18,0.2,0.028374849163727157,7.799022546014773e-19,0.2,0.19999999999999998,0.043419735625447584
2023-11-22,0.09028281596008668,0.19999999999999987,1.326216161086429e-17,0.10971718403991312,1.0696518572831841e-16,1.9620806325532108e-17,0.2,1.0960902617598685e-16,5.482803958774145e-17,0.2,0.19999999999999998,3.978290269435679e-17
2023-11-24,0.09028281596008668,0.19999999999999987,1.326216161086429e-17,0.10971718403991312,1.0696518572831841e-16,1.9620806325532108e-17,0.2,1.0960902617598685e-16,5.482803958774145e-17,0.2,0.19999999999999998,3.978290269435679e-17
2023-11-27,0.09028281596008668,0.19999999999999987,1.326216161086429e-17,0.10971718403991312,1.0696518572831841e-16,1.9620806325532108e-17,0.2,1.0960902617598685e-16,5.482803958774145e-17,0.2,0.19999999999999998,3.978290269435679e-17
2023-11-28,0.09028281596008668,0.19999999999999987,1.326216161086429e-17,0.10971718403991312,1.0696518572831841e-16,1.9620806325532108e-17,0.2,1.0960902617598685e-16,5.482803958774145e-17,0.2,0.19999999999999998,3.978290269435679e-17
2023-11-29,0.09028281596008668,0.19999999999999987,1.326216161086429e-17,0.10971718403991312,1.0696518572831841e-16,1.9620806325532108e-17,0.2,1.0960902617598685e-16,5.482803958774145e-17,0.2,0.19999999999999998,3.978290269435679e-17
2023-11-30,0.09028281596008668,0.19999999999999987,1.326216161086429e-17,0.10971718403991312,1.0696518572831841e-16,1.9620806325532108e-17,0.2,1.0960902617598685e-16,5.482803958774145e-17,0.2,0.19999999999999998,3.978290269435679e-17
2023-12-01,0.09028281596008668,0.19999999999999987,1.326216161086429e-17,0.10971718403991312,1.0696518572831841e-16,1.9620806325532108e-17,0.2,1.0960902617598685e-16,5.482803958774145e-17,0.2,0.19999999999999998,3.978290269435679e-17
2023-12-04,0.09028281596008668,0.19999999999999987,1.326216161086429e-17,0.10971718403991312,1.0696518572831841e-16,1.9620806325532108e-17,0.2,1.0960902617598685e-16,5.482803958774145e-17,0.2,0.19999999999999998,3.978290269435679e-17
2023-12-05,0.09028281596008668,0.19999999999999987,1.326216161086429e-17,0.10971718403991312,1.0696518572831841e-16,1.9620806325532108e-17,0.2,1.0960902617598685e-16,5.482803958774145e-17,0.2,0.19999999999999998,3.978290269435679e-17
2023-12-06,0.09028281596008668,0.19999999999999987,1.326216161086429e-17,0.10971718403991312,1.0696518572831841e-16,1.9620806325532108e-17,0.2,1.0960902617598685e-16,5.482803958774145e-17,0.2,0.19999999999999998,3.978290269435679e-17
2023-12-07,0.19999999999999998,6.347406660276461e-17,0.0,2.813976488449657e-17,0.2,0.2,1.3485496589495281e-17,0.0,0.0,1.3659875157722995e-17,0.2,0.19999999999999993
2023-12-08,0.19999999999999998,6.347406660276461e-17,0.0,2.813976488449657e-17,0.2,0.2,1.3485496589495281e-17,0.0,0.0,1.3659875157722995e-17,0.2,0.19999999999999993
2023-12-11,0.19999999999999998,6.347406660276461e-17,0.0,2.813976488449657e-17,0.2,0.2,1.3485496589495281e-17,0.0,0.0,1.3659875157722995e-17,0.2,0.19999999999999993
2023-12-12,0.19999999999999998,6.347406660276461e-17,0.0,2.813976488449657e-17,0.2,0.2,1.3485496589495281e-17,0.0,0.0,1.3659875157722995e-17,0.2,0.19999999999999993
2023-12-13,0.19999999999999998,6.347406660276461e-17,0.0,2.813976488449657e-17,0.2,0.2,1.3485496589495281e-17,0.0,0.0,1.3659875157722995e-17,0.2,0.19999999999999993
2023-12-14,0.19999999999999998,6.347406660276461e-17,0.0,2.813976488449657e-17,0.2,0.2,1.3485496589495281e-17,0.0,0.0,1.3659875157722995e-17,0.2,0.19999999999999993
2023-12-15,0.19999999999999998,6.347406660276461e-17,0.0,2.813976488449657e-17,0.2,0.2,1.3485496589495281e-17,0.0,0.0,1.3659875157722995e-17,0.2,0.19999999999999993
2023-12-18,0.19999999999999998,6.347406660276461e-17,0.0,2.813976488449657e-17,0.2,0.2,1.3485496589495281e-17,0.0,0.0,1.3659875157722995e-17,0.2,0.19999999999999993
2023-12-19,0.19999999999999998,6.347406660276461e-17,0.0,2.813976488449657e-17,0.2,0.2,1.3485496589495281e-17,0.0,0.0,1.3659875157722995e-17,0.2,0.19999999999999993
2023-12-20,0.19999999999999998,6.347406660276461e-17,0.0,2.813976488449657e-17,0.2,0.2,1.3485496589495281e-17,0.0,0.0,1.3659875157722995e-17,0.2,0.19999999999999993
2023-12-21,0.19999999999999973,0.0,0.2,3.8449483683840955e-16,0.19999999999999984,0.2,0.0,0.0,1.0105029937263331e-16,0.0,0.0,0.19999999999999993
2023-12-22,0.19999999999999973,0.0,0.2,3.8449483683840955e-16,0.19999999999999984,0.2,0.0,0.0,1.0105029937263331e-16,0.0,0.0,0.19999999999999993
2023-12-26,0.19999999999999973,0.0,0.2,3.8449483683840955e-16,0.19999999999999984,0.2,0.0,0.0,1.0105029937263331e-16,0.0,0.0,0.19999999999999993
2023-12-27,0.19999999999999973,0.0,0.2,3.8449483683840955e-16,0.19999999999999984,0.2,0.0,0.0,1.0105029937263331e-16,0.0,0.0,0.19999999999999993
2023-12-28,0.19999999999999973,0.0,0.2,3.8449483683840955e-16,0.19999999999999984,0.2,0.0,0.0,1.0105029937263331e-16,0.0,0.0,0.19999999999999993
2023-12-29,0.2,0.0,0.0,0.0,0.2,0.19999999999999998,8.373256792567843e-17,0.0,0.0,0.0,0.2,0.2
2024-01-02,0.2,0.0,0.0,0.0,0.2,0.19999999999999998,8.373256792567843e-17,0.0,0.0,0.0,0.2,0.2
2024-01-03,0.2,0.0,0.0,0.0,0.2,0.19999999999999998,8.373256792567843e-17,0.0,0.0,0.0,0.2,0.2
2024-01-04,0.2,0.0,0.0,0.0,0.2,0.19999999999999998,8.373256792567843e-17,0.0,0.0,0.0,0.2,0.2
2024-01-05,0.2,0.0,0.0,0.0,0.2,0.19999999999999998,8.373256792567843e-17,0.0,0.0,0.0,0.2,0.2
2024-01-08,0.1999999999999999,1.0771390690831636e-16,0.11823028093454571,1.128140659597507e-17,0.19999999999999996,0.1999999999999999,1.8144319036093577e-17,7.988559572015002e-17,0.08176971906545447,2.620495352542858e-17,0.0,0.19999999999999984
2024-01-09,0.1999999999999999,1.0771390690831636e-16,0.11823028093454571,1.128140659597507e-17,0.19999999999999996,0.1999999999999999,1.8144319036093577e-17,7.988559572015002e-17,0.08176971906545447,2.620495352542858e-17,0.0,0.19999999999999984
2024-01-10,0.1999999999999999,1.0771390690831636e-16,0.11823028093454571,1.128140659597507e-17,0.19999999999999996,0.1999999999999999,1.8144319036093577e-17,7.988559572015002e-17,0.08176971906545447,2.620495352542858e-17,0.0,0.19999999999999984
2024-01-11,0.1999999999999999,1.0771390690831636e-16,0.11823028093454571,1.128140659597507e-17,0.19999999999999996,0.1999999999999999,1.8144319036093577e-17,7.988559572015002e-17,0.08176971906545447,2.620495352542858e-17,0.0,0.19999999999999984
2024-01-12,0.1999999999999999,1.0771390690831636e-16,0.11823028093454571,1.128140659597507e-17,0.19999999999999996,0.1999999999999999,1.8144319036093577e-17,7.988559572015002e-17,0.08176971906545447,2.620495352542858e-17,0.0,0.19999999999999984
2024-01-16,0.19999999999999996,1.222980050563649e-16,0.10288412050798065,0.0,0.1999999999999997,0.1999999999999999,4.132809099886771e-17,0.0,1.5261988829778613e-16,0.0,0.09711587949201955,0.2
2024-01-17,0.19999999999999996,1.222980050563649e-16,0.10288412050798065,0.0,0.1999999999999997,0.1999999999999999,4.132809099886771e-17,0.0,1.5261988829778613e-16,0.0,0.09711587949201955,0.2
2024-01-18,0.19999999999999996,1.222980050563649e-16,0.10288412050798065,0.0,0.1999999999999997,0.1999999999999999,4.132809099886771e-17,0.0,1.5261988829778613e-16,0.0,0.09711587949201955,0.2
2024-01-19,0.19999999999999996,1.222980050563649e-16,0.10288412050798065,0.0,0.1999999999999997,0.1999999999999999,4.132809099886771e-17,0.0,1.5261988829778613e-16,0.0,0.09711587949201955,0.2
2024-01-22,0.19999999999999996,1.222980050563649e-16,0.10288412050798065,0.0,0.1999999999999997,0.1999999999999999,4.132809099886771e-17,0.0,1.5261988829778613e-16,0.0,0.09711587949201955,0.2
2024-01-23,0.1999999999999998,0.0,0.2,1.66732139550945e-16,0.19999999999999982,0.19999999999999993,1.3474418086656428e-16,2.2133524499397286e-16,2.1256208179247666e-16,8.469513476486094e-17,2.360850604440222e-16,0.19999999999999998
2024-01-24,0.1999999999999998,0.0,0.2,1.66732139550945e-16,0.19999999999999982,0.19999999999999993,1.3474418086656428e-16,2.2133524499397286e-16,2.1256208179247666e-16,8.469513476486094e-17,2.360850604440222e-16,0.19999999999999998
2024-01-25,0.1999999999999998,0.0,0.2,1.66732139550945e-16,0.19999999999999982,0.19999999999999993,1.3474418086656428e-16,2.2133524499397286e-16,2.1256208179247666e-16,8.469513476486094e-17,2.360850604440222e-16,0.19999999999999998
2024-01-26,0.1999999999999998,0.0,0.2,1.66732139550945e-16,0.19999999999999982,0.19999999999999993,1.3474418086656428e-16,2.2133524499397286e-16,2.1256208179247666e-16,8.469513476486094e-17,2.360850604440222e-16,0.19999999999999998
2024-01-29,0.1999999999999998,0.0,0.2,1.66732139550945e-16,0.19999999999999982,0.19999999999999993,1.3474418086656428e-16,2.2133524499397286e-16,2.1256208179247666e-16,8.469513476486094e-17,2.360850604440222e-16,0.19999999999999998
2024-01-30,0.1999999999999998,0.0,0.2,1.66732139550945e-16,0.19999999999999982,0.19999999999999993,1.3474418086656428e-16,2.2133524499397286e-16,2.1256208179247666e-16,8.469513476486094e-17,2.360850604440222e-16,0.19999999999999998
2024-01-31,0.1999999999999998,0.0,0.2,1.66732139550945e-16,0.19999999999999982,0.19999999999999993,1.3474418086656428e-16,2.2133524499397286e-16,2.1256208179247666e-16,8.469513476486094e-17,2.360850604440222e-16,0.19999999999999998
2024-02-01,0.1999999999999998,0.0,0.2,1.66732139550945e-16,0.19999999999999982,0.19999999999999993,1.3474418086656428e-16,2.2133524499397286e-16,2.1256208179247666e-16,8.469513476486094e-17,2.360850604440222e-16,0.19999999999999998
2024-02-02,0.1999999999999998,0.0,0.2,1.66732139550945e-16,0.19999999999999982,0.19999999999999993,1.3474418086656428e-16,2.2133524499397286e-16,2.1256208179247666e-16,8.469513476486094e-17,2.360850604440222e-16,0.19999999999999998
2024-02-05,0.1999999999999998,0.0,0.2,1.66732139550945e-16,0.19999999999999982,0.19999999999999993,1.3474418086656428e-16,2.2133524499397286e-16,2.1256208179247666e-16,8.469513476486094e-17,2.360850604440222e-16,0.19999999999999998
2024-02-06,0.2,0.10656822967363097,0.09343177032636929,0.0,0.19999999999999982,0.1999999999999999,3.194854000493495e-17,0.0,0.0,0.0,1.4608269021526565e-16,0.2
2024-02-07,0.2,0.10656822967363097,0.09343177032636929,0.0,0.19999999999999982,0.1999999999999999,3.194854000493495e-17,0.0,0.0,0.0,1.4608269021526565e-16,0.2
2024-02-08,0.2,0.10656822967363097,0.09343177032636929,0.0,0.19999999999999982,0.1999999999999999,3.194854000493495e-17,0.0,0.0,0.0,1.4608269021526565e-16,0.2
2024-02-09,0.2,0.10656822967363097,0.09343177032636929,0.0,0.19999999999999982,0.1999999999999999,3.194854000493495e-17,0.0,0.0,0.0,1.4608269021526565e-16,0.2
2024-02-12,0.2,0.10656822967363097,0.09343177032636929,0.0,0.19999999999999982,0.1999999999999999,3.194854000493495e-17,0.0,0.0,0.0,1.4608269021526565e-16,0.2
2024-02-13,0.2,0.2,0.0,0.0,0.19999999999999984,0.2,3.3788509525082223e-17,0.0,1.0370708426423249e-16,0.0,0.0,0.2
2024-02-14,0.2,0.2,0.0,0.0,0.19999999999999984,0.2,3.3788509525082223e-17,0.0,1.0370708426423249e-16,0.0,0.0,0.2
2024-02-15,0.2,0.2,0.0,0.0,0.19999999999999984,0.2,3.3788509525082223e-17,0.0,1.0370708426423249e-16,0.0,0.0,0.2
2024-02-16,0.2,0.2,0.0,0.0,0.19999999999999984,0.2,3.3788509525082223e-17,0.0,1.0370708426423249e-16,0.0,0.0,0.2
2024-02-20,0.2,0.2,0.0,0.0,0.19999999999999984,0.2,3.3788509525082223e-17,0.0,1.0370708426423249e-16,0.0,0.0,0.2
2024-02-21,0.2,0.2,0.0,0.0,0.19999999999999984,0.2,3.3788509525082223e-17,0.0,1.0370708426423249e-16,0.0,0.0,0.2
2024-02-22,0.2,0.2,0.0,0.0,0.19999999999999984,0.2,3.3788509525082223e-17,0.0,1.0370708426423249e-16,0.0,0.0,0.2
2024-02-23,0.2,0.2,0.0,0.0,0.19999999999999984,0.2,3.3788509525082223e-17,0.0,1.0370708426423249e-16,0.0,0.0,0.2
2024-02-26,0.2,0.2,0.0,0.0,0.19999999999999984,0.2,3.3788509525082223e-17,0.0,1.0370708426423249e-16,0.0,0.0,0.2
2024-02-27,0.2,0.2,0.0,0.0,0.19999999999999984,0.2,3.3788509525082223e-17,0.0,1.0370708426423249e-16,0.0,0.0,0.2
2024-02-28,0.2,9.020562075079397e-17,0.19999999999999973,1.0049855129029286e-17,0.19999999999999998,0.1999999999999998,4.0150844902173845e-17,4.6741664316685447e-17,1.4700137165802112e-16,5.268728629493304e-18,1.0721239586148372e-16,0.1999999999999999
2024-02-29,0.2,9.020562075079397e-17,0.19999999999999973,1.0049855129029286e-17,0.19999999999999998,0.1999999999999998,4.0150844902173845e-17,4.6741664316685447e-17,1.4700137165802112e-16,5.268728629493304e-18,1.0721239586148372e-16,0.1999999999999999
2024-03-01,0.2,9.020562075079397e-17,0.19999999999999973,1.0049855129029286e-17,0.19999999999999998,0.1999999999999998,4.0150844902173845e-17,4.6741664316685447e-17,1.4700137165802112e-16,5.268728629493304e-18,1.0721239586148372e-16,0.1999999999999999
2024-03-04,0.2,9.020562075079397e-17,0.19999999999999973,1.0049855129029286e-17,0.19999999999999998,0.1999999999999998,4.0150844902173845e-17,4.6741664316685447e-17,1.4700137165802112e-16,5.268728629493304e-18,1.0721239586148372e-16,0.1999999999999999
2024-03-05,0.2,9.020562075079397e-17,0.19999999999999973,1.0049855129029286e-17,0.19999999999999998,0.1999999999999998,4.0150844902173845e-17,4.6741664316685447e-17,1.4700137165802112e-16,5.268728629493304e-18,1.0721239586148372e-16,0.1999999999999999
2024-03-06,0.1999999999999999,0.06893841289420352,0.07727628154587217,0.0,0.19999999999999996,0.2,0.0,0.0,0.0,9.880588039677741e-17,0.0537853055599246,0.19999999999999998
2024-03-07,0.1999999999999999,0.06893841289420352,0.07727628154587217,0.0,0.19999999999999996,0.2,0.0,0.0,0.0,9.880588039677741e-17,0.0537853055599246,0.19999999999999998
2024-03-08,0.1999999999999999,0.06893841289420352,0.07727628154587217,0.0,0.19999999999999996,0.2,0.0,0.0,0.0,9.880588039677741e-17,0.0537853055599246,0.19999999999999998
2024-03-11,0.1999999999999999,0.06893841289420352,0.07727628154587217,0.0,0.19999999999999996,0.2,0.0,0.0,0.0,9.880588039677741e-17,0.0537853055599246,0.19999999999999998
2024-03-12,0.1999999999999999,0.06893841289420352,0.07727628154587217,0.0,0.19999999999999996,0.2,0.0,0.0,0.0,9.880588039677741e-17,0.0537853055599246,0.19999999999999998
2024-03-13,0.2,6.938893903907228e-17,0.2,1.1858412482059448e-16,0.2,0.19999999999999987,0.0,0.0,1.7358070180361768e-16,0.0,2.219749428046041e-17,0.19999999999999987
2024-03-14,0.2,6.938893903907228e-17,0.2,1.1858412482059448e-16,0.2,0.19999999999999987,0.0,0.0,1.7358070180361768e-16,0.0,2.219749428046041e-17,0.19999999999999987
2024-03-15,0.2,6.938893903907228e-17,0.2,1.1858412482059448e-16,0.2,0.19999999999999987,0.0,0.0,1.7358070180361768e-16,0.0,2.219749428046041e-17,0.19999999999999987
2024-03-18,0.2,6.938893903907228e-17,0.2,1.1858412482059448e-16,0.2,0.19999999999999987,0.0,0.0,1.7358070180361768e-16,0.0,2.219749428046041e-17,0.19999999999999987
2024-03-19,0.2,6.938893903907228e-17,0.2,1.1858412482059448e-16,0.2,0.19999999999999987,0.0,0.0,1.7358070180361768e-16,0.0,2.219749428046041e-17,0.19999999999999987
2024-03-20,0.2,6.938893903907228e-17,0.2,1.1858412482059448e-16,0.2,0.19999999999999987,0.0,0.0,1.7358070180361768e-16,0.0,2.219749428046041e-17,0.19999999999999987
2024-03-21,0.2,6.938893903907228e-17,0.2,1.1858412482059448e-16,0.2,0.19999999999999987,0.0,0.0,1.7358070180361768e-16,0.0,2.219749428046041e-17,0.19999999999999987
2024-03-22,0.2,6.938893903907228e-17,0.2,1.1858412482059448e-16,0.2,0.19999999999999987,0.0,0.0,1.7358070180361768e-16,0.0,2.219749428046041e-17,0.19999999999999987
2024-03-25,0.2,6.938893903907228e-17,0.2,1.1858412482059448e-16,0.2,0.19999999999999987,0.0,0.0,1.7358070180361768e-16,0.0,2.219749428046041e-17,0.19999999999999987
2024-03-26,0.2,6.938893903907228e-17,0.2,1.1858412482059448e-16,0.2,0.19999999999999987,0.0,0.0,1.7358070180361768e-16,0.0,2.219749428046041e-17,0.19999999999999987
2024-03-27,0.2,6.938893903907228e-17,0.2,1.1858412482059448e-16,0.2,0.19999999999999987,0.0,0.0,1.7358070180361768e-16,0.0,2.219749428046041e-17,0.19999999999999987
2024-03-28,0.2,6.938893903907228e-17,0.2,1.1858412482059448e-16,0.2,0.19999999999999987,0.0,0.0,1.7358070180361768e-16,0.0,2.219749428046041e-17,0.19999999999999987
2024-04-01,0.2,6.938893903907228e-17,0.2,1.1858412482059448e-16,0.2,0.19999999999999987,0.0,0.0,1.7358070180361768e-16,0.0,2.219749428046041e-17,0.19999999999999987
2024-04-02,0.2,6.938893903907228e-17,0.2,1.1858412482059448e-16,0.2,0.19999999999999987,0.0,0.0,1.7358070180361768e-16,0.0,2.219749428046041e-17,0.19999999999999987
2024-04-03,0.2,6.938893903907228e-17,0.2,1.1858412482059448e-16,0.2,0.19999999999999987,0.0,0.0,1.7358070180361768e-16,0.0,2.219749428046041e-17,0.19999999999999987
2024-04-04,0.19999999999999984,1.98062652372404e-16,0.19999999999999973,0.08229631466229739,0.19999999999999973,0.11770368533770265,8.820782346897728e-17,3.483785850245609e-17,1.0546461160398117e-16,2.476951684935171e-16,1.1529659506065622e-16,0.19999999999999993
2024-04-05,0.19999999999999984,1.98062652372404e-16,0.19999999999999973,0.08229631466229739,0.19999999999999973,0.11770368533770265,8.820782346897728e-17,3.483785850245609e-17,1.0546461160398117e-16,2.476951684935171e-16,1.1529659506065622e-16,0.19999999999999993
2024-04-08,0.19999999999999984,1.98062652372404e-16,0.19999999999999973,0.08229631466229739,0.19999999999999973,0.11770368533770265,8.820782346897728e-17,3.483785850245609e-17,1.0546461160398117e-16,2.476951684935171e-16,1.1529659506065622e-16,0.19999999999999993
2024-04-09,0.19999999999999984,1.98062652372404e-16,0.19999999999999973,0.08229631466229739,0.19999999999999973,0.11770368533770265,8.820782346897728e-17,3.483785850245609e-17,1.0546461160398117e-16,2.476951684935171e-16,1.1529659506065622e-16,0.19999999999999993
2024-04-10,0.19999999999999984,1.98062652372404e-16,0.19999999999999973,0.08229631466229739,0.19999999999999973,0.11770368533770265,8.820782346897728e-17,3.483785850245609e-17,1.0546461160398117e-16,2.476951684935171e-16,1.1529659506065622e-16,0.19999999999999993
2024-04-11,0.2,0.0,0.2,3.382710778154774e-16,0.2,0.2,0.0,0.0,1.0912647147072097e-16,0.0,0.0,0.2
2024-04-12,0.2,0.0,0.2,3.382710778154774e-16,0.2,0.2,0.0,0.0,1.0912647147072097e-16,0.0,0.0,0.2
2024-04-15,0.2,0.0,0.2,3.382710778154774e-16,0.2,0.2,0.0,0.0,1.0912647147072097e-16,0.0,0.0,0.2
2024-04-16,0.2,0.0,0.2,3.382710778154774e-16,0.2,0.2,0.0,0.0,1.0912647147072097e-16,0.0,0.0,0.2
2024-04-17,0.2,0.0,0.2,3.382710778154774e-16,0.2,0.2,0.0,0.0,1.0912647147072097e-16,0.0,0.0,0.2
2024-04-18,0.2,0.0,0.19999999999999996,0.0,0.2,0.11693384387327563,0.0,0.0,3.0564998838668296e-17,0.0,0.08306615612672422,0.2
2024-04-19,0.2,0.0,0.19999999999999996,0.0,0.2,0.11693384387327563,0.0,0.0,3.0564998838668296e-17,0.0,0.08306615612672422,0.2
2024-04-22,0.2,0.0,0.19999999999999996,0.0,0.2,0.11693384387327563,0.0,0.0,3.0564998838668296e-17,0.0,0.08306615612672422,0.2
2024-04-23,0.2,0.0,0.19999999999999996,0.0,0.2,0.11693384387327563,0.0,0.0,3.0564998838668296e-17,0.0,0.08306615612672422,0.2
2024-04-24,0.2,0.0,0.19999999999999996,0.0,0.2,0.11693384387327563,0.0,0.0,3.0564998838668296e-17,0.0,0.08306615612672422,0.2
2024-04-25,0.19999999999999996,6.215921749023253e-17,0.1999999999999999,0.0,0.19999999999999996,0.2,3.966005720978005e-18,9.20605789112041e-17,0.0,7.869403859050813e-17,2.227656007143517e-19,0.19999999999999996
2024-04-26,0.19999999999999996,6.215921749023253e-17,0.1999999999999999,0.0,0.19999999999999996,0.2,3.966005720978005e-18,9.20605789112041e-17,0.0,7.869403859050813e-17,2.227656007143517e-19,0.19999999999999996
2024-04-29,0.19999999999999996,6.215921749023253e-17,0.1999999999999999,0.0,0.19999999999999996,0.2,3.966005720978005e-18,9.20605789112041e-17,0.0,7.869403859050813e-17,2.227656007143517e-19,0.19999999999999996
2024-04-30,0.19999999999999996,6.215921749023253e-17,0.1999999999999999,0.0,0.19999999999999996,0.2,3.966005720978005e-18,9.20605789112041e-17,0.0,7.869403859050813e-17,2.227656007143517e-19,0.19999999999999996
2024-05-01,0.19999999999999996,6.215921749023253e-17,0.1999999999999999,0.0,0.19999999999999996,0.2,3.966005720978005e-18,9.20605789112041e-17,0.0,7.869403859050813e-17,2.227656007143517e-19,0.19999999999999996
2024-05-02,0.19999999999999996,6.215921749023253e-17,0.1999999999999999,0.0,0.19999999999999996,0.2,3.966005720978005e-18,9.20605789112041e-17,0.0,7.869403859050813e-17,2.227656007143517e-19,0.19999999999999996
2024-05-03,0.19999999999999996,6.215921749023253e-17,0.1999999999999999,0.0,0.19999999999999996,0.2,3.966005720978005e-18,9.20605789112041e-17,0.0,7.869403859050813e-17,2.227656007143517e-19,0.19999999999999996
2024-05-06,0.19999999999999996,6.215921749023253e-17,0.1999999999999999,0.0,0.19999999999999996,0.2,3.966005720978005e-18,9.20605789112041e-17,0.0,7.869403859050813e-17,2.227656007143517e-19,0.19999999999999996
2024-05-07,0.19999999999999996,6.215921749023253e-17,0.1999999999999999,0.0,0.19999999999999996,0.2,3.966005720978005e-18,9.20605789112041e-17,0.0,7.869403859050813e-17,2.227656007143517e-19,0.19999999999999996
2024-05-08,0.19999999999999996,6.215921749023253e-17,0.1999999999999999,0.0,0.19999999999999996,0.2,3.966005720978005e-18,9.20605789112041e-17,0.0,7.869403859050813e-17,2.227656007143517e-19,0.19999999999999996
2024-05-09,0.064516490473166,0.1920075775413279,8.584613925206121e-19,0.08713368810878669,1.5871833511732078e-17,9.33460503229202e-19,0.2,2.9498900201319436e-18,1.4536311474441676e-18,0.16239039369337893,0.2,0.09395185018334036
2024-05-10,0.064516490473166,0.1920075775413279,8.584613925206121e-19,0.08713368810878669,1.5871833511732078e-17,9.33460503229202e-19,0.2,2.9498900201319436e-18,1.4536311474441676e-18,0.16239039369337893,0.2,0.09395185018334036
2024-05-13,0.064516490473166,0.1920075775413279,8.584613925206121e-19,0.08713368810878669,1.5871833511732078e-17,9.33460503229202e-19,0.2,2.9498900201319436e-18,1.4536311474441676e-18,0.16239039369337893,0.2,0.09395185018334036
2024-05-14,0.064516490473166,0.1920075775413279,8.584613925206121e-19,0.08713368810878669,1.5871833511732078e-17,9.33460503229202e-19,0.2,2.9498900201319436e-18,1.4536311474441676e-18,0.16239039369337893,0.2,0.09395185018334036
2024-05-15,0.064516490473166,0.1920075775413279,8.584613925206121e-19,0.08713368810878669,1.5871833511732078e-17,9.33460503229202e-19,0.2,2.9498900201319436e-18,1.4536311474441676e-18,0.16239039369337893,0.2,0.09395185018334036
2024-05-16,0.064516490473166,0.1920075775413279,8.584613925206121e-19,0.08713368810878669,1.5871833511732078e-17,9.33460503229202e-19,0.2,2.9498900201319436e-18,1.4536311474441676e-18,0.16239039369337893,0.2,0.09395185018334036
2024-05-17,0.064516490473166,0.1920075775413279,8.584613925206121e-19,0.08713368810878669,1.5871833511732078e-17,9.33460503229202e-19,0.2,2.9498900201319436e-18,1.4536311474441676e-18,0.16239039369337893,0.2,0.09395185018334036
2024-05-20,0.064516490473166,0.1920075775413279,8.584613925206121e-19,0.08713368810878669,1.5871833511732078e-17,9.33460503229202e-19,0.2,2.9498900201319436e-18,1.4536311474441676e-18,0.16239039369337893,0.2,0.09395185018334036
2024-05-21,0.064516490473166,0.1920075775413279,8.584613925206121e-19,0.08713368810878669,1.5871833511732078e-17,9.33460503229202e-19,0.2,2.9498900201319436e-18,1.4536311474441676e-18,0.16239039369337893,0.2,0.09395185018334036
2024-05-22,0.064516490473166,0.1920075775413279,8.584613925206121e-19,0.08713368810878669,1.5871833511732078e-17,9.33460503229202e-19,0.2,2.9498900201319436e-18,1.4536311474441676e-18,0.16239039369337893,0.2,0.09395185018334036
2024-05-23,0.2,5.743504552859544e-17,0.2,0.2,0.19999999999999998,0.0,0.0,0.0,2.4038529385077497e-16,0.0,1.942890293094024e-16,0.19999999999999987
2024-05-24,0.2,5.743504552859544e-17,0.2,0.2,0.19999999999999998,0.0,0.0,0.0,2.4038529385077497e-16,0.0,1.942890293094024e-16,0.19999999999999987
2024-05-28,0.2,5.743504552859544e-17,0.2,0.2,0.19999999999999998,0.0,0.0,0.0,2.4038529385077497e-16,0.0,1.942890293094024e-16,0.19999999999999987
2024-05-29,0.2,5.743504552859544e-17,0.2,0.2,0.19999999999999998,0.0,0.0,0.0,2.4038529385077497e-16,0.0,1.942890293094024e-16,0.19999999999999987
2024-05-30,0.2,5.743504552859544e-17,0.2,0.2,0.19999999999999998,0.0,0.0,0.0,2.4038529385077497e-16,0.0,1.942890293094024e-16,0.19999999999999987
2024-05-31,0.2,5.743504552859544e-17,0.2,0.2,0.19999999999999998,0.0,0.0,0.0,2.4038529385077497e-16,0.0,1.942890293094024e-16,0.19999999999999987
2024-06-03,0.2,5.743504552859544e-17,0.2,0.2,0.19999999999999998,0.0,0.0,0.0,2.4038529385077497e-16,0.0,1.942890293094024e-16,0.19999999999999987
2024-06-04,0.2,5.743504552859544e-17,0.2,0.2,0.19999999999999998,0.0,0.0,0.0,2.4038529385077497e-16,0.0,1.942890293094024e-16,0.19999999999999987
2024-06-05,0.2,5.743504552859544e-17,0.2,0.2,0.19999999999999998,0.0,0.0,0.0,2.4038529385077497e-16,0.0,1.942890293094024e-16,0.19999999999999987
2024-06-06,0.2,5.743504552859544e-17,0.2,0.2,0.19999999999999998,0.0,0.0,0.0,2.4038529385077497e-16,0.0,1.942890293094024e-16,0.19999999999999987
2024-06-07,0.2,8.08307200233467e-17,0.2,0.07372377122792607,0.2,1.1042601336781272e-17,0.0,1.1034566872826412e-17,0.04874556969151965,0.0,0.07753065908055412,0.2
2024-06-10,0.2,8.08307200233467e-17,0.2,0.07372377122792607,0.2,1.1042601336781272e-17,0.0,1.1034566872826412e-17,0.04874556969151965,0.0,0.07753065908055412,0.2
2024-06-11,0.2,8.08307200233467e-17,0.2,0.07372377122792607,0.2,1.1042601336781272e-17,0.0,1.1034566872826412e-17,0.04874556969151965,0.0,0.07753065908055412,0.2
2024-06-12,0.2,8.08307200233467e-17,0.2,0.07372377122792607,0.2,1.1042601336781272e-17,0.0,1.1034566872826412e-17,0.04874556969151965,0.0,0.07753065908055412,0.2
2024-06-13,0.2,8.08307200233467e-17,0.2,0.07372377122792607,0.2,1.1042601336781272e-17,0.0,1.1034566872826412e-17,0.04874556969151965,0.0,0.07753065908055412,0.2
2024-06-14,0.2,0.0,0.2,1.3010426069826053e-16,0.19999999999999998,3.1597939319912443e-17,0.0,3.721581993142669e-18,0.0,0.0,0.2,0.2
2024-06-17,0.2,0.0,0.2,1.3010426069826053e-16,0.19999999999999998,3.1597939319912443e-17,0.0,3.721581993142669e-18,0.0,0.0,0.2,0.2
2024-06-18,0.2,0.0,0.2,1.3010426069826053e-16,0.19999999999999998,3.1597939319912443e-17,0.0,3.721581993142669e-18,0.0,0.0,0.2,0.2
2024-06-20,0.2,0.0,0.2,1.3010426069826053e-16,0.19999999999999998,3.1597939319912443e-17,0.0,3.721581993142669e-18,0.0,0.0,0.2,0.2
2024-06-21,0.2,0.0,0.2,1.3010426069826053e-16,0.19999999999999998,3.1597939319912443e-17,0.0,3.721581993142669e-18,0.0,0.0,0.2,0.2
2024-06-24,0.2,0.0,0.2,0.09296499259851695,0.1070350074014835,0.0,0.0,1.519658616175308e-17,0.0,0.0,0.2,0.19999999999999998
2024-06-25,0.2,0.0,0.2,0.09296499259851695,0.1070350074014835,0.0,0.0,1.519658616175308e-17,0.0,0.0,0.2,0.19999999999999998
2024-06-26,0.2,0.0,0.2,0.09296499259851695,0.1070350074014835,0.0,0.0,1.519658616175308e-17,0.0,0.0,0.2,0.19999999999999998
2024-06-27,0.2,0.0,0.2,0.09296499259851695,0.1070350074014835,0.0,0.0,1.519658616175308e-17,0.0,0.0,0.2,0.19999999999999998
2024-06-28,0.2,0.0,0.2,0.09296499259851695,0.1070350074014835,0.0,0.0,1.519658616175308e-17,0.0,0.0,0.2,0.19999999999999998
2024-07-01,0.2,0.0,0.2,0.2,6.071532165918825e-17,0.0,8.028875220645979e-17,1.662204220986594e-16,0.0,7.030140705414988e-17,0.19999999999999987,0.2
2024-07-02,0.2,0.0,0.2,0.2,6.071532165918825e-17,0.0,8.028875220645979e-17,1.662204220986594e-16,0.0,7.030140705414988e-17,0.19999999999999987,0.2
2024-07-03,0.2,0.0,0.2,0.2,6.071532165918825e-17,0.0,8.028875220645979e-17,1.662204220986594e-16,0.0,7.030140705414988e-17,0.19999999999999987,0.2
2024-07-05,0.2,0.0,0.2,0.2,6.071532165918825e-17,0.0,8.028875220645979e-17,1.662204220986594e-16,0.0,7.030140705414988e-17,0.19999999999999987,0.2
2024-07-08,0.2,0.0,0.2,0.2,6.071532165918825e-17,0.0,8.028875220645979e-17,1.662204220986594e-16,0.0,7.030140705414988e-17,0.19999999999999987,0.2
2024-07-09,0.2,0.0,0.2,0.10080959844956897,0.0991904015504306,0.0,0.0,0.0,0.0,4.840234239340521e-17,0.2,0.2
2024-07-10,0.2,0.0,0.2,0.10080959844956897,0.0991904015504306,0.0,0.0,0.0,0.0,4.840234239340521e-17,0.2,0.2
2024-07-11,0.2,0.0,0.2,0.10080959844956897,0.0991904015504306,0.0,0.0,0.0,0.0,4.840234239340521e-17,0.2,0.2
2024-07-12,0.2,0.0,0.2,0.10080959844956897,0.0991904015504306,0.0,0.0,0.0,0.0,4.840234239340521e-17,0.2,0.2
2024-07-15,0.2,0.0,0.2,0.10080959844956897,0.0991904015504306,0.0,0.0,0.0,0.0,4.840234239340521e-17,0.2,0.2
2024-07-16,0.2,0.09934246895410463,0.2,0.0,0.10065753104589517,0.0,0.0,0.0,0.0,1.8858350141313622e-17,0.2,0.2
2024-07-17,0.2,0.09934246895410463,0.2,0.0,0.10065753104589517,0.0,0.0,0.0,0.0,1.8858350141313622e-17,0.2,0.2
2024-07-18,0.2,0.09934246895410463,0.2,0.0,0.10065753104589517,0.0,0.0,0.0,0.0,1.8858350141313622e-17,0.2,0.2
2024-07-19,0.2,0.09934246895410463,0.2,0.0,0.10065753104589517,0.0,0.0,0.0,0.0,1.8858350141313622e-17,0.2,0.2
2024-07-22,0.2,0.09934246895410463,0.2,0.0,0.10065753104589517,0.0,0.0,0.0,0.0,1.8858350141313622e-17,0.2,0.2
2024-07-23,0.19999999999999987,5.377642775528102e-17,0.19999999999999984,0.08016037020859348,0.1198396297914069,1.0131071109597884e-16,4.4327573377301165e-17,8.047605711868086e-17,1.3836564053276546e-16,0.0,0.1999999999999998,0.19999999999999984
2024-07-24,0.19999999999999987,5.377642775528102e-17,0.19999999999999984,0.08016037020859348,0.1198396297914069,1.0131071109597884e-16,4.4327573377301165e-17,8.047605711868086e-17,1.3836564053276546e-16,0.0,0.1999999999999998,0.19999999999999984
2024-07-25,0.19999999999999987,5.377642775528102e-17,0.19999999999999984,0.08016037020859348,0.1198396297914069,1.0131071109597884e-16,4.4327573377301165e-17,8.047605711868086e-17,1.3836564053276546e-16,0.0,0.1999999999999998,0.19999999999999984
2024-07-26,0.19999999999999987,5.377642775528102e-17,0.19999999999999984,0.08016037020859348,0.1198396297914069,1.0131071109597884e-16,4.4327573377301165e-17,8.047605711868086e-17,1.3836564053276546e-16,0.0,0.1999999999999998,0.19999999999999984
2024-07-29,0.19999999999999987,5.377642775528102e-17,0.19999999999999984,0.08016037020859348,0.1198396297914069,1.0131071109597884e-16,4.4327573377301165e-17,8.047605711868086e-17,1.3836564053276546e-16,0.0,0.1999999999999998,0.19999999999999984
2024-07-30,0.19999999999999998,2.740863092043355e-16,0.19999999999999998,0.0,0.19999999999999982,0.0,0.0,2.1499183113835082e-17,1.1256877570819913e-16,0.0,0.19999999999999987,0.19999999999999993
2024-07-31,0.19999999999999998,2.740863092043355e-16,0.19999999999999998,0.0,0.19999999999999982,0.0,0.0,2.1499183113835082e-17,1.1256877570819913e-16,0.0,0.19999999999999987,0.19999999999999993
2024-08-01,0.19999999999999998,2.740863092043355e-16,0.19999999999999998,0.0,0.19999999999999982,0.0,0.0,2.1499183113835082e-17,1.1256877570819913e-16,0.0,0.19999999999999987,0.19999999999999993
2024-08-02,0.19999999999999998,2.740863092043355e-16,0.19999999999999998,0.0,0.19999999999999982,0.0,0.0,2.1499183113835082e-17,1.1256877570819913e-16,0.0,0.19999999999999987,0.19999999999999993
2024-08-05,0.19999999999999998,2.740863092043355e-16,0.19999999999999998,0.0,0.19999999999999982,0.0,0.0,2.1499183113835082e-17,1.1256877570819913e-16,0.0,0.19999999999999987,0.19999999999999993
2024-08-06,0.11184693997698641,0.08815306002301375,0.1999999999999996,7.62465177800431e-17,1.251169307048272e-16,0.0,1.349018553115089e-16,0.19999999999999993,8.543513119185775e-17,1.233822072288504e-16,0.2,0.1999999999999998
2024-08-07,0.11184693997698641,0.08815306002301375,0.1999999999999996,7.62465177800431e-17,1.251169307048272e-16,0.0,1.349018553115089e-16,0.19999999999999993,8.543513119185775e-17,1.233822072288504e-16,0.2,0.1999999999999998
2024-08-08,0.11184693997698641,0.08815306002301375,0.1999999999999996,7.62465177800431e-17,1.251169307048272e-16,0.0,1.349018553115089e-16,0.19999999999999993,8.543513119185775e-17,1.233822072288504e-16,0.2,0.1999999999999998
2024-08-09,0.11184693997698641,0.08815306002301375,0.1999999999999996,7.62465177800431e-17,1.251169307048272e-16,0.0,1.349018553115089e-16,0.19999999999999993,8.543513119185775e-17,1.233822072288504e-16,0.2,0.1999999999999998
2024-08-12,0.11184693997698641,0.08815306002301375,0.1999999999999996,7.62465177800431e-17,1.251169307048272e-16,0.0,1.349018553115089e-16,0.19999999999999993,8.543513119185775e-17,1.233822072288504e-16,0.2,0.1999999999999998
2024-08-13,2.3957360556033428e-17,0.2,5.784442858911937e-19,0.16828671707646903,0.07405636511958018,1.2145865828376806e-17,0.2,3.0779933927416214e-17,3.995366085280364e-17,0.19999999999999998,0.15765659235600948,3.254479411514811e-07
2024-08-14,2.3957360556033428e-17,0.2,5.784442858911937e-19,0.16828671707646903,0.07405636511958018,1.2145865828376806e-17,0.2,3.0779933927416214e-17,3.995366085280364e-17,0.19999999999999998,0.15765659235600948,3.254479411514811e-07
2024-08-15,2.3957360556033428e-17,0.2,5.784442858911937e-19,0.16828671707646903,0.07405636511958018,1.2145865828376806e-17,0.2,3.0779933927416214e-17,3.995366085280364e-17,0.19999999999999998,0.15765659235600948,3.254479411514811e-07
2024-08-16,2.3957360556033428e-17,0.2,5.784442858911937e-19,0.16828671707646903,0.07405636511958018,1.2145865828376806e-17,0.2,3.0779933927416214e-17,3.995366085280364e-17,0.19999999999999998,0.15765659235600948,3.254479411514811e-07
2024-08-19,2.3957360556033428e-17,0.2,5.784442858911937e-19,0.16828671707646903,0.07405636511958018,1.2145865828376806e-17,0.2,3.0779933927416214e-17,3.995366085280364e-17,0.19999999999999998,0.15765659235600948,3.254479411514811e-07
2024-08-20,2.3957360556033428e-17,0.2,5.784442858911937e-19,0.16828671707646903,0.07405636511958018,1.2145865828376806e-17,0.2,3.0779933927416214e-17,3.995366085280364e-17,0.19999999999999998,0.15765659235600948,3.254479411514811e-07
2024-08-21,2.3957360556033428e-17,0.2,5.784442858911937e-19,0.16828671707646903,0.07405636511958018,1.2145865828376806e-17,0.2,3.0779933927416214e-17,3.995366085280364e-17,0.19999999999999998,0.15765659235600948,3.254479411514811e-07
2024-08-22,2.3957360556033428e-17,0.2,5.784442858911937e-19,0.16828671707646903,0.07405636511958018,1.2145865828376806e-17,0.2,3.0779933927416214e-17,3.995366085280364e-17,0.19999999999999998,0.15765659235600948,3.254479411514811e-07
2024-08-23,2.3957360556033428e-17,0.2,5.784442858911937e-19,0.16828671707646903,0.07405636511958018,1.2145865828376806e-17,0.2,3.0779933927416214e-17,3.995366085280364e-17,0.19999999999999998,0.15765659235600948,3.254479411514811e-07
2024-08-26,2.3957360556033428e-17,0.2,5.784442858911937e-19,0.16828671707646903,0.07405636511958018,1.2145865828376806e-17,0.2,3.0779933927416214e-17,3.995366085280364e-17,0.19999999999999998,0.15765659235600948,3.254479411514811e-07
2024-08-27,2.3957360556033428e-17,0.2,5.784442858911937e-19,0.16828671707646903,0.07405636511958018,1.2145865828376806e-17,0.2,3.0779933927416214e-17,3.995366085280364e-17,0.19999999999999998,0.15765659235600948,3.254479411514811e-07
2024-08-28,2.3957360556033428e-17,0.2,5.784442858911937e-19,0.16828671707646903,0.07405636511958018,1.2145865828376806e-17,0.2,3.0779933927416214e-17,3.995366085280364e-17,0.19999999999999998,0.15765659235600948,3.254479411514811e-07
2024-08-29,2.3957360556033428e-17,0.2,5.784442858911937e-19,0.16828671707646903,0.07405636511958018,1.2145865828376806e-17,0.2,3.0779933927416214e-17,3.995366085280364e-17,0.19999999999999998,0.15765659235600948,3.254479411514811e-07
2024-08-30,2.3957360556033428e-17,0.2,5.784442858911937e-19,0.16828671707646903,0.07405636511958018,1.2145865828376806e-17,0.2,3.0779933927416214e-17,3.995366085280364e-17,0.19999999999999998,0.15765659235600948,3.254479411514811e-07
2024-09-03,2.3957360556033428e-17,0.2,5.784442858911937e-19,0.16828671707646903,0.07405636511958018,1.2145865828376806e-17,0.2,3.0779933927416214e-17,3.995366085280364e-17,0.19999999999999998,0.15765659235600948,3.254479411514811e-07
2024-09-04,2.3957360556033428e-17,0.2,5.784442858911937e-19,0.16828671707646903,0.07405636511958018,1.2145865828376806e-17,0.2,3.0779933927416214e-17,3.995366085280364e-17,0.19999999999999998,0.15765659235600948,3.254479411514811e-07
2024-09-05,2.3957360556033428e-17,0.2,5.784442858911937e-19,0.16828671707646903,0.07405636511958018,1.2145865828376806e-17,0.2,3.0779933927416214e-17,3.995366085280364e-17,0.19999999999999998,0.15765659235600948,3.254479411514811e-07
2024-09-06,2.3957360556033428e-17,0.2,5.784442858911937e-19,0.16828671707646903,0.07405636511958018,1.2145865828376806e-17,0.2,3.0779933927416214e-17,3.995366085280364e-17,0.19999999999999998,0.15765659235600948,3.254479411514811e-07
2024-09-09,2.3957360556033428e-17,0.2,5.784442858911937e-19,0.16828671707646903,0.07405636511958018,1.2145865828376806e-17,0.2,3.0779933927416214e-17,3.995366085280364e-17,0.19999999999999998,0.15765659235600948,3.254479411514811e-07
2024-09-10,2.3957360556033428e-17,0.2,5.784442858911937e-19,0.16828671707646903,0.07405636511958018,1.2145865828376806e-17,0.2,3.0779933927416214e-17,3.995366085280364e-17,0.19999999999999998,0.15765659235600948,3.254479411514811e-07
2024-09-11,2.3957360556033428e-17,0.2,5.784442858911937e-19,0.16828671707646903,0.07405636511958018,1.2145865828376806e-17,0.2,3.0779933927416214e-17,3.995366085280364e-17,0.19999999999999998,0.15765659235600948,3.254479411514811e-07
2024-09-12,2.3957360556033428e-17,0.2,5.784442858911937e-19,0.16828671707646903,0.07405636511958018,1.2145865828376806e-17,0.2,3.0779933927416214e-17,3.995366085280364e-17,0.19999999999999998,0.15765659235600948,3.254479411514811e-07
2024-09-13,2.3957360556033428e-17,0.2,5.784442858911937e-19,0.16828671707646903,0.07405636511958018,1.2145865828376806e-17,0.2,3.0779933927416214e-17,3.995366085280364e-17,0.19999999999999998,0.15765659235600948,3.254479411514811e-07
2024-09-16,2.3957360556033428e-17,0.2,5.784442858911937e-19,0.16828671707646903,0.07405636511958018,1.2145865828376806e-17,0.2,3.0779933927416214e-17,3.995366085280364e-17,0.19999999999999998,0.15765659235600948,3.254479411514811e-07
2024-09-17,2.3957360556033428e-17,0.2,5.784442858911937e-19,0.16828671707646903,0.07405636511958018,1.2145865828376806e-17,0.2,3.0779933927416214e-17,3.995366085280364e-17,0.19999999999999998,0.15765659235600948,3.254479411514811e-07
2024-09-18,2.3957360556033428e-17,0.2,5.784442858911937e-19,0.16828671707646903,0.07405636511958018,1.2145865828376806e-17,0.2,3.0779933927416214e-17,3.995366085280364e-17,0.19999999999999998,0.15765659235600948,3.254479411514811e-07
2024-09-19,2.3957360556033428e-17,0.2,5.784442858911937e-19,0.16828671707646903,0.07405636511958018,1.2145865828376806e-17,0.2,3.0779933927416214e-17,3.995366085280364e-17,0.19999999999999998,0.15765659235600948,3.254479411514811e-07
2024-09-20,2.3957360556033428e-17,0.2,5.784442858911937e-19,0.16828671707646903,0.07405636511958018,1.2145865828376806e-17,0.2,3.0779933927416214e-17,3.995366085280364e-17,0.19999999999999998,0.15765659235600948,3.254479411514811e-07
2024-09-23,2.3957360556033428e-17,0.2,5.784442858911937e-19,0.16828671707646903,0.07405636511958018,1.2145865828376806e-17,0.2,3.0779933927416214e-17,3.995366085280364e-17,0.19999999999999998,0.15765659235600948,3.254479411514811e-07
2024-09-24,2.3957360556033428e-17,0.2,5.784442858911937e-19,0.16828671707646903,0.07405636511958018,1.2145865828376806e-17,0.2,3.0779933927416214e-17,3.995366085280364e-17,0.19999999999999998,0.15765659235600948,3.254479411514811e-07
2024-09-25,0.2,1.1129396685068445e-16,0.2,9.081906939659382e-17,0.2,0.0,1.0082459513381237e-16,0.0,0.0,6.916406764405831e-17,0.2,0.2
2024-09-26,0.2,1.1129396685068445e-16,0.2,9.081906939659382e-17,0.2,0.0,1.0082459513381237e-16,0.0,0.0,6.916406764405831e-17,0.2,0.2
2024-09-27,0.2,1.1129396685068445e-16,0.2,9.081906939659382e-17,0.2,0.0,1.0082459513381237e-16,0.0,0.0,6.916406764405831e-17,0.2,0.2
2024-09-30,0.2,1.1129396685068445e-16,0.2,9.081906939659382e-17,0.2,0.0,1.0082459513381237e-16,0.0,0.0,6.916406764405831e-17,0.2,0.2
2024-10-01,0.2,1.1129396685068445e-16,0.2,9.081906939659382e-17,0.2,0.0,1.0082459513381237e-16,0.0,0.0,6.916406764405831e-17,0.2,0.2
2024-10-02,0.19999999999999982,0.0,0.2,1.949295259650271e-16,0.0886187425420022,1.1106296265819297e-16,0.0,0.19999999999999996,0.0,0.0,0.2,0.11138125745799772
2024-10-03,0.19999999999999982,0.0,0.2,1.949295259650271e-16,0.0886187425420022,1.1106296265819297e-16,0.0,0.19999999999999996,0.0,0.0,0.2,0.11138125745799772
2024-10-04,0.19999999999999982,0.0,0.2,1.949295259650271e-16,0.0886187425420022,1.1106296265819297e-16,0.0,0.19999999999999996,0.0,0.0,0.2,0.11138125745799772
2024-10-07,0.19999999999999982,0.0,0.2,1.949295259650271e-16,0.0886187425420022,1.1106296265819297e-16,0.0,0.19999999999999996,0.0,0.0,0.2,0.11138125745799772
2024-10-08,0.19999999999999982,0.0,0.2,1.949295259650271e-16,0.0886187425420022,1.1106296265819297e-16,0.0,0.19999999999999996,0.0,0.0,0.2,0.11138125745799772
2024-10-09,0.19999999999999984,1.7216971256929228e-16,0.19999999999999984,3.032051924190427e-17,0.2,7.369102215659663e-17,0.0,0.19999999999999996,3.755485326155014e-17,4.7361534269092424e-17,0.19999999999999993,2.7755575615628914e-17
2024-10-10,0.19999999999999984,1.7216971256929228e-16,0.19999999999999984,3.032051924190427e-17,0.2,7.369102215659663e-17,0.0,0.19999999999999996,3.755485326155014e-17,4.7361534269092424e-17,0.19999999999999993,2.7755575615628914e-17
2024-10-11,0.19999999999999984,1.7216971256929228e-16,0.19999999999999984,3.032051924190427e-17,0.2,7.369102215659663e-17,0.0,0.19999999999999996,3.755485326155014e-17,4.7361534269092424e-17,0.19999999999999993,2.7755575615628914e-17
2024-10-14,0.19999999999999984,1.7216971256929228e-16,0.19999999999999984,3.032051924190427e-17,0.2,7.369102215659663e-17,0.0,0.19999999999999996,3.755485326155014e-17,4.7361534269092424e-17,0.19999999999999993,2.7755575615628914e-17
2024-10-15,0.19999999999999984,1.7216971256929228e-16,0.19999999999999984,3.032051924190427e-17,0.2,7.369102215659663e-17,0.0,0.19999999999999996,3.755485326155014e-17,4.7361534269092424e-17,0.19999999999999993,2.7755575615628914e-17
2024-10-16,0.19999999999999984,1.7216971256929228e-16,0.19999999999999984,3.032051924190427e-17,0.2,7.369102215659663e-17,0.0,0.19999999999999996,3.755485326155014e-17,4.7361534269092424e-17,0.19999999999999993,2.7755575615628914e-17
2024-10-17,0.19999999999999984,1.7216971256929228e-16,0.19999999999999984,3.032051924190427e-17,0.2,7.369102215659663e-17,0.0,0.19999999999999996,3.755485326155014e-17,4.7361534269092424e-17,0.19999999999999993,2.7755575615628914e-17
2024-10-18,0.19999999999999984,1.7216971256929228e-16,0.19999999999999984,3.032051924190427e-17,0.2,7.369102215659663e-17,0.0,0.19999999999999996,3.755485326155014e-17,4.7361534269092424e-17,0.19999999999999993,2.7755575615628914e-17
2024-10-21,0.19999999999999984,1.7216971256929228e-16,0.19999999999999984,3.032051924190427e-17,0.2,7.369102215659663e-17,0.0,0.19999999999999996,3.755485326155014e-17,4.7361534269092424e-17,0.19999999999999993,2.7755575615628914e-17
2024-10-22,0.19999999999999984,1.7216971256929228e-16,0.19999999999999984,3.032051924190427e-17,0.2,7.369102215659663e-17,0.0,0.19999999999999996,3.755485326155014e-17,4.7361534269092424e-17,0.19999999999999993,2.7755575615628914e-17
2024-10-23,0.19999999999999998,0.0,0.2,0.0,0.19999999999999998,0.0,3.933577517617692e-18,0.19999999999999998,3.943857906316501e-18,2.3991640069687834e-17,0.09779552884149556,0.10220447115850488
2024-10-24,0.19999999999999998,0.0,0.2,0.0,0.19999999999999998,0.0,3.933577517617692e-18,0.19999999999999998,3.943857906316501e-18,2.3991640069687834e-17,0.09779552884149556,0.10220447115850488
2024-10-25,0.19999999999999998,0.0,0.2,0.0,0.19999999999999998,0.0,3.933577517617692e-18,0.19999999999999998,3.943857906316501e-18,2.3991640069687834e-17,0.09779552884149556,0.10220447115850488
2024-10-28,0.19999999999999998,0.0,0.2,0.0,0.19999999999999998,0.0,3.933577517617692e-18,0.19999999999999998,3.943857906316501e-18,2.3991640069687834e-17,0.09779552884149556,0.10220447115850488
2024-10-29,0.19999999999999998,0.0,0.2,0.0,0.19999999999999998,0.0,3.933577517617692e-18,0.19999999999999998,3.943857906316501e-18,2.3991640069687834e-17,0.09779552884149556,0.10220447115850488
2024-10-30,0.19999999999999987,2.03493909605423e-16,0.19999999999999993,1.0291264483894024e-16,0.19999999999999987,7.5343113381828e-17,2.826902170948758e-16,0.11655927696219333,4.0089320789504395e-17,2.386228751283903e-16,0.08344072303780631,0.19999999999999984
2024-10-31,0.19999999999999987,2.03493909605423e-16,0.19999999999999993,1.0291264483894024e-16,0.19999999999999987,7.5343113381828e-17,2.826902170948758e-16,0.11655927696219333,4.0089320789504395e-17,2.386228751283903e-16,0.08344072303780631,0.19999999999999984
2024-11-01,0.19999999999999987,2.03493909605423e-16,0.19999999999999993,1.0291264483894024e-16,0.19999999999999987,7.5343113381828e-17,2.826902170948758e-16,0.11655927696219333,4.0089320789504395e-17,2.386228751283903e-16,0.08344072303780631,0.19999999999999984
2024-11-04,0.19999999999999987,2.03493909605423e-16,0.19999999999999993,1.0291264483894024e-16,0.19999999999999987,7.5343113381828e-17,2.826902170948758e-16,0.11655927696219333,4.0089320789504395e-17,2.386228751283903e-16,0.08344072303780631,0.19999999999999984
2024-11-05,0.19999999999999987,2.03493909605423e-16,0.19999999999999993,1.0291264483894024e-16,0.19999999999999987,7.5343113381828e-17,2.826902170948758e-16,0.11655927696219333,4.0089320789504395e-17,2.386228751283903e-16,0.08344072303780631,0.19999999999999984
2024-11-06,0.2,0.0,0.2,0.0,0.2,0.0,0.0,0.0,0.0,0.0,0.2,0.2
2024-11-07,0.2,0.0,0.2,0.0,0.2,0.0,0.0,0.0,0.0,0.0,0.2,0.2
2024-11-08,0.2,0.0,0.2,0.0,0.2,0.0,0.0,0.0,0.0,0.0,0.2,0.2
2024-11-11,0.2,0.0,0.2,0.0,0.2,0.0,0.0,0.0,0.0,0.0,0.2,0.2
2024-11-12,0.2,0.0,0.2,0.0,0.2,0.0,0.0,0.0,0.0,0.0,0.2,0.2
2024-11-13,0.1166277942911063,6.365622005205518e-17,0.1999999999999998,1.1605029003741718e-16,0.1999999999999999,0.19999999999999976,7.92416262815343e-17,0.08337220570889371,5.553825628556996e-17,7.272624885125423e-17,3.753236870601695e-16,0.19999999999999976
2024-11-14,0.1166277942911063,6.365622005205518e-17,0.1999999999999998,1.1605029003741718e-16,0.1999999999999999,0.19999999999999976,7.92416262815343e-17,0.08337220570889371,5.553825628556996e-17,7.272624885125423e-17,3.753236870601695e-16,0.19999999999999976
2024-11-15,0.1166277942911063,6.365622005205518e-17,0.1999999999999998,1.1605029003741718e-16,0.1999999999999999,0.19999999999999976,7.92416262815343e-17,0.08337220570889371,5.553825628556996e-17,7.272624885125423e-17,3.753236870601695e-16,0.19999999999999976
2024-11-18,0.1166277942911063,6.365622005205518e-17,0.1999999999999998,1.1605029003741718e-16,0.1999999999999999,0.19999999999999976,7.92416262815343e-17,0.08337220570889371,5.553825628556996e-17,7.272624885125423e-17,3.753236870601695e-16,0.19999999999999976
2024-11-19,0.1166277942911063,6.365622005205518e-17,0.1999999999999998,1.1605029003741718e-16,0.1999999999999999,0.19999999999999976,7.92416262815343e-17,0.08337220570889371,5.553825628556996e-17,7.272624885125423e-17,3.753236870601695e-16,0.19999999999999976
2024-11-20,1.8829009637505726e-16,1.1131029314711769e-16,0.1999999999999999,6.506369029487951e-17,0.1999999999999997,0.0,2.0553841983941607e-16,0.19999999999999973,1.237952150370126e-16,7.231150571724057e-17,0.19999999999999984,0.2
2024-11-21,1.8829009637505726e-16,1.1131029314711769e-16,0.1999999999999999,6.506369029487951e-17,0.1999999999999997,0.0,2.0553841983941607e-16,0.19999999999999973,1.237952150370126e-16,7.231150571724057e-17,0.19999999999999984,0.2
2024-11-22,1.8829009637505726e-16,1.1131029314711769e-16,0.1999999999999999,6.506369029487951e-17,0.1999999999999997,0.0,2.0553841983941607e-16,0.19999999999999973,1.237952150370126e-16,7.231150571724057e-17,0.19999999999999984,0.2
2024-11-25,1.8829009637505726e-16,1.1131029314711769e-16,0.1999999999999999,6.506369029487951e-17,0.1999999999999997,0.0,2.0553841983941607e-16,0.19999999999999973,1.237952150370126e-16,7.231150571724057e-17,0.19999999999999984,0.2
2024-11-26,1.8829009637505726e-16,1.1131029314711769e-16,0.1999999999999999,6.506369029487951e-17,0.1999999999999997,0.0,2.0553841983941607e-16,0.19999999999999973,1.237952150370126e-16,7.231150571724057e-17,0.19999999999999984,0.2
2024-11-27,3.187554387107383e-17,0.0,0.2,0.0,0.2,0.2,0.0,0.2,0.0,4.9859747407177135e-17,0.0,0.2
2024-11-29,3.187554387107383e-17,0.0,0.2,0.0,0.2,0.2,0.0,0.2,0.0,4.9859747407177135e-17,0.0,0.2
2024-12-02,3.187554387107383e-17,0.0,0.2,0.0,0.2,0.2,0.0,0.2,0.0,4.9859747407177135e-17,0.0,0.2
2024-12-03,3.187554387107383e-17,0.0,0.2,0.0,0.2,0.2,0.0,0.2,0.0,4.9859747407177135e-17,0.0,0.2
2024-12-04,3.187554387107383e-17,0.0,0.2,0.0,0.2,0.2,0.0,0.2,0.0,4.9859747407177135e-17,0.0,0.2
2024-12-05,0.19999999999999987,9.540979117872439e-18,0.2,0.0,0.2,0.1999999999999998,0.0,1.3877787807814457e-16,6.852157730108388e-17,0.0,3.165870343657673e-16,0.19999999999999982
2024-12-06,0.19999999999999987,9.540979117872439e-18,0.2,0.0,0.2,0.1999999999999998,0.0,1.3877787807814457e-16,6.852157730108388e-17,0.0,3.165870343657673e-16,0.19999999999999982
2024-12-09,0.19999999999999987,9.540979117872439e-18,0.2,0.0,0.2,0.1999999999999998,0.0,1.3877787807814457e-16,6.852157730108388e-17,0.0,3.165870343657673e-16,0.19999999999999982
2024-12-10,0.19999999999999987,9.540979117872439e-18,0.2,0.0,0.2,0.1999999999999998,0.0,1.3877787807814457e-16,6.852157730108388e-17,0.0,3.165870343657673e-16,0.19999999999999982
2024-12-11,0.19999999999999987,9.540979117872439e-18,0.2,0.0,0.2,0.1999999999999998,0.0,1.3877787807814457e-16,6.852157730108388e-17,0.0,3.165870343657673e-16,0.19999999999999982
2024-12-12,0.12323084343428277,0.0,0.2,0.0,0.0767691565657175,0.1999999999999999,0.0,0.0,8.847089727481716e-17,3.0350513989101666e-17,0.2,0.19999999999999996
2024-12-13,0.12323084343428277,0.0,0.2,0.0,0.0767691565657175,0.1999999999999999,0.0,0.0,8.847089727481716e-17,3.0350513989101666e-17,0.2,0.19999999999999996
2024-12-16,0.12323084343428277,0.0,0.2,0.0,0.0767691565657175,0.1999999999999999,0.0,0.0,8.847089727481716e-17,3.0350513989101666e-17,0.2,0.19999999999999996
2024-12-17,0.12323084343428277,0.0,0.2,0.0,0.0767691565657175,0.1999999999999999,0.0,0.0,8.847089727481716e-17,3.0350513989101666e-17,0.2,0.19999999999999996
2024-12-18,0.12323084343428277,0.0,0.2,0.0,0.0767691565657175,0.1999999999999999,0.0,0.0,8.847089727481716e-17,3.0350513989101666e-17,0.2,0.19999999999999996
2024-12-19,0.2,6.261267546103788e-17,0.19999999999999984,6.684106393373135e-17,0.0,0.19999999999999987,2.0729945537922845e-16,0.0,4.087442190270352e-17,7.296680620827445e-17,0.2,0.2
2024-12-20,0.2,6.261267546103788e-17,0.19999999999999984,6.684106393373135e-17,0.0,0.19999999999999987,2.0729945537922845e-16,0.0,4.087442190270352e-17,7.296680620827445e-17,0.2,0.2
2024-12-23,0.2,6.261267546103788e-17,0.19999999999999984,6.684106393373135e-17,0.0,0.19999999999999987,2.0729945537922845e-16,0.0,4.087442190270352e-17,7.296680620827445e-17,0.2,0.2
2024-12-24,0.2,6.261267546103788e-17,0.19999999999999984,6.684106393373135e-17,0.0,0.19999999999999987,2.0729945537922845e-16,0.0,4.087442190270352e-17,7.296680620827445e-17,0.2,0.2
2024-12-26,0.2,6.261267546103788e-17,0.19999999999999984,6.684106393373135e-17,0.0,0.19999999999999987,2.0729945537922845e-16,0.0,4.087442190270352e-17,7.296680620827445e-17,0.2,0.2
2024-12-27,0.2,6.261267546103788e-17,0.19999999999999984,6.684106393373135e-17,0.0,0.19999999999999987,2.0729945537922845e-16,0.0,4.087442190270352e-17,7.296680620827445e-17,0.2,0.2
2024-12-30,0.2,6.261267546103788e-17,0.19999999999999984,6.684106393373135e-17,0.0,0.19999999999999987,2.0729945537922845e-16,0.0,4.087442190270352e-17,7.296680620827445e-17,0.2,0.2
2024-12-31,0.2,6.261267546103788e-17,0.19999999999999984,6.684106393373135e-17,0.0,0.19999999999999987,2.0729945537922845e-16,0.0,4.087442190270352e-17,7.296680620827445e-17,0.2,0.2
2025-01-02,0.2,6.261267546103788e-17,0.19999999999999984,6.684106393373135e-17,0.0,0.19999999999999987,2.0729945537922845e-16,0.0,4.087442190270352e-17,7.296680620827445e-17,0.2,0.2
2025-01-03,0.2,6.261267546103788e-17,0.19999999999999984,6.684106393373135e-17,0.0,0.19999999999999987,2.0729945537922845e-16,0.0,4.087442190270352e-17,7.296680620827445e-17,0.2,0.2
2025-01-06,0.2,6.261267546103788e-17,0.19999999999999984,6.684106393373135e-17,0.0,0.19999999999999987,2.0729945537922845e-16,0.0,4.087442190270352e-17,7.296680620827445e-17,0.2,0.2
2025-01-07,0.2,6.261267546103788e-17,0.19999999999999984,6.684106393373135e-17,0.0,0.19999999999999987,2.0729945537922845e-16,0.0,4.087442190270352e-17,7.296680620827445e-17,0.2,0.2
2025-01-08,0.2,6.261267546103788e-17,0.19999999999999984,6.684106393373135e-17,0.0,0.19999999999999987,2.0729945537922845e-16,0.0,4.087442190270352e-17,7.296680620827445e-17,0.2,0.2
2025-01-10,0.2,6.261267546103788e-17,0.19999999999999984,6.684106393373135e-17,0.0,0.19999999999999987,2.0729945537922845e-16,0.0,4.087442190270352e-17,7.296680620827445e-17,0.2,0.2
2025-01-13,0.2,6.261267546103788e-17,0.19999999999999984,6.684106393373135e-17,0.0,0.19999999999999987,2.0729945537922845e-16,0.0,4.087442190270352e-17,7.296680620827445e-17,0.2,0.2
2025-01-14,0.12264280948335003,1.519441582102654e-16,0.19999999999999982,8.988713636262635e-17,1.6807844178956532e-16,0.19999999999999987,1.2372102040775212e-16,0.07735719051665021,4.5258664437691776e-17,0.0,0.19999999999999987,0.19999999999999962
2025-01-15,0.12264280948335003,1.519441582102654e-16,0.19999999999999982,8.988713636262635e-17,1.6807844178956532e-16,0.19999999999999987,1.2372102040775212e-16,0.07735719051665021,4.5258664437691776e-17,0.0,0.19999999999999987,0.19999999999999962
2025-01-16,0.12264280948335003,1.519441582102654e-16,0.19999999999999982,8.988713636262635e-17,1.6807844178956532e-16,0.19999999999999987,1.2372102040775212e-16,0.07735719051665021,4.5258664437691776e-17,0.0,0.19999999999999987,0.19999999999999962
2025-01-17,0.12264280948335003,1.519441582102654e-16,0.19999999999999982,8.988713636262635e-17,1.6807844178956532e-16,0.19999999999999987,1.2372102040775212e-16,0.07735719051665021,4.5258664437691776e-17,0.0,0.19999999999999987,0.19999999999999962
2025-01-21,0.12264280948335003,1.519441582102654e-16,0.19999999999999982,8.988713636262635e-17,1.6807844178956532e-16,0.19999999999999987,1.2372102040775212e-16,0.07735719051665021,4.5258664437691776e-17,0.0,0.19999999999999987,0.19999999999999962
2025-01-22,0.0,0.0,0.2,0.0,0.09192509866108611,0.2,3.331165443829183e-17,0.2,0.0,0.0,0.2,0.10807490133891388
2025-01-23,0.0,0.0,0.2,0.0,0.09192509866108611,0.2,3.331165443829183e-17,0.2,0.0,0.0,0.2,0.10807490133891388
2025-01-24,0.0,0.0,0.2,0.0,0.09192509866108611,0.2,3.331165443829183e-17,0.2,0.0,0.0,0.2,0.10807490133891388
2025-01-27,0.0,0.0,0.2,0.0,0.09192509866108611,0.2,3.331165443829183e-17,0.2,0.0,0.0,0.2,0.10807490133891388
2025-01-28,0.0,0.0,0.2,0.0,0.09192509866108611,0.2,3.331165443829183e-17,0.2,0.0,0.0,0.2,0.10807490133891388
2025-01-29,0.0,0.0,0.2,0.0,0.09192509866108611,0.2,3.331165443829183e-17,0.2,0.0,0.0,0.2,0.10807490133891388
2025-01-30,0.0,0.0,0.2,0.0,0.09192509866108611,0.2,3.331165443829183e-17,0.2,0.0,0.0,0.2,0.10807490133891388
2025-01-31,0.0,0.0,0.2,0.0,0.09192509866108611,0.2,3.331165443829183e-17,0.2,0.0,0.0,0.2,0.10807490133891388
2025-02-03,0.0,0.0,0.2,0.0,0.09192509866108611,0.2,3.331165443829183e-17,0.2,0.0,0.0,0.2,0.10807490133891388
2025-02-04,0.0,0.0,0.2,0.0,0.09192509866108611,0.2,3.331165443829183e-17,0.2,0.0,0.0,0.2,0.10807490133891388
2025-02-05,2.4716237885200112e-17,0.10318449556150393,2.5749046277110475e-18,0.12504979531042165,0.09088251389461059,7.282885317305133e-18,0.2,0.08088319523346396,2.8130360928188856e-17,0.2,0.2,2.6504885991675073e-18
2025-02-06,2.4716237885200112e-17,0.10318449556150393,2.5749046277110475e-18,0.12504979531042165,0.09088251389461059,7.282885317305133e-18,0.2,0.08088319523346396,2.8130360928188856e-17,0.2,0.2,2.6504885991675073e-18
2025-02-07,2.4716237885200112e-17,0.10318449556150393,2.5749046277110475e-18,0.12504979531042165,0.09088251389461059,7.282885317305133e-18,0.2,0.08088319523346396,2.8130360928188856e-17,0.2,0.2,2.6504885991675073e-18
2025-02-10,2.4716237885200112e-17,0.10318449556150393,2.5749046277110475e-18,0.12504979531042165,0.09088251389461059,7.282885317305133e-18,0.2,0.08088319523346396,2.8130360928188856e-17,0.2,0.2,2.6504885991675073e-18
2025-02-11,2.4716237885200112e-17,0.10318449556150393,2.5749046277110475e-18,0.12504979531042165,0.09088251389461059,7.282885317305133e-18,0.2,0.08088319523346396,2.8130360928188856e-17,0.2,0.2,2.6504885991675073e-18
2025-02-12,0.0,9.804212987640519e-18,0.2,0.0,1.457167719820518e-16,0.2,2.94208161097575e-17,0.2,0.0,0.0,0.19999999999999998,0.2
2025-02-13,0.0,9.804212987640519e-18,0.2,0.0,1.457167719820518e-16,0.2,2.94208161097575e-17,0.2,0.0,0.0,0.19999999999999998,0.2
2025-02-14,0.0,9.804212987640519e-18,0.2,0.0,1.457167719820518e-16,0.2,2.94208161097575e-17,0.2,0.0,0.0,0.19999999999999998,0.2
2025-02-18,0.0,9.804212987640519e-18,0.2,0.0,1.457167719820518e-16,0.2,2.94208161097575e-17,0.2,0.0,0.0,0.19999999999999998,0.2
2025-02-19,0.0,9.804212987640519e-18,0.2,0.0,1.457167719820518e-16,0.2,2.94208161097575e-17,0.2,0.0,0.0,0.19999999999999998,0.2
2025-02-20,0.0,9.804212987640519e-18,0.2,0.0,1.457167719820518e-16,0.2,2.94208161097575e-17,0.2,0.0,0.0,0.19999999999999998,0.2
2025-02-21,0.0,9.804212987640519e-18,0.2,0.0,1.457167719820518e-16,0.2,2.94208161097575e-17,0.2,0.0,0.0,0.19999999999999998,0.2
2025-02-24,0.0,9.804212987640519e-18,0.2,0.0,1.457167719820518e-16,0.2,2.94208161097575e-17,0.2,0.0,0.0,0.19999999999999998,0.2
2025-02-25,0.0,9.804212987640519e-18,0.2,0.0,1.457167719820518e-16,0.2,2.94208161097575e-17,0.2,0.0,0.0,0.19999999999999998,0.2
2025-02-26,0.0,9.804212987640519e-18,0.2,0.0,1.457167719820518e-16,0.2,2.94208161097575e-17,0.2,0.0,0.0,0.19999999999999998,0.2
2025-02-27,2.4716237885200112e-17,0.10318449556150393,2.5749046277110475e-18,0.12504979531042165,0.09088251389461059,7.282885317305133e-18,0.2,0.08088319523346396,2.8130360928188856e-17,0.2,0.2,2.6504885991675073e-18
2025-02-28,2.4716237885200112e-17,0.10318449556150393,2.5749046277110475e-18,0.12504979531042165,0.09088251389461059,7.282885317305133e-18,0.2,0.08088319523346396,2.8130360928188856e-17,0.2,0.2,2.6504885991675073e-18
2025-03-03,2.4716237885200112e-17,0.10318449556150393,2.5749046277110475e-18,0.12504979531042165,0.09088251389461059,7.282885317305133e-18,0.2,0.08088319523346396,2.8130360928188856e-17,0.2,0.2,2.6504885991675073e-18
2025-03-04,2.4716237885200112e-17,0.10318449556150393,2.5749046277110475e-18,0.12504979531042165,0.09088251389461059,7.282885317305133e-18,0.2,0.08088319523346396,2.8130360928188856e-17,0.2,0.2,2.6504885991675073e-18
2025-03-05,2.4716237885200112e-17,0.10318449556150393,2.5749046277110475e-18,0.12504979531042165,0.09088251389461059,7.282885317305133e-18,0.2,0.08088319523346396,2.8130360928188856e-17,0.2,0.2,2.6504885991675073e-18
2025-03-06,6.8642489468127976e-18,0.11139730878635043,6.796424239845773e-18,0.1272890168244374,0.13549351077059874,1.9538102400866e-17,0.2,0.00023506784475045358,1.2809295525459096e-17,0.2,0.2,0.025585095773863035
2025-03-07,6.8642489468127976e-18,0.11139730878635043,6.796424239845773e-18,0.1272890168244374,0.13549351077059874,1.9538102400866e-17,0.2,0.00023506784475045358,1.2809295525459096e-17,0.2,0.2,0.025585095773863035
2025-03-10,6.8642489468127976e-18,0.11139730878635043,6.796424239845773e-18,0.1272890168244374,0.13549351077059874,1.9538102400866e-17,0.2,0.00023506784475045358,1.2809295525459096e-17,0.2,0.2,0.025585095773863035
2025-03-11,6.8642489468127976e-18,0.11139730878635043,6.796424239845773e-18,0.1272890168244374,0.13549351077059874,1.9538102400866e-17,0.2,0.00023506784475045358,1.2809295525459096e-17,0.2,0.2,0.025585095773863035
2025-03-12,6.8642489468127976e-18,0.11139730878635043,6.796424239845773e-18,0.1272890168244374,0.13549351077059874,1.9538102400866e-17,0.2,0.00023506784475045358,1.2809295525459096e-17,0.2,0.2,0.025585095773863035
2025-03-13,3.608818932147616e-18,0.09729524372877617,1.8576323249915344e-18,0.12035940193146774,0.09680468408783509,1.7910516650384418e-17,0.2,0.02101333051959543,2.0056161666786777e-17,0.2,0.2,0.06452733973232572
2025-03-14,3.608818932147616e-18,0.09729524372877617,1.8576323249915344e-18,0.12035940193146774,0.09680468408783509,1.7910516650384418e-17,0.2,0.02101333051959543,2.0056161666786777e-17,0.2,0.2,0.06452733973232572
2025-03-17,3.608818932147616e-18,0.09729524372877617,1.8576323249915344e-18,0.12035940193146774,0.09680468408783509,1.7910516650384418e-17,0.2,0.02101333051959543,2.0056161666786777e-17,0.2,0.2,0.06452733973232572
2025-03-18,3.608818932147616e-18,0.09729524372877617,1.8576323249915344e-18,0.12035940193146774,0.09680468408783509,1.7910516650384418e-17,0.2,0.02101333051959543,2.0056161666786777e-17,0.2,0.2,0.06452733973232572
2025-03-19,3.608818932147616e-18,0.09729524372877617,1.8576323249915344e-18,0.12035940193146774,0.09680468408783509,1.7910516650384418e-17,0.2,0.02101333051959543,2.0056161666786777e-17,0.2,0.2,0.06452733973232572
2025-03-20,3.608818932147616e-18,0.09729524372877617,1.8576323249915344e-18,0.12035940193146774,0.09680468408783509,1.7910516650384418e-17,0.2,0.02101333051959543,2.0056161666786777e-17,0.2,0.2,0.06452733973232572
2025-03-21,3.608818932147616e-18,0.09729524372877617,1.8576323249915344e-18,0.12035940193146774,0.09680468408783509,1.7910516650384418e-17,0.2,0.02101333051959543,2.0056161666786777e-17,0.2,0.2,0.06452733973232572
2025-03-24,3.608818932147616e-18,0.09729524372877617,1.8576323249915344e-18,0.12035940193146774,0.09680468408783509,1.7910516650384418e-17,0.2,0.02101333051959543,2.0056161666786777e-17,0.2,0.2,0.06452733973232572
2025-03-25,3.608818932147616e-18,0.09729524372877617,1.8576323249915344e-18,0.12035940193146774,0.09680468408783509,1.7910516650384418e-17,0.2,0.02101333051959543,2.0056161666786777e-17,0.2,0.2,0.06452733973232572
2025-03-26,3.608818932147616e-18,0.09729524372877617,1.8576323249915344e-18,0.12035940193146774,0.09680468408783509,1.7910516650384418e-17,0.2,0.02101333051959543,2.0056161666786777e-17,0.2,0.2,0.06452733973232572
2025-03-27,3.608818932147616e-18,0.09729524372877617,1.8576323249915344e-18,0.12035940193146774,0.09680468408783509,1.7910516650384418e-17,0.2,0.02101333051959543,2.0056161666786777e-17,0.2,0.2,0.06452733973232572
2025-03-28,3.608818932147616e-18,0.09729524372877617,1.8576323249915344e-18,0.12035940193146774,0.09680468408783509,1.7910516650384418e-17,0.2,0.02101333051959543,2.0056161666786777e-17,0.2,0.2,0.06452733973232572
2025-03-31,3.608818932147616e-18,0.09729524372877617,1.8576323249915344e-18,0.12035940193146774,0.09680468408783509,1.7910516650384418e-17,0.2,0.02101333051959543,2.0056161666786777e-17,0.2,0.2,0.06452733973232572
2025-04-01,3.608818932147616e-18,0.09729524372877617,1.8576323249915344e-18,0.12035940193146774,0.09680468408783509,1.7910516650384418e-17,0.2,0.02101333051959543,2.0056161666786777e-17,0.2,0.2,0.06452733973232572
2025-04-02,3.608818932147616e-18,0.09729524372877617,1.8576323249915344e-18,0.12035940193146774,0.09680468408783509,1.7910516650384418e-17,0.2,0.02101333051959543,2.0056161666786777e-17,0.2,0.2,0.06452733973232572
2025-04-03,3.608818932147616e-18,0.09729524372877617,1.8576323249915344e-18,0.12035940193146774,0.09680468408783509,1.7910516650384418e-17,0.2,0.02101333051959543,2.0056161666786777e-17,0.2,0.2,0.06452733973232572
2025-04-04,3.608818932147616e-18,0.09729524372877617,1.8576323249915344e-18,0.12035940193146774,0.09680468408783509,1.7910516650384418e-17,0.2,0.02101333051959543,2.0056161666786777e-17,0.2,0.2,0.06452733973232572
2025-04-07,3.608818932147616e-18,0.09729524372877617,1.8576323249915344e-18,0.12035940193146774,0.09680468408783509,1.7910516650384418e-17,0.2,0.02101333051959543,2.0056161666786777e-17,0.2,0.2,0.06452733973232572
2025-04-08,3.608818932147616e-18,0.09729524372877617,1.8576323249915344e-18,0.12035940193146774,0.09680468408783509,1.7910516650384418e-17,0.2,0.02101333051959543,2.0056161666786777e-17,0.2,0.2,0.06452733973232572
2025-04-09,3.608818932147616e-18,0.09729524372877617,1.8576323249915344e-18,0.12035940193146774,0.09680468408783509,1.7910516650384418e-17,0.2,0.02101333051959543,2.0056161666786777e-17,0.2,0.2,0.06452733973232572
2025-04-10,9.824154290636977e-18,0.07950832805785817,3.577952929609638e-17,8.887135226688367e-20,1.225715184454006e-16,1.5819321227948786e-17,0.2,0.18172753971923367,1.5741134741095304e-16,0.2,0.2,0.13876413222290795
2025-04-11,9.824154290636977e-18,0.07950832805785817,3.577952929609638e-17,8.887135226688367e-20,1.225715184454006e-16,1.5819321227948786e-17,0.2,0.18172753971923367,1.5741134741095304e-16,0.2,0.2,0.13876413222290795
2025-04-14,9.824154290636977e-18,0.07950832805785817,3.577952929609638e-17,8.887135226688367e-20,1.225715184454006e-16,1.5819321227948786e-17,0.2,0.18172753971923367,1.5741134741095304e-16,0.2,0.2,0.13876413222290795
2025-04-15,9.824154290636977e-18,0.07950832805785817,3.577952929609638e-17,8.887135226688367e-20,1.225715184454006e-16,1.5819321227948786e-17,0.2,0.18172753971923367,1.5741134741095304e-16,0.2,0.2,0.13876413222290795
2025-04-16,9.824154290636977e-18,0.07950832805785817,3.577952929609638e-17,8.887135226688367e-20,1.225715184454006e-16,1.5819321227948786e-17,0.2,0.18172753971923367,1.5741134741095304e-16,0.2,0.2,0.13876413222290795
2025-04-17,0.0,0.10975275909543254,1.9681995511197522e-17,2.378377557274336e-17,4.163336342344337e-17,0.0,0.2,0.15653744629891778,0.0,0.2,0.2,0.13370979460564958
2025-04-21,0.0,0.10975275909543254,1.9681995511197522e-17,2.378377557274336e-17,4.163336342344337e-17,0.0,0.2,0.15653744629891778,0.0,0.2,0.2,0.13370979460564958
2025-04-22,0.0,0.10975275909543254,1.9681995511197522e-17,2.378377557274336e-17,4.163336342344337e-17,0.0,0.2,0.15653744629891778,0.0,0.2,0.2,0.13370979460564958
2025-04-23,0.0,0.10975275909543254,1.9681995511197522e-17,2.378377557274336e-17,4.163336342344337e-17,0.0,0.2,0.15653744629891778,0.0,0.2,0.2,0.13370979460564958
2025-04-24,0.0,0.10975275909543254,1.9681995511197522e-17,2.378377557274336e-17,4.163336342344337e-17,0.0,0.2,0.15653744629891778,0.0,0.2,0.2,0.13370979460564958
2025-04-25,2.385918769072786e-17,0.046505070428495714,4.573251540609341e-18,2.505639563622222e-17,0.005165134079401501,1.2686217886952793e-17,0.2,0.19112715126617916,4.7515631197409437e-20,0.2,0.2,0.15720264422592364
2025-04-28,2.385918769072786e-17,0.046505070428495714,4.573251540609341e-18,2.505639563622222e-17,0.005165134079401501,1.2686217886952793e-17,0.2,0.19112715126617916,4.7515631197409437e-20,0.2,0.2,0.15720264422592364
2025-04-29,2.385918769072786e-17,0.046505070428495714,4.573251540609341e-18,2.505639563622222e-17,0.005165134079401501,1.2686217886952793e-17,0.2,0.19112715126617916,4.7515631197409437e-20,0.2,0.2,0.15720264422592364
2025-04-30,2.385918769072786e-17,0.046505070428495714,4.573251540609341e-18,2.505639563622222e-17,0.005165134079401501,1.2686217886952793e-17,0.2,0.19112715126617916,4.7515631197409437e-20,0.2,0.2,0.15720264422592364
2025-05-01,2.385918769072786e-17,0.046505070428495714,4.573251540609341e-18,2.505639563622222e-17,0.005165134079401501,1.2686217886952793e-17,0.2,0.19112715126617916,4.7515631197409437e-20,0.2,0.2,0.15720264422592364
2025-05-02,2.385918769072786e-17,0.046505070428495714,4.573251540609341e-18,2.505639563622222e-17,0.005165134079401501,1.2686217886952793e-17,0.2,0.19112715126617916,4.7515631197409437e-20,0.2,0.2,0.15720264422592364
2025-05-05,2.385918769072786e-17,0.046505070428495714,4.573251540609341e-18,2.505639563622222e-17,0.005165134079401501,1.2686217886952793e-17,0.2,0.19112715126617916,4.7515631197409437e-20,0.2,0.2,0.15720264422592364
2025-05-06,2.385918769072786e-17,0.046505070428495714,4.573251540609341e-18,2.505639563622222e-17,0.005165134079401501,1.2686217886952793e-17,0.2,0.19112715126617916,4.7515631197409437e-20,0.2,0.2,0.15720264422592364
2025-05-07,2.385918769072786e-17,0.046505070428495714,4.573251540609341e-18,2.505639563622222e-17,0.005165134079401501,1.2686217886952793e-17,0.2,0.19112715126617916,4.7515631197409437e-20,0.2,0.2,0.15720264422592364
2025-05-08,2.385918769072786e-17,0.046505070428495714,4.573251540609341e-18,2.505639563622222e-17,0.005165134079401501,1.2686217886952793e-17,0.2,0.19112715126617916,4.7515631197409437e-20,0.2,0.2,0.15720264422592364
2025-05-09,2.385918769072786e-17,0.046505070428495714,4.573251540609341e-18,2.505639563622222e-17,0.005165134079401501,1.2686217886952793e-17,0.2,0.19112715126617916,4.7515631197409437e-20,0.2,0.2,0.15720264422592364
2025-05-12,2.385918769072786e-17,0.046505070428495714,4.573251540609341e-18,2.505639563622222e-17,0.005165134079401501,1.2686217886952793e-17,0.2,0.19112715126617916,4.7515631197409437e-20,0.2,0.2,0.15720264422592364
2025-05-13,2.385918769072786e-17,0.046505070428495714,4.573251540609341e-18,2.505639563622222e-17,0.005165134079401501,1.2686217886952793e-17,0.2,0.19112715126617916,4.7515631197409437e-20,0.2,0.2,0.15720264422592364
2025-05-14,2.385918769072786e-17,0.046505070428495714,4.573251540609341e-18,2.505639563622222e-17,0.005165134079401501,1.2686217886952793e-17,0.2,0.19112715126617916,4.7515631197409437e-20,0.2,0.2,0.15720264422592364
2025-05-15,2.385918769072786e-17,0.046505070428495714,4.573251540609341e-18,2.505639563622222e-17,0.005165134079401501,1.2686217886952793e-17,0.2,0.19112715126617916,4.7515631197409437e-20,0.2,0.2,0.15720264422592364
2025-05-16,2.385918769072786e-17,0.046505070428495714,4.573251540609341e-18,2.505639563622222e-17,0.005165134079401501,1.2686217886952793e-17,0.2,0.19112715126617916,4.7515631197409437e-20,0.2,0.2,0.15720264422592364
2025-05-19,2.385918769072786e-17,0.046505070428495714,4.573251540609341e-18,2.505639563622222e-17,0.005165134079401501,1.2686217886952793e-17,0.2,0.19112715126617916,4.7515631197409437e-20,0.2,0.2,0.15720264422592364
2025-05-20,2.385918769072786e-17,0.046505070428495714,4.573251540609341e-18,2.505639563622222e-17,0.005165134079401501,1.2686217886952793e-17,0.2,0.19112715126617916,4.7515631197409437e-20,0.2,0.2,0.15720264422592364
2025-05-21,2.385918769072786e-17,0.046505070428495714,4.573251540609341e-18,2.505639563622222e-17,0.005165134079401501,1.2686217886952793e-17,0.2,0.19112715126617916,4.7515631197409437e-20,0.2,0.2,0.15720264422592364
2025-05-22,2.385918769072786e-17,0.046505070428495714,4.573251540609341e-18,2.505639563622222e-17,0.005165134079401501,1.2686217886952793e-17,0.2,0.19112715126617916,4.7515631197409437e-20,0.2,0.2,0.15720264422592364
2025-05-23,9.201077717594889e-22,0.027656210462366253,6.674329613649816e-17,1.6790846350247421e-19,0.08331210507490178,0.0,0.19999999999999996,0.14436556627224248,0.037286976699324154,0.2,0.2,0.10737914149116548
2025-05-27,9.201077717594889e-22,0.027656210462366253,6.674329613649816e-17,1.6790846350247421e-19,0.08331210507490178,0.0,0.19999999999999996,0.14436556627224248,0.037286976699324154,0.2,0.2,0.10737914149116548
2025-05-28,9.201077717594889e-22,0.027656210462366253,6.674329613649816e-17,1.6790846350247421e-19,0.08331210507490178,0.0,0.19999999999999996,0.14436556627224248,0.037286976699324154,0.2,0.2,0.10737914149116548
2025-05-29,9.201077717594889e-22,0.027656210462366253,6.674329613649816e-17,1.6790846350247421e-19,0.08331210507490178,0.0,0.19999999999999996,0.14436556627224248,0.037286976699324154,0.2,0.2,0.10737914149116548
2025-05-30,9.201077717594889e-22,0.027656210462366253,6.674329613649816e-17,1.6790846350247421e-19,0.08331210507490178,0.0,0.19999999999999996,0.14436556627224248,0.037286976699324154,0.2,0.2,0.10737914149116548
2025-06-02,1.0162532215706818e-16,0.0,0.2,0.0,0.1999999999999997,0.2,0.0,0.1999999999999997,0.0,0.0,0.2,3.226585665316861e-16
2025-06-03,1.0162532215706818e-16,0.0,0.2,0.0,0.1999999999999997,0.2,0.0,0.1999999999999997,0.0,0.0,0.2,3.226585665316861e-16
2025-06-04,1.0162532215706818e-16,0.0,0.2,0.0,0.1999999999999997,0.2,0.0,0.1999999999999997,0.0,0.0,0.2,3.226585665316861e-16
2025-06-05,1.0162532215706818e-16,0.0,0.2,0.0,0.1999999999999997,0.2,0.0,0.1999999999999997,0.0,0.0,0.2,3.226585665316861e-16
2025-06-06,1.0162532215706818e-16,0.0,0.2,0.0,0.1999999999999997,0.2,0.0,0.1999999999999997,0.0,0.0,0.2,3.226585665316861e-16
2025-06-09,0.13582952473839824,0.0,0.2,0.0,0.2,0.2,7.719519468096792e-17,0.0641704752616015,4.336808689942018e-19,0.0,0.2,0.0
2025-06-10,0.13582952473839824,0.0,0.2,0.0,0.2,0.2,7.719519468096792e-17,0.0641704752616015,4.336808689942018e-19,0.0,0.2,0.0
2025-06-11,0.13582952473839824,0.0,0.2,0.0,0.2,0.2,7.719519468096792e-17,0.0641704752616015,4.336808689942018e-19,0.0,0.2,0.0
2025-06-12,0.13582952473839824,0.0,0.2,0.0,0.2,0.2,7.719519468096792e-17,0.0641704752616015,4.336808689942018e-19,0.0,0.2,0.0
2025-06-13,0.13582952473839824,0.0,0.2,0.0,0.2,0.2,7.719519468096792e-17,0.0641704752616015,4.336808689942018e-19,0.0,0.2,0.0
2025-06-16,0.0,6.917209860457518e-17,0.2,0.0,0.2,0.2,8.543513119185775e-17,0.2,0.0,6.505213034913027e-17,0.19999999999999998,0.0
2025-06-17,0.0,6.917209860457518e-17,0.2,0.0,0.2,0.2,8.543513119185775e-17,0.2,0.0,6.505213034913027e-17,0.19999999999999998,0.0
2025-06-18,0.0,6.917209860457518e-17,0.2,0.0,0.2,0.2,8.543513119185775e-17,0.2,0.0,6.505213034913027e-17,0.19999999999999998,0.0
2025-06-20,0.0,6.917209860457518e-17,0.2,0.0,0.2,0.2,8.543513119185775e-17,0.2,0.0,6.505213034913027e-17,0.19999999999999998,0.0
2025-06-23,0.0,6.917209860457518e-17,0.2,0.0,0.2,0.2,8.543513119185775e-17,0.2,0.0,6.505213034913027e-17,0.19999999999999998,0.0
2025-06-24,0.0,6.917209860457518e-17,0.2,0.0,0.2,0.2,8.543513119185775e-17,0.2,0.0,6.505213034913027e-17,0.19999999999999998,0.0
2025-06-25,0.0,6.917209860457518e-17,0.2,0.0,0.2,0.2,8.543513119185775e-17,0.2,0.0,6.505213034913027e-17,0.19999999999999998,0.0
2025-06-26,0.0,6.917209860457518e-17,0.2,0.0,0.2,0.2,8.543513119185775e-17,0.2,0.0,6.505213034913027e-17,0.19999999999999998,0.0
2025-06-27,0.0,6.917209860457518e-17,0.2,0.0,0.2,0.2,8.543513119185775e-17,0.2,0.0,6.505213034913027e-17,0.19999999999999998,0.0
2025-06-30,0.0,6.917209860457518e-17,0.2,0.0,0.2,0.2,8.543513119185775e-17,0.2,0.0,6.505213034913027e-17,0.19999999999999998,0.0
2025-07-01,0.0,6.917209860457518e-17,0.2,0.0,0.2,0.2,8.543513119185775e-17,0.2,0.0,6.505213034913027e-17,0.19999999999999998,0.0
2025-07-02,0.0,6.917209860457518e-17,0.2,0.0,0.2,0.2,8.543513119185775e-17,0.2,0.0,6.505213034913027e-17,0.19999999999999998,0.0
2025-07-03,0.0,6.917209860457518e-17,0.2,0.0,0.2,0.2,8.543513119185775e-17,0.2,0.0,6.505213034913027e-17,0.19999999999999998,0.0
2025-07-07,0.0,6.917209860457518e-17,0.2,0.0,0.2,0.2,8.543513119185775e-17,0.2,0.0,6.505213034913027e-17,0.19999999999999998,0.0
2025-07-08,0.0,6.917209860457518e-17,0.2,0.0,0.2,0.2,8.543513119185775e-17,0.2,0.0,6.505213034913027e-17,0.19999999999999998,0.0
2025-07-09,0.0,6.917209860457518e-17,0.2,0.0,0.2,0.2,8.543513119185775e-17,0.2,0.0,6.505213034913027e-17,0.19999999999999998,0.0
2025-07-10,0.0,6.917209860457518e-17,0.2,0.0,0.2,0.2,8.543513119185775e-17,0.2,0.0,6.505213034913027e-17,0.19999999999999998,0.0
2025-07-11,0.0,6.917209860457518e-17,0.2,0.0,0.2,0.2,8.543513119185775e-17,0.2,0.0,6.505213034913027e-17,0.19999999999999998,0.0
2025-07-14,0.0,6.917209860457518e-17,0.2,0.0,0.2,0.2,8.543513119185775e-17,0.2,0.0,6.505213034913027e-17,0.19999999999999998,0.0
2025-07-15,0.0,6.917209860457518e-17,0.2,0.0,0.2,0.2,8.543513119185775e-17,0.2,0.0,6.505213034913027e-17,0.19999999999999998,0.0
2025-07-16,0.0,6.917209860457518e-17,0.2,0.0,0.2,0.2,8.543513119185775e-17,0.2,0.0,6.505213034913027e-17,0.19999999999999998,0.0
2025-07-17,0.0,6.917209860457518e-17,0.2,0.0,0.2,0.2,8.543513119185775e-17,0.2,0.0,6.505213034913027e-17,0.19999999999999998,0.0
2025-07-18,0.0,6.917209860457518e-17,0.2,0.0,0.2,0.2,8.543513119185775e-17,0.2,0.0,6.505213034913027e-17,0.19999999999999998,0.0
2025-07-21,0.0,6.917209860457518e-17,0.2,0.0,0.2,0.2,8.543513119185775e-17,0.2,0.0,6.505213034913027e-17,0.19999999999999998,0.0
2025-07-22,0.0,6.917209860457518e-17,0.2,0.0,0.2,0.2,8.543513119185775e-17,0.2,0.0,6.505213034913027e-17,0.19999999999999998,0.0
2025-07-23,0.0744227546042033,1.5233040523421337e-16,0.19999999999999993,1.1915381875615694e-16,0.1999999999999997,0.1255772453957966,2.4936649967166602e-18,0.19999999999999987,8.673617379884035e-17,1.734723475976807e-18,0.19999999999999996,3.9898639947466563e-16
2025-07-24,0.0744227546042033,1.5233040523421337e-16,0.19999999999999993,1.1915381875615694e-16,0.1999999999999997,0.1255772453957966,2.4936649967166602e-18,0.19999999999999987,8.673617379884035e-17,1.734723475976807e-18,0.19999999999999996,3.9898639947466563e-16
2025-07-25,0.0744227546042033,1.5233040523421337e-16,0.19999999999999993,1.1915381875615694e-16,0.1999999999999997,0.1255772453957966,2.4936649967166602e-18,0.19999999999999987,8.673617379884035e-17,1.734723475976807e-18,0.19999999999999996,3.9898639947466563e-16
2025-07-28,0.0744227546042033,1.5233040523421337e-16,0.19999999999999993,1.1915381875615694e-16,0.1999999999999997,0.1255772453957966,2.4936649967166602e-18,0.19999999999999987,8.673617379884035e-17,1.734723475976807e-18,0.19999999999999996,3.9898639947466563e-16
2025-07-29,0.0744227546042033,1.5233040523421337e-16,0.19999999999999993,1.1915381875615694e-16,0.1999999999999997,0.1255772453957966,2.4936649967166602e-18,0.19999999999999987,8.673617379884035e-17,1.734723475976807e-18,0.19999999999999996,3.9898639947466563e-16
2025-07-30,0.19999999999999987,1.061647646803873e-16,0.2,1.9807082106806455e-16,0.19999999999999993,0.19999999999999984,3.2678691998206376e-17,0.0,1.9283158000335372e-16,1.6873536678745143e-16,0.19999999999999973,0.0
2025-07-31,0.19999999999999987,1.061647646803873e-16,0.2,1.9807082106806455e-16,0.19999999999999993,0.19999999999999984,3.2678691998206376e-17,0.0,1.9283158000335372e-16,1.6873536678745143e-16,0.19999999999999973,0.0
2025-08-01,0.19999999999999987,1.061647646803873e-16,0.2,1.9807082106806455e-16,0.19999999999999993,0.19999999999999984,3.2678691998206376e-17,0.0,1.9283158000335372e-16,1.6873536678745143e-16,0.19999999999999973,0.0
2025-08-04,0.19999999999999987,1.061647646803873e-16,0.2,1.9807082106806455e-16,0.19999999999999993,0.19999999999999984,3.2678691998206376e-17,0.0,1.9283158000335372e-16,1.6873536678745143e-16,0.19999999999999973,0.0
2025-08-05,0.19999999999999987,1.061647646803873e-16,0.2,1.9807082106806455e-16,0.19999999999999993,0.19999999999999984,3.2678691998206376e-17,0.0,1.9283158000335372e-16,1.6873536678745143e-16,0.19999999999999973,0.0
2025-08-06,0.19999999999999968,5.847416452425551e-17,0.15188069283113337,9.627875596756312e-17,0.1327462196006013,0.11537308756826531,1.322780608961131e-16,0.19999999999999993,1.594377424519211e-16,2.2163823648186223e-17,0.2,4.0332320816460765e-17
2025-08-07,0.19999999999999968,5.847416452425551e-17,0.15188069283113337,9.627875596756312e-17,0.1327462196006013,0.11537308756826531,1.322780608961131e-16,0.19999999999999993,1.594377424519211e-16,2.2163823648186223e-17,0.2,4.0332320816460765e-17
2025-08-08,0.19999999999999968,5.847416452425551e-17,0.15188069283113337,9.627875596756312e-17,0.1327462196006013,0.11537308756826531,1.322780608961131e-16,0.19999999999999993,1.594377424519211e-16,2.2163823648186223e-17,0.2,4.0332320816460765e-17
2025-08-11,0.19999999999999968,5.847416452425551e-17,0.15188069283113337,9.627875596756312e-17,0.1327462196006013,0.11537308756826531,1.322780608961131e-16,0.19999999999999993,1.594377424519211e-16,2.2163823648186223e-17,0.2,4.0332320816460765e-17
2025-08-12,0.19999999999999968,5.847416452425551e-17,0.15188069283113337,9.627875596756312e-17,0.1327462196006013,0.11537308756826531,1.322780608961131e-16,0.19999999999999993,1.594377424519211e-16,2.2163823648186223e-17,0.2,4.0332320816460765e-17
2025-08-13,0.2,0.0,0.19999999999999987,0.0,0.1999999999999999,0.2,0.0,3.540011978251702e-17,0.0,3.3264069556639554e-17,0.2,0.0
2025-08-14,0.2,0.0,0.19999999999999987,0.0,0.1999999999999999,0.2,0.0,3.540011978251702e-17,0.0,3.3264069556639554e-17,0.2,0.0
2025-08-15,0.2,0.0,0.19999999999999987,0.0,0.1999999999999999,0.2,0.0,3.540011978251702e-17,0.0,3.3264069556639554e-17,0.2,0.0
2025-08-18,0.2,0.0,0.19999999999999987,0.0,0.1999999999999999,0.2,0.0,3.540011978251702e-17,0.0,3.3264069556639554e-17,0.2,0.0
2025-08-19,0.2,0.0,0.19999999999999987,0.0,0.1999999999999999,0.2,0.0,3.540011978251702e-17,0.0,3.3264069556639554e-17,0.2,0.0
2025-08-20,0.2,0.0,0.19999999999999987,0.0,0.1999999999999999,0.2,0.0,3.540011978251702e-17,0.0,3.3264069556639554e-17,0.2,0.0
2025-08-21,0.2,0.0,0.19999999999999987,0.0,0.1999999999999999,0.2,0.0,3.540011978251702e-17,0.0,3.3264069556639554e-17,0.2,0.0
2025-08-22,0.2,0.0,0.19999999999999987,0.0,0.1999999999999999,0.2,0.0,3.540011978251702e-17,0.0,3.3264069556639554e-17,0.2,0.0
2025-08-25,0.2,0.0,0.19999999999999987,0.0,0.1999999999999999,0.2,0.0,3.540011978251702e-17,0.0,3.3264069556639554e-17,0.2,0.0
2025-08-26,0.2,0.0,0.19999999999999987,0.0,0.1999999999999999,0.2,0.0,3.540011978251702e-17,0.0,3.3264069556639554e-17,0.2,0.0
2025-08-27,0.2,0.0,0.19999999999999987,0.0,0.1999999999999999,0.2,0.0,3.540011978251702e-17,0.0,3.3264069556639554e-17,0.2,0.0
2025-08-28,0.2,0.0,0.19999999999999987,0.0,0.1999999999999999,0.2,0.0,3.540011978251702e-17,0.0,3.3264069556639554e-17,0.2,0.0
2025-08-29,0.2,0.0,0.19999999999999987,0.0,0.1999999999999999,0.2,0.0,3.540011978251702e-17,0.0,3.3264069556639554e-17,0.2,0.0
2025-09-02,0.2,0.0,0.19999999999999987,0.0,0.1999999999999999,0.2,0.0,3.540011978251702e-17,0.0,3.3264069556639554e-17,0.2,0.0
2025-09-03,0.2,0.0,0.19999999999999987,0.0,0.1999999999999999,0.2,0.0,3.540011978251702e-17,0.0,3.3264069556639554e-17,0.2,0.0
2025-09-04,0.2,0.0,0.19999999999999987,0.0,0.1999999999999999,0.2,0.0,3.540011978251702e-17,0.0,3.3264069556639554e-17,0.2,0.0
2025-09-05,0.2,0.0,0.19999999999999987,0.0,0.1999999999999999,0.2,0.0,3.540011978251702e-17,0.0,3.3264069556639554e-17,0.2,0.0
2025-09-08,0.2,0.0,0.19999999999999987,0.0,0.1999999999999999,0.2,0.0,3.540011978251702e-17,0.0,3.3264069556639554e-17,0.2,0.0
2025-09-09,0.2,0.0,0.19999999999999987,0.0,0.1999999999999999,0.2,0.0,3.540011978251702e-17,0.0,3.3264069556639554e-17,0.2,0.0
2025-09-10,0.2,0.0,0.19999999999999987,0.0,0.1999999999999999,0.2,0.0,3.540011978251702e-17,0.0,3.3264069556639554e-17,0.2,0.0
2025-09-11,0.2,0.0,0.13541393915387792,0.0,0.12917631356026218,0.2,0.0,1.491862189340054e-16,3.116930696281718e-17,2.3966655170572247e-18,0.2,0.1354097472858596
2025-09-12,0.2,0.0,0.13541393915387792,0.0,0.12917631356026218,0.2,0.0,1.491862189340054e-16,3.116930696281718e-17,2.3966655170572247e-18,0.2,0.1354097472858596
2025-09-15,0.2,0.0,0.13541393915387792,0.0,0.12917631356026218,0.2,0.0,1.491862189340054e-16,3.116930696281718e-17,2.3966655170572247e-18,0.2,0.1354097472858596
2025-09-16,0.2,0.0,0.13541393915387792,0.0,0.12917631356026218,0.2,0.0,1.491862189340054e-16,3.116930696281718e-17,2.3966655170572247e-18,0.2,0.1354097472858596
2025-09-17,0.2,0.0,0.13541393915387792,0.0,0.12917631356026218,0.2,0.0,1.491862189340054e-16,3.116930696281718e-17,2.3966655170572247e-18,0.2,0.1354097472858596
2025-09-18,0.1999999999999998,0.0,0.19999999999999996,2.297750489481684e-16,0.09043320814271548,0.19999999999999984,0.0,2.795744574820857e-17,5.368784851438736e-17,9.426388158088483e-17,0.19999999999999993,0.10956679185728482
2025-09-19,0.1999999999999998,0.0,0.19999999999999996,2.297750489481684e-16,0.09043320814271548,0.19999999999999984,0.0,2.795744574820857e-17,5.368784851438736e-17,9.426388158088483e-17,0.19999999999999993,0.10956679185728482
2025-09-22,0.1999999999999998,0.0,0.19999999999999996,2.297750489481684e-16,0.09043320814271548,0.19999999999999984,0.0,2.795744574820857e-17,5.368784851438736e-17,9.426388158088483e-17,0.19999999999999993,0.10956679185728482
2025-09-23,0.1999999999999998,0.0,0.19999999999999996,2.297750489481684e-16,0.09043320814271548,0.19999999999999984,0.0,2.795744574820857e-17,5.368784851438736e-17,9.426388158088483e-17,0.19999999999999993,0.10956679185728482
2025-09-24,0.1999999999999998,0.0,0.19999999999999996,2.297750489481684e-16,0.09043320814271548,0.19999999999999984,0.0,2.795744574820857e-17,5.368784851438736e-17,9.426388158088483e-17,0.19999999999999993,0.10956679185728482
2025-09-25,0.1999999999999998,0.0,0.19999999999999996,2.297750489481684e-16,0.09043320814271548,0.19999999999999984,0.0,2.795744574820857e-17,5.368784851438736e-17,9.426388158088483e-17,0.19999999999999993,0.10956679185728482
2025-09-26,0.1999999999999998,0.0,0.19999999999999996,2.297750489481684e-16,0.09043320814271548,0.19999999999999984,0.0,2.795744574820857e-17,5.368784851438736e-17,9.426388158088483e-17,0.19999999999999993,0.10956679185728482
2025-09-29,0.1999999999999998,0.0,0.19999999999999996,2.297750489481684e-16,0.09043320814271548,0.19999999999999984,0.0,2.795744574820857e-17,5.368784851438736e-17,9.426388158088483e-17,0.19999999999999993,0.10956679185728482
2025-09-30,0.1999999999999998,0.0,0.19999999999999996,2.297750489481684e-16,0.09043320814271548,0.19999999999999984,0.0,2.795744574820857e-17,5.368784851438736e-17,9.426388158088483e-17,0.19999999999999993,0.10956679185728482
2025-10-01,0.1999999999999998,0.0,0.19999999999999996,2.297750489481684e-16,0.09043320814271548,0.19999999999999984,0.0,2.795744574820857e-17,5.368784851438736e-17,9.426388158088483e-17,0.19999999999999993,0.10956679185728482
2025-10-02,0.19999999999999998,7.389483107585545e-17,0.19999999999999998,0.0,0.0,0.2,4.37645332479449e-17,1.2639154529803736e-16,0.0,0.0,0.19999999999999993,0.19999999999999987
2025-10-03,0.19999999999999998,7.389483107585545e-17,0.19999999999999998,0.0,0.0,0.2,4.37645332479449e-17,1.2639154529803736e-16,0.0,0.0,0.19999999999999993,0.19999999999999987
2025-10-06,0.19999999999999998,7.389483107585545e-17,0.19999999999999998,0.0,0.0,0.2,4.37645332479449e-17,1.2639154529803736e-16,0.0,0.0,0.19999999999999993,0.19999999999999987
2025-10-07,0.19999999999999998,7.389483107585545e-17,0.19999999999999998,0.0,0.0,0.2,4.37645332479449e-17,1.2639154529803736e-16,0.0,0.0,0.19999999999999993,0.19999999999999987
2025-10-08,0.19999999999999998,7.389483107585545e-17,0.19999999999999998,0.0,0.0,0.2,4.37645332479449e-17,1.2639154529803736e-16,0.0,0.0,0.19999999999999993,0.19999999999999987
2025-10-09,0.19999999999999998,7.389483107585545e-17,0.19999999999999998,0.0,0.0,0.2,4.37645332479449e-17,1.2639154529803736e-16,0.0,0.0,0.19999999999999993,0.19999999999999987
2025-10-10,0.19999999999999998,7.389483107585545e-17,0.19999999999999998,0.0,0.0,0.2,4.37645332479449e-17,1.2639154529803736e-16,0.0,0.0,0.19999999999999993,0.19999999999999987
2025-10-13,0.19999999999999998,7.389483107585545e-17,0.19999999999999998,0.0,0.0,0.2,4.37645332479449e-17,1.2639154529803736e-16,0.0,0.0,0.19999999999999993,0.19999999999999987
2025-10-14,0.19999999999999998,7.389483107585545e-17,0.19999999999999998,0.0,0.0,0.2,4.37645332479449e-17,1.2639154529803736e-16,0.0,0.0,0.19999999999999993,0.19999999999999987
2025-10-15,0.19999999999999998,7.389483107585545e-17,0.19999999999999998,0.0,0.0,0.2,4.37645332479449e-17,1.2639154529803736e-16,0.0,0.0,0.19999999999999993,0.19999999999999987
2025-10-16,0.19999999999999982,7.547963864441714e-17,0.12218692965896975,0.0,0.0,0.19999999999999993,0.0,0.19999999999999996,0.0,8.96488519096136e-17,0.2,0.07781307034103045
2025-10-17,0.19999999999999982,7.547963864441714e-17,0.12218692965896975,0.0,0.0,0.19999999999999993,0.0,0.19999999999999996,0.0,8.96488519096136e-17,0.2,0.07781307034103045
2025-10-20,0.19999999999999982,7.547963864441714e-17,0.12218692965896975,0.0,0.0,0.19999999999999993,0.0,0.19999999999999996,0.0,8.96488519096136e-17,0.2,0.07781307034103045
2025-10-21,0.19999999999999982,7.547963864441714e-17,0.12218692965896975,0.0,0.0,0.19999999999999993,0.0,0.19999999999999996,0.0,8.96488519096136e-17,0.2,0.07781307034103045
2025-10-22,0.19999999999999982,7.547963864441714e-17,0.12218692965896975,0.0,0.0,0.19999999999999993,0.0,0.19999999999999996,0.0,8.96488519096136e-17,0.2,0.07781307034103045
2025-10-23,0.19999999999999984,1.0328647272276085e-16,0.0,7.061890455133738e-17,0.0528023725013124,0.19999999999999984,1.0352458979683592e-16,0.14719762749868745,4.171367019828107e-17,1.0724024463407144e-16,0.2,0.19999999999999996
2025-10-24,0.19999999999999984,1.0328647272276085e-16,0.0,7.061890455133738e-17,0.0528023725013124,0.19999999999999984,1.0352458979683592e-16,0.14719762749868745,4.171367019828107e-17,1.0724024463407144e-16,0.2,0.19999999999999996
2025-10-27,0.19999999999999984,1.0328647272276085e-16,0.0,7.061890455133738e-17,0.0528023725013124,0.19999999999999984,1.0352458979683592e-16,0.14719762749868745,4.171367019828107e-17,1.0724024463407144e-16,0.2,0.19999999999999996
2025-10-28,0.19999999999999984,1.0328647272276085e-16,0.0,7.061890455133738e-17,0.0528023725013124,0.19999999999999984,1.0352458979683592e-16,0.14719762749868745,4.171367019828107e-17,1.0724024463407144e-16,0.2,0.19999999999999996
2025-10-29,0.19999999999999984,1.0328647272276085e-16,0.0,7.061890455133738e-17,0.0528023725013124,0.19999999999999984,1.0352458979683592e-16,0.14719762749868745,4.171367019828107e-17,1.0724024463407144e-16,0.2,0.19999999999999996
2025-10-30,0.1999999999999998,0.0,1.942890293094024e-16,0.0,0.2,0.19999999999999987,0.0,0.0,2.803677382469996e-17,5.274210944077999e-17,0.2,0.19999999999999984
2025-10-31,0.1999999999999998,0.0,1.942890293094024e-16,0.0,0.2,0.19999999999999987,0.0,0.0,2.803677382469996e-17,5.274210944077999e-17,0.2,0.19999999999999984
2025-11-03,0.1999999999999998,0.0,1.942890293094024e-16,0.0,0.2,0.19999999999999987,0.0,0.0,2.803677382469996e-17,5.274210944077999e-17,0.2,0.19999999999999984
2025-11-04,0.1999999999999998,0.0,1.942890293094024e-16,0.0,0.2,0.19999999999999987,0.0,0.0,2.803677382469996e-17,5.274210944077999e-17,0.2,0.19999999999999984
2025-11-05,0.1999999999999998,0.0,1.942890293094024e-16,0.0,0.2,0.19999999999999987,0.0,0.0,2.803677382469996e-17,5.274210944077999e-17,0.2,0.19999999999999984
2025-11-06,0.19999999999999996,5.187425767172188e-17,0.06925195924553762,7.547755000927034e-17,0.08151974175371467,0.19999999999999984,1.3946389870807977e-16,0.04922829900074803,8.798722882748547e-17,9.402706713286308e-18,0.19999999999999982,0.19999999999999982
2025-11-07,0.19999999999999996,5.187425767172188e-17,0.06925195924553762,7.547755000927034e-17,0.08151974175371467,0.19999999999999984,1.3946389870807977e-16,0.04922829900074803,8.798722882748547e-17,9.402706713286308e-18,0.19999999999999982,0.19999999999999982
2025-11-10,0.19999999999999996,5.187425767172188e-17,0.06925195924553762,7.547755000927034e-17,0.08151974175371467,0.19999999999999984,1.3946389870807977e-16,0.04922829900074803,8.798722882748547e-17,9.402706713286308e-18,0.19999999999999982,0.19999999999999982
2025-11-11,0.19999999999999996,5.187425767172188e-17,0.06925195924553762,7.547755000927034e-17,0.08151974175371467,0.19999999999999984,1.3946389870807977e-16,0.04922829900074803,8.798722882748547e-17,9.402706713286308e-18,0.19999999999999982,0.19999999999999982
2025-11-12,0.19999999999999996,5.187425767172188e-17,0.06925195924553762,7.547755000927034e-17,0.08151974175371467,0.19999999999999984,1.3946389870807977e-16,0.04922829900074803,8.798722882748547e-17,9.402706713286308e-18,0.19999999999999982,0.19999999999999982
2025-11-13,0.2,0.0,0.0,0.0,1.734723475976807e-18,0.2,0.0,0.2,0.0,0.0,0.2,0.2
2025-11-14,0.2,0.0,0.0,0.0,1.734723475976807e-18,0.2,0.0,0.2,0.0,0.0,0.2,0.2
2025-11-17,0.2,0.0,0.0,0.0,1.734723475976807e-18,0.2,0.0,0.2,0.0,0.0,0.2,0.2
2025-11-18,0.2,0.0,0.0,0.0,1.734723475976807e-18,0.2,0.0,0.2,0.0,0.0,0.2,0.2
2025-11-19,0.2,0.0,0.0,0.0,1.734723475976807e-18,0.2,0.0,0.2,0.0,0.0,0.2,0.2
2025-11-20,0.19999999999999987,0.0,3.1942416967588103e-18,0.0,0.2,2.42861286636753e-17,3.2482174164261833e-17,0.2,0.0,0.0,0.2,0.2
2025-11-21,0.19999999999999987,0.0,3.1942416967588103e-18,0.0,0.2,2.42861286636753e-17,3.2482174164261833e-17,0.2,0.0,0.0,0.2,0.2
2025-11-24,0.19999999999999987,0.0,3.1942416967588103e-18,0.0,0.2,2.42861286636753e-17,3.2482174164261833e-17,0.2,0.0,0.0,0.2,0.2
2025-11-25,0.19999999999999987,0.0,3.1942416967588103e-18,0.0,0.2,2.42861286636753e-17,3.2482174164261833e-17,0.2,0.0,0.0,0.2,0.2
2025-11-26,0.19999999999999987,0.0,3.1942416967588103e-18,0.0,0.2,2.42861286636753e-17,3.2482174164261833e-17,0.2,0.0,0.0,0.2,0.2
2025-11-28,0.1999999999999998,0.1526020615245546,0.0,1.8987455650441273e-16,1.491862189340054e-16,0.11512372433212574,2.2266974942383253e-16,0.13227421414331952,2.6492361166554127e-16,2.4859104253896763e-16,0.19999999999999962,0.19999999999999984
2025-12-01,0.1999999999999998,0.1526020615245546,0.0,1.8987455650441273e-16,1.491862189340054e-16,0.11512372433212574,2.2266974942383253e-16,0.13227421414331952,2.6492361166554127e-16,2.4859104253896763e-16,0.19999999999999962,0.19999999999999984
2025-12-02,0.1999999999999998,0.1526020615245546,0.0,1.8987455650441273e-16,1.491862189340054e-16,0.11512372433212574,2.2266974942383253e-16,0.13227421414331952,2.6492361166554127e-16,2.4859104253896763e-16,0.19999999999999962,0.19999999999999984
2025-12-03,0.1999999999999998,0.1526020615245546,0.0,1.8987455650441273e-16,1.491862189340054e-16,0.11512372433212574,2.2266974942383253e-16,0.13227421414331952,2.6492361166554127e-16,2.4859104253896763e-16,0.19999999999999962,0.19999999999999984
2025-12-04,0.1999999999999998,0.1526020615245546,0.0,1.8987455650441273e-16,1.491862189340054e-16,0.11512372433212574,2.2266974942383253e-16,0.13227421414331952,2.6492361166554127e-16,2.4859104253896763e-16,0.19999999999999962,0.19999999999999984
2025-12-05,0.19999999999999993,0.0,0.0,0.0,0.2,0.2,7.213593066675238e-17,2.498001805406602e-16,1.4466239593752599e-18,7.667211478864467e-17,0.19999999999999987,0.2
2025-12-08,0.19999999999999993,0.0,0.0,0.0,0.2,0.2,7.213593066675238e-17,2.498001805406602e-16,1.4466239593752599e-18,7.667211478864467e-17,0.19999999999999987,0.2
2025-12-09,0.19999999999999993,0.0,0.0,0.0,0.2,0.2,7.213593066675238e-17,2.498001805406602e-16,1.4466239593752599e-18,7.667211478864467e-17,0.19999999999999987,0.2
2025-12-10,0.19999999999999993,0.0,0.0,0.0,0.2,0.2,7.213593066675238e-17,2.498001805406602e-16,1.4466239593752599e-18,7.667211478864467e-17,0.19999999999999987,0.2
2025-12-11,0.19999999999999993,0.0,0.0,0.0,0.2,0.2,7.213593066675238e-17,2.498001805406602e-16,1.4466239593752599e-18,7.667211478864467e-17,0.19999999999999987,0.2
2025-12-12,0.2,3.122502256758253e-17,0.0766516443907503,8.959282834369559e-17,0.19999999999999998,2.243295967892438e-16,0.0,0.12334835560924942,0.0,0.0,0.2,0.19999999999999976
2025-12-15,0.2,3.122502256758253e-17,0.0766516443907503,8.959282834369559e-17,0.19999999999999998,2.243295967892438e-16,0.0,0.12334835560924942,0.0,0.0,0.2,0.19999999999999976
2025-12-16,0.2,3.122502256758253e-17,0.0766516443907503,8.959282834369559e-17,0.19999999999999998,2.243295967892438e-16,0.0,0.12334835560924942,0.0,0.0,0.2,0.19999999999999976
2025-12-17,0.2,3.122502256758253e-17,0.0766516443907503,8.959282834369559e-17,0.19999999999999998,2.243295967892438e-16,0.0,0.12334835560924942,0.0,0.0,0.2,0.19999999999999976
2025-12-18,0.2,3.122502256758253e-17,0.0766516443907503,8.959282834369559e-17,0.19999999999999998,2.243295967892438e-16,0.0,0.12334835560924942,0.0,0.0,0.2,0.19999999999999976
2025-12-19,0.1999999999999997,0.0,0.09198868132379902,2.156828081931985e-16,0.19999999999999996,5.386037809698354e-17,2.4334910230830257e-16,0.15402226331316807,7.757691139623054e-17,1.258744017197673e-16,0.19999999999999976,0.15398905536303292
2025-12-22,0.1999999999999997,0.0,0.09198868132379902,2.156828081931985e-16,0.19999999999999996,5.386037809698354e-17,2.4334910230830257e-16,0.15402226331316807,7.757691139623054e-17,1.258744017197673e-16,0.19999999999999976,0.15398905536303292
2025-12-23,0.1999999999999997,0.0,0.09198868132379902,2.156828081931985e-16,0.19999999999999996,5.386037809698354e-17,2.4334910230830257e-16,0.15402226331316807,7.757691139623054e-17,1.258744017197673e-16,0.19999999999999976,0.15398905536303292
2025-12-24,0.1999999999999997,0.0,0.09198868132379902,2.156828081931985e-16,0.19999999999999996,5.386037809698354e-17,2.4334910230830257e-16,0.15402226331316807,7.757691139623054e-17,1.258744017197673e-16,0.19999999999999976,0.15398905536303292
2025-12-26,0.1999999999999997,0.0,0.09198868132379902,2.156828081931985e-16,0.19999999999999996,5.386037809698354e-17,2.4334910230830257e-16,0.15402226331316807,7.757691139623054e-17,1.258744017197673e-16,0.19999999999999976,0.15398905536303292
2025-12-29,0.2,0.0,0.19999999999999998,8.07543066831998e-17,0.1999999999999999,0.0,0.0,2.1510571102112408e-16,8.766760596644075e-17,0.0,0.2,0.19999999999999998
2025-12-30,0.2,0.0,0.19999999999999998,8.07543066831998e-17,0.1999999999999999,0.0,0.0,2.1510571102112408e-16,8.766760596644075e-17,0.0,0.2,0.19999999999999998
