"MSE","RMSE","MAE","Model"
0.465272676485233,0.682108991646667,0.503912781190319,"1-Regime GJR-GARCH"
