"MSE","RMSE","MAE","Model"
0.460071656734692,0.678285822301109,0.502612272039184,"2-Regime MS-GJR-GARCH"
