,ret_asx
1,-2.454151084565659
2,-0.6447314571202512
3,0.8003049244168281
4,1.9845462068756703
5,2.459771986198689
6,-2.3172049730884936
7,-0.30807672124471
8,1.178516494433346
9,0.1956131955589413
10,0.20801671634025354
11,-1.5301901210575508
12,1.0334340318337354
13,-1.2641852926394748
14,-0.12045878164101964
15,-0.6864566814561712
16,0.08852154597533968
17,0.4316617334628958
18,0.5077427062127882
19,-0.2568031429584394
20,1.2292717599855507
21,1.0267607840805937
22,-0.7570575432561455
23,0.581878731044938
24,-0.07334145868096442
25,0.48690699067854837
26,1.3371000130341315
27,-0.7862170071875951
28,-1.4341639455958344
29,0.9594494719765478
30,-0.06029627165062834
31,-0.3051837818219383
32,-0.8280542442404837
33,0.0
34,-0.57631166529859
35,0.1323017760187284
36,-0.04838163375140425
37,0.3735385751355125
38,-0.14474342965709042
39,0.5745252381140986
40,1.9836466838407674
41,1.0176487902940679
42,0.3967536212373446
43,-0.5770529888065923
44,0.5739564348555604
45,-0.7639344657716762
46,-0.6222726078190632
47,0.04077113625449158
48,-0.10666792674136616
49,-0.22625002070544298
50,-0.5995221886266222
51,0.38221945470358065
52,0.8976506003252283
53,1.1587414618187353
54,0.3422526321283925
55,0.8459516433809711
56,-0.8459516433809711
57,0.08307159075311432
58,-0.7284687587352678
59,0.0712298966426772
60,-0.1332088896251804
61,-0.9906562229410554
62,-1.9218610743482856
63,1.8247569459107993
64,-0.44599310909791967
65,-0.6759176312840509
66,0.05386757555996269
67,0.7856014267709099
68,0.6078253710631643
69,-0.8910671025169847
70,-0.768785886703327
71,-1.5684336871929716
72,0.3928123880108103
73,-5.549824101619016
74,2.230455806270726
75,1.9377167623581215
76,1.5550332795866595
77,-0.35349351763755976
78,0.3053633735534689
79,-0.4438892012979423
80,0.9337346946749037
81,-0.7565867298367834
82,-1.7431811646154927
83,1.7335250643785827
84,-0.032188496615503936
85,-0.6491908967344528
86,-1.3932910050861835
87,-1.5563743915601336
88,1.2734005070790033
89,0.535667277208951
90,1.2409928563620554
91,-0.4672267533958774
92,-0.9771846544913032
93,-0.1906576740426047
94,-1.2182773228015975
95,0.6341589946380566
96,-0.39463158002757126
97,0.2853574674071879
98,-0.5781948168550599
99,1.1398826562235342
100,0.5093919522396462
101,0.9915895018689724
102,0.22694125479993943
103,1.698571980077901
104,0.2512091419387019
105,0.03492319162141655
106,-1.1912254135644673
107,0.4519698494235058
108,0.6312604327350257
109,-1.0446863030212583
110,0.14120356466023054
111,0.47670643178250316
112,0.24545991673914358
113,0.32740691331056837
114,0.1300240731170632
115,0.732602484254663
116,-0.15112738038549622
117,0.11022407755731933
118,0.02202870725174222
119,0.38631460425673225
120,0.7432827688811372
121,1.2553531461410472
122,1.7271992675727432
123,-0.09366107350832209
124,0.06043939445348201
125,0.31369440831472417
126,-0.4104208874444737
127,-0.04839096091053818
128,0.5581465886656645
129,-0.015044154400989385
130,-0.14755702333726362
131,-0.3592481491775601
132,-0.09077156447769852
133,0.2992310561372946
134,-0.387052333442206
135,-0.03030211139236627
136,0.039385037627504005
137,0.9467641941878213
138,-0.8105305738851598
139,-0.7073973996131855
140,0.024365717942309573
141,-0.755226769971884
142,-0.09826050031715994
143,-0.11988450076998447
144,0.08915781440137494
145,0.4996729954218182
146,0.14666940389229666
147,0.0640951596192707
148,0.8447088917469259
149,-0.08172631187317592
150,0.22685691703792088
151,0.16603526535288182
152,-0.1871853404104229
153,0.1751149205796665
154,0.24706837854342467
155,0.2614601552705764
156,0.1349709997523263
157,0.23650642994113014
158,-0.15861052671422016
159,0.4333345221557039
160,0.32748846797883147
161,0.2375016029093402
162,-0.1483723867817588
163,-0.10399181189288953
164,0.1633671864547992
165,-0.34486458248288443
166,-1.8030417870859239
167,1.0227075290083931
168,0.46713957253885496
169,0.0
170,-0.7827916602689555
171,-0.4405648034943255
172,0.4134654328925791
173,-0.7011831145726788
174,0.8125553141161035
175,0.3033930176925992
176,0.31443269929418705
177,-0.44348773704747657
178,-1.6167027939246736
179,-1.2190951695854935
180,0.5545813354540741
181,-0.05839116089827456
182,-1.9934199285238208
183,0.8338701501800827
184,0.7992127368870783
185,0.46787879945107136
186,1.0508696782046911
187,0.2458487513804286
188,0.054551893590648604
189,0.8177060276969073
190,-0.2738323318229874
191,-0.22021603996975614
192,-0.5390047175184876
193,-0.5846708402618361
194,-0.2783119055028038
195,-0.13791203605872937
196,-1.0543922886618873
197,-0.7653605287336163
198,2.0005365425859623
199,-0.07350237565031392
200,-1.1554766762776225
201,-1.0592989515847862
202,1.3409269181915207
203,0.98713392118146
204,-0.22056656105071681
205,0.11034783207843901
206,-0.7564641748279755
207,0.15421630578771328
208,0.6053067786663036
209,-0.3006538447436924
210,0.6797941074173863
211,0.38074397023208917
212,0.98620879658462
213,0.3875843203990925
214,1.1360157292168438
215,-0.5559602130404073
216,-0.6190474282103509
217,-0.9827674098872308
218,-0.3064417826699639
219,0.021267677538894247
220,0.8741840261958345
221,-0.5405470773409249
222,0.8022269112275993
223,-0.12022483136640005
224,-0.7244002367459146
225,-0.498046714546696
226,-0.10661144347512419
227,-0.018283200122759524
228,0.6865318543626486
229,0.09077980604441649
230,-0.9298390640985588
231,-0.030533418153666503
232,0.2896917486962636
233,-0.07311055997547555
234,0.7528662199772995
235,0.04838078383695432
236,0.027199296852664645
237,-0.6488183942849446
238,0.7515127698759727
239,0.024150230913377868
240,-0.47498693951872895
241,-0.6236235892654207
242,-1.4693956298767574
243,0.22890128552166544
244,0.6620807086161307
245,-0.3967266866776953
246,-1.8473516287309977
247,0.31965776988265304
248,1.0148609084506433
249,0.23511499069304165
250,-0.9313366851310789
251,1.6978171678701415
252,-0.7819318960345711
253,1.7796655519713767
254,0.20017153766112017
255,-1.0998284057674113
256,-0.5960856656239244
257,-0.17581322832391777
258,-0.4207360931451021
259,0.5441471929827912
260,0.23713693826330484
261,-0.35437537189348944
262,0.4404697993491524
263,1.1064344177658114
264,0.657434627675002
265,0.2442916919520144
266,-0.9412430697802066
267,0.2611636654593852
268,0.7312742740412048
269,-0.12653125131496523
270,0.5321625752188197
271,0.20369802979356422
272,0.6740287270849521
273,-0.26787324397012924
274,-1.2747431768051598
275,0.3766142297019215
276,-0.39774514968566876
277,0.5209619457671621
278,-0.5119105550900116
279,0.5389431990968419
280,0.3237718627444153
281,0.2690101974168968
282,-0.7310061703975634
283,-0.1685231213633287
284,-0.8681955861339574
285,0.33970901072368775
286,0.36570404580640314
287,-0.6689551183225007
288,-0.01822730762714997
289,0.29119462198732293
290,0.02422182590589017
291,0.7271252906049241
292,0.706952508816272
293,-0.4997450458319008
294,0.2845889696297732
295,-0.2845889696297732
296,0.8543260156775645
297,-0.5517872474527508
298,-0.3655529654277956
299,-0.3187043484233598
300,-1.7007729437027663
301,-0.024509047884002655
302,-0.6454808367635678
303,0.2925194235759321
304,-1.1254804008920871
305,0.4250887228863576
306,-0.13632542293340322
307,-1.1381298527474826
308,-1.3735395154352403
309,0.6275390893286215
310,0.1673050563876899
311,0.2897701338611114
312,-0.05348628715804438
313,-0.9707417420742104
314,1.4948761805008814
315,-0.07202395136314266
316,0.06263113502633644
317,0.8168640225292734
318,0.393571677063953
319,-0.5427295576291513
320,0.39725848852292245
321,0.9586885339123441
322,0.5262832900649883
323,-0.5539023466704762
324,0.5966148520871073
325,1.3934552587864246
326,-0.6246516478386255
327,-0.0878212773049114
328,0.012115315630190082
329,0.3326783651957044
330,-0.5479993103071124
331,1.0719834826344865
332,-0.021025553531828223
333,0.057067455198378525
334,0.58078485740225
335,-0.28398494535792906
336,0.4271674299429762
337,-0.47507885043742704
338,0.21541355562462172
339,1.2001421938125034
340,0.07379529520932238
341,-0.20085217282623802
342,0.23625314028699052
343,-0.2983578551903676
344,0.8806967547807076
345,-0.1731675124677423
346,0.9123656148160464
347,0.03492392606148087
348,-0.28558268907818984
349,-0.3127408762418682
350,0.29523406113316497
351,-0.17527975709086263
352,-0.2634970415147819
353,-0.3318227827007192
354,-0.6107189975669058
355,0.3662870655075423
356,1.0325383284744305
357,-0.1314079841060689
358,0.03214075423922935
359,0.3877626556965552
360,-0.06404294535595767
361,-0.9537491842010581
362,-0.3592768510703337
363,0.6557343113357206
364,0.11131435063678197
365,-0.9028529396251983
366,0.011813256232429126
367,0.8090302218596079
368,-0.061545894366155096
369,0.5117643533285587
370,-0.28041781647569763
371,0.4523640109344029
372,-0.713033481043901
373,0.31330863499849926
374,2.0200967176132067
375,-1.498148789059428
376,0.3368012538814469
377,-0.5901451484280784
378,-1.524815510170363
379,-0.7100805764062912
380,-0.3554388520019103
381,0.43889037799793584
382,0.6325484432426975
383,0.4312799478952911
384,0.11488717846592778
385,0.7245862803047842
386,-0.5422132677500358
387,-0.2589545930424819
388,0.014731229182274319
389,-0.40442119350885264
390,-0.22802181215642037
391,-0.6066362735960951
392,-1.001241801784225
393,-1.0844334189846094
394,0.2615841678959896
395,0.7444908427725494
396,0.2379095617824234
397,1.492787834095033
398,0.8733450969424794
399,0.03817621567776541
400,0.038168813489569686
401,0.008807221640694252
402,-0.1292264712450475
403,0.41645808693431263
404,-0.4546728994963445
405,-0.5128864219921425
406,-0.35525068732731313
407,-0.22564225513583835
408,-1.066810768718085
409,0.05405630669255146
410,-1.205285866191197
411,0.8624003823799242
412,-0.24132741727278528
413,0.2925330808276172
414,0.8187563253843066
415,0.6341869519802756
416,0.08307025034266502
417,-0.6814227881358548
418,-0.7582733844317957
419,-1.4637674697645764
420,-0.10079717264162014
421,0.4299594536115947
422,0.05780177198637659
423,-0.7325369155537942
424,-0.9232823273148227
425,0.25629709224688213
426,-0.01850839369978985
427,-4.205012858622936
428,0.5741856903066278
429,-0.8221993169065911
430,-4.805997339142554
431,1.8373148173318476
432,0.8205109618577566
433,-1.7248937329114256
434,-1.3873907608679126
435,-0.5897845336972019
436,1.2943245663123548
437,0.9506781397726982
438,0.3237798863398922
439,1.613206424316438
440,1.6069535543699942
441,1.3430381788383627
442,-0.46593662262264246
443,0.15022781051374778
444,1.5277696619600434
445,-1.2407247407402622
446,0.4163459385358337
447,-0.5087451354382821
448,1.9633834079325396
449,0.8063224511145606
450,-0.8125726831631042
451,0.36507057289441036
452,0.8435974660580214
453,-1.1899108842984063
454,-0.7592254606647586
455,1.1864883744914678
456,1.012500744021061
457,0.26766214196349836
458,0.6584108772468511
459,-0.6123342964658107
460,-0.10446774167931494
461,-0.09842370072927764
462,-0.024622947621999458
463,-0.27432774308895347
464,-0.4361438350954927
465,1.8216125962878138
466,-0.9942416064305348
467,0.5151745428925381
468,0.50645676498835
469,0.5886445565055354
470,-0.41533313637618363
471,1.3608144717448312
472,0.23647103270239
473,-0.6659477255578139
474,0.282517093468293
475,0.6312784944144667
476,-0.49930443379100353
477,-0.3633394179992422
478,0.2613737608330169
479,0.46697177934493794
480,0.2177722255860104
481,-0.0775107403914177
482,-0.7092956651375104
483,0.23998811578280765
484,-0.26101303713872426
485,-0.1322716033847371
486,0.7014250950387435
487,0.14924039205919115
488,0.5650908688775047
489,-0.3297469799969477
490,-0.032732274376279236
491,-1.1224805855196252
492,-0.2893951169617992
493,-0.6572480161935346
494,-0.036470462539206494
495,0.9349367473618031
496,0.10836161561620372
497,0.5938771110001184
498,0.9109403936529148
499,0.46122830873400744
500,0.8079130629530695
501,0.27758720847028684
502,-0.14015970774874376
503,0.6262673123098139
504,-0.7051913320767156
505,0.46970615439256846
506,0.3254572776652864
507,-0.695788850027057
508,-0.30721990369713126
509,-0.09968050242150639
510,0.24902234313319838
511,-0.3018375778989224
512,-0.03229170516796387
513,0.5737749247279211
514,-0.9591048742915831
515,-0.17994127562541706
516,0.391910354803926
517,0.6215374026741216
518,0.014612405958658314
519,0.25683088964125744
520,0.3346382438282447
521,0.3074562577058515
522,-0.5634280303160821
523,0.8901562580382105
524,-0.5412679843850299
525,0.5961038939013008
526,-0.4221151592746608
527,-0.7853443505569047
528,-0.2924406236816779
529,1.0459068629611323
530,0.7535902508317704
531,0.13223232902070947
532,-0.18689712637289801
533,0.35623751100999357
534,-0.1894566042697221
535,-0.3194343074385486
536,0.0316974374273471
537,-0.9467204036049282
538,-0.09894943600556871
539,-0.3558708297838109
540,0.01168519237051413
541,0.35874358514362825
542,-0.6337716188074438
543,0.03515104310523043
544,0.08782716054671624
545,0.2046305642748436
546,0.3294525811638138
547,0.453037116986188
548,1.3355064416417761
549,-0.35229091899680043
550,-0.24130736317271584
551,-0.4207941884187605
552,-0.35588911718633653
553,0.055054475394378244
554,-1.2887213202626313
555,1.3234843999031298
556,0.20828980306006883
557,0.20209025589483787
558,-0.9039071455145375
559,-0.06696018471945564
560,-0.2653671501485988
561,-1.18372531659503
562,0.7975468059951751
563,0.09668631796433402
564,-0.8085782165478506
565,-0.2808533830222615
566,-0.15406352475615392
567,0.514593218263748
568,-0.02950287674448049
569,-0.7582554553382082
570,0.41538157297420497
571,-0.2965249560203276
572,-0.3838176220265055
573,0.4046088124361802
574,0.5477680940009222
575,0.4331228755580341
576,0.1586340621663851
577,0.01761366767834005
578,0.19937405619430137
579,-0.2992139314347497
580,-0.894135198939594
581,0.16289783515173184
582,-0.7813598556809964
583,-0.083548635513786
584,0.30996396106797164
585,0.056529267965999
586,0.10998176413004046
587,-0.6138857064046377
588,-0.6116564596750251
589,0.4471163073542783
590,-0.04192328655747701
591,-0.22790958878715628
592,-0.8562751013570846
593,0.3566697270706243
594,1.847477138881004
595,0.5670910656919048
596,0.5082355996625765
597,-0.5671579114526537
598,-0.4844813648528401
599,0.3812837041893502
600,-0.48201559208997935
601,0.4023345799350153
602,-0.16251277355401328
603,0.1270721910923811
604,-0.13890594285062008
605,0.17434652531225225
606,-0.3993674487288601
607,0.059266283431114175
608,-0.8478786770233171
609,0.09257025112763273
610,-0.17626122552041323
611,-0.04486249654576113
612,-0.4287041693476823
613,-0.018030697274085128
614,-0.43062039553518616
615,-0.5902221962996279
616,0.1698521283765686
617,0.36904728927034114
618,-0.9709108991744486
619,-0.009141083549302209
620,-0.8389818121154136
621,-0.521000094688695
622,-0.23828171998925285
623,-1.504638821950266
624,1.0481456664463096
625,0.09644256229304204
626,0.36933894229971287
627,-0.49067814869019344
628,-0.8190166229715246
629,0.7131062449392545
630,0.18993070724757644
631,0.5861814828817202
632,0.7609270007664648
633,-0.9931288454772869
634,-1.0532004497191494
635,0.15649945767748363
636,-0.3163770268722388
637,-0.9330279713205769
638,-1.1306033122915338
639,0.9594494719765478
640,-1.376691795165641
641,-0.6388576981615657
642,-0.025892026285845304
643,-2.338871261097175
644,0.8317412719407002
645,-1.7540496194666133
646,1.5171154772506412
647,1.5885314477539936
648,0.0777926244660776
649,-0.2887939816444529
650,-0.7633174676662691
651,-1.4745183862773459
652,-0.7873482097673801
653,2.1668641354558815
654,0.8518221001260429
655,0.9605646544095237
656,-0.09660902927777215
657,0.2092017273129798
658,-0.45436629063519973
659,1.0218285329175458
660,0.16929551539348608
661,0.47440675917300723
662,0.9012061322945186
663,-0.3911029222408047
664,0.9874263355460045
665,-0.3510850055443271
666,-0.23894430122126664
667,-0.52388725651209
668,-0.7176943367511512
669,-0.2201453339838011
670,-0.34234946557116785
671,0.3487358455380729
672,0.3888931383317029
673,-1.6035235760476496
674,0.6541357363259337
675,-0.7738229811470987
676,0.9695554259401717
677,-0.2857054224923772
678,1.1919565001781152
679,-0.18759332863904632
680,-0.3666686602681324
681,-0.1566468183474612
682,0.9868920185512664
683,-1.159799597452782
684,-0.9531580021196362
685,-0.5548041867648124
686,-0.8790523174177167
687,-0.4407869749886828
688,-1.4009906508590575
689,-0.08027514611406161
690,0.6736037096468195
691,-1.2709626665126095
692,0.5471573117239004
693,0.3675614850727982
694,0.03668520778941087
695,-0.25705504092989884
696,-1.7398812628269589
697,0.20387366898484416
698,-1.1367848742237285
699,-0.5542800199487274
700,0.9620083488245612
701,1.1963962395753036
702,1.1789094438122483
703,-0.03673096120877517
704,-0.13369879439011356
705,0.6932915016889751
706,-0.6799168413429868
707,0.4271530532886203
708,0.9577664495099114
709,-0.27412467624010617
710,-0.477396025624266
711,0.8734884240301
712,-0.8037235293725686
713,-0.16950889497078236
714,1.2134169500255254
715,-1.0771218186050646
716,1.4674382227438443
717,-0.15069937843836811
718,0.8260343434510986
719,-1.197191396946451
720,-0.9954231294393878
721,-1.2003469858843374
722,0.32240004463499616
723,-0.38632785094634414
724,-0.29663774534718357
725,1.4312038037232355
726,-0.17319896741234686
727,-0.3339235801625762
728,0.6035899160726999
729,0.4676809569224005
730,0.4589256976293754
731,0.18100743490432336
732,-0.8552612666925086
733,-0.33883537118555296
734,1.2664063686852245
735,0.5864126824414839
736,0.7290322812611549
737,-0.3638478091509967
738,-1.48860567517346
739,0.4383891832404174
740,-0.4350826292306209
741,-0.12560485545911604
742,-1.0874174261397584
743,-0.7080005300105441
744,0.6076425798953622
745,-0.5537763050278421
746,-0.7228345551155257
747,1.2397844255068513
748,-0.006694943199114789
749,0.08702382280763032
750,0.7432683059651168
751,0.7312013922263105
752,-0.023076708021285697
753,-0.18482175743788076
754,-1.146211009360698
755,0.480021801325492
756,0.6794067042937613
757,0.917298664462507
758,0.6491696992622309
759,-0.02926559340696855
760,0.006503323148976392
761,-0.3192409077147573
762,-0.04568573821561728
763,0.192401775921347
764,0.2082974955834871
765,0.039005044128437305
766,-0.6750046338259708
767,-0.1506253610338959
768,0.13426437240049438
769,-0.14081671128991502
770,-0.8424737382402014
771,-0.06280773027231845
772,0.07272325829177362
773,-2.063307274814541
774,-0.4293359136741337
775,0.42259060527447545
776,-0.2465775854974872
777,-0.4847811744316921
778,0.13584189643562894
779,-0.9513701495181159
780,-1.119755383589549
781,0.6836824046040135
782,-0.5451878160373624
783,-0.3882675357678167
784,0.19085630847683888
785,-1.7168588455203526
786,-0.6439519702633234
787,0.9503240846319372
788,0.021088929570378667
789,0.7006018898374933
790,-1.604589588144556
791,0.03900673913594943
792,1.2579208556886101
793,-2.012478513085192
794,0.9918459820015713
795,-1.0919335244060413
796,0.16794241301925084
797,0.566074695384966
798,-0.1314393366946831
799,-1.3276070181809096
800,0.0
801,-1.1594332780919814
802,-0.0948006671261048
803,-0.6661061725881545
804,-0.1764205455130785
805,-0.664356198941185
806,1.9327710960364008
807,-0.509815004009706
808,3.4447809429444476
809,0.40831671414842674
810,0.6791843192304192
811,0.020927069240350704
812,-0.28645136759681833
813,-0.14353825308672796
814,1.312128642085142
815,0.013826447382214724
816,0.17961219348787694
817,-0.43230972968464343
818,-0.10403302428718675
819,0.0034728998615563
820,0.9083295857003293
821,0.8524350047303564
822,1.5525655802424154
823,-0.02013539399712272
824,-0.9545903731144278
825,-0.1831841971747572
826,0.13233242898005315
827,-0.27505060857331287
828,0.9442223463936195
829,0.3698353346135441
830,-0.8966888888576108
831,0.9168175262377787
832,0.822008105589056
833,-0.10321789881242438
834,-0.9169431353222457
835,1.2262696547595375
836,-0.12294853267214023
837,-0.12975671100381447
838,-0.9433150836870574
839,0.06719527418601601
840,-0.3162078356514719
841,0.25909637238319405
842,-0.657464575032396
843,-0.006764019268690191
844,0.6776748284385015
845,0.17792047286873114
846,-0.35616628500045877
847,-0.4182744608119293
848,-0.24027808484756719
849,-0.09152532393148505
850,-0.4384605490603377
851,0.24156166058659778
852,0.7717880115686526
853,1.076590588966564
854,-0.0033310598242408673
855,-0.49160521421800496
856,0.8612126617851601
857,0.2423374594552996
858,-0.16592006461131348
859,0.9058779435603626
860,-0.382505696504154
861,0.1947323775279841
862,0.250291507454925
863,0.2824626979711198
864,0.2064203147496002
865,0.4930251650714368
866,0.4711548664799281
867,0.09072804593817096
868,0.08093627263985326
869,0.7158533938412148
870,-0.7126220453679721
871,0.4455804387751172
872,-0.4682336802074971
873,0.0841237792322147
874,-0.756388169309119
875,-0.10107092412283691
876,-1.2274490288167073
877,0.6746664504301947
878,-0.7209125371199221
879,0.38579539442586963
880,-0.22074616698031235
881,0.4245780100019303
882,-0.5400838596109736
883,0.1221085973851288
884,0.12195163206740744
885,-0.2209419359116893
886,0.4512582252502284
887,0.03285906722805265
888,0.9872894256011122
889,0.25666131047596963
890,0.43385895259788754
891,-0.23612155846119975
892,-0.14258548900016876
893,0.17496366639164762
894,-0.7310567852544025
895,0.6176872695084157
896,0.1683867893413904
897,0.25528414239044395
898,0.6690216233183222
899,-0.37255482475142543
900,-0.5355746841757991
901,1.0010576123532289
902,0.5748426942773222
903,-0.36368784338876026
904,0.2712926440880281
905,-0.12438096309193014
906,0.16262810544791506
907,0.34350557592084385
908,-0.11436821501877859
909,-0.0985957830129891
910,0.4888324349757056
911,-0.24412139610436867
912,-0.07620673495196684
913,0.5227734678065588
914,0.15156934889208884
915,0.06939033696706787
916,0.10714429349949484
917,0.2987752538397004
918,-0.251540827060559
919,-0.2900547901628414
920,0.40018176533020977
921,0.5363151031430036
922,0.08441700729502344
923,0.16862814522973224
924,0.4016726967240203
925,-0.22088073078698756
926,0.4846717131435696
927,-0.3943905574974593
928,0.512097447539972
929,0.15466471545391158
930,-0.5983323132001672
931,-0.6895641293711563
932,-0.043840109845127984
933,-0.0846074710459277
934,0.14097525654168663
935,0.7081261477374312
936,0.13357716896980065
937,-0.09938663112976087
938,-0.783023990264553
939,-0.38910247892474104
940,0.8733649265035837
941,-1.11890440354383
942,-0.04098320811802836
943,-0.22727845625478693
944,0.16419692128177843
945,-0.3255031207633152
946,1.264444616760585
947,0.12182819736992201
948,0.43298571948096054
949,0.04661352879686831
950,0.7552156449252223
951,0.2525238773218419
952,0.2733596832014129
953,0.4956700640329714
954,0.19819195100740927
955,0.024367217431553456
956,0.34657256066754627
957,-0.02428290327696203
958,-0.20054998080833997
959,0.48548204213823
960,-0.12720958836034413
961,-1.0113081081749797
962,-0.3066264276593955
963,-0.36611933688845966
964,-0.027740944313769944
965,0.6116573079163246
966,0.31818378927965796
967,-0.05499859024329368
968,-0.474841973618112
969,0.2514860932038232
970,-0.7378519151863827
971,0.012346770399140894
972,0.2280542849963041
973,-0.5680224597607975
974,-0.9174803999231429
975,0.07495478854124826
976,0.4578932816572845
977,-0.4953636531526584
978,-0.8594559567338678
979,0.031497056254536915
980,0.18877428788499628
981,0.08483844079663072
982,-0.4722038472237955
983,0.07569953699615439
984,0.6443017495747938
985,-0.018801819318703394
986,-0.1756211189173129
987,0.018827203226301492
988,-0.5128558299091424
989,0.5536474358152077
990,0.8621042823088843
991,0.4499549811217918
992,0.0
993,-0.145624313181969
994,-0.1955353339504029
995,-0.2363950605142051
996,-0.6811903141635156
997,0.7278909181600568
998,1.0804602182105327
999,-1.0026743110236325
1000,0.5025900673357953
1001,-0.2261577817018079
1002,0.26947780635602214
1003,0.6966476090925156
1004,-0.018428113477853003
1005,0.33126981357298746
1006,0.49485242593938494
1007,0.40444789070424036
1008,0.14253292280912433
1009,0.0272677024263146
1010,-0.4463532781691981
1011,0.9540467609149061
1012,-0.4198674709245509
1013,-0.17269398558354965
1014,0.11213563755525513
1015,0.033307194332721224
1016,-0.2243075309607434
1017,0.4722800589428644
1018,-0.13297981252655688
1019,-0.5367456684258087
1020,0.41266758454341357
1021,0.18454671762206942
1022,-0.06046863373967426
1023,0.6060562597891561
1024,0.24319149259977024
1025,-0.6800246867854298
1026,-0.9860965271851541
1027,-0.4614881872212706
1028,0.2294807095950091
1029,0.08858857097742145
1030,-0.3241944849113665
1031,0.03981833768165188
1032,-0.11030387791546303
1033,0.3122022445907646
1034,0.4543220161528083
1035,-0.024342009135303044
1036,0.4372225681862574
1037,0.7635828373967257
1038,0.23124028588181744
1039,-0.4057776258095558
1040,0.25868859835220803
1041,0.578115657210887
1042,0.08956293626329881
1043,-0.2091051005621125
1044,-0.14663855660028702
1045,-0.3089352963050018
1046,0.11408818673803722
1047,0.4221908406373487
1048,0.41148784920732595
1049,0.6170237519434352
1050,0.2658083687833823
1051,-0.05605341341130554
1052,0.014754703088470933
1053,0.5443991963636208
1054,0.3661666485962556
1055,0.143169461953363
1056,-0.3187621321798062
1057,-0.01171428726021162
1058,-0.33157936408851896
1059,0.2700389414579618
1060,0.09083071812714394
1061,0.6945834049840727
1062,-0.2620928218030727
1063,0.1718982032485883
1064,-0.9682005477490208
1065,-0.3562818552754976
1066,-0.09739110854933841
1067,0.38310835214208083
1068,0.8406227017690782
1069,-0.5117344305773486
1070,0.2050081256891545
1071,-0.07902335015543827
1072,0.9006809366329804
1073,-0.22077203545638469
1074,0.39472546227798944
1075,0.10711922537680607
1076,0.07520819783426447
1077,-0.22868117916381436
1078,0.0
1079,-0.36873658133185216
1080,-0.10185819600661006
1081,-0.44063434508618826
1082,-0.058508616226937704
1083,0.4612891658119622
1084,0.5548023287923698
1085,-0.38891073090638884
1086,-0.08437158500047559
1087,0.6122289272164849
1088,-0.18820128609675635
1089,-0.11308818790976005
1090,-0.052240439701733976
1091,-1.2708135961647216
1092,-0.014701342047906962
1093,-0.5454746533231969
1094,0.26278607707634905
1095,0.4824433187105015
1096,-0.24093431112977015
1097,-0.18255021721689246
1098,-1.1828464404008088
1099,0.09836358283017432
1100,0.6592045336782704
1101,-0.23705119208443648
1102,-0.3357966023612491
1103,-0.4175994137334271
1104,0.786019550682937
1105,0.5589541404727782
1106,-0.3545264829766026
1107,0.49009143105323005
1108,0.179496516992117
1109,-0.17654852312691816
1110,0.8708824342635424
1111,0.5618906136769297
1112,0.17113819975040911
1113,0.28362387073066486
1114,-0.09252158164372304
1115,0.5711183624525162
1116,-0.27361373808467704
1117,0.011532872219000012
1118,0.4689523084900671
1119,-0.011478912066920088
1120,-0.5007390923381649
1121,0.05191799720893897
1122,0.29368456349789795
1123,0.0
1124,-0.28215401883997515
1125,0.5291059794116038
1126,0.6688577842108856
1127,0.4973084672894146
1128,0.7568319713406879
1129,-0.38899724672507574
1130,0.3383430121747466
1131,-0.5418982893125701
1132,-0.1217678618424145
1133,-0.19286547952912514
1134,-0.02555125317282858
1135,0.3232000574113769
1136,0.11315738881787496
1137,-0.07070836121254587
1138,0.07353841698485297
1139,0.5301176608956126
1140,0.2583967033960022
1141,0.10373162675669789
1142,-0.13178605252637254
1143,-0.16849203649194067
1144,0.01686472892785673
1145,-1.0111094723153968
1146,0.0936330207734315
1147,0.13886449287472402
1148,0.05945832276115226
1149,-0.847030480848332
1150,0.5891312708556029
1151,-0.7319557904001073
1152,-0.3751732805072905
1153,0.01434535018027816
1154,0.11468877754534645
1155,0.2690061838178437
1156,0.06285215696983926
1157,0.9890110485439862
1158,0.24854707576942303
1159,0.26763218716840953
1160,-0.23660375127949607
1161,-0.2004290852653412
1162,-0.2348060966358645
1163,-0.6079778475230668
1164,-0.27393732028269113
1165,0.3280702353308129
1166,-0.6658227555339735
1167,-0.28712549471379134
1168,-0.273534956012611
1169,0.4286823034314935
1170,-0.2040393697351206
1171,0.29300121379005617
1172,0.3264579744636009
1173,0.7491112408782641
1174,0.06524683754705052
1175,-0.2527123893038663
1176,0.24420314193136505
1177,0.9287396937340375
1178,-0.13495867892654445
1179,-0.03940300818570108
1180,0.6425157501512402
1181,0.413056816350732
1182,-0.3655250133318688
1183,-0.01118633774623845
1184,0.34885542100582256
1185,-0.01114182407242481
1186,0.07520022609135424
1187,0.11965021829904998
1188,0.380253626221716
1189,0.37329469117572955
1190,0.05243012886051446
1191,-0.005522629311727201
1192,0.18466746273233525
1193,-0.07989054499457637
1194,0.033062882843104546
1195,0.29983783470228786
1196,-0.15393344590606262
1197,-0.3113349639408014
1198,-0.0910982101098412
1199,0.17936729079615077
1200,0.8100322779050373
1201,0.2294554719503239
1202,-0.14744568304205785
1203,0.924774014176144
1204,0.10823682987339822
1205,0.05947903839658153
1206,0.02702483563190583
1207,-0.3790139307563223
1208,0.5140286660900273
1209,0.3125299879762622
1210,0.20960556357731974
1211,-0.4385218189240092
1212,0.31227574865706487
1213,-0.285317210015279
1214,0.13737824146957678
1215,-0.40188054648719884
1216,0.15662451723290616
1217,0.1078777877847159
1218,-0.7657428930571086
1219,0.6308774647363791
1220,0.97501610549795
1221,0.9285354318302907
1222,0.06618396565372109
1223,0.33289822902702326
1224,0.19500247125741055
1225,0.8989067850031063
1226,0.14599939313022503
1227,0.1301744521233772
1228,-0.5531061359201672
1229,0.3447455969366686
1230,0.28378161124820167
1231,0.438413262790327
1232,-0.020711093373648737
1233,0.4675163796417081
1234,-0.28903749961166625
1235,0.17042630043562212
1236,0.09025853233470826
1237,-0.17543537615214433
1238,-1.0904384220266294
1239,0.9198730869867333
1240,0.4233003800758084
1241,0.557360819958852
1242,0.2021454940368983
1243,0.37505180901504787
1244,0.11453151362239566
1245,-0.8173110038395492
1246,1.08657534326273
1247,-0.06090040976634015
1248,0.278834147704643
1249,-0.583906203301332
1250,-0.7616468096353302
1251,-0.27747234181738634
1252,0.29799641344059324
1253,0.22547471114506834
1254,0.5538329697355238
1255,0.3861192437780048
1256,0.780379657545005
1257,0.3239922510038795
1258,0.13531218166562553
1259,0.5045644602994059
1260,0.46483263530827656
1261,-0.15884807696338044
1262,0.5622702363639931
1263,0.0
1264,0.0
1265,-0.16067834035453643
1266,0.3161619204535171
1267,-0.10609598644961693
1268,0.1973068219466967
1269,-0.47419687060710203
1270,-0.2354604394202653
1271,0.8229290965719116
1272,0.2875354061368185
1273,-0.05400243666571214
1274,-0.05649074506433038
1275,-0.02211089468460159
1276,-0.19431330901227284
1277,0.37598630488151485
1278,-0.3661408585458048
1279,-0.23167886119175307
1280,-0.41045720549135467
1281,0.19554462200073175
1282,0.022256889080374265
1283,0.2740469472847451
1284,1.2203712614429207
1285,-0.16576784840243164
1286,0.2047209567727748
1287,0.4954567664102072
1288,0.42547167714026557
1289,0.14463759440008772
1290,0.2526134914068834
1291,0.6657661225618838
1292,-0.2509351575438856
1293,-0.1676406139392128
1294,0.06708529513588246
1295,-0.014374974328923429
1296,-0.5790059872143871
1297,-0.13020835172987688
1298,0.16634465656952813
1299,0.3654394674178718
1300,-0.0792222522077779
1301,0.11042266885699092
1302,-0.3581182851560172
1303,-0.8244134786002277
1304,-0.5428450838206089
1305,0.8167898693683284
1306,1.0188761483615139
1307,0.28955589539236826
1308,0.15758796378122497
1309,0.3263236069235731
1310,0.36079859816915416
1311,0.4255929348136789
1312,0.10611582011961218
1313,-0.025931328164929823
1314,-0.6219453033791567
1315,-0.27793766977932677
1316,0.7040242417394538
1317,-0.19151663279153297
1318,0.4486536236759875
1319,-0.28312590346626365
1320,0.393803381356328
1321,0.4063138626699825
1322,-0.7670468605024183
1323,-1.4992071704861942
1324,-0.8281996385067103
1325,-0.9912570156975775
1326,-0.009770632473227181
1327,0.3558773762049938
1328,0.6910710290785715
1329,-0.42377564183198047
1330,0.2811056488809527
1331,-0.3272214648688987
1332,0.21584163641552578
1333,0.9091786356055565
1334,-0.7929543954753981
1335,0.22719904953198977
1336,-0.16914344977365658
1337,-1.2826761441978363
1338,-1.6797568873215596
1339,-1.3770524189574473
1340,1.5487879435566398
1341,0.03481306074277768
1342,-0.2165171084763884
1343,0.5019939794371098
1344,-0.156291941008746
1345,-0.21872178463375747
1346,-0.1842926891681529
1347,-0.7104684488062674
1348,0.7029886391917373
1349,-0.6251895849821665
1350,-0.9882337830385168
1351,0.22775593855755005
1352,0.6851917547162856
1353,0.39836951759824046
1354,-0.17518837439869372
1355,0.33758894174837906
1356,0.577502702639876
1357,-0.41785422538254124
1358,-1.1708111258583287
1359,-0.2752537117903131
1360,0.8310297133629518
1361,1.4193465364906288
1362,-0.07914990030943869
1363,0.884403186344862
1364,0.6064193313964239
1365,-0.26607532300140235
1366,0.051314188120521464
1367,0.5651922954717392
1368,0.39520224003233295
1369,-0.6384285173940185
1370,1.0031317626440384
1371,0.7900717239680333
1372,0.31761891311266055
1373,0.09532889187138238
1374,0.18087723451873927
1375,0.33944141992154897
1376,-0.13990925608471372
1377,0.18256214120651038
1378,0.16802818875536474
1379,0.41768955563110666
1380,0.3831061308845918
1381,1.15220844665469
1382,-0.15317363415974228
1383,-0.12782227184366945
1384,-0.5176088803432677
1385,-0.1871827258153047
1386,-0.5707209358396526
1387,-0.339748860359812
1388,0.9315430660238988
1389,-0.1827979806870772
1390,0.3395589001138788
1391,-0.11461626938160663
1392,0.2174249424543362
1393,0.46366808427489303
1394,-0.6225977586650444
1395,-0.9660344058364245
1396,-0.11342766545379135
1397,0.8218265589968965
1398,-0.04691421713935995
1399,0.4261035487942877
1400,0.3451805824264298
1401,-0.06288664690501378
1402,0.13968433933957414
1403,-0.5154733657613875
1404,0.5805994887422727
1405,0.9717349635753436
1406,0.6403267441937643
1407,0.1759953623384547
1408,0.038820348013324235
1409,0.1437114256860994
1410,-0.4340582249056979
1411,0.47963915666304757
1412,-0.24637975980450477
1413,0.16888203630998078
1414,-0.3723758871995386
1415,0.13036992422588156
1416,0.05712915025135601
1417,0.6966312076500003
1418,0.22434269971860488
1419,0.17640941442849112
1420,0.7787767311437932
1421,0.20158135269809918
1422,-0.2172813268812135
1423,0.48542591631708376
1424,-0.29948375551978046
1425,-0.5588779326792803
1426,0.4200173576068167
1427,0.8414317729792842
1428,-0.320560876746967
1429,-0.8621418900588651
1430,-0.49374803178405813
1431,0.6308458456411259
1432,-1.2588776997352724
1433,0.9462074223753447
1434,0.18456590472073486
1435,1.1381505973039552
1436,-0.535034804098089
1437,-0.40990286573361345
1438,0.14802742803308178
1439,0.6700940865856708
1440,-0.38140535908919304
1441,-0.1520699093791933
1442,0.08276842655678962
1443,0.5196967885133574
1444,0.5147837334570582
1445,-0.09742704622333065
1446,0.8756647144787522
1447,-0.05052868328849769
1448,0.6482600526837246
1449,-0.6240919079290919
1450,0.2040858910293153
1451,0.015337557131900326
1452,1.2307780908017207
1453,0.22275488195688808
1454,-0.034571290760077034
1455,0.9484676667446124
1456,-0.6550077369464447
1457,0.025845728495532683
1458,0.025849565349744807
1459,-2.179230835876922
1460,-2.1400513607401805
1461,-0.15076021048443522
1462,0.6397543481936552
1463,-0.9058445022343875
1464,0.8857063773579199
1465,-0.8360394456836673
1466,-0.5635325607688202
1467,0.4348062026885202
1468,0.7653730605815312
1469,-1.8582464059795356
1470,0.06622822908273207
1471,-0.3613812346351608
1472,-0.16280710756610972
1473,0.768170429742554
1474,1.19084288342588
1475,-0.23432714201518934
1476,-1.1343134326244453
1477,1.7348121553931506
1478,0.33578110310248377
1479,-0.41205725361539436
1480,1.2798478069827368
1481,0.12841087010269092
1482,-0.15500445973302135
1483,0.9264431543728691
1484,-0.6255092094479053
1485,0.3881037989691194
1486,0.671193776074297
1487,0.7427065132155519
1488,-0.11289477459701658
1489,0.3881036879386457
1490,0.17296927257017813
1491,0.9032125039258432
1492,-0.3624531181687374
1493,-0.6747887035405853
1494,-0.13636680910771304
1495,0.7703154406252466
1496,-0.07525992220696054
1497,0.3543019283096527
1498,-0.5653273278717563
1499,-0.09058197692741743
1500,-1.1872152729603513
1501,0.9431140764828427
1502,0.023790781886390278
1503,-0.1861372648622961
1504,0.1709954512961076
1505,-0.9976262188384766
1506,0.04586317403543205
1507,0.6919045158955583
1508,-0.5391861021735167
1509,0.6691997746722578
1510,0.2163145235799746
1511,0.34728834451733803
1512,0.24517513331936414
1513,0.3623598822112939
1514,0.9775998335195268
1515,-0.22067462010575412
1516,0.4218201501279495
1517,0.588402391088394
1518,0.3547385080512555
1519,-0.1908598142154716
1520,0.26416976146901305
1521,0.923275018049452
1522,-0.13700665159497305
1523,-0.4706009219628271
1524,0.8396927922008857
1525,-0.30678916265891587
1526,0.44330150266400636
1527,-0.024810239145267587
1528,-0.004128908147116306
1529,-0.00620882583284299
1530,0.6122192853210251
1531,-1.640981509796191
1532,1.1217633800695737
1533,0.27848563730490383
1534,-0.8751890484736791
1535,0.26356431034049166
1536,0.7557199511246893
1537,1.1839762070957605
1538,0.48871295566961237
1539,-0.27954651421424614
1540,0.5482367464196614
1541,-1.0464736056171375
1542,-0.43519347013489806
1543,0.6490275917782284
1544,-0.20772220711116063
1545,-1.520035869953773
1546,0.9517055108588579
1547,-0.1251417749582373
1548,-1.122979036881766
1549,0.9730194878194709
1550,-0.6021173487379627
1551,-0.2982707003994278
1552,-0.43033578832432084
1553,0.7389472156861032
1554,0.8976260467276731
1555,0.15564723755527865
1556,0.5408231417696641
1557,-0.4038161988479061
1558,0.6254198193484939
1559,-0.056885308307208504
1560,-1.4470254786541403
1561,1.090794616839652
1562,-0.10813391366362168
1563,0.1101751192315703
1564,-0.4947004403833333
1565,-0.1374018729672244
1566,0.43819106004825414
1567,-0.12879745583198599
1568,1.2846429012741467
1569,-0.3864953336492505
1570,0.28546072682207324
1571,0.6368312888751504
1572,-0.12462225160376761
1573,0.5756016483868365
1574,-0.18215319593739565
1575,0.4417950413252214
1576,0.4358760367981773
1577,0.09528740056943263
1578,0.947855659366148
1579,-0.045219493606651895
1580,0.09237533753800875
1581,0.48013418384762474
1582,0.2869816611768883
1583,0.9854360694310671
1584,-0.34806184225182335
1585,0.8582915893610377
1586,0.6107659810409061
1587,-0.11459349430840149
1588,-0.778887772951542
1589,0.7903548994230292
1590,-0.9561145629550794
1591,-0.1544491242473356
1592,1.3986759540362215
1593,0.6703049961233276
1594,-0.13256573658413373
1595,-0.5091642934518248
1596,0.3745231464373333
1597,1.0833434371145145
1598,-0.5081215932353444
1599,-0.7841765844993631
1600,0.9764316893766889
1601,-0.7048700169422162
1602,0.007583531000321386
1603,-1.6133988179184655
1604,1.2695810277536523
1605,1.296879969998166
1606,0.03379978474029599
1607,0.49448294472220766
1608,0.229544726717279
1609,-0.6545749947608925
1610,-1.8062496717529797
1611,-0.31957536287681165
1612,0.0019185168461888225
1613,-1.9000687166851549
1614,-0.3600697197860825
1615,-1.3837997236992194
1616,-0.3384906694682499
1617,0.4755595815279179
1618,-1.2162592514034287
1619,1.5333611953916915
1620,1.0980865142133922
1621,-0.08027680967295225
1622,-2.05208902769769
1623,1.1707178945712826
1624,0.3274894358296976
1625,0.8394472050985868
1626,-1.6522446645829802
1627,-0.21070409229295706
1628,-2.382139730359789
1629,1.1911132906915256
1630,-2.592728509656439
1631,0.24561975471115716
1632,0.38887741255138053
1633,2.0186238958148195
1634,-1.3738499677096172
1635,-0.8153670758154874
1636,1.1758466233125375
1637,1.8510635591534097
1638,-0.9202407371525112
1639,0.002016085906930698
1640,0.6864641204348487
1641,-1.0537075298316267
1642,1.0136931256754522
1643,1.523193875926232
1644,0.3600262157592127
1645,0.2451726658605935
1646,-0.15292296138227357
1647,0.4580500318571268
1648,0.2925233290605789
1649,0.14594140193651128
1650,-0.6946293174227236
1651,0.4122835086157295
1652,-0.8557799282835177
1653,-2.358153940026142
1654,-0.19954859934756541
1655,-0.6660359784961045
1656,-0.4723364699456667
1657,1.9482034318663466
1658,-0.7210946470562973
1659,-0.5295655693231538
1660,1.1685671345267323
1661,-1.142219013162027
1662,1.450211152687686
1663,-0.9933757235547347
1664,0.5571084440477492
1665,-0.09431231633438841
1666,-1.0047660526110391
1667,1.3294585980506923
1668,-0.8318626562283882
1669,0.11493779358229261
1670,1.2617074522369265
1671,-1.2576728018718342
1672,-0.17750134792233752
1673,-0.08078849692534362
1674,0.4455349212575399
1675,-0.7126049430620895
1676,0.5233425618177634
1677,1.8767146631377685
1678,-0.06726885570031982
1679,0.21945417708302273
1680,0.24852765888230266
1681,0.12008879476379519
1682,-1.8768984978015268
1683,0.7151935976414947
1684,0.011944856375833979
1685,0.8601075851382589
1686,-0.005925918790161688
1687,0.9447485795339716
1688,-0.3583808915331943
1689,0.6277969972796171
1690,0.4163492022646764
1691,-0.7170502123072353
1692,-0.09977226310660114
1693,-0.20378944301775448
1694,-1.4282673398302137
1695,-1.0319698430814483
1696,0.8567307406380564
1697,1.054764259748353
1698,-0.6728168939133639
1699,0.7201373146454415
1700,-0.31590613495549036
1701,-1.1595966127117663
1702,-0.05203109221803004
1703,-0.25452623509281125
1704,0.06218184412194461
1705,0.06616532085246263
1706,2.055058926310771
1707,0.40559483516915407
1708,0.7830229978607051
1709,0.47807980933605165
1710,0.10614585835746482
1711,-0.8056518715076066
1712,1.478498450732424
1713,0.026827406770202344
1714,-0.4145977463961614
1715,0.9475840513074374
1716,0.6494830234974103
1717,-0.44392899818035403
1718,0.580131263589756
1719,0.3961895570053997
1720,-0.5607898888008833
1721,0.6022084483820578
1722,-0.5264981851196282
1723,0.9434495024605027
1724,-0.03561571260810581
1725,-0.3079622773340063
1726,0.6598278265247615
1727,0.6963422407613606
1728,-0.5805675812007749
1729,0.7603733028405557
1730,-0.27819525484051866
1731,0.5925504445883689
1732,0.28760201595972035
1733,0.22250811485520217
1734,0.868719841920651
1735,-0.5917375172224126
1736,-0.5547339728614986
1737,0.1417340155375868
1738,-0.33717441832123995
1739,0.316937713477472
1740,-0.10492284451579792
1741,-0.6893038092101733
1742,0.5012837910667756
1743,-1.81161883062817
1744,0.6666460025037679
1745,1.6235571175425179
1746,0.38853680169541605
1747,-0.24357513416077836
1748,-0.02567262032737716
1749,-1.2531957600483423
1750,1.2605301876982722
1751,0.5395679999157466
1752,-0.9935956226083675
1753,-0.05528527440645803
1754,0.029491082850974237
1755,0.7380820528172904
1756,-0.027442621242634857
1757,-0.7235435224323794
1758,0.8058488035649347
1759,0.07127470515175816
1760,0.26638154134293046
1761,1.5351101110166354
1762,0.04125765295999173
1763,0.2883541350387375
1764,-0.5703402383826273
1765,0.8614265827247891
1766,-0.4342631025817667
1767,0.3611308801723112
1768,0.702418640445579
1769,0.30609124261378184
1770,0.16592361401741584
1771,0.0052961255409655905
1772,-0.3675097388709858
1773,-1.150074084100261
1774,-0.22945307843382778
1775,-1.2642393415177366
1776,1.5813990903016162
1777,-1.2384780616741864
1778,0.7938124776858402
1779,1.3192244711872192
1780,0.6187810562511942
1781,-0.007048476350846045
1782,-0.4823509451442831
1783,0.4647232764069642
1784,0.01234313716249602
1785,0.9386280669151148
1786,0.1465747151540242
1787,0.5876302182384663
1788,0.019067965845565027
1789,-0.16478326341164973
1790,0.9003871125417007
1791,-0.6749626084713967
1792,0.70248738188603
1793,0.2988238501346885
1794,-0.16132189715740708
1795,0.8278770910735034
1796,0.4978609838962811
1797,-0.005081736925482971
1798,0.46843575143729055
1799,-0.05231658384019511
1800,0.21078021401947922
1801,0.40177748019161186
1802,0.5404345884423734
1803,-0.6545808225887129
1804,0.6095214947311689
1805,-0.006676277302197775
1806,-0.6347698008760005
1807,1.0911769907774982
1808,0.31526923023950104
1809,0.13079202003378754
1810,-0.8340475358490806
1811,-2.7279844138554665
1812,-0.38306976187296726
1813,-0.41738207407746586
1814,-2.314867888614991
1815,2.0691428769756826
1816,0.9226510305630597
1817,-0.05151276085975098
1818,0.13559994568659306
1819,1.0374423948102063
1820,-0.4423280434112442
1821,-2.12123331005305
1822,1.9164201304175066
1823,-0.28573493628964997
1824,0.40014401244850006
1825,0.28799389249751783
1826,-0.25046135361641575
1827,1.5875010512493404
1828,-0.05711102985248573
1829,0.6430632664484293
1830,-0.4433335709659758
1831,-0.6898087257082963
1832,0.6344583634305678
1833,0.5704328473978393
1834,-1.3299083843879345
1835,1.6363591504044095
1836,1.383938529905393
1837,-0.3302056863415004
1838,1.241214318307371
1839,-0.026008544552702517
1840,0.11048764552192836
1841,-0.36441215900531176
1842,1.0037849819267919
1843,-0.1808788325368127
1844,0.8113749736370579
1845,-1.1578875483174045
1846,0.6853865475095589
1847,0.025773523388394892
1848,-0.3371689262907651
1849,0.3870847587316817
1850,-0.9802905499912029
1851,0.2338103005392611
1852,-0.32814395553852904
1853,1.484266609489815
1854,0.1265675456480153
1855,0.9449861913976676
1856,0.48732423596682395
1857,-0.4952548904521237
1858,0.5788697888819527
1859,0.22840950346907363
1860,-0.9183745458615888
1861,0.7546042580292678
1862,-0.8531014298258199
1863,0.05402759216437403
1864,1.126346644720222
1865,-0.8423810343371585
1866,0.8910676787749594
1867,-0.4753026114933334
1868,0.25682102511410676
1869,-1.2030981864812773
1870,-0.419734147035733
1871,-0.022390914771008852
1872,1.0533981616486443
1873,-1.1814514513089236
1874,1.1165307750644615
1875,0.316280804495328
1876,0.9334978336408284
1877,-0.3462964539924229
1878,-0.5303753773221231
1879,-0.41112626651287343
1880,-1.2660803187452885
1881,0.13470234315100527
1882,-0.9564658279748173
1883,1.2940325962036425
1884,0.5193099583898686
1885,0.7849896101346232
1886,0.4498505136526276
1887,0.390009070417463
1888,-0.15488081725241187
1889,-0.06891214265483114
1890,-0.8306943928619859
1891,-0.33548118556456785
1892,-1.991611349747302
1893,1.3076685628931273
1894,0.14831635727894366
1895,-0.18503614932026125
1896,0.5683719060108672
1897,-0.006348865510652502
1898,1.0062514514803667
1899,-0.17618748744556711
1900,0.7763709603693769
1901,-0.6127552628109711
1902,-0.5738338395856246
1903,0.60369501527191
1904,0.40775416256728647
1905,-0.13469012472331343
1906,0.012541418164779827
1907,-0.8260803535096173
1908,0.8668157188219894
1909,0.587220325157567
1910,-0.49015728646200074
1911,0.4979429626160936
1912,-1.2818648890991824
1913,-1.3017089906876222
1914,-2.8458999893668846
1915,0.4248782684701524
1916,0.5778256610032173
1917,-3.359741313951403
1918,1.1813006001959891
1919,0.15291864328599303
1920,-1.6883093382411118
1921,1.0886073910036487
1922,1.9163539096981097
1923,1.0565593213616609
1924,-3.794996545545537
1925,1.265544645735872
1926,-0.7815458997539437
1927,-3.008868455566116
1928,-1.3305122577371264
1929,-0.7116217159975236
1930,4.509711291482077
1931,0.9528641913847835
1932,0.2601231671388149
1933,2.543565123695224
1934,-1.1626360803974833
1935,1.5757627231607785
1936,-0.14400181471554419
1937,-1.2381436768423626
1938,0.5672159881921601
1939,1.812331646745946
1940,0.321221409690331
1941,0.41399356628204487
1942,-0.4874111174649087
1943,-0.18699822657328724
1944,0.43737044448555196
1945,-1.398619487362751
1946,0.7129807857760184
1947,-0.24406626786337426
1948,0.16545463218431422
1949,1.2155733390757817
1950,-0.5628785777535228
1951,-1.266071725371809
1952,2.6076114699016273
1953,0.5898164017622776
1954,-0.5615042309344176
1955,1.4614543121091117
1956,0.487070428309444
1957,-0.024684484841941412
1958,0.871009697440428
1959,0.45322729598495926
1960,-0.06243931779597034
1961,1.4549956660502517
1962,0.0015029791061493825
1963,-1.4077619983803302
1964,0.5845616969475387
1965,0.7375751353425386
1966,0.35253298470010463
1967,0.9019075866898874
1968,0.49740444494048575
1969,-0.34021688830812025
1970,-0.14679682075389167
1971,-0.6998762839501182
1972,-0.1779811009214427
1973,1.3028351824495132
1974,-0.9113969962921686
1975,-1.942305689132695
1976,1.2630298810773155
1977,-0.3986376461208252
1978,-0.15235430069466815
1979,1.1452412772190002
1980,1.3563097281927838
1981,-0.6188023472899928
1982,0.05775793439966037
1983,1.0984604964994205
1984,-1.9534397827889904
1985,-1.721575082905069
1986,0.6918900902819658
1987,0.96694400449433
1988,-2.585278002876734
1989,0.36886157723756696
1990,-1.3906906790056794
1991,0.923646990912097
1992,1.271958164698006
1993,-1.0664979957805798
1994,-1.0269163076275234
1995,1.1279603846922726
1996,-1.694411047747657
1997,-0.6417049522305263
1998,-0.7862541335818207
1999,-0.06474175084996148
2000,2.206059123480131
2001,-0.5998066159222049
2002,-0.9779203784844981
2003,1.1611870484308895
2004,1.3654523730098234
2005,0.0061209854267829655
2006,-0.041337008355846194
2007,-0.34818474156761425
2008,1.4158418629854452
2009,0.8117412714810257
2010,-0.4457920454159492
2011,0.831237053866829
2012,-0.9807790426377139
2013,-0.2664099611832782
2014,-1.6181493388588208
2015,-3.5785333648094664
2016,-0.42558858938459565
2017,-0.3292303058398005
2018,-0.6374433665614632
2019,1.1284836827181621
2020,1.218733317160492
2021,0.4307838085198412
2022,-0.17335397175930467
2023,-0.001578864777052047
2024,0.21114623183713377
2025,-0.9886270394755314
2026,0.2556002086143039
2027,-2.329188548495331
2028,-0.5451733148863269
2029,-0.6614392617214193
2030,-0.14794847042178816
2031,-1.610278242770491
2032,-0.026753906713672393
2033,-0.33500868852822663
2034,-2.5541513040108654
2035,-0.23436736008140002
2036,-0.8455149108089088
2037,-2.9469704416296594
2038,-7.314354187504257
2039,4.2557206021037075
2040,3.0586335854005497
2041,4.894032257775116
2042,-2.4844033489813455
2043,-1.7256374816954079
2044,0.5608251344185078
2045,3.3518625689087145
2046,0.41843567040693586
2047,-1.2778576025718635
2048,-3.218926836076186
2049,-0.22665713062490767
2050,1.0893299651829835
2051,-2.1509261345311614
2052,1.2650787121714302
2053,-1.1838490729553897
2054,2.5422404001430365
2055,-1.385141930999012
2056,-0.8634213122146406
2057,1.0861246616512332
2058,-2.2060000075249775
2059,1.5686366302944066
2060,-0.42177874148769945
2061,1.10362333426135
2062,0.788472935549045
2063,1.768566035136665
2064,-2.0318781425626042
2065,-1.4095926389000368
2066,-3.0299605050426948
2067,-0.47283167098495227
2068,-0.06878761001267719
2069,1.0895290362629595
2070,-3.206031863890324
2071,-1.6008939506823694
2072,-0.8958178804798322
2073,2.3807613203931766
2074,-2.3476612136638764
2075,1.3729573546038765
2076,-2.32963844840981
2077,-0.017691801662245155
2078,3.9136769710594876
2079,-3.102990657020044
2080,3.6554276912577066
2081,1.1776057345901592
2082,-0.18227113178905796
2083,-0.382366840500481
2084,0.08592852791551309
2085,0.10264162738096161
2086,2.6087341207006176
2087,1.9079396206445054
2088,0.19058999067542715
2089,0.09604437173305058
2090,-0.9556630585510817
2091,-0.9250190606852726
2092,-1.3459304871679123
2093,-0.13044818163585603
2094,-1.7975368282300508
2095,1.0798034890020958
2096,1.2860417014957548
2097,0.8863260624604408
2098,-1.6312764685427084
2099,3.0936213087475295
2100,-0.6395010973410109
2101,1.5743548652990214
2102,-1.1672540379887408
2103,0.2752529106043511
2104,0.07493054508920238
2105,-0.2053150556632133
2106,-0.1717186038494134
2107,2.0308702564532766
2108,0.5231520607447138
2109,-0.5056109703959422
2110,-0.5804867848542727
2111,0.9621249908674301
2112,0.8455832788483164
2113,0.9775720940199406
2114,-0.27144648530921245
2115,1.0269314749598024
2116,0.30603419845984803
2117,0.6817963597736565
2118,0.30975248656144316
2119,-0.6966050465344154
2120,-1.4440040417253996
2121,0.06008429248982594
2122,-1.0159709781856208
2123,-1.0631908428077708
2124,0.12957962145527802
2125,-1.167006506237911
2126,1.079469952643386
2127,-0.9626829930343916
2128,0.13430433007552978
2129,-1.5681291273383025
2130,0.18460586685371538
2131,-0.9788986786320564
2132,1.1148988711999763
2133,-2.803550850962111
2134,0.5465460971501912
2135,-2.5583687632886765
2136,0.9134000351480154
2137,-0.11907017666299424
2138,0.9449414074410356
2139,0.37732766886531266
2140,-1.4172580019387482
2141,-1.4697782850813468
2142,-0.08701493880476363
2143,0.11915990271251786
2144,-0.9916720315102268
2145,1.3125178290652073
2146,-1.3277888548406835
2147,-0.4152239582849049
2148,-1.4757545935799143
2149,-0.861865638089121
2150,-1.9122557852600863
2151,1.6626765667298926
2152,-1.5786793736758398
2153,-1.40107568665222
2154,1.5888034625747949
2155,-1.497620815627343
2156,0.8570933824877613
2157,-1.1898029019739909
2158,-2.16303076189277
2159,1.133569857625183
2160,0.6222113086245429
2161,-1.2441924160894402
2162,3.4797751270732036
2163,-0.12377878258309494
2164,1.9721872337520097
2165,0.7571268305968104
2166,-3.4330007184841804
2167,-0.978515012289094
2168,-1.529282996170167
2169,1.8254672761166546
2170,0.8210515380998373
2171,-1.485644809372566
2172,-0.3329313483542151
2173,-1.3864993238220436
2174,3.038186493183481
2175,0.28535261456141825
2176,0.058185279238287535
2177,0.7970219109315835
2178,0.5456525035153703
2179,-2.0390103528770354
2180,0.5939993387201525
2181,0.012046766758899707
2182,0.06621659613319508
2183,-2.407897945689541
2184,1.2883139076054206
2185,-1.1076393721193512
2186,1.146173428566044
2187,1.6790557964982966
2188,-0.14766730045732146
2189,0.07386577916506099
2190,1.0974797556748683
2191,1.3546456844103716
2192,-0.33743862431467875
2193,-0.044943079059578395
2194,-1.1006400417223006
2195,-1.6036998909816802
2196,-2.077868343998013
2197,3.829679839444111
2198,-1.7397608578482604
2199,-1.509296614422695
2200,-1.876640953289943
2201,1.8419759850786477
2202,-1.7713698645167142
2203,-1.3983692487578026
2204,-0.6038149745236865
2205,-2.4632874321261156
2206,4.182778057550252
2207,4.40597900218993
2208,-1.9509870631633675
2209,1.1791665070470359
2210,-1.0999879023275483
2211,-0.45971681072600745
2212,-2.005790052696632
2213,-4.399138387841006
2214,4.132531175402221
2215,-0.7011550500463315
2216,-1.389546924284879
2217,-3.356819286023338
2218,1.70982301125715
2219,-5.121696866951986
2220,-1.5432662543735987
2221,-8.704292629663435
2222,5.405797835516424
2223,3.6289046973873695
2224,-0.8152767622958024
2225,-6.897628466178496
2226,-1.0671140007504576
2227,4.228354394795808
2228,3.7945107125372246
2229,-3.4619091061273366
2230,-4.470338929663598
2231,-2.6774337721484187
2232,-1.568025050488231
2233,-0.38401513358010675
2234,1.3350633808414614
2235,3.9639684729776192
2236,0.4214918671070933
2237,4.940624873467492
2238,-0.15171759944259122
2239,2.841731433407091
2240,-4.405456392741414
2241,-2.3998260219936896
2242,1.384972852295796
2243,-3.641631032660797
2244,-0.8519068211034764
2245,-6.034934256048885
2246,1.3646234227055132
2247,-2.5700323158448057
2248,-3.617909412594855
2249,-0.6720949532249776
2250,-4.28230902796809
2251,1.879102136343036
2252,0.25140616414986994
2253,5.628208772802701
2254,-2.3286057462538423
2255,1.346821705086576
2256,4.215889311509713
2257,-1.651506459326768
2258,-4.245096067759668
2259,0.15859809770866207
2260,-0.03962940512227675
2261,-1.2104444440486972
2262,3.980029488000092
2263,-0.7545758733700225
2264,1.0048366768002026
2265,-1.1797821912120199
2266,-2.464817224869087
2267,2.281210815431578
2268,-0.9849526124677155
2269,0.4041130937530113
2270,0.2964249896473703
2271,0.9587534838640721
2272,-1.6255547474273158
2273,-0.7335548274792103
2274,1.4282757945387914
2275,1.0800750873059428
2276,0.9099303581919571
2277,1.8464592283375936
2278,-0.22861455845006873
2279,-0.7242505080101935
2280,1.4994143799292203
2281,0.9837365432737499
2282,-2.285352400993901
2283,1.114409981175335
2284,-1.412610154828009
2285,-0.782242792775456
2286,0.8826444442190606
2287,-4.365690139861833
2288,0.6044847127814279
2289,1.075614603810493
2290,-3.1902378224421213
2291,-0.9769724819026493
2292,1.2699316183129028
2293,-4.220557510998368
2294,2.985473751647838
2295,1.4842840404417856
2296,0.8744363047382464
2297,0.4103643902864107
2298,-1.230462654525688
2299,0.3225777212165326
2300,-2.03847931335126
2301,-0.27087483794669964
2302,1.1973703881803743
2303,1.1091378390460704
2304,-0.568796535745264
2305,-0.4107385857786028
2306,1.141859867841255
2307,1.2667358542545415
2308,-1.1927839356014047
2309,-1.506928587037315
2310,-1.4860352751055572
2311,1.0405057933287054
2312,-1.3574275052786078
2313,-1.5162560174772466
2314,-0.5865777689182394
2315,-0.12314271040363423
2316,0.5394887953604766
2317,-0.029895366440868543
2318,-2.863141043012085
2319,-0.95529288307592
2320,-1.6537601290695036
2321,0.6955321748439047
2322,-1.3577726745241492
2323,0.28571448007799205
2324,0.9465286000555295
2325,1.8635112284828281
2326,-0.27469275989275843
2327,3.334299241357641
2328,0.09561227099545988
2329,3.044218515849728
2330,-0.1623569854558582
2331,0.9788543426424212
2332,-0.41462490565109533
2333,2.4088620399730587
2334,0.8330679700311094
2335,0.8151060841262492
2336,1.0281392149178004
2337,0.7022928660724403
2338,-1.8662887778649662
2339,-0.6206046409396038
2340,-0.06702634974065091
2341,2.768810088402418
2342,1.4941389133133143
2343,0.5605844597617704
2344,-1.348023142071142
2345,-2.369819282132468
2346,1.4291666209475196
2347,2.190128746542541
2348,-0.1439897431344761
2349,0.7496832047641178
2350,0.026481648714948847
2351,-0.20408852444084857
2352,-2.4603760103181216
2353,-0.25048889582173217
2354,2.01863636986932
2355,-0.8235785145432217
2356,0.5185478497882201
2357,-0.6236631857849062
2358,-0.35387353005713607
2359,2.279452089986478
2360,-0.28873550748489407
2361,2.9639129808192166
2362,0.19039042560553554
2363,-0.6007057622019474
2364,1.8345809845456529
2365,0.07613827171457643
2366,-0.39909940918985143
2367,-1.2507864811610148
2368,-0.5456895695537867
2369,-3.5019132219170857
2370,1.328623172483745
2371,-1.0014960457310096
2372,2.1634904826232315
2373,0.191053295874255
2374,-0.2801650143755552
2375,-1.3807837271670564
2376,-0.6320494489415296
2377,1.3419810316493752
2378,0.33467836265970163
2379,-1.2015851268184718
2380,1.6452052353038482
2381,1.9812873431444444
2382,1.5516865303071725
2383,1.552866634420802
2384,-2.077588070238612
2385,0.9259054052696669
2386,-0.9182859964724344
2387,2.2490363401852065
2388,0.5649464761201983
2389,0.3699414824209768
2390,-0.7536575627190345
2391,-1.7312971924541287
2392,-1.4847831212739138
2393,-0.30784251753601666
2394,0.19251260003123605
2395,0.47583433943056974
2396,-3.144743360857305
2397,0.265655879901594
2398,1.278889934793881
2399,1.2320073489918926
2400,-0.43385506051070166
2401,1.734339212431557
2402,-2.0667726772622075
2403,0.08514827207619646
2404,-1.2744341630547495
2405,-1.1692352117099958
2406,-0.44499978485426084
2407,0.02654350564839092
2408,-0.12215461327365063
2409,0.815100927775525
2410,-1.503031559407475
2411,3.408795866676151
2412,1.4734057201165385
2413,1.7954825532074281
2414,0.13005732103419376
2415,1.2296611177459837
2416,0.009872913074282508
2417,0.4384687519223718
2418,-0.10820408529124137
2419,0.6303740740916552
2420,1.2103107360047716
2421,0.7196936142277011
2422,-0.6424283957363386
2423,1.1448217969284968
2424,1.2686162194912143
2425,0.4560720359499726
2426,1.0708491497474881
2427,-1.045049183168345
2428,1.4387687331579357
2429,-0.6237172742634911
2430,0.1092624113466556
2431,0.6461249659304613
2432,0.2559072192605427
2433,2.114210305631836
2434,0.5642451758459899
2435,-1.640828243819925
2436,-0.1550696932747897
2437,-0.1781824958200673
2438,0.08456333608908295
2439,-2.005117911709142
2440,3.1092251140689697
2441,-0.4597046828754614
2442,1.0993010805847803
2443,-0.08310097597146182
2444,0.8679821258816389
2445,-0.23414774869348065
2446,0.7894455807818446
2447,-1.7067678151665433
2448,-0.19396242739713188
2449,0.1331040405593953
2450,0.425200081585686
2451,1.5459955642949552
2452,-0.03536611522605426
2453,1.0689557274885075
2454,0.5519937487983739
2455,-1.4243381870841176
2456,0.2028288970659986
2457,2.3960170257728564
2458,1.3774469835038161
2459,-0.4612992057111853
2460,-0.33723150658797607
2461,-0.29332127287826637
2462,1.4982488893600987
2463,-0.697381846052636
2464,0.25704213791293284
2465,-0.7645879083421292
2466,1.6054678182410242
2467,-0.20006956044706925
2468,-0.8999817036869473
2469,-2.137070177499467
2470,-0.6190840617385618
2471,0.39935662114594095
2472,2.2418669444629558
2473,1.5405543328897764
2474,-0.329784373088593
2475,-0.2760038003248866
2476,0.9637445991259597
2477,0.9441859711907696
2478,0.5943636254508888
2479,-0.4847219348706133
2480,-0.9055871089678647
2481,1.1080181960016589
2482,-0.15694901260641103
2483,-0.5346448118855207
2484,0.9635958653058552
2485,-0.6006416302495765
2486,-1.602734828505703
2487,-1.449390779317028
2488,-2.384611552278315
2489,1.4862660270937411
2490,-2.2388733381177417
2491,-0.19620818780570204
2492,0.18960492394111128
2493,-0.7095463574579242
2494,1.8897508089375847
2495,1.745664698115057
2496,1.2478281762730248
2497,0.4931184439357139
2498,-0.19148229924024207
2499,-0.8779130639302579
2500,1.031553335626434
2501,-0.5440473260042822
2502,0.20278190707898602
2503,0.21500809493968376
2504,-1.3439606766228351
2505,0.6636387133506005
2506,-0.6807088611738621
2507,0.7908918370826967
2508,-0.2884189392524661
2509,-2.9418005350184018
2510,2.7887676611037193
2511,0.37365968147078377
2512,0.9154809607114345
2513,0.2558498892232919
2514,-1.5279695402451665
2515,-0.5480558948676162
2516,-0.1262402898364101
2517,-0.7025907467022918
2518,-0.6749848594347796
2519,0.6167582237015523
2520,0.40476747103497246
2521,0.41811907604021314
2522,-0.24851862261776603
2523,0.18001982117663573
2524,-0.42485269257053204
2525,-0.3316945873416799
2526,1.4797973391086572
2527,0.7433636047114334
2528,1.0828860565073484
2529,1.1249640290042606
2530,-0.24384813471343136
2531,0.7687729068013738
2532,0.11695426726543445
2533,0.9795397365831349
2534,-0.058906985057305405
2535,-0.4480294321863809
2536,0.25888401173421727
2537,0.7827451350911119
2538,-1.0395861081731184
2539,-0.6429421801827928
2540,0.612322123806841
2541,0.0326630532891059
2542,0.23443801233700157
2543,-1.0212607993892675
2544,0.14389378433961042
2545,-0.845766915225532
2546,-1.5995683468014832
2547,-0.6907181775495985
2548,-1.5658489157628352
2549,0.6160142969660498
2550,-2.2439723358079533
2551,-1.0007011166116797
2552,1.7789087826942662
2553,0.9207711922632811
2554,-0.5674497062068795
2555,-2.353513353090797
2556,0.16158057164972206
2557,-0.36115487518770806
2558,0.18406180696839414
2559,0.9021070620633509
2560,0.17112664990257542
2561,-0.3645332658596345
2562,0.48939132197585167
2563,2.1677625023771796
2564,-0.2788863581381307
2565,-0.42626124149567346
2566,1.762120343360074
2567,0.016952557408345115
2568,-1.4903936920877214
2569,-1.1771694104037778
2570,0.9445702992609384
2571,1.04674394020563
2572,0.32806263720619455
2573,0.7162930646872567
2574,0.3120283441329974
2575,0.35092957560305393
2576,0.8501206615404655
2577,0.2534316959371452
2578,-0.0020766932966154172
2579,-0.12040035022202744
2580,0.08097551858288199
2581,-0.7081739893548544
2582,0.27345152367139747
2583,1.1605866350363314
2584,0.20377932898547613
2585,0.18695058257769404
2586,-0.8657705444887753
2587,0.9191122791074591
2588,0.34199670138832516
2589,-0.12478594459892633
2590,0.23511864341401179
2591,0.008166105571305593
2592,0.3973879711372419
2593,-0.8435209377546826
2594,0.6582776790216016
2595,0.9329371452302837
2596,0.14523446686425245
2597,-0.4647036376956848
2598,0.2063564420820896
2599,0.7289248856416464
2600,-0.6582156706800291
2601,0.8666612943050822
2602,0.14404313878255692
2603,-0.344456048490116
2604,-1.406114110291945
2605,0.21745391892338262
2606,0.5769188606420173
2607,-0.9511596849336001
2608,-0.529170040346294
2609,-0.030732981853276442
2610,-1.1790588101778354
2611,-0.7743202463460719
2612,0.4544947818871492
2613,-0.4565864464865399
2614,-1.0165357912402584
2615,-1.340991862475427
2616,-2.180201472292964
2617,-2.0433893582874063
2618,2.623345401702437
2619,-1.1325205939597183
2620,0.548186878762813
2621,1.729970226367783
2622,-0.9002685502105479
2623,-3.170460357017113
2624,0.07831817375301142
2625,-1.8876600800233234
2626,-1.6223550111176266
2627,-0.2574862597501948
2628,2.0688491196205305
2629,-3.0046044636723224
2630,0.9775613718380427
2631,1.6578017530516576
2632,1.7721966850841042
2633,-0.6256164989931534
2634,-0.3754493284063187
2635,-0.7300403649402654
2636,2.3684427266255526
2637,-0.819220241930374
2638,-2.814904503234139
2639,1.2702515400762948
2640,0.09352899501173795
2641,1.1337219183593206
2642,1.5703659512110946
2643,-0.011098163265366168
2644,0.4937801109118567
2645,0.5419014593794458
2646,1.3247003756847064
2647,-1.184200636878785
2648,-1.596595495929698
2649,-0.1427625693546375
2650,-1.5001393211020897
2651,-0.6479136050137058
2652,-0.888869883397092
2653,-1.0223096324036618
2654,-1.4990326372696927
2655,0.028319182956160205
2656,-0.39240068035866216
2657,1.2708744336865863
2658,-0.5040628560442073
2659,2.375999937660467
2660,0.9002460758784636
2661,0.3088757675561382
2662,-0.6734820715269763
2663,1.8569545402195686
2664,-0.44469033836804783
2665,-0.44893991425372093
2666,-1.4668385224473113
2667,1.0340382134415904
2668,0.20643808821496634
2669,-0.8648800596922968
2670,1.8951944693515799
2671,0.6193813822665817
2672,0.2515681114683588
2673,0.7200412331290096
2674,-0.1281158710140673
2675,-0.6786775811519874
2676,1.0647486260698003
2677,0.6583880025820221
2678,-0.6473792728847627
2679,0.535756547563615
2680,-0.008757688713600942
2681,0.6287501269556017
2682,-1.1865743328280942
2683,-1.8941940133098356
2684,-1.2330244798510748
2685,1.325005453713679
2686,-0.4742616283026635
2687,0.8636697732590903
2688,-0.04691959735225737
2689,0.0915823939857674
2690,-1.0797105571315413
2691,-0.04288767127871296
2692,-1.0828385515893046
2693,-1.4066866683824841
2694,0.8275632329370453
2695,0.3231709416617434
2696,1.8724783134437928
2697,-1.0952022184941512
2698,2.0562752393928463
2699,0.8196403690670095
2700,0.18735057958210177
2701,0.752464505604955
2702,-0.050276097955936905
2703,-0.7903096644064078
2704,0.9869150014758077
2705,-0.47909067573570496
2706,1.190181007952873
2707,0.25104646203448766
2708,0.7536642047663022
2709,-1.212951299985754
2710,0.7269476361008387
2711,-0.16396840627432852
2712,-0.2984130961760201
2713,0.16662224093142441
2714,0.18144693443087334
2715,-0.6864884371401203
2716,1.5845459217070257
2717,-0.11984973038874358
2718,-0.5324830120860824
2719,-1.3459408054412592
2720,-0.08076111792938434
2721,1.0016838466532008
2722,-0.39860330776644304
2723,1.7194846718009416
2724,0.09596827785607331
2725,-0.21124982843456763
2726,0.34332626722957116
2727,-1.7025391227383224
2728,0.03679776214724484
2729,1.6997983100214498
2730,-0.21516816923377036
2731,-0.7943622805539619
2732,0.08166000129055107
2733,-0.6637589321119464
2734,-0.043253532157372376
2735,0.5457897230606079
2736,1.3207818125598791
2737,-0.47245604437105015
2738,-0.850479262656556
2739,0.7885994942455454
2740,-0.49857921046942977
2741,0.7884551045171051
2742,0.061700708855916275
2743,0.44992001432735407
2744,0.4795097278133653
2745,1.1586317093556175
2746,-0.4635188445565319
2747,-0.7920896671494759
2748,-0.8664932265954661
2749,0.6109283196286341
2750,-0.7621044862963444
2751,-0.10020991201020735
2752,0.2620242638302628
2753,-1.6301328990872221
2754,0.3432544926766923
2755,-0.23734016657090962
2756,0.30842830507271657
2757,-1.1784444538690764
2758,-0.09810654948658737
2759,0.19175871396832633
2760,0.10661581566129286
2761,0.43833495538621037
2762,-0.7410762711982599
2763,0.04798158008316733
2764,1.9346825922776034
2765,0.384188965034582
2766,-0.11936944507731084
2767,0.8114348200757959
2768,-0.5707188346933734
2769,0.8770107398099469
2770,0.09697483259145656
2771,0.2357192570455524
2772,0.20579185522962007
2773,0.018876364732456352
2774,0.3392075038689768
2775,-0.4378279376226146
2776,-0.5579137908235055
2777,0.7424928613190218
2778,0.1361214021880386
2779,0.4301820877168794
2780,-0.4532070402548882
2781,-0.04395936998289329
2782,0.31779960836164634
2783,-0.9480272892522734
2784,-0.056919913779296394
2785,-0.583673658652728
2786,0.21398747052021605
2787,-0.42417879083629373
2788,0.15502970704837082
2789,-0.0339511703355555
2790,0.286171737997698
2791,1.4917182526646755
2792,0.13129107847955623
2793,-0.8029631823786687
2794,0.8092069671961966
2795,0.6807608645244656
2796,-1.058406910862253
2797,-0.5870406789519222
2798,0.6351049795012997
2799,0.45445689196697003
2800,-0.03535936646361648
2801,-0.6512953888194062
2802,-0.44076975965641196
2803,-0.03786670963616956
2804,0.929983911576926
2805,0.501193662539734
2806,0.8695457468281376
2807,0.11920020671301046
2808,0.448819832673486
2809,0.29401978822463093
2810,0.19553733504764637
2811,-0.684004191383103
2812,1.1185118490722346
2813,-0.09729203310335777
2814,-0.016221244339753582
2815,0.16617775240810317
2816,-0.03442409760356924
2817,-0.7461926230055482
2818,-0.8875969968086039
2819,-0.2226268695155298
2820,-0.7581463683159484
2821,0.5639815870283726
2822,-0.0992905604945804
2823,-0.10975851248709034
2824,-0.4818424790647313
2825,0.06659397096608899
2826,1.1974437411563343
2827,-1.3744478412384353
2828,0.214453249740032
2829,-0.8437892716600004
2830,-1.438622315956728
2831,-1.175044621155763
2832,-2.5313306518706113
2833,0.649288588388508
2834,-0.0636504245990821
2835,1.5487659395692077
2836,0.3538583691108599
2837,0.012924504663125447
2838,0.19363590010996745
2839,1.0094224998738355
2840,0.9108109630187045
2841,-0.18994961103739882
2842,0.46788517205982316
2843,1.386541123598306
2844,0.32504261229533427
2845,0.4927977449396437
2846,0.5128953040687279
2847,0.27179804206376446
2848,0.26087459383763445
2849,-0.09774575032377442
2850,0.6599879644234363
2851,0.6174497865032436
2852,-1.4691395280941322
2853,0.2507683392600768
2854,-0.5472041617492707
2855,-0.6593924385892791
2856,0.20176668750391258
2857,-1.4210219178051986
2858,1.3613586673056233
2859,1.1214878058501299
2860,-0.8358311111628325
2861,0.0020541490730607848
2862,-1.0272115173929564
2863,0.04352198596961898
2864,-0.8470421292257058
2865,-0.9344194121871041
2866,0.28650501463296507
2867,-0.22534563838920718
2868,0.2905285306608718
2869,-0.6538314747706053
2870,1.1445610036535214
2871,-1.775002967772643
2872,0.3252685235562325
2873,-1.3117863449453537
2874,0.7263855784835016
2875,0.20901502377146386
2876,1.3269833427925093
2877,-0.5100807126790841
2878,-1.902954288516412
2879,-0.3063095993114828
2880,-0.9572897628448374
2881,1.633369216605196
2882,0.5094038153195868
2883,-0.3528849301728698
2884,0.8703270776980077
2885,-0.021241345113409693
2886,-2.297121875107244
2887,-0.37675886429617833
2888,-0.3059376023465177
2889,-0.06130641430903694
2890,-0.648133153203645
2891,0.2817463808289844
2892,0.27437267631214013
2893,0.5007040470056623
2894,-0.39774076563059424
2895,-1.9368195395250254
2896,0.127167428682462
2897,-0.7430087371956162
2898,1.2611914517812295
2899,0.5397743738443594
2900,-0.7107246112994403
2901,0.16872986650469102
2902,-1.0323572098011269
2903,0.27976429760929733
2904,1.226168686907414
2905,1.718236526638428
2906,-0.3652453040952963
2907,0.42382613073055353
2908,-0.2736535730715417
2909,0.1499473778043381
2910,0.010857173888290106
2911,1.0626262335001968
2912,-1.5676490924082742
2913,-1.9146382852078148
2914,0.43062158338393886
2915,-0.5352210739008711
2916,-0.3837535094310951
2917,-0.03353641527166218
2918,-0.08724516612836908
2919,1.8098055460319173
2920,0.13837059331027746
2921,1.0241472835952337
2922,-1.587630415919783
2923,0.9424788004512408
2924,-0.7880863008091765
2925,-1.635376180492365
2926,-0.8820476488233808
2927,0.2032016188023178
2928,-2.2997977934876346
2929,-1.307902117940074
2930,-4.083176152502688
2931,-2.9489822731241233
2932,1.214341251785811
2933,2.605295474593028
2934,-0.012074232964920384
2935,0.7650407401238013
2936,2.609096132094635
2937,-0.8346886489990268
2938,1.3238124749880953
2939,-1.232022373232411
2940,-3.5751084772877917
2941,-0.478969015976638
2942,2.207046088378384
2943,-0.13906739293183534
2944,1.0787109410081541
2945,-0.30429381089014385
2946,1.4958937181948073
2947,0.13830393356037973
2948,0.6374235964266006
2949,0.2556951648806205
2950,-1.511071472391201
2951,-2.4092378517856616
2952,-1.6161157625802502
2953,2.6130851141555667
2954,0.10990033143585265
2955,0.1598577208589802
2956,-3.794853431666567
2957,0.8432822282234298
2958,-1.6562835108096863
2959,1.6317267597409923
2960,1.8903131270111118
2961,-1.6499154032599606
2962,-1.0170384296619872
2963,0.7790990507565709
2964,-2.660456466260541
2965,-1.5683892447890813
2966,-1.011970618553626
2967,3.5766713938244266
2968,0.8677197175195772
2969,-0.7753698475051252
2970,0.007485407645901887
2971,-3.4645056791431372
2972,1.3951423085190484
2973,3.5869961300537767
2974,2.2593518193685824
2975,1.5422555925727721
2976,-0.5526714630558871
2977,0.9516262573699308
2978,-0.9207033452256042
2979,1.646064867798458
2980,-2.091706244282854
2981,0.6380587953568551
2982,-1.6462528649052288
2983,-0.07240431051229734
2984,2.6940165847159747
2985,-0.6389369239951037
2986,0.34473253408577875
2987,2.4609293152920486
2988,0.11721220384650621
2989,-1.276104601153527
2990,-2.6761944046024055
2991,-0.30635927265034724
2992,2.586245819570543
2993,-0.1800268254642745
2994,0.476233579159846
2995,1.210683743720864
2996,-2.374910754269166
2997,1.2270931610395053
2998,0.18835032632882331
2999,-0.44236526627496886
3000,-0.8953580337625056
3001,0.25395736101856414
3002,-1.9253296129202013
3003,-0.33573173021999025
3004,-0.7232432683242251
3005,-2.003977130904211
3006,-0.16800203746782927
3007,-1.4922093498565658
3008,1.8377863172110764
3009,1.0759547992048368
3010,0.4305509574113131
3011,2.60664210172763
3012,1.394943166564211
3013,0.7735813946693426
3014,-1.3817704038768142
3015,0.7130780113067559
3016,-0.27527205406929767
3017,-1.8318037225819594
3018,1.1778987588181522
3019,-1.4065706170244496
3020,-0.06917788840929973
3021,-1.2172628244483619
3022,0.4675364734177734
3023,-2.4041328169273513
3024,-0.17994223595696468
3025,2.1092963079048843
3026,-1.183444571092096
3027,1.2051816055466347
3028,-1.254083752741586
3029,-0.4338283217828476
3030,-0.3568048780051569
3031,1.093445302108087
3032,2.0895828300574237
3033,-1.0827693414167783
3034,-0.8289797934356358
3035,-0.07548418754321773
3036,1.1335204784955977
3037,0.8465535852556272
3038,-0.1553444776757118
3039,0.35573823802597104
3040,0.46841184884023335
3041,0.054539746119708354
3042,-0.07352563007358981
3043,0.5866853801718364
3044,-0.34259959238180926
3045,-0.021301227698167224
3046,1.1088244822673232
3047,0.3995495400616278
3048,-0.36676886034392453
3049,-0.23431834753537828
3050,-0.8717834369798894
3051,0.9913452442008364
3052,-0.3897084254854022
3053,1.0483015240241755
3054,-0.5087361136924429
3055,0.3852939242614539
3056,-0.1819607873498441
3057,-0.8817884801217701
3058,0.9331469152492389
3059,-0.9920529174721082
3060,0.24952575320078552
3061,-1.6952974782721952
3062,0.33421693900930194
3063,1.4245436194233463
3064,0.821318867095755
3065,0.04426458324928717
3066,-0.16085003661814312
3067,0.47945185234379295
3068,-0.9190404005231301
3069,-0.11019114554304821
3070,0.8363316483395167
3071,-1.0053860697482264
3072,0.4127318068418262
3073,-0.23664442202235847
3074,-1.3770144090772263
3075,-1.461383804326566
3076,0.656665956577207
3077,0.978177905692057
3078,-0.36390455638279917
3079,1.2055591830577583
3080,0.9279744217147723
3081,-0.21950716636354173
3082,-0.037400266393383674
3083,0.3408339794178872
3084,-0.36890478335109833
3085,-0.4853912144884731
3086,0.4549818032838715
3087,-0.07725314767306202
3088,-0.17813012531746608
3089,0.8991081635183917
3090,0.9763217535882163
3091,-0.12901371889348923
3092,-0.06225472064294024
3093,-0.13619693085775708
3094,0.1777043839332748
3095,-0.07150579116945721
3096,-0.32587472668410555
3097,-0.6386385368260861
3098,-0.2729464808425064
3099,0.9925744855562968
3100,-0.48692363296627406
3101,-0.3142790032846676
3102,1.38700667829319
3103,0.32141817446156296
3104,0.08705963530406535
3105,-0.32343782142643107
3106,0.18363792185134287
3107,0.3388503815342503
3108,-0.2998662523504336
3109,0.7877921987907044
3110,0.7455173714305374
3111,0.14437935177173955
3112,-0.15566794466064238
3113,-0.7478788399685854
3114,-2.177777935941805
3115,0.3040985223968562
3116,-0.915072563488728
3117,0.47837489649040776
3118,-0.2447353945912667
3119,0.27731930028291885
3120,-0.7170209508537084
3121,-2.39105788514955
3122,-0.1946461043313974
3123,-2.7037545435891985
3124,0.6674843400290342
3125,1.1568699002769023
3126,-1.319022543159143
3127,-0.2757659477575558
3128,-0.6580134479689193
3129,0.9583645218489423
3130,1.1341513557020733
3131,-0.4921665645118978
3132,-0.43815998974920944
3133,-0.3046646556674304
3134,-1.9605767401870366
3135,1.462279011290768
3136,0.2864577253633982
3137,1.305768203629576
3138,-1.0988485006903304
3139,0.22613758223535285
3140,-0.22367439783028686
3141,-0.5329422349221957
3142,0.37286536578271523
3143,1.9428951684822948
3144,-0.32929252143603094
3145,0.22045621000739146
3146,-1.0900303714535653
3147,-0.9685698829159151
3148,-0.5051992504208513
3149,-0.36064756165909984
3150,0.7422587878378906
3151,0.03956720269844283
3152,1.223693868417719
3153,0.9334479243245042
3154,-0.14042772580484808
3155,1.0844263169333956
3156,-0.07193037113353284
3157,-0.2738176473632947
3158,-0.9545631830835788
3159,-0.4941359608368501
3160,-0.036609921697561276
3161,-0.6981472413420065
3162,0.3484568630264917
3163,0.5594080116038569
3164,0.8658831783954213
3165,-0.41623667941976805
3166,1.9951946850369495
3167,-0.1808298903698713
3168,-1.6859235849464582
3169,0.10409685930312662
3170,-0.2252678735068514
3171,0.5754716952010241
3172,1.4861083403330255
3173,0.8491657820576037
3174,0.5519749753416292
3175,-0.15003262601016587
3176,0.1570548818751405
3177,-1.13062092381071
3178,1.2032048962979047
3179,0.4437082445265972
3180,0.4881346603168524
3181,-0.09976437202929844
3182,-0.7221425672879533
3183,0.14017711974076974
3184,0.20757725662310378
3185,-0.2566077760244312
3186,1.1380385679821359
3187,0.9172139058456708
3188,-0.13281493602850247
3189,0.43668915597816493
3190,-0.16895915671479855
3191,0.17580960818737168
3192,-0.7947227586051042
3193,-0.12193691776083426
3194,0.36078463730753185
3195,-0.06884050083062476
3196,-0.9386424370799062
3197,0.009265792313506438
3198,0.31460613044203
3199,-0.6069655552026987
3200,-0.5756094304114612
3201,0.7937958233210196
3202,0.2986540189967357
3203,0.18476610090019108
3204,-0.18476610090019108
3205,0.8173084046617873
3206,-0.5034066070489729
3207,1.1593159884496274
3208,0.28433343011453616
3209,-0.177324752379171
3210,0.5378303638233106
3211,-0.4809598362625067
3212,0.2521064165321718
3213,-0.5185438896063488
3214,-0.28772621687469524
3215,-0.2587397330470864
3216,0.5168228682183695
3217,0.06384085918114124
3218,0.036466968781034836
3219,1.0066263891030047
3220,0.12624776451630737
3221,0.3104221295457066
3222,0.9388900935876521
3223,-0.27851137667074255
3224,0.5207396293487321
3225,-0.324580306636868
3226,-0.1604643689859131
3227,0.0691206953305823
3228,-0.07135329873531049
3229,0.1805056311205533
3230,0.8137830982096972
3231,0.6866461833773485
3232,0.25628830221275933
3233,-0.6606645409307887
3234,0.04623678011217436
3235,-0.8244207502940526
3236,0.10425997005611976
3237,-0.848285665879267
3238,0.1005665354266938
3239,0.19637818715576572
3240,0.6953453990877989
3241,-1.3237530161308797
3242,0.05606826896489281
3243,0.3134026807790846
3244,0.23886218699082917
3245,0.7043499729254776
3246,-0.7266499985192354
3247,-0.4873761612227412
3248,-0.3142539062059413
3249,-1.5451540296860244
3250,0.19616570565066382
3251,-0.8949806003155203
3252,-0.28781637768684476
3253,0.5656380417571327
3254,0.5556208392006212
3255,-0.3700706652018937
3256,0.9928826395700696
3257,-0.0022682193753453816
3258,0.25347850137737993
3259,0.7341460599800342
3260,-0.21338493551219528
3261,0.6812438811586219
3262,0.6300276652604353
3263,0.5643168502645679
3264,-0.6175911881818763
3265,0.3723365269525658
3266,-0.24585763885163203
3267,0.9380828706936128
3268,0.1339253491156711
3269,0.396328436751503
3270,0.17030517563743075
3271,-0.021818341513402117
3272,0.006552394681591522
3273,-0.21187569357916658
3274,0.4755433505541973
3275,0.4906035971888656
3276,0.35236675723879785
3277,-0.2268382920346923
3278,0.25057466105167236
3279,0.2757629379861015
3280,0.500034417257389
3281,-0.47852210137371287
3282,1.2164877150311781
3283,0.7367825468685751
3284,-0.35713262375853816
3285,-0.13769584679650393
3286,-0.5740055966368729
3287,0.3787945700908679
3288,0.3159740557546087
3289,-0.28624456332462245
3290,0.21635343571126953
3291,-0.06570578874214306
3292,0.46112836206511076
3293,0.3833642465066234
3294,0.306473868785595
3295,0.13195106082921626
3296,0.033486755851441785
3297,0.18187102442919212
3298,0.46677289635468355
3299,0.518382959151964
3300,1.1065250106344848
3301,0.15737651364933214
3302,-0.36623007789540196
3303,0.8632854640669763
3304,-0.27674554262393514
3305,-0.5066261616198275
3306,0.7813376331560207
3307,0.2982784485718426
3308,0.7186789664148208
3309,-0.23764068297964513
3310,-0.010082169691472131
3311,0.8973570295719213
3312,0.6613116288402665
3313,-0.05957818935780068
3314,0.5843162925604162
3315,0.3647013072338723
3316,0.33004553873183795
3317,-2.3535652817265884
3318,0.7601404699201453
3319,0.7484665004023228
3320,-1.0378387593112492
3321,0.6573597775238582
3322,1.3312886809064395
3323,-0.35328096359457106
3324,-1.4975637307758305
3325,1.2869609798546122
3326,0.812388517187479
3327,-0.14863310725736767
3328,0.27753876845562075
3329,0.45763106159544265
3330,-0.5650393131581666
3331,-0.49949665545305777
3332,-1.189190997966172
3333,1.73362358851481
3334,-2.0680379454228515
3335,-0.5598447170681808
3336,-0.4018167577820364
3337,-0.16117987446762072
3338,0.1591647626030479
3339,0.45996346471692817
3340,-0.8048008999514522
3341,0.9009392840260588
3342,-0.5722045427244637
3343,0.38183326134380025
3344,-0.5591736378086409
3345,-0.8955444088279307
3346,-0.45079777055594406
3347,0.28784835065227554
3348,1.443005035276812
3349,-0.17697303428985123
3350,0.7839580059890494
3351,0.12773492907740547
3352,-0.9137078035179158
3353,-0.3448055713628051
3354,1.080836877374658
3355,-1.6155089046554494
3356,0.15218695851721975
3357,0.7011231491620862
3358,0.9937192843354481
3359,1.703828425400289
3360,-0.09607746679041185
3361,0.5536348833208748
3362,1.2678349648906462
3363,-0.4827475545639004
3364,-0.7031787220272534
3365,-0.00974706370477918
3366,0.5191723417665273
3367,-0.24272091307189214
3368,1.0847422915139404
3369,-0.026925860084503483
3370,0.14801666045194395
3371,0.0806364444180474
3372,0.20515562328444759
3373,-0.5627720277729509
3374,-0.5020575363079871
3375,0.2918788014278917
3376,0.5428451961170921
3377,-0.5563518806503964
3378,-0.2841854952569278
3379,-2.014186514334426
3380,-1.570820443526344
3381,-0.47468958712588716
3382,0.21751549998629827
3383,0.08043919919913378
3384,-0.8884101129559951
3385,-0.08318906335080811
3386,-0.7804559956642976
3387,0.2553862416927899
3388,-1.3475883753022444
3389,-1.1230931618376516
3390,-0.9139774770318354
3391,0.4086432308550769
3392,-0.6876524169475928
3393,-0.6093284652544995
3394,2.0237632367386738
3395,0.7091142702833508
3396,-0.23858190487757724
3397,0.9715035575489139
3398,-2.141498542415121
3399,-0.41275588779186023
3400,-1.4817543345492012
3401,-0.2809644108234366
3402,1.6127876814381992
3403,1.668269003345202
3404,-0.1809819010855307
3405,-1.9405899463649234
3406,2.592272347882485
3407,-1.8772520965242734
3408,1.060942062509973
3409,0.9754757126254177
3410,-0.6672810456869627
3411,1.4900431255890467
3412,0.40272988031642143
3413,1.30334551305058
3414,0.16499072016564753
3415,0.14465487831305524
3416,0.09832153164861523
3417,-0.08627476488971553
3418,0.23457834571498637
3419,-0.4274715191831646
3420,0.5975515010767651
3421,0.3034276270014402
3422,0.35813093430139276
3423,0.00992979615546119
3424,0.12701244625912267
3425,0.08524340138791331
3426,0.017840999205276376
3427,0.09505317165832139
3428,0.18786775684258572
3429,1.0866323429997493
3430,-0.10754687068317281
3431,-0.11157411107127757
3432,-1.8642672168226682
3433,1.0619288184155806
3434,-0.18971565719851924
3435,1.0527551836814197
3436,0.954577460760575
3437,-0.005822395633359179
3438,-0.09699510149037138
3439,-0.7500303169715394
3440,-0.027378204761419056
3441,-0.6731614816178677
3442,0.42836331775397696
3443,-0.4776054799643603
3444,0.9353777168012556
3445,0.2339456018543018
3446,0.11288351263178953
3447,-1.055893387952267
3448,0.10215936645039392
3449,0.8330630352029189
3450,1.0326209508768613
3451,0.159853148596234
3452,-0.6757956506737273
3453,-0.37072853235393666
3454,0.04860267410364827
3455,0.706922035612223
3456,0.37948161043228623
3457,0.6362800170307992
3458,0.15462778771730967
3459,-0.4377694478456817
3460,0.5426262326306386
3461,0.06096074657264694
3462,-0.24978033045766068
3463,1.091744971944486
3464,-0.3575366183993012
3465,-0.4596785601371778
3466,-0.34901013516535073
3467,0.793521002736064
3468,0.3519283475647228
3469,0.23770192184127126
3470,-1.6758932099881108
3471,-0.2321206907780038
3472,0.1688727191933026
3473,0.36935699973952296
3474,-0.5151818382183038
3475,-0.9046150915891005
3476,-0.2269569920908765
3477,0.06988852766180997
3478,-0.11456010976722553
3479,1.6149860484549805
3480,-0.4406643991481829
3481,0.9783243275812481
3482,0.07222590482189872
3483,0.38308780611995275
3484,0.7242153372247984
3485,0.5677697926214975
3486,0.39721248997448555
3487,-0.3168924787836147
3488,0.3131665284294982
3489,0.24908747187311064
3490,1.0177706212429527
3491,-0.47711504588860976
3492,0.2839635792620143
3493,-0.09947870081497001
3494,-0.2657643668605658
3495,-0.3814272412483888
3496,0.7669245259359414
3497,0.03312788264668853
3498,-0.21739180063882202
3499,-0.39361401135167284
3500,-0.2521386101337342
3501,0.111315198435058
3502,-1.3797424021465332
3503,0.6782426595744795
3504,0.8608375578605276
3505,-0.31521199770363495
3506,-0.5923183142078514
3507,-0.8479818671752071
3508,-0.36618369768586234
3509,0.8960753275159661
3510,0.31622024922679515
3511,0.07843649002658992
3512,-0.4508954940146026
3513,0.026246857473921636
3514,-0.2665512007951065
3515,-0.766072226103276
3516,-0.4442070808320153
3517,0.336180284051224
3518,-1.4477192077325896
3519,-0.23112491028260962
3520,-0.8053961689698852
3521,-0.015548302665457925
3522,-0.7669958919796827
3523,-0.8222851047664292
3524,0.7066313430994953
3525,-0.1727484663499368
3526,0.26685710180078814
3527,-0.13922717439847077
3528,2.060609010868575
3529,1.203751808123421
3530,0.5058162508692732
3531,0.6648477304741718
3532,-0.05821069087375008
3533,0.6123043843503595
3534,-0.0859017584806665
3535,0.29290245636612866
3536,-0.33214818159734705
3537,-0.47213568382939997
3538,-0.14846792146823162
3539,-0.018809367120375953
3540,0.15788699984593535
3541,-0.2256318688198533
3542,-0.38285311864054705
3543,-1.5251501712254978
3544,0.6387824167997991
3545,1.2070864326640063
3546,-0.060295721327463525
3547,-0.20564114905923248
3548,0.6869645422726833
3549,-0.2196952528434437
3550,-1.0734465576019758
3551,-0.42079856953147754
3552,-1.2634539169688708
3553,1.0361373699353749
3554,-0.7852494863858084
3555,0.036613683566244504
3556,-0.040472498379884314
3557,-1.7657202485422019
3558,-0.5271820779318759
3559,1.1978558474083911
3560,0.6816969268930606
3561,1.0704161872935103
3562,0.6185213778307386
3563,1.0525833535380613
3564,-0.03767116812394278
3565,0.9039427567804736
3566,0.6791292594359177
3567,0.2851662079677908
3568,0.07577486384473531
3569,0.486599257526521
3570,0.027576316642985432
3571,-0.11771917167777701
3572,0.058876908092209135
3573,-0.47196167925971366
3574,-0.12204098767032434
3575,-0.38001363250526055
3576,0.29487509196215456
3577,0.8482127551607377
3578,-0.005513959037095617
3579,0.30068966723675317
3580,-0.9343591969592779
3581,0.04248944165237134
3582,-0.5482438139452483
3583,0.5260811920766884
3584,-1.5490943790201328
3585,-0.2216551050743476
3586,0.5064631543019615
3587,0.20560370225286562
3588,-1.1568656870595717
3589,0.8295698904239757
3590,0.16471327425406912
3591,-0.19281710822465215
3592,0.7504600979130416
3593,-0.4978094773395725
3594,0.3135171866819775
3595,0.5185048014721971
3596,-0.10385033157014334
3597,0.26128547410735337
3598,0.12207484657089651
3599,0.23816608583846488
3600,-0.16794373670077078
3601,-0.05728033511829267
3602,0.9784472142854383
3603,0.3106557439936708
3604,-0.9569748266455846
3605,-1.2922579886708974
3606,0.5452701714643737
3607,0.5939714807487562
3608,0.623486145456198
3609,0.45913300347173447
3610,0.7001874796078056
3611,0.23894362874301578
3612,0.09216683633983536
3613,-0.898152573818578
3614,0.04555518096793776
3615,-0.7368960347509557
3616,0.1705396639939849
3617,0.07509130223368743
3618,0.3508850206305425
3619,-0.8353857045861446
3620,0.7514285209348159
3621,-0.2925689727966585
3622,-0.2273293736815063
3623,0.9098831801525264
3624,-0.03092754319542479
3625,0.25982417097569765
3626,-0.5787165190259458
3627,-1.2858369666988168
3628,0.21053625607017068
3629,0.07745865417252418
3630,1.0142652805715358
3631,0.23512733659440954
3632,0.36345174685727955
3633,-0.019948467116748247
3634,0.28082525682737725
3635,-0.139411705278647
3636,-0.4903751199641704
3637,0.4722558954174616
3638,-0.7055693652043615
3639,-0.6389401685636287
3640,-0.14519613560963762
3641,0.49720947314622066
3642,0.10426837625168162
3643,-0.28745216076089264
3644,-0.4631205352671586
3645,-0.4375108695670704
3646,0.1331134682891033
3647,-0.21454940949876544
3648,-0.3338467656954336
3649,1.5759387049445905
3650,-0.8945970081780885
3651,0.6217333929233959
3652,-0.37662753360727663
3653,-0.5685363496406026
3654,1.1466734479103735
3655,-0.3519850225632837
3656,-0.9113763364460681
3657,-0.3676392567628639
3658,1.4679942226809573
3659,0.6540920521109328
3660,0.6136400964093625
3661,-0.11047000299821974
3662,-0.14506158850586814
3663,-1.0653712395129133
3664,0.21800890661900496
3665,0.40908638654801877
3666,0.4473484631381197
3667,-0.001816209438842975
3668,0.13780528115248103
3669,0.06339833496316061
3670,0.16826869814856593
3671,0.1481214722010904
3672,0.06135236286031187
3673,0.6007282566455885
3674,0.1988376198125863
3675,-0.0769794916438471
3676,-0.10931194289067747
3677,0.1970302844577887
3678,0.615452436393582
3679,0.17768622051832494
3680,-1.3673990922855594
3681,-0.2793474151788544
3682,-0.4032702185220671
3683,-0.11966889172772
3684,-0.054441522077830484
3685,-1.3468437582739412
3686,0.3984507296253881
3687,1.3342840089816121
3688,-0.28247387501370014
3689,0.6110331414708625
3690,0.3238869228143315
3691,0.3693896302481292
3692,0.6547170779619194
3693,0.19186201192926688
3694,0.07628163207513694
3695,0.11875042934761382
3696,-0.18971142275088226
3697,0.047907657824808325
3698,0.24094861957077995
3699,-0.4753688177132176
3700,0.02666595619551515
3701,0.06929649157871864
3702,0.5084956574556543
3703,-0.04242133807697002
3704,-0.4394339368067435
3705,-0.5805823855055792
3706,-0.38834654125494694
3707,0.5525303082791311
3708,-0.6009586603559214
3709,-0.5071718234182399
3710,-0.2708267234302397
3711,-1.0468462855689253
3712,-0.5147067917814496
3713,-0.7021341271777004
3714,0.15707148699242168
3715,0.31893201686834516
3716,-1.2986371410702802
3717,0.9778658706359522
3718,-0.7394814891080514
3719,0.11898849935221278
3720,-1.2865335522141308
3721,-0.9302688963181538
3722,0.5418145181367962
3723,0.7772822042911187
3724,-0.6847390576080414
3725,0.38621359898503016
3726,-0.47686555927484164
3727,-0.16450083506338586
3728,-0.8151751116695749
3729,1.0514500099054302
3730,-2.067796911200226
3731,-0.6341946913428487
3732,1.0016566166894947
3733,0.7308976441310122
3734,0.1771307484220941
3735,0.31919721614386276
3736,0.9007568450067893
3737,0.10522149156955152
3738,1.1371697835430794
3739,-0.05199748817119598
3740,0.5391266078971668
3741,0.8609922171441298
3742,-0.11730457532070915
3743,-0.08990399424053663
3744,0.5217928330438326
3745,0.9161350475883623
3746,-0.357098223539154
3747,0.23578928162706347
3748,-0.03623910665684349
3749,-0.21407491280562851
3750,0.7779183748464646
3751,-0.4533534498003533
3752,-0.12498579273696464
3753,-0.9835965537375202
3754,-0.37411149275996536
3755,0.21289554475938388
3756,-0.76931592736873
3757,-0.23676606862110816
3758,-0.5739049159677378
3759,-0.9845584327917933
3760,-0.22410236063272748
3761,1.0781927627874666
3762,-0.5048344021274076
3763,1.1443679190231038
3764,-1.1893638401673456
3765,-0.36447524748268734
3766,-2.0018310403770556
3767,1.4033905487217169
3768,0.7639312739447846
3769,0.8792828191019453
3770,-0.6259304490216167
3771,0.061838561427762784
3772,-1.0526096981978483
3773,-0.44964730175962586
3774,-0.5338430218731816
3775,-0.2181675072993272
3776,-0.6438800870384398
3777,-0.6538809432498738
3778,0.1861530841210879
3779,0.9428647505213661
3780,2.4230107247758426
3781,1.9183175754273307
3782,-1.1291012081475316
3783,0.25242877296793864
3784,1.4593121906750994
3785,-1.050470754735322
3786,-0.10344117080585136
3787,0.4591163614714233
3788,0.2645534921247972
3789,-1.5811556873030597
3790,-0.2089810271931114
3791,0.5197895670617569
3792,1.5506777317277454
3793,-0.7880040626815799
3794,-0.3324900887204052
3795,-0.9499731473875173
3796,-0.4155400516120622
3797,-0.6057946909750811
3798,0.18664451315100195
3799,-0.026371454924856153
3800,1.6017332510662285
3801,0.4901381360104651
3802,1.499792884515827
3803,0.8218055233912835
3804,0.10089387117133697
3805,0.30030134335667924
3806,0.3369808171298061
3807,0.659915380686904
3808,1.448931607063031
3809,1.217285035953175
3810,0.5816261381532684
3811,0.1581985878804204
3812,-0.0911086847711573
3813,-0.24621948106862135
3814,-0.5445271234693294
3815,-0.442989763797641
3816,2.3045292991382027
3817,0.19037919650255475
3818,-0.5192870889185741
3819,0.9767444131643543
3820,-0.19458714961384516
3821,-0.3852163725072799
3822,0.44955332507736756
3823,0.3210818136567539
3824,0.3015509910813563
3825,-0.6141700619581414
3826,0.3429806615072195
3827,0.5064085184576683
3828,-0.42042306663923057
3829,-0.5458136094814492
3830,0.04404780080573545
3831,-0.08981188469423529
3832,-1.3242305349754346
3833,0.049811355201079266
3834,-0.5336834840086624
3835,0.9791032420507051
3836,-0.6121084328205129
3837,-0.2893476882226409
3838,0.7629017091801416
3839,0.003418353239226235
3840,1.8401109986804443
3841,0.41421448450655873
3842,-0.32518554561704605
3843,0.21802577628431408
3844,0.07033271769021354
3845,-1.5895800226644496
3846,0.6915834783356445
3847,-1.2544751404512056
3848,0.773584521068571
3849,-0.5224554454075658
3850,0.6428971457447474
3851,0.4634397976742477
3852,0.5838507460348197
3853,-0.47927845385906664
3854,0.6083696348781586
3855,-0.1358085809881615
3856,-0.23011385312514676
3857,-0.6444593424847156
3858,0.6595912539042459
3859,-1.1771424546420661
3860,-0.7650930445475268
3861,0.6697738462380087
3862,-0.5943723670442935
3863,0.12497206474080258
3864,1.502817407617485
3865,0.8291486009156301
3866,-0.573291679331156
3867,-1.864802813461175
3868,-0.8358767214927454
3869,0.4205290839225384
3870,0.22505095036446932
3871,-0.017161489659400786
3872,-2.331962607412663
3873,-0.8202622905361778
3874,-0.19680506636738926
3875,-0.16696396530750945
3876,0.8761195217196871
3877,0.709407904173176
3878,-0.3242289210204419
3879,0.6805407955518206
3880,-1.339235675771988
3881,-0.7751942560512148
3882,-0.09264721935071663
3883,0.9225976376143308
3884,0.04238352010137447
3885,0.9977037971028224
3886,0.9030136053128857
3887,-0.8366229128588643
3888,-0.21331150792622822
3889,1.1157369431431974
3890,-0.7261691763636335
3891,-1.7482884252270736
3892,-0.9340846890133037
3893,-1.4304177670315
3894,-0.10542417071341958
3895,-0.4959115305821271
3896,0.13333992302193565
3897,1.4154830332598678
3898,-0.20537551129802267
3899,-0.11728513770492555
3900,-0.054178032239526885
3901,1.0708758945984442
3902,-1.2679684142561598
3903,1.296560989237605
3904,0.2355664427620141
3905,1.312154987780012
3906,0.04397112198759601
3907,-0.9558729854628467
3908,-1.5530037170936595
3909,-2.250193469006234
3910,0.6708659080729262
3911,1.0332983825549036
3912,1.513224131397095
3913,-1.1043288742431656
3914,-1.1495283494145525
3915,1.9247347782121338
3916,-2.025241890697771
3917,0.027421050398146463
3918,0.383107282403472
3919,-0.3428997696957481
3920,1.8859210266036541
3921,1.0487413745632779
3922,0.5908471518013769
3923,0.00881857530110608
3924,0.2958495543035511
3925,0.34756903405472883
3926,-1.6270592084907776
3927,-0.43374472379440476
3928,-0.4338271341557842
3929,0.42667337385804416
3930,-0.09306297068505387
3931,0.704799973851955
3932,0.8022179948873998
3933,0.5224917953608355
3934,-0.349789707177095
3935,0.32697174535787354
3936,-0.4203332378514446
3937,-1.132577429175896
3938,-2.441285241474489
3939,0.6263747832946365
3940,-0.6555967304334942
3941,-1.678483947866738
3942,0.10770297582443078
3943,-0.5844903767867393
3944,0.2088771037595194
3945,-1.2107974115323827
3946,1.4434010863261904
3947,-1.7172005479995534
3948,-1.4091176609214884
3949,-4.176456282918828
3950,2.682977201807013
3951,0.688647862575209
3952,1.1627926686585965
3953,0.577320492895872
3954,-1.0811347666216164
3955,-2.146948521748371
3956,0.1000225169946134
3957,-1.4552140290286175
3958,0.2542668147714977
3959,-0.20256575911741237
3960,1.6717053106729551
3961,2.049158886182134
3962,-2.444845969334075
3963,-0.470189082249739
3964,0.4996253774139703
3965,-1.5442891285573523
3966,1.591367269896793
3967,0.9350313340634742
3968,0.45942712625333115
3969,-2.037832741181056
3970,0.7355123969146504
3971,-2.088833244575028
3972,1.461824587639704
3973,-0.5853424294212317
3974,1.4061419927266172
3975,-3.890084675707861
3976,2.076537296157177
3977,1.78616703337795
3978,-1.1826093313958452
3979,1.9309592853366198
3980,0.32758444289360256
3981,0.5885037307534091
3982,0.24019304294107258
3983,1.3212705407751102
3984,-0.8903715867155881
3985,-0.5749455375154255
3986,-0.10769212813652729
3987,0.6272055685265343
3988,0.7277507229538571
3989,0.02846866936536685
3990,-0.6492002412246123
3991,0.2422707839889071
3992,0.2948984847739311
3993,1.6542437589967207
3994,-0.06729406256766879
3995,-0.03365945412703297
3996,-0.20596557541878724
3997,-1.2884473304847432
3998,-0.5234966318120371
3999,-1.4147027878678387
4000,1.4108910758181992
4001,0.05914438706984271
4002,-0.9448731209291239
4003,0.42275235905542274
4004,-1.8482310420001369
4005,-0.3973075049223951
4006,0.4578438738576551
4007,0.06049974458566254
4008,-1.4621541932212878
4009,-0.9448012488224578
4010,2.2605268151714597
4011,0.29069312985186
4012,2.110779291058229
4013,0.25717483477905034
4014,0.38547030283933026
4015,-0.9521342625287588
4016,-0.6276295633755424
4017,0.32678510034429564
4018,-0.1555721829211265
4019,-0.6963042727422319
4020,1.9094592511400776
4021,-0.14823257324731998
4022,-0.5836295295216232
4023,-1.466408316311707
4024,0.07955716348551078
4025,-0.917752343614886
4026,-0.5515731247774269
4027,-0.846001445568767
4028,-0.16290918958556944
4029,-2.026558371141185
4030,-0.38624998972167646
4031,2.390933065397327
4032,1.4530797082020541
4033,0.09208215648772722
4034,0.045024906416379906
4035,0.15060478247708176
4036,0.4893436557130926
4037,1.2715941063182967
4038,1.1398744425596519
4039,0.9936627608279736
4040,-0.4521569986385643
4041,-0.4807683128129625
4042,-1.6471136982582735
4043,-1.189435408941364
4044,-2.2263989079764457
4045,-0.3899576141124683
4046,-1.1811002840440565
4047,-0.14405767650575996
4048,1.2570113494344781
4049,-1.576299745397236
4050,-0.33870180208399603
4051,-0.6993744217032472
4052,0.9096725437245823
4053,-1.2643087985020784
4054,0.463655459441803
4055,1.0634047039921768
4056,1.8261869801712294
4057,-1.2097041986171675
4058,0.6006567285206543
4059,0.5870721072865237
4060,0.7582824301943347
4061,-1.0023157462999421
4062,-2.3607747695525205
4063,2.1020962467186877
4064,-0.08436026834708343
4065,-0.016083704381664177
4066,-2.9224573768214412
4067,-1.174057504829662
4068,0.9461537104689555
4069,-1.1641684834373223
4070,1.6277146669779086
4071,1.363634192212615
4072,-0.5698466634084909
4073,2.2261155894781837
4074,-0.7883597279006338
4075,0.9724888903713591
4076,-0.4328336555076362
4077,-2.122948168694627
4078,0.12710268389497514
4079,-0.02459114237041149
4080,0.018438921724417412
4081,0.8446252183016867
4082,1.9893126594173083
4083,1.1858804943067014
4084,0.17500377598747008
4085,1.0319809687670656
4086,-0.6789702079810667
4087,0.9585896256062654
4088,-0.13776835014880362
4089,0.31599511948208203
4090,0.3690166927963645
4091,-1.4392948858516164
4092,0.14857872863114352
4093,0.9565395737645588
4094,0.28788484948982784
4095,-0.318850085849931
4096,0.0
4097,-0.47144386320532305
4098,-1.1362682145342973
4099,-1.580022239515877
4100,0.11582468844100191
4101,1.4366497860732963
4102,-1.6544366722149206
4103,-0.08204544421399618
4104,-1.429501129756261
4105,0.43565108314442824
4106,0.3673101064597617
4107,-0.5352628891484912
4108,-0.12362015528726289
4109,0.8902784568791233
4110,1.5772556189389775
4111,1.25624410691767
4112,0.7570982724001141
4113,-0.39632290428599504
4114,1.0013682009335056
4115,0.5228405694605698
4116,1.0811777738744865
4117,-0.690838168879182
4118,-0.3021864150463571
4119,-0.6321879844200851
4120,0.7240854576210154
4121,0.5115742377594046
4122,-0.17532200430476763
4123,2.0912699080529507
4124,-1.5567464718968083
4125,0.15165591903851805
4126,0.2440599110366648
4127,0.540866410050711
4128,0.4144913211389323
4129,0.5506262304491472
4130,-0.24227527735050103
4131,-0.5669729780947819
4132,0.559510860297685
4133,0.6880675911823175
4134,-0.7384582933459782
4135,-0.6161429787660211
4136,0.5246110438207552
4137,-0.6072988849732397
4138,-0.43901911744175237
4139,1.4417044012146718
4140,0.28994867282250425
4141,0.32980953904342414
4142,0.038840708747400754
4143,-0.5451203322744291
4144,-1.0353472445038037
4145,-0.8356938791802548
4146,0.7548772515722391
4147,0.7772084249046074
4148,0.1975529977476853
4149,-0.018620240254918485
4150,-0.15095368514614904
4151,-0.92369956845193
4152,-2.078837383226073
4153,-1.0859533904117313
4154,-0.021375438886295228
4155,0.3240022428748546
4156,1.8062703158962634
4157,0.33424708545499726
4158,-0.06638028682619534
4159,0.1857594240904703
4160,-3.223323216502294
4161,0.46827524665822295
4162,-0.6620870946310475
4163,0.7632526540948703
4164,1.754126622767238
4165,0.25191225750340607
4166,0.6686645361019927
4167,-1.0238115972404316
4168,-0.585105501194505
4169,0.583190837565617
4170,0.04972266759910582
4171,2.0175576790448346
4172,0.3012096833142408
4173,0.6572503629481474
4174,0.4277762738043478
4175,0.3320668600519383
4176,0.5308542344874212
4177,-0.13199502258132156
4178,0.683739238215253
4179,0.4308613408586126
4180,-0.25792808343769735
4181,0.6417814483372197
4182,0.07045194191466209
4183,0.03972475540106046
4184,0.30460450716969234
4185,0.10252286791967435
4186,0.4502388533710544
4187,-0.8429295815625792
4188,-1.3592512402416546
4189,0.18461110895930943
4190,0.3936887349436091
4191,0.7322039276191461
4192,0.2651002079398168
4193,-0.15860936856597618
4194,-0.6460602234376722
4195,0.41489524129865174
4196,0.1643967479797226
4197,-0.14450869566804414
4198,0.05421523580881882
4199,-0.49263322351436045
4200,0.3425693798286389
4201,-0.21011251093252525
4202,0.6992540371625111
4203,0.14215090558860055
4204,-0.3566467412802865
4205,-0.4775074201827323
4206,-0.8429921263163109
4207,0.1662409037797019
4208,-0.8303330632546846
4209,-0.3207771898170009
4210,-0.7934544122219833
4211,1.0516332844316523
4212,-0.2951160418374954
4213,0.19561351473136313
4214,-0.7104634995224401
4215,-0.8689958531199693
4216,-2.265507628034591
4217,-0.22633251082044836
4218,0.38139839487065785
4219,0.23309473883550424
4220,1.0781626456953575
4221,-0.03588520314199428
4222,0.16606837017540954
4223,0.6764908416871052
4224,0.6514784342483537
4225,1.0512933581555473
4226,0.0018429609387027313
4227,-0.47059779687348424
4228,0.12016677111041929
4229,1.082361309873825
4230,-0.6491130187718852
4231,0.7806258587999437
4232,0.1003420836756419
4233,-0.5687202362594235
4234,0.5504837084437497
4235,-0.2849230776773126
4236,0.14621489139976518
4237,0.08032537421467367
4238,-0.0949336790352362
4239,-0.7167718849011351
4240,-0.027600165776320296
4241,-0.8371306312822568
4242,0.4092715444780737
4243,0.4536176818337623
4244,0.12319367795701197
4245,-0.2170688662708642
4246,-0.4022554983105664
4247,0.6321808361795078
4248,-1.5366973936551176
4249,-1.206922121186338
4250,-0.2211904435794665
4251,0.6395416907530205
4252,-0.5128156411243978
4253,-1.1692704156086364
4254,-0.06504127239388424
4255,-0.8610195680169852
4256,1.3420961948517274
4257,0.13322424101307462
4258,-1.9435184637352165
4259,3.2848568941403755
4260,0.7832254744675637
4261,-0.46657542535442076
4262,-0.3654460965384132
4263,0.028158701600666802
4264,0.20250526298823956
4265,0.39072956607100195
4266,-0.1512524750397759
4267,1.1519366784344953
4268,1.3048828363299236
4269,0.01276622113035586
4270,0.4129891019976739
4271,-0.7910925765619581
4272,-0.12634987178756774
4273,-0.3119841033031534
4274,1.0913522314789148
4275,-1.027040593450046
4276,-0.8041077971416399
4277,0.5226723761095897
4278,0.9058612759567097
4279,1.1885783490079405
4280,0.3061906842928508
4281,0.03955098403789492
4282,-0.32049227095214405
4283,0.7116206228856115
4284,-0.8271048157226346
4285,-0.10297061493300674
4286,0.5263679627153905
4287,0.5200312887183145
4288,0.3998345677729276
4289,0.5400887683387978
4290,-0.2838945159316708
4291,1.0094773761730735
4292,0.24771575698583348
4293,-0.5860216729599799
4294,1.1825805091090658
4295,0.055794571511036395
4296,0.2941750430762724
4297,0.03997415945757865
4298,0.8959638710834383
4299,-0.8073920579157345
4300,0.18729830668551273
4301,-0.07973545619659461
4302,-0.797354584611476
4303,0.4760426564782705
4304,-0.856064922195543
4305,-0.36209805935634165
4306,0.23569425430416402
4307,-0.6592143485555368
4308,-0.7775750702663231
4309,0.6944304631916864
4310,0.3780371616208811
4311,0.7465670791621193
4312,-0.9230429036625409
4313,-0.7197098712794059
4314,0.5730015001711664
4315,-0.13807541006123358
4316,-0.42246986928002883
4317,-0.10678817616316394
4318,0.11212111853122764
4319,0.5233617103536758
4320,0.2333015429453411
4321,0.9837411842342547
4322,0.6985316939498887
4323,-0.09552011100506519
4324,0.9321842444105499
4325,0.12386168238851525
4326,-0.18069029193856778
4327,-0.1844634494787556
4328,-0.07077615060886444
4329,0.24318701091736727
4330,-0.3520323542343107
4331,-0.7931555684256963
4332,-0.2582143320964292
4333,-0.20985631831855756
4334,-0.12963811266395453
4335,1.2507399721963353
4336,-0.8169553911203664
4337,0.29452365204800657
4338,0.2589509953372371
4339,-0.02950598517799108
4340,-0.3217142193724598
4341,0.5973882288799359
4342,-0.3173583137492386
4343,0.031264857050494754
4344,0.2583851784388358
4345,0.20415247642961987
4346,0.2382360490306823
4347,-0.35756302400233864
4348,-0.07443294042523974
4349,-1.5725834264047833
4350,0.41255270275666334
4351,0.7939665666786055
4352,-0.11825542798273858
4353,1.2880648607415779
4354,0.8944248672838384
4355,0.38574004576439336
4356,-0.532269372871319
4357,0.13291122635212815
4358,-0.27452801728546916
4359,0.3341080628585402
4360,-0.3392356225800697
4361,0.10581622682135361
4362,0.8560254518432231
4363,0.27697409659932504
4364,0.0792392611806747
4365,-0.7459518858244252
4366,-0.9073400911940865
4367,-0.5618267076505035
4368,0.2993430846723655
4369,0.5601521273677079
4370,0.3018910381516804
4371,0.6822986122042352
4372,0.1605611533511464
4373,0.04389980543955119
4374,0.5437462104925572
4375,-0.1007827561776864
4376,-0.9812047122901291
4377,-0.270206775829962
4378,-0.6795860644180252
4379,0.5859475178018769
4380,-0.5294270745981322
4381,0.6060469514098443
4382,0.049344503856119104
4383,-0.7067753980617653
4384,0.025695271784798024
4385,0.2070357703372494
4386,-1.1085921122932163
4387,-0.8278241372684292
4388,-0.1901306663496527
4389,0.7618406491989305
4390,-0.1907834775289885
4391,0.1526525040290494
4392,0.3564466162558233
4393,-0.6567724193278224
4394,-0.7784466390630129
4395,0.18905571823601974
4396,0.11711070270088442
4397,0.23554670386065624
4398,0.8675940515599834
4399,-0.5752453757947862
4400,-1.5303545459483203
4401,-0.0052900329501781584
4402,0.16572760895723349
4403,0.02113202011599924
4404,1.6593398252100044
4405,1.0528516048116998
4406,-1.219280377190124
4407,0.18721713516516303
4408,0.5389020017730672
4409,-0.8285520372623978
4410,-1.603809381207455
4411,0.7087765717532335
4412,0.1733495286686093
4413,0.07520558817617484
4414,-0.10494648334358203
4415,0.7236362946834163
4416,1.0783062674171617
4417,-1.6742755971694834
4418,-0.6487836188608043
4419,1.7317699756100424
4420,-0.35506789117594195
4421,-0.07811076767882952
4422,-0.9631514206887459
4423,0.3640151847246642
4424,0.07857997796776317
4425,-0.9664470334714181
4426,1.1042476700779957
4427,0.49209870228867914
4428,-0.16665971905851507
4429,-1.1902734838697526
4430,0.7828788233851469
4431,0.5115884703798201
4432,-0.6739695490727726
4433,-0.6081871594277644
4434,0.6745713042866086
4435,0.8693287787606252
4436,0.14530694282406387
4437,-1.4311112596498532
4438,0.31164640173333424
4439,0.9014209595520128
4440,-0.4897237579045921
4441,-0.15854798341834453
4442,-0.2531492182290762
4443,0.922210762372444
4444,-0.5174841496030425
4445,0.3805624407059227
4446,-0.08329070507500091
4447,-1.1838763151132525
4448,0.6530386876972827
4449,0.4718033436384772
4450,0.4782310748886687
4451,-0.1020364865349066
4452,-0.5569901846946834
4453,-0.36956714794449397
4454,0.4217537675931027
4455,-0.22459424646861237
4456,0.1445619234457851
4457,-0.027853459365978495
4458,-0.5936911845152437
4459,-0.7188757934573076
4460,0.012350539326888565
4461,0.7870563620080873
4462,0.1765890707254414
4463,-0.32193578339150264
4464,-0.28957802305278335
4465,0.0035099129943816365
4466,-0.30450724849551136
4467,0.7114216977592847
4468,0.581175416320967
4469,-0.036552999089245475
4470,-0.09752869143699883
4471,-0.7644140979710556
4472,0.4485115167328857
4473,-0.12243971165339929
4474,-0.07879048133716537
4475,-0.9450586473958467
4476,0.47100762379823635
4477,0.028156357239694785
4478,-0.22369944411000375
4479,-0.11821824227453703
4480,0.10763581573147718
4481,0.19732556283873492
4482,0.8360424730184945
4483,-0.4881583536096912
4484,-0.8684566793212056
4485,-0.005313086128211353
4486,1.0367598364805275
4487,0.49955753453438945
4488,-0.020905554321259956
4489,0.5907820596164015
4490,0.38732090947668496
4491,0.3394043069846475
4492,0.5591234765820019
4493,0.7293630595778922
4494,0.015278348028324729
4495,0.095024825331258
4496,0.18469563677481204
4497,-0.2203204009594728
4498,0.061062073650575144
4499,0.13555647777998558
4500,0.18101506595780137
4501,-0.22166106414989173
4502,0.26898169622153745
4503,-0.17078144465649814
4504,0.4862049143524061
4505,-0.10277787458488064
4506,0.4742803266243101
4507,-0.10240476660232645
4508,1.0110296090994453
4509,0.033248550917797104
4510,0.548665746627286
4511,-0.3311590323725966
4512,-0.1261301587987873
4513,-0.9309499423608258
4514,-0.5344427800674012
4515,0.15659271466592628
4516,0.2319140074460435
4517,-0.19490234473575896
4518,0.29892549709416016
4519,0.38326564344082215
4520,-0.4319049936167829
4521,0.36841088692174395
4522,0.10357531510223339
4523,-0.07516850871880365
4524,0.446843586378165
4525,-0.6877615844304685
4526,0.33278294934255825
4527,-0.07013890538374312
4528,-0.2324924232770087
4529,-0.4296117807180977
4530,0.5300352380984918
4531,0.2789772508739574
4532,0.06503794102226124
4533,0.24810220652291548
4534,0.14291002639961192
4535,-0.17451866943378747
4536,-0.23816546354531454
4537,0.6962515798138114
4538,0.5433209322779575
4539,0.06256965479511933
4540,-0.25049774655290236
4541,0.1533424244856363
4542,0.0032901747943014925
4543,0.29939478380693885
4544,-0.3785015812987069
4545,-0.06267801035360065
4546,0.15002183672141456
4547,0.11031399040071221
4548,0.7410186439081201
4549,0.13221737298625413
4550,0.08804524337691078
4551,-0.6392763953940062
4552,-0.47845173939649044
4553,0.04119396582744628
4554,0.1152529086917653
4555,-0.47007681242021704
4556,-0.5437547503595042
4557,-0.01994459111873681
4558,-0.1464226583562933
4559,-0.2317095593678431
4560,0.7498658955235271
4561,0.29276623914356037
4562,-0.07765901629745997
4563,0.4189542563619142
4564,-0.8695579568472667
4565,0.2470942034950241
4566,0.8641340910639173
4567,0.5126294596268011
4568,-1.5674150499734196
4569,-3.253381760303675
4570,0.7429518371782962
4571,0.23625064100869508
4572,-0.8986596826931148
4573,-0.29677094521218805
4574,0.6029120354115847
4575,-0.25133947126878553
4576,1.154032374230951
4577,-0.08465250653664214
4578,0.634838651079761
4579,-0.011785319811785655
4580,0.04712473280665819
4581,0.12105842737728523
4582,0.8183650573293733
4583,0.7042113577361064
4584,0.2429885552690081
4585,-0.6775515268497401
4586,-0.7123080839164686
4587,-0.7460823947237571
4588,0.5147903079489424
4589,0.04864832660391727
4590,-1.0181791685916153
4591,0.6905936771190113
4592,0.3410069203885868
4593,0.55019916772725
4594,-0.357535413114185
4595,-0.6616378565752257
4596,-0.24459995626031628
4597,0.48188158086048816
4598,0.16794307595073832
4599,-0.38669158926012415
4600,0.23387330414657015
4601,-0.22039309657042594
4602,-1.981711168507161
4603,-0.5201919337505245
4604,0.7192756582195869
4605,-0.7365468154301169
4606,-0.5212646410758026
4607,-0.13030676271998942
4608,0.16502657478163485
4609,0.47444986990683446
4610,-0.0017207406607155917
4611,0.34490522277312863
4612,0.828069980740409
4613,-0.48435026638475875
4614,-0.2267257646840548
4615,0.23358644738333822
4616,0.20907101002798356
4617,0.0034271803995622463
4618,0.34008530688396377
4619,0.3338349233914073
4620,-0.20766651176682416
4621,0.29264994511297715
4622,0.6030049330004061
4623,-0.1825546137270706
4624,0.7214942009097669
4625,0.48759087146432734
4626,0.5417627823751658
4627,0.5801730078074385
4628,0.7918650156861773
4629,-0.5821794425125759
4630,0.35563364333999203
4631,0.12154501025101183
4632,0.263938345915804
4633,0.1750300223820389
4634,-0.04086670025866823
4635,0.3117924310981124
4636,-0.6130926528955527
4637,0.15076358813530533
4638,-0.20817781879749475
4639,-0.11328309263216596
4640,-0.047649133198390814
4641,-0.7026037941361807
4642,-0.15569973363049883
4643,0.07622618548683846
4644,-0.07125648407182439
4645,-0.4785301759984151
4646,0.15976733491385176
4647,-0.4817342044713513
4648,0.45345770330591506
4649,-0.3582650549745381
4650,0.5842291926354548
4651,-0.5091372001981398
4652,0.5025001474264101
4653,0.5330031040555738
4654,-0.19995229756286648
4655,0.15206632830491174
4656,-0.5116778580799064
4657,-0.11461537766503938
4658,1.278234861539751
4659,0.16560119827815356
4660,-0.03277023129069079
4661,1.1487168584547902
4662,0.9593211504741461
4663,-0.1107768599469594
4664,-0.23803113385092445
4665,-0.2063154292038405
4666,-0.02743688745177053
4667,0.314230037984764
4668,-0.3352107036926455
4669,-0.271577114013688
4670,0.5230943575288194
4671,-0.4324866791140636
4672,0.5177906044554703
4673,0.9096910148334914
4674,0.21818559774082757
4675,-0.4448298105399928
4676,-0.6814363628057762
4677,0.8442877704720075
4678,0.0015968741150729215
4679,-0.4300584978819799
4680,-0.6090753663940518
4681,0.6667387451816609
4682,0.2814261318563993
4683,0.3697581129863181
4684,-0.9317972830688248
4685,0.611520104563823
4686,-0.29088369277889825
4687,-0.04963293114297329
4688,0.8880333605334911
4689,-0.3466254531806712
4690,0.028670281194997926
4691,-0.07167945034076695
4692,-0.5560676600547154
4693,-0.09779167959536039
4694,0.6108238808034017
4695,-0.30494555886004804
4696,0.23318380479366851
4697,0.46474268140741515
4698,-0.30693629934859246
4699,-0.4181722344684502
4700,0.7552721770418103
4701,0.465609097290276
4702,-0.011063897103191778
4703,0.17210015102335774
4704,0.0914492833981484
4705,-0.9596744614515984
4706,-0.2932164021835604
4707,-0.34531460686384463
4708,0.04642926845601636
4709,0.3451545933373268
4710,0.5694532899740423
4711,0.7505822363437886
4712,-0.006303378859051634
4713,-0.5098115448838314
4714,-0.13618094520904123
4715,-0.28244710442493215
4716,-1.0013290087114157
4717,-1.1298825871675078
4718,-0.2698283207886121
4719,-0.0341802840006622
4720,0.616814960547174
4721,-0.06151531384226416
4722,-0.7671917520987392
4723,0.5954078005444785
4724,0.31902402909231853
4725,-0.3806751448411916
4726,0.46148323004651104
4727,-0.33172893400532644
4728,0.4060163204615108
4729,-0.12438228494513481
4730,-0.016164490139125576
4731,0.10340603747707178
4732,-0.17940942097638413
4733,0.42619045718250703
4734,-0.5702855260297568
4735,-0.7496820796609072
4736,0.3243062720116541
4737,0.4901604839110618
4738,0.1488488271371935
4739,-1.386992503979556
4740,-0.975178754531214
4741,0.14390506253203483
4742,-2.782240287708504
4743,0.20205262827186488
4744,-0.9989189873023108
4745,0.5603466389413114
4746,1.1720041903410916
4747,0.05554525560480528
4748,-0.04881209949871845
4749,-0.5842456580714028
4750,-1.0521003531827944
4751,-0.24160355715014958
4752,-2.869743021935278
4753,0.019420398987790577
4754,1.105914651262907
4755,1.333547900625831
4756,0.4331565162081219
4757,0.17993168054903919
4758,0.14371928265077827
4759,-0.5331168399578701
4760,0.9766370500202015
4761,0.36866372913060275
4762,0.5293886023805427
4763,-0.10802348096863312
4764,0.3287508021447394
4765,-1.819074564294354
4766,-1.7533152632209337
4767,0.05580697980711591
4768,-0.09418489695178778
4769,-0.6459919595689811
4770,-0.38538414905726626
4771,-0.5126131636021825
4772,0.8558297121224356
4773,0.43656244001510913
4774,-0.7833001027160336
4775,0.9947486392734461
4776,-0.055873489824342926
4777,0.5799607789484185
4778,-1.596443831366301
4779,1.818486193970692
4780,-1.011826438884178
4781,-0.7854926880517255
4782,-0.19070824581870482
4783,0.4215491093720658
4784,-2.2967005589480394
4785,0.42054449941026917
4786,1.3821100612615211
4787,0.1431732635152727
4788,-1.0582878190399825
4789,0.9999782387303924
4790,-1.223362149697671
4791,-0.1593522734665953
4792,-1.3494268417021615
4793,-0.6962265419296898
4794,0.47803669526569337
4795,1.864635948418325
4796,1.0149775508068615
4797,-0.13981264586107045
4798,-1.5815845279711027
4799,1.3510838811349402
4800,-0.24882709132665326
4801,1.128960948037161
4802,0.6873792004125079
4803,0.9721207228691853
4804,0.2937722540938381
4805,-0.3578203664984514
4806,-0.020786202231093398
4807,0.7110867952668798
4808,0.3536561762281565
4809,0.25501972641386317
4810,0.5029977187181345
4811,0.18351414984572045
4812,-0.5379119368077667
4813,-0.25805798341416164
4814,0.3757669078327197
4815,0.6779209460212599
4816,-0.533115603514922
4817,0.21256883897748935
4818,-0.37442389793209685
4819,-0.03240913479647389
4820,0.4832473352735178
4821,1.9282557935939693
4822,0.33577483861986224
4823,1.0958454985201982
4824,-0.3452815005488219
4825,-0.17639191677005783
4826,0.30149024255354817
4827,-0.2552975560519144
4828,-0.06929300471103517
4829,0.11051413953122591
4830,0.3899297830715298
4831,0.28040550757904015
4832,-0.17044274455759734
4833,0.6979636306365222
4834,0.45666368517167655
4835,0.307602894414849
4836,-0.940344959598427
4837,0.3567140835491145
4838,0.3035920867581865
4839,0.3834460305114362
4840,0.3980586691634258
4841,-0.29154462786333823
4842,0.7440880514334225
4843,0.2925747270690948
4844,-0.9641002684983135
4845,-0.3811311037225096
4846,-0.08742033134652161
4847,-0.22048662264051444
4848,0.2981964790198077
4849,-0.07122579767262494
4850,0.24745565965726968
4851,-0.09212214339182623
4852,-0.315787189116179
4853,0.03081922789451852
4854,0.4529872354016362
4855,-1.120014269634062
4856,0.07179528796381618
4857,0.0880423695166499
4858,0.6513956048241454
4859,0.07445451507983591
4860,0.5855910023205624
4861,0.40772328891911513
4862,0.6801133865819153
4863,-0.8340203343935926
4864,-0.8297064960656186
4865,0.6466372375703244
4866,0.0064276448711098055
4867,0.02732268968621554
4868,-0.3992825303964054
4869,0.8449786720877484
4870,0.001601216674806949
4871,0.41504434149626235
4872,-0.33509422485860085
4873,0.054328030983263886
4874,0.9476046970959828
4875,0.9872960614410786
4876,0.05482585013947272
4877,-0.40957126961291834
4878,-0.5360675036813589
4879,0.7936159361564776
4880,-0.5898886972339312
4881,-0.04102977312694378
4882,-0.825704748717726
4883,0.1907881658485877
4884,-0.4234072452431903
4885,0.4170472956738891
4886,0.24749894467941402
4887,-0.21096577103119074
4888,-0.920448298103338
4889,0.7074436867103628
4890,0.6914015708812116
4891,0.5908739434454802
4892,1.7257159434310054
4893,0.36990840161532645
4894,0.16294308978501704
4895,-0.2907195375787097
4896,-0.5529880976856916
4897,-0.06352850308992686
4898,0.5086300836650182
4899,-0.6932406657137236
4900,-0.7465671941321972
4901,0.07506145770364014
4902,-1.201516379850176
4903,0.18809768423295736
4904,0.4113204682861138
4905,0.38457057952552276
4906,0.9495725453952275
4907,1.576604297962625
4908,-0.03971901312720405
4909,-0.019872887465766098
4910,0.17714945750526567
4911,-0.35308060171548306
4912,0.5969088237051778
4913,1.1817281750774455
4914,0.589402998897981
4915,-0.5488025418953768
4916,0.21928333650542697
4917,-0.11108130295411911
4918,-0.26318772946645197
4919,0.38776922166707806
4920,-0.7150898948035334
4921,0.44170591204899523
4922,0.07668570431231814
4923,0.48430307821671903
4924,0.484948911751637
4925,0.49445588137437824
4926,-1.1785380104907262
4927,-0.09746662254492833
4928,0.36089454579890656
4929,0.39236943289502335
4930,-0.29226416153864676
4931,-0.6517121085289901
4932,-0.18053262011736848
4933,0.48519063751637503
4934,-0.3632939083765052
4935,0.7670750514112257
4936,-0.13590129224532177
4937,0.49791992456249545
4938,0.7717827933124255
4939,0.6075887095327914
4940,-0.36146354698711747
4941,0.4757983459263926
4942,0.28235603989852365
4943,-0.4759228988726605
4944,-0.3484941998854296
4945,-0.2994625831879816
4946,-1.9137171507217943
4947,-2.472984120936239
4948,0.6370413313341317
4949,0.7426926356055574
4950,0.2478587801890697
4951,0.08956413230407634
4952,-0.3313345434950321
4953,0.41627331459466177
4954,-2.8885398696443687
4955,-0.04058340625778811
4956,0.9617161619379644
4957,1.1927241428132618
4958,-0.9471789492387472
4959,0.28494217331616056
4960,0.3270706434108206
4961,-1.280565492695196
4962,0.48175097936162814
4963,0.45329024530467166
4964,0.10454805207373852
4965,1.4765863972051818
4966,-0.37622989227266146
4967,-0.09123533400163808
4968,-0.31082275291431927
4969,0.9144721171427506
4970,0.5143046572728238
4971,0.01053297516317997
4972,-0.511230889938119
4973,0.36069646440157754
4974,0.2542697466040522
4975,0.21465312260904312
4976,0.0644517942156142
4977,0.32612985949374007
4978,-0.20482640852357292
4979,0.5358567065737674
4980,0.19779167949209864
4981,0.2804110086351841
4982,-0.011857421716321426
4983,-0.5750728266104232
4984,-0.4870129726670669
4985,0.574898728158324
4986,-0.4147941426831281
4987,0.8115537924338057
4988,-1.5378351531449397
4989,-1.8667381725689935
4990,0.7109741096522626
4991,0.45298860902676097
4992,-0.7107998158909723
4993,0.00610827009612791
4994,0.9077173672817906
4995,0.5404075710394807
4996,0.14140935178321712
4997,1.26229408830838
4998,-0.7719140038380701
4999,-0.5249591935562847
5000,0.042095362988625595
5001,0.2956946029229357
5002,0.013486430808740124
5003,0.30673263817231344
5004,0.6789391910272613
5005,0.022255357424327826
5006,0.06969705381791869
5007,-0.8321643679904511
5008,-0.39092827905058414
5009,0.08550827916469217
5010,0.26654410341180323
5011,0.15242374906367928
5012,-0.5525068000677535
5013,0.9920286466631012
5014,-0.03717278643478039
5015,0.717219291807325
5016,-0.2883444384407241
5017,-0.8118173263660822
5018,0.5463994732602728
5019,0.8663068842102106
5020,-0.3967468148097453
5021,0.6980426050438027
5022,-1.3563479701209857
5023,-0.7390685693977161
5024,0.551458176061459
5025,0.3214016117750518
5026,0.8299553970786633
5027,0.9253568674203905
5028,0.19541082514020758
5029,-0.2625822077666484
5030,0.2378093943299575
5031,-2.2100998916183556
5032,-1.5887622262976464
5033,1.151297565679954
5034,0.35847685886665204
5035,0.34233865390369544
5036,-0.3438311006489059
5037,0.6790797716728747
5038,-0.6507562045397819
5039,0.4595374205768721
5040,1.6189441681413896
5041,-0.035049874418824345
5042,0.059861123557425344
5043,-0.267453185661104
5044,-0.24616908542487437
5045,-0.4587728024699089
5046,0.13402898267500518
5047,0.40394004955395246
5048,-0.24658097193430706
5049,-1.7911340234835649
5050,0.09719844806728162
5051,0.6391497094687892
5052,0.03267002197855362
5053,1.337566580681937
5054,-0.12899158469146244
5055,0.8267783470245149
5056,0.7940201087349053
5057,-0.36579745879254943
5058,0.8438016349767707
5059,0.46714435277515065
5060,0.6696803636106807
5061,0.3161841740206839
5062,0.21776504317365664
5063,-0.18663065116459876
5064,0.9352894522786315
5065,-0.6286658451248428
5066,0.035264661648426454
5067,-0.9494190630437771
5068,0.11383850393382744
5069,-0.3290638631542109
5070,0.12548902096636283
5071,-1.3471799545357044
5072,0.36621134677332634
5073,0.3935415536346909
5074,1.042412755011135
5075,-0.3780629171210137
5076,-0.1439262895095439
5077,0.6084808902103944
5078,0.4652377412663
5079,0.21139570688077924
5080,0.3793897683578962
5081,-0.07155370660782978
5082,-0.16012451252862547
5083,0.4334310553609555
5084,0.25022417626434645
5085,-0.3286371520534459
5086,-2.2767404407039393
5087,-1.613621354893091
5088,-2.335332658349998
5089,-0.7511661133921876
5090,-3.3089216362849783
5091,-0.7745905858142166
5092,0.6891662963095513
5093,-1.7287387307112212
5094,1.1052661812641418
5095,-2.846710109472994
5096,-7.611716609789454
5097,3.06001545793837
5098,-3.664208221147369
5099,-7.642533820244424
5100,4.329371665844128
5101,-10.203027127041864
5102,5.662291062589908
5103,-6.642687129094149
5104,-3.498683510888334
5105,0.702126855752816
5106,-5.782057980867883
5107,4.088186679298644
5108,5.392826753114122
5109,2.2787090393491027
5110,-5.443450471954137
5111,6.766482574933974
5112,-2.0394167802551877
5113,3.51837468225753
5114,-2.003357033701647
5115,-1.698368051675736
5116,4.236551161407043
5117,-0.6547072238252127
5118,-0.86813883951109
5119,3.405964519198257
5120,1.8537834109391582
5121,-0.39069501939934526
5122,-0.9262289983523075
5123,1.3059888952707155
5124,-2.4815626990045914
5125,-2.491077578382317
5126,-0.0019077687335666837
5127,-0.07855872607684944
5128,0.4875866429005171
5129,1.491883116839432
5130,-0.15609208468081448
5131,1.5000478288742514
5132,2.3636565004816035
5133,-5.136573021878377
5134,1.3988871442979445
5135,1.627725088603782
5136,-0.41698772566043374
5137,-0.37957588346309024
5138,0.500217710361639
5139,1.2919117746037045
5140,-1.071422673019029
5141,0.3491934654192619
5142,-1.733894687349391
5143,1.4180068851857186
5144,1.0252949161161595
5145,1.79678155055214
5146,0.24253324262328846
5147,-0.4063528948504924
5148,-0.9667490760371322
5149,2.134596762730645
5150,2.8855226178455595
5151,-0.08654262764284937
5152,1.3091438037967862
5153,-1.6438992372670214
5154,1.0972126740893984
5155,0.27285914742023465
5156,1.8087053520718044
5157,0.8413361415147591
5158,0.11509764207957573
5159,2.407964195542611
5160,0.05694158851046183
5161,-3.10207059506169
5162,-1.9105674797888383
5163,-2.2131683138223224
5164,3.8162425350217077
5165,0.8295604275184942
5166,-0.9272101100407326
5167,0.10270303545389936
5168,0.03196578382134163
5169,0.16640033464145887
5170,0.1896006956553009
5171,-2.5121404415157755
5172,1.4742013160248035
5173,-1.5206255393891865
5174,1.4155552820954043
5175,0.6169572505646315
5176,1.6428792796402192
5177,0.4168485156640145
5178,-0.7173326213974818
5179,-0.028271799190449087
5180,-1.5520054747074852
5181,0.5928072041502475
5182,-0.6113824713180449
5183,0.9801082724704813
5184,-0.6108102497861978
5185,1.8643162053283646
5186,-0.6963008400676429
5187,0.3769392202270794
5188,-0.5317747090170855
5189,2.5449799389871686
5190,-1.3277449935738872
5191,0.3188259042433472
5192,-1.1635234616163004
5193,0.3347676347884132
5194,-0.39288544953386406
5195,-0.23447611987830186
5196,0.7414538684885841
5197,-2.058697355179717
5198,-0.02867760073730352
5199,1.864025788613155
5200,-0.6030518282344133
5201,0.6792136482488331
5202,-0.6209099490789072
5203,1.7400420964442276
5204,0.46534873370820407
5205,-0.10920641645135731
5206,-0.6708689155219716
5207,0.5762415635802043
5208,-0.8162288210177948
5209,0.7705082587920131
5210,0.7192317280921401
5211,-0.7747702624579134
5212,-0.14389113194592795
5213,0.30063256913841485
5214,0.5174497704322434
5215,-0.7330336414916871
5216,0.16010153045851183
5217,-0.859028079608315
5218,-0.2192101765636778
5219,-1.78298364060403
5220,1.827527720606703
5221,0.8114484833132707
5222,-3.108715891522351
5223,0.32517833604135404
5224,1.0541737443075405
5225,-2.17399375144236
5226,0.5073337161501712
5227,-0.834479949522482
5228,0.6820408956128787
5229,-0.07970283338814
5230,1.0345347644673097
5231,-1.2315056105414612
5232,-0.3183637783790161
5233,-0.717031282550451
5234,-0.6634123490036004
5235,2.3882208627906465
5236,-0.8135776124618133
5237,1.5033051411020182
5238,-0.21146079047404953
5239,-0.0033551801504216883
5240,-2.314858552752952
5241,0.975300334967244
5242,-1.3957207303825214
5243,2.5587148418704686
5244,0.34443105807540064
5245,1.2385007194639641
5246,1.0808794710115421
5247,0.003280760874346811
5248,0.4871567106345509
5249,1.0334573562319704
5250,-0.2666689711773529
5251,0.5020327647397238
5252,-0.5408866115379496
5253,0.8479697906432548
5254,-0.7217657350233608
5255,0.11634575321100016
5256,-0.29113044708140023
5257,-0.11020040002698295
5258,-0.18502435371772208
5259,-1.7138704831994644
5260,0.11066746865076027
5261,-1.6209439714661045
5262,-0.5501356803307544
5263,0.399022446041819
5264,1.915568203755491
5265,-0.07090414919623811
5266,1.2703318548345166
5267,0.8207818541057676
5268,1.739168015208925
5269,0.6598521636590249
5270,1.7076018687674832
5271,-0.4895913391449014
5272,-0.20275440300547842
5273,1.2273649459258351
5274,0.21414051125461242
5275,0.5050151815877868
5276,0.2462109819900249
5277,-0.12226434707454104
5278,0.3419626842825707
5279,1.2494766971313354
5280,0.5882590806933763
5281,-0.7042215245078864
5282,-0.5333316466181515
5283,-1.2699450886030306
5284,1.0788839283563334
5285,0.02580217011889374
5286,0.3801391783774477
5287,0.2837910505387953
5288,0.6146175292791156
5289,0.19008432354095106
5290,0.6082188677737577
5291,-0.6770269830241205
5292,-0.6078498556369993
5293,0.26460756439075084
5294,-0.4348709501599046
5295,0.719741518439676
5296,1.1536384949680567
5297,-1.2090526241221866
5298,-0.08392551779543567
5299,-1.0595796737607799
5300,0.6569680777465337
5301,0.3261179663565983
5302,0.5312355990605866
5303,-0.26750825184773674
5304,-1.4363984058968882
5305,1.4633355921146673
5306,-0.034419807941787894
5307,-1.1257520452272018
5308,1.575212598880782
5309,0.6815207289729841
5310,-0.9022618691078677
5311,-0.2706295209730314
5312,0.11222757771900405
5313,0.4282937659821684
5314,0.0014905799167408418
5315,-0.7833548209605468
5316,1.1875788118866026
5317,0.41145332504921583
5318,0.7841720410562303
5319,-0.3420455739252759
5320,0.3566993058377932
5321,-0.6482804665120412
5322,-1.949383777450464
5323,-0.6381551954932618
5324,0.8379615295512011
5325,1.4837612354186902
5326,0.9126299669755866
5327,-0.8697576882781277
5328,1.1024659656468927
5329,0.5859590963234851
5330,-0.8684981251485979
5331,0.521999222690539
5332,-0.09921653527840135
5333,-0.6355815053680658
5334,0.9096512838544513
5335,0.7021529097592349
5336,-0.4651283064140088
5337,0.010161962761046084
5338,-1.3465425592555036
5339,-0.19005807134213626
5340,0.8560972183834892
5341,-0.9018257583948142
5342,0.8257616989361338
5343,-2.3795692759359
5344,1.7277583122801587
5345,-0.40290040652095627
5346,0.8203133724379086
5347,-0.8439709836553178
5348,-0.7408324069254846
5349,0.42824506621066405
5350,0.4677762174315703
5351,-0.8468545403632177
5352,-0.0029817591974179436
5353,0.7848283104932463
5354,0.09158474771151504
5355,0.7955880122585413
5356,-0.46834910357684834
5357,-0.7281610865550903
5358,-0.5604210675954846
5359,0.6582118906555579
5360,-0.10520300731915455
5361,0.49392897133841984
5362,0.1739250965897554
5363,0.4935829413307502
5364,-0.36260666371550343
5365,-0.9026586540358039
5366,0.7731564275657021
5367,0.5580289516261772
5368,0.8341481091390435
5369,0.6095342850306551
5370,1.01675066216238
5371,-0.05144504007983386
5372,-0.3035279227500354
5373,0.04157297960443174
5374,0.6600051860246481
5375,0.504201548308636
5376,0.06939339767448871
5377,0.0297272672314719
5378,-0.6788201265589322
5379,-0.2896808368834769
5380,0.824032482646686
5381,0.07509571597221765
5382,-0.21409020239477883
5383,-0.16762498137197213
5384,0.43835074801688023
5385,0.24881060937946842
5386,-0.8009626189636521
5387,0.042690651159738024
5388,0.5547425814665274
5389,0.39396399255107184
5390,-0.48171888138401897
5391,0.2701024710882294
5392,1.2909199100297641
5393,-1.0623907646587938
5394,-0.7368222619081877
5395,-0.8868247489697723
5396,0.450100412246357
5397,0.13392274505257262
5398,0.6018627929897491
5399,-1.918942739676055
5400,1.2601128729061273
5401,0.1523101114468517
5402,0.22165221249821343
5403,0.9787494715626011
5404,-0.31954805234608585
5405,0.03383146148223659
5406,1.1853540436602472
5407,-0.2496309420786602
5408,-0.26565639343232306
5409,1.0473300873174551
5410,0.5843446027254728
5411,0.4850382864672653
5412,-0.18521954052292955
5413,0.14683450183525792
5414,-0.30763204272101774
5415,0.4432926931560388
5416,0.1341079766701725
5417,0.9148050593232426
5418,0.09075351231224715
5419,-0.36893668183548556
5420,0.1344374133507742
5421,-1.8296630748357856
5422,1.4666754509287117
5423,-0.596970425040233
5424,-0.3183825113737271
5425,0.4484616041001033
5426,-0.00958167567404189
5427,-0.08350768017884036
5428,0.1614841331582184
5429,-0.6502691486357293
5430,0.5900855511201897
5431,0.08752841584289683
5432,-0.7299329377490338
5433,0.8924788510963566
5434,0.1977053225818537
5435,-1.2279859851046737
5436,1.1203204724340665
5437,-0.01909096577943359
5438,0.307760915159605
5439,-0.25595010560817144
5440,0.16616995532281464
5441,-0.8487091109248723
5442,-0.46498005435609
5443,0.7760548049718707
5444,1.05750121626631
5445,0.1082485506453068
5446,-0.0013537046291034471
5447,0.5004846426292175
5448,-0.7035496444030898
5449,0.5149821597235871
5450,-0.33490652083116856
5451,1.327616982805857
5452,-0.22584555071674117
5453,0.38323948357206206
5454,0.10523171801022357
5455,0.362800553264897
5456,0.0
5457,0.3205114367180073
5458,0.28652360570937674
5459,0.05141394906473806
5460,0.5349219472694955
5461,-0.6100693762920884
5462,-0.9474347876723854
5463,-0.11856183371055096
5464,-0.5011135117822363
5465,-0.04958219675472719
5466,0.3879395985363132
5467,0.17475072968284877
5468,0.384438049135305
5469,-0.5418296668231903
5470,-0.03872479937570006
5471,0.21610642212763764
5472,0.4042707015504021
5473,-0.1035693186125286
5474,-0.5515294479280897
5475,0.49571289747571967
5476,0.07441298418733311
5477,0.023903693779381285
5478,-0.2433113812791987
5479,-1.9151880611286032
5480,0.5021646493130305
5481,0.250813886913015
5482,0.1628206835736279
5483,-0.2733190738251068
5484,0.5807586933947562
5485,-0.7602348056202857
5486,-2.1226712506861034
5487,0.35256350216421595
5488,0.31707628973531854
5489,0.9995282331102473
5490,-0.3751852738091088
5491,0.5649592236952827
5492,-1.481631156828378
5493,-1.0903682544958215
5494,1.8653019168898055
5495,-2.0210527397756195
5496,1.285969049041391
5497,-0.4144055639514477
5498,-0.5797344842044083
5499,0.6941810418821248
5500,0.8698795463086384
5501,-0.2777078660038512
5502,-0.2619885504564934
5503,-0.11269268711053826
5504,0.5375720188874666
5505,0.6855803380735992
5506,0.2591057269578201
5507,-0.08403626561914734
5508,0.5247336697390637
5509,0.02292394046161661
5510,0.0013498527657418435
5511,0.3432844215243591
5512,0.03224721695591626
5513,0.07118261571967821
5514,-0.24598668032975723
5515,-1.4463988520072135
5516,0.6410530561916872
5517,-0.6328661450046624
5518,0.9295492714867848
5519,0.47635902452114465
5520,0.3883121666600431
5521,-0.06304481365244641
5522,-0.24183158184705178
5523,-0.1386488790776852
5524,-0.5673467588756864
5525,0.8242948555242435
5526,0.36344056311552464
5527,-0.667544808735876
5528,-0.6828826584097669
5529,0.12611337830517044
5530,0.23416572296284244
5531,-0.588490905638217
5532,0.7789414574029152
5533,-0.15125182238655555
5534,0.10670714270766268
5535,-1.743129716286873
5536,-0.5441122179078661
5537,0.22351580837725038
5538,-0.2773978661295473
5539,-0.14797918431526114
5540,0.2212023183657763
5541,0.053842628678069104
5542,0.9451242093671652
5543,1.2432816756906107
5544,-0.28262417451756505
5545,-0.4206818525997136
5546,0.35023663393847215
5547,-0.012195699366834845
5548,-0.6976983140489779
5549,-0.4294656286960574
5550,0.11369830161704897
5551,-0.1616832751009767
5552,0.8575043511742209
5553,0.13315135077096585
5554,0.30910646774504613
5555,0.4416529068878461
5556,1.198934694784981
5557,0.04792717657178258
5558,-0.9199129544450457
5559,1.9316264389118487
5560,-0.3167148866456415
5561,-2.780916474204531
5562,1.2827959874865513
5563,-0.08321531542314631
5564,-0.7683428095052847
5565,0.6581695441290947
5566,0.4760860107133169
5567,-1.0828512695180592
5568,0.31597604887512176
5569,-0.11466267130586516
5570,-1.0351934642221394
5571,0.1349229488646131
5572,-2.295152488827945
5573,-0.5071480581623433
5574,-2.5233398876087776
5575,-1.78702128416095
5576,2.1669582219690398
5577,-0.23639487170914464
5578,0.4922157102180691
5579,1.1593990131862242
5580,-0.136953298388498
5581,0.5944460424499809
5582,-0.13211147484000207
5583,1.061739515841964
5584,1.1290276882380823
5585,0.27753638917591417
5586,-0.9816868848680826
5587,0.36788272335783745
5588,-0.5120835020088421
5589,1.0764812414953084
5590,0.15499921344002132
5591,-1.0263282148086361
5592,0.16464417605632775
5593,-1.0045349594330233
5594,0.6180905126948133
5595,-3.0306003149723537
5596,0.10293825908984644
5597,0.7304176921888228
5598,0.6701741802924488
5599,0.28424575233785276
5600,0.48639657984832496
5601,-0.5693400479666266
5602,-1.0205426967393905
5603,-0.8317432819145765
5604,1.0361190413210153
5605,1.097034447954215
5606,-0.9468552323472323
5607,1.2073573059373288
5608,-0.7299917403315703
5609,1.0902157003982893
5610,1.0481117627790582
5611,0.5995136419258529
5612,-0.21821200666227725
5613,0.8563911438285388
5614,0.5000323576824783
5615,0.12462169323672612
5616,0.25822646591926457
5617,0.0836746703754443
5618,0.6977369164152591
5619,0.6702857894856251
5620,-0.19847885838260027
5621,-0.07737128731140075
5622,0.2652060941393586
5623,0.1888058605105769
5624,-0.5033943868678392
5625,-0.6335065723348521
5626,0.47182806653776055
5627,0.09623871597312927
5628,-0.41769626575867136
5629,0.3348292152463017
5630,0.5919057252546267
5631,0.5540659787314439
5632,0.05285971019528546
5633,0.3112996759419673
5634,-1.586376158281233
5635,-2.099957593093471
5636,-0.7791935264775063
5637,1.3093503754463498
5638,1.0559944825413226
5639,-1.1906513273977737
5640,-0.420097244447426
5641,-0.15730908581907954
5642,0.8180339072032083
5643,-2.183982736728396
5644,-1.1852452413327441
5645,-0.9808219822124542
5646,0.19127372313914037
5647,-1.7664723678715077
5648,1.9135735150392463
5649,0.25267907121104827
5650,0.2745417232498326
5651,0.9821584680963724
5652,-1.6593141909686082
5653,1.1414554106602637
5654,0.04616887258901414
5655,-0.2815595137514393
5656,0.36965024764104015
5657,-0.6913981252973045
5658,1.074997299127034
5659,1.436167417635481
5660,-1.040165827091677
5661,0.31567334910551637
5662,-0.8063957819450351
5663,0.872724411211756
5664,-0.44998034929228936
5665,-1.5466622029956412
5666,0.35732272868322923
5667,-1.4341711681227665
5668,-1.2572138051938353
5669,-3.613258385545315
5670,-1.2794635291273337
5671,-0.15008837302445954
5672,-1.7802580063744244
5673,-0.6414534208877498
5674,1.3953843607398042
5675,-0.23479833867874333
5676,0.30528604113460034
5677,0.7675311781856209
5678,1.91654609264571
5679,0.8552659076601188
5680,-0.9417901272724905
5681,-1.9912793610467716
5682,-0.4302752337492777
5683,1.1055074811668675
5684,0.2522253756289672
5685,-0.5263220184108519
5686,0.8080089269345336
5687,0.4502483968314763
5688,-1.141558511602092
5689,0.06207532280946282
5690,0.2313337703647278
5691,0.43700435082332234
5692,-0.6789301940477444
5693,1.2262523047876783
5694,-0.5623594784065489
5695,1.6347851583548234
5696,0.5179427873468256
5697,-0.04121663453577895
5698,-0.023563074133292616
5699,0.2559337542495044
5700,0.23330615659560294
5701,0.9698972414266649
5702,0.8023230547991034
5703,0.6858847111944399
5704,0.07290488734348344
5705,-0.31773599527067375
5706,-0.014336095646250158
5707,0.581827813572211
5708,0.07124435590704081
5709,0.13095297514489346
5710,-0.5291452442726552
5711,1.1135136932594492
5712,-0.5459651240229846
5713,0.4511642226358248
5714,0.5801140993609621
5715,0.31335845407696183
5716,-0.20926787771191613
5717,0.023900463811621364
5718,-0.9547165053099604
5719,-1.214975640597693
5720,0.5200664050631687
5721,0.7119393215990755
5722,0.7914005102680477
5723,-1.970270374969374
5724,0.4697842345178671
5725,-0.16446078917198292
5726,-2.041650223034175
5727,-0.24717770688216234
5728,0.343544977916288
5729,-0.37576999549315815
5730,-1.4340999806909949
5731,1.7587784423966468
5732,0.6621624978089713
5733,1.0145310408134378
5734,0.6469114842243329
5735,-2.617524315336617
5736,0.2091915283955359
5737,-1.528520477692119
5738,-0.2853140402301335
5739,1.279007273651267
5740,-1.5725925828158793
5741,-1.8908426494792963
5742,-1.614562593887925
5743,0.413406721418319
5744,-0.5278553226117921
5745,1.428924981335733
5746,-1.2403039218986223
5747,-0.26757666648951073
5748,3.6853702840867086
5749,1.7225788957473398
5750,0.026403260748431023
5751,-0.8055859137352073
5752,-1.4147035454632473
5753,-0.3425248980413187
5754,0.03761519698279869
5755,-0.07373763221885099
5756,1.7341862793998075
5757,-1.4065418187490408
5758,1.707921728135453
5759,0.30782026165745435
5760,-1.025815316428158
5761,-0.804037755026421
5762,1.5249786453527037
5763,0.2828134940342508
5764,0.18075326847135642
5765,0.5008826422766788
5766,-0.8715596601225784
5767,1.1400030206713652
5768,1.638716233992632
5769,0.14036916711130942
5770,-1.8607111536807608
5771,0.5032605732004924
5772,0.5959745508972603
5773,0.36277924206604695
5774,0.5788714304955533
5775,-0.5056094244460851
5776,2.747659043789241
5777,-0.1635899426265297
5778,-0.06578583602721011
5779,-0.27201606735065553
5780,0.18936875226280847
5781,0.22536645584132486
5782,-0.17493409925570802
5783,0.5865692997193861
5784,0.9162372413022979
5785,-0.07730030710249025
5786,0.24411886301383134
5787,-0.41963953384058783
5788,0.3341950190240084
5789,0.4251134949111446
5790,0.9591114546241286
5791,-0.7218953790403049
5792,0.3295269643816212
5793,-0.46932463323532403
5794,-0.8525798142912322
5795,-0.748358603808974
5796,0.5240262299224696
5797,-0.45019376612120965
5798,0.3128456971532856
5799,0.6641508964012388
5800,-0.6433292745901653
5801,-0.7816894141935649
5802,-0.2072493546709353
5803,-1.5482517446233857
5804,1.2843761660406017
5805,0.524264596009516
5806,-0.6283215026527955
5807,-0.30012905096015174
5808,-0.9399963544543866
5809,0.2646044914374812
5810,-1.3228746200336872
5811,1.6136982729292981
5812,0.06230920773262483
5813,0.6491146795845282
5814,0.5848133871387162
5815,-0.2842654003178069
5816,0.8976530901430024
5817,1.1757784392935733
5818,0.6530494552668742
5819,0.816787243894268
5820,-0.025725278493027304
5821,0.09607905902253577
5822,0.5651205389755276
5823,0.22704144933420878
5824,0.06840751968706371
5825,0.4428795387614315
5826,-0.29548174866320664
5827,0.34086158166832803
5828,-0.1615920938583315
5829,-0.06685207048420239
5830,0.33381432680421597
5831,0.13188177929510658
5832,0.6171343421364384
5833,-0.25303015444393395
5834,-0.4639996374702804
5835,0.3458784050026864
5836,-0.5299510848729483
5837,-0.7585081846562147
5838,-0.2141251281043921
5839,0.17644778753034274
5840,-1.0647354073256565
5841,0.7871283230930004
5842,-0.8606080273992234
5843,0.06395563480374733
5844,-0.20697723200271412
5845,-0.2975922279544463
5846,-0.39863473567081087
5847,0.2960460729784842
5848,-1.1313267888249712
5849,0.4639880498212179
5850,-0.09372577788120395
5851,0.052385810634802965
5852,0.3879253136661376
5853,0.6159256191409668
5854,0.4913827332856613
5855,-0.7756098261562983
5856,0.04515104483733268
5857,-2.302290416106345
5858,-0.503742470849744
5859,-1.4152669612050417
5860,0.8524110888679104
5861,-1.4735474837243245
5862,0.41975957706963385
5863,-1.3862991268887015
5864,0.8214325596197725
5865,0.8617932559568331
5866,-0.6721897042906377
5867,-0.19247484449138597
5868,0.0977180055350857
5869,1.030297510667566
5870,0.23003769116591855
5871,1.016053813733997
5872,0.77622226672176
5873,0.6277476856569209
5874,0.17981884643401003
5875,0.016585071705677024
5876,-0.2517979093083156
5877,1.2513141261081273
5878,0.46404429520432444
5879,-0.26997295764203955
5880,0.5107019890967734
5881,0.2699556307311113
5882,-0.2889737171079432
5883,0.07198034519291241
5884,-0.044810862510225036
5885,-0.43287563009766217
5886,-0.1146556648732755
5887,-0.07788056914623809
5888,-0.32308344039009285
5889,0.22599807670822258
5890,0.34690349919941355
5891,-0.9204310333029042
5892,-0.9678743902416187
5893,-0.05975893562357726
5894,0.37327061346594803
5895,0.7795024466508593
5896,-0.17055562035039884
5897,-0.11570273848615642
5898,-0.052390375114974574
5899,0.06617169281124546
5900,0.14321188547690156
5901,-0.4468404694444317
5902,-0.4918985252814423
5903,0.5209156885296551
5904,0.5883085778595643
5905,-0.22279344048108385
5906,-0.04682029407341304
5907,-0.6370210033759705
5908,-1.0535160061952098
5909,0.23227617488590369
5910,0.8711330876430168
5911,-0.1122931602086652
5912,-1.6503179078895869
5913,0.2746074565077805
5914,0.48120931533617295
5915,0.9915508357318359
5916,-1.2087183542035973
5917,-0.16283584800156348
5918,-0.25742299445976613
5919,0.3206230246524555
5920,0.22999017887510576
5921,0.31887210511989394
5922,0.1897135168290376
5923,1.0522453948524912
5924,0.6008461127988696
5925,0.8585487994258401
5926,-0.5847597980599417
5927,-1.6457519860248127
5928,-1.3473701473682098
5929,-0.2891826535861952
5930,0.556460929345981
5931,1.0939884808580658
5932,-0.022236859147817256
5933,0.11667991092849661
5934,0.5924179333975488
5935,0.4530083563750509
5936,-0.35507124106182175
5937,-1.2458062760909883
5938,-1.7049921339689078
5939,-0.5453379201298958
5940,1.4866092011578402
5941,0.3762874971235064
5942,1.5463396336629742
5943,0.7725151175941747
5944,-0.06300813304935815
5945,-0.20161703557075583
5946,0.5463014185721704
5947,0.017746348462033268
5948,-0.15165210306324894
5949,-0.10259708430169212
5950,0.45473334374772634
5951,0.8452237497005299
5952,0.7255418214368703
5953,-0.7039270587535285
5954,0.09180241886141971
5955,0.5423608143640735
5956,-1.2982032842566937
5957,-0.5850149504391666
5958,0.1858251457047544
5959,-0.22002276633781293
5960,0.025989922455416092
5961,0.36725713387735226
5962,0.26402702536074685
5963,-0.23541163703928447
5964,-0.8633790451355594
5965,0.38403558377133606
5966,-1.5144881023525514
5967,-0.6861404577920283
5968,0.02938411872062119
5969,-0.4571097646845601
5970,0.08569298505580747
5971,0.37561087870958687
5972,0.47032912230324797
5973,-0.9358464777934117
5974,0.624865211815262
5975,0.7056276677504414
5976,1.2020959760270955
5977,0.10408286052268068
5978,-0.37027937645337516
5979,0.5549061800911304
5980,-0.06150440114502942
5981,-0.7850995953889495
5982,-1.1935198556084714
5983,-0.19961067359908213
5984,0.4961973993591329
5985,0.20279047387017357
5986,-0.738123800239876
5987,0.45466171148085266
5988,1.2789224126970922
5989,-0.6699143967583865
5990,-0.468564033100094
5991,-0.4637964454898835
5992,-1.3789389439187616
5993,0.05093546699903584
5994,0.10887285783169887
5995,-0.5426951781808853
5996,-0.1123132026226159
5997,-0.07826341233556633
5998,0.3382312138299426
5999,-0.2187207340343278
6000,-1.2850268028016032
6001,-0.7691413503414068
6002,0.5110111106123583
6003,0.4135570050280535
6004,0.229812510312577
6005,1.0049460895062978
6006,0.6766223660656934
6007,0.03667429797165056
6008,-0.5656923584954399
6009,-0.3480735178241545
6010,0.4203789220976972
6011,0.3042376205332431
6012,-1.3656750130348172
6013,-1.1655246818390808
6014,-0.8235902505955295
6015,0.18684487864071286
6016,-0.0379266255757571
6017,-0.6146390971245808
6018,0.2140903212277223
6019,-0.7941335102991331
6020,0.11510290658929279
6021,0.8458763905654365
6022,0.8938826534011568
6023,1.1313071145869102
6024,0.2747605680735177
6025,-0.29052658722665825
6026,0.26194045662322196
6027,0.2783668138963691
6028,-0.5489086013936273
6029,-0.39784036590742033
6030,0.8297907327364129
6031,1.405854912372817
6032,-0.6707028051849306
6033,-0.12758901239777742
6034,0.12758901239777742
6035,0.280128259694834
6036,-0.067840994936752
6037,-0.6268326613440678
6038,0.16488432129317943
6039,-0.7584608712777552
6040,0.3942087699751795
6041,0.2861054494241344
6042,0.7364116584152924
6043,-0.19914005910166566
6044,0.7254625606822884
6045,-0.889597886545701
6046,1.6404834844447436
6047,-0.07107308507077192
6048,0.3006655582288076
6049,0.05696993580563969
6050,0.5029669842445017
6051,0.3104928370399662
6052,1.6412306337677762
6053,0.8744680441825636
6054,-0.21925065258070475
6055,0.840743718176995
6056,0.6494972547770317
6057,-0.44940648283855467
6058,-0.033320671352754516
6059,0.7913589443424129
6060,0.699809905182569
6061,-0.30910706690576717
6062,0.4862480629116206
6063,-1.3807837271670564
6064,-0.38755480028829226
6065,-0.0667414186612092
6066,-0.5033288728766294
6067,0.9217270706420422
6068,-0.6938449344922049
6069,0.5008524944619452
6070,-0.10263985775740281
6071,-0.026676270977077365
6072,-1.09315628935871
6073,-0.29308305306354754
6074,-0.6323136667397478
6075,1.0116786154904744
6076,0.7437360767555745
6077,0.5109547145167426
6078,0.05720718976327532
6079,0.4802751168169195
6080,0.30395562257634623
6081,0.2872505740784348
6082,1.053612583454111
6083,-1.2116279397558216
6084,1.4547956191190536
6085,-0.9592055552841927
6086,-0.5826063454634323
6087,0.5694922791294132
6088,0.18737163751634256
6089,0.07327413799451676
6090,-0.3918811140767531
6091,-0.14850092668901027
6092,-0.737892522775141
6093,0.7655084897050912
6094,0.6892009641081387
6095,0.08875697898016455
6096,-0.07961443660100542
6097,-0.8022720931430527
6098,0.17621663610505323
6099,0.42478368042146997
6100,0.12028592608999134
6101,0.13319835660752233
6102,-0.03393630261907532
6103,0.49873198446874767
6104,0.6073444004494277
6105,-0.12660733964207083
6106,-0.1500596578480895
6107,0.12032586597019446
6108,0.38975083449557246
6109,1.0672243304322038
6110,-1.8365633095069
6111,0.10767291812392443
6112,0.2188838057225695
6113,-0.20462099592410965
6114,-0.5629314749768355
6115,0.07167945439547907
6116,0.3563355174982519
6117,-0.09611521780268362
6118,1.113867444172989
6119,-0.14659805195016418
6120,0.5300805569428135
6121,-0.4066129707743116
6122,0.5051344937932356
6123,0.9836850189788748
6124,-0.11403376775920293
6125,-1.3452304021049244
6126,0.4461578077838979
6127,-0.5644441897215913
6128,0.2030573497265209
6129,0.44961867290940205
6130,0.3100910992516859
6131,-0.445661308375378
6132,-0.3268877415614213
6133,-0.45815682412904124
6134,-1.8223738956450575
6135,-0.09068021332865328
6136,0.4787616394773764
6137,-0.9836140350477862
6138,1.0764785793373477
6139,0.44740797728515247
6140,-0.006507662775234735
6141,-1.4037952556831712
6142,0.8085075007057796
6143,0.3489883006450256
6144,-1.2367256920299496
6145,0.22564119340628963
6146,0.5520518752154757
6147,0.6975210521847686
6148,1.433237951516908
6149,0.14361252712227213
6150,-1.067888132060446
6151,0.35421936860853265
6152,0.012904058344354041
6153,-0.29980632925372674
6154,0.34753939086016317
6155,1.6322666119178209
6156,-0.8524667103266381
6157,0.6289085432262809
6158,-0.15271646962808916
6159,-0.045861700813532025
6160,-0.4636090679118965
6161,-1.0837037672365213
6162,0.7824234118002593
6163,-0.27771936043450296
6164,-1.3102589000988374
6165,-0.48908676953516306
6166,0.9589176881020123
6167,0.7670082800069977
6168,-0.30842388601008963
6169,0.4114502956381827
6170,0.6773226159666024
6171,0.4871924313166076
6172,-1.3397244108780626
6173,-0.5158069803211873
6174,0.44228656120619547
6175,-0.3282979635347516
6176,-0.31119147304714545
6177,1.005284120634542
6178,-0.10805262484385736
6179,-0.003864998190294955
6180,0.3417852893944584
6181,-0.8023353717325321
6182,1.3498308578650864
6183,-0.7143868529388087
6184,-0.3011068917221138
6185,0.10175632250355449
6186,-0.21651752186677697
6187,-0.42019855321928645
6188,0.28075534700775506
6189,1.180358869798681
6190,-0.12137397107867542
6191,-0.7583958505183119
6192,0.8529574551239705
6193,-0.16489813757907257
6194,0.927021020382135
6195,0.8795582886401476
6196,0.7298105651585729
6197,-0.2285123968269076
6198,0.7298951110241703
6199,-0.26592995184717694
6200,-0.8108427299479359
6201,-0.5017824643589464
6202,0.4955100011747149
6203,-0.09287725907629607
6204,-1.295444911615462
6205,0.7616017725306179
6206,0.8585399055583309
6207,-0.4566320210194874
6208,1.7338580176167184
6209,0.2764287639783092
6210,-2.136101444957461
6211,-3.7662869669997434
6212,0.4044310166753107
6213,0.24966473077689955
6214,-0.23143992067016228
6215,1.2380759851284395
6216,0.46179384884101893
6217,0.16750887040757334
6218,0.3049007704126083
6219,0.18833826088133776
6220,1.3336405815314478
6221,0.11660101860204719
6222,0.21655014831143404
6223,0.15991563397594888
6224,0.20576780448084975
6225,-0.03862833502985552
6226,0.752407239859032
6227,-0.16464538870053502
6228,0.0024742858034443316
6229,-0.3263714582271149
6230,0.5800326689923807
6231,0.22219762770507856
6232,-0.08264560598814086
6233,-1.9024249723267772
6234,0.4004286120375511
6235,0.38760223545359906
6236,-0.31621817666334096
6237,0.29749777801040267
6238,-0.30000397871781104
6239,1.0931692371785928
6240,0.29921270233916886
6241,0.26754872554430875
6242,0.23735358952468033
6243,0.014741697656184272
6244,0.6097705276372878
6245,0.21461709996248857
6246,-0.6918340066263795
6247,-0.13378301228943457
6248,-0.19178410331051055
6249,0.9467286773663375
6250,0.1035581425005816
6251,0.6989424082398443
6252,-0.739132220300931
6253,-0.13043373231571564
6254,0.08534816267626866
6255,-0.6750196176575685
6256,0.6774594468577533
6257,-0.34794279832244257
6258,0.12832814805729953
6259,0.43387307700619715
6260,-0.10342206245042007
6261,0.46516276744235086
6262,0.7917462567785805
6263,-0.4059511826557838
6264,0.8557459142666701
6265,-0.8738532177719804
6266,0.7361311255973391
6267,-1.6761643462709586
6268,0.1254414088140976
6269,-0.11813444591783906
6270,0.06091024599879091
6271,0.12414435450764927
6272,0.3363575452148382
6273,-0.8375212387521813
6274,-0.2496868260754681
6275,-0.5061833031501095
6276,0.5625411649107903
6277,-0.4025470344094728
6278,0.8290899551836262
6279,1.0445844346120836
6280,0.11459107862954454
6281,-0.3489997009463508
6282,-0.12832242876008593
6283,-0.7562710827970776
6284,0.3727708904063931
6285,0.7414105460082254
6286,0.1808820255948973
6287,0.8852033168111006
6288,-0.5712511222689898
6289,-0.03963896103034159
6290,0.8470548052153859
6291,0.28313907725472376
6292,-0.6938004673759934
6293,0.5642329285917569
6294,0.4462604210331733
6295,-0.09596410054886206
6296,0.13859426062747815
6297,0.558338508648859
6298,-0.38449122498356303
6299,0.14524910302711191
6300,-0.639214258817411
6301,0.02493020425422543
6302,-0.3568034232536377
6303,-0.47054881878167976
6304,-0.27930904228981035
6305,-0.41259755627489625
6306,-0.5620878477865077
6307,0.7788248381084273
6308,-0.055338972584451085
6309,-1.7138860832446312
6310,-1.2466924317317662
6311,1.6547543604874093
6312,0.2350530082068758
6313,0.4962718185613113
6314,-0.3249094197789404
6315,-0.9259482885081383
6316,0.5146628097344674
6317,0.5993295728854875
6318,0.4595207312060978
6319,-0.04103382189573068
6320,0.7695028172159724
6321,-0.23862652354544878
6322,-0.42230650371486433
6323,-1.2398522293061376
6324,0.4761664720186687
6325,-0.21527462231194505
6326,1.3748479486293874
6327,-0.19954577630354464
6328,1.096198325654285
6329,0.21756611305807638
6330,0.11275898928566619
6331,-0.6080229265053916
6332,0.3597920707779423
6333,-0.11662044693938611
6334,0.5686838001400574
6335,1.2131584354744263
6336,-0.20839942560915148
6337,-1.8082579341401228
6338,-0.06446919056593003
6339,0.5109968253918851
6340,1.225688416196924
6341,-0.10920327254737572
6342,-0.3365926329125912
6343,0.014147574419709485
6344,0.6028445428217566
6345,0.05505256698246086
6346,0.18483849093193783
6347,-0.586113193154425
6348,-0.2919893398690476
6349,-0.7313532317263949
6350,-1.1516121851173011
6351,-0.3201111028232617
6352,0.14454002320931636
6353,-0.6799478216183985
6354,-0.13582087283232624
6355,0.3331539325438726
6356,-1.1654243361917338
6357,0.8929264599709441
6358,-0.578950357710184
6359,-0.6977054441493991
6360,-0.5715767357337143
6361,-1.8264038148471329
6362,0.17723658044577206
6363,-0.9109056888009448
6364,-1.325586035220816
6365,-0.4776240881778193
6366,0.5225653111072148
6367,0.8233327571387505
6368,0.08017824334203283
6369,-0.40921354924527975
6370,1.1506947144248159
6371,0.1552077950572439
6372,0.07183855964232322
6373,0.07053286550942062
6374,0.7088446705150631
6375,-0.37575194510726107
6376,0.16299922109297427
6377,-1.7516605254751738
6378,1.0375179310665672
6379,0.11727593383046298
6380,-0.9471877397123407
6381,-2.4718745672617004
6382,-4.324141067719367
6383,2.2447159502217318
6384,-1.813956355015911
6385,4.437041599589442
6386,-0.8218291415737156
6387,1.3264167682704553
6388,0.1689213042149973
6389,-0.03608485472863521
6390,0.7728911925685367
6391,-0.030697531531842515
6392,1.3191839552792572
6393,0.6004309733620872
6394,0.36203432918959777
6395,0.9148852888413828
6396,0.686559259226982
6397,0.23844825017995674
6398,1.127967985912015
6399,-0.9783095173549583
6400,-0.07848211791152693
6401,0.329460151236205
6402,0.1637189201977307
6403,0.48103654322133593
6404,0.02793618681398158
6405,0.4302385064113068
6406,0.12810281322561679
6407,0.2159653739706613
6408,0.5552521869590876
6409,-0.5841854547803393
6410,0.5793866218557042
6411,0.5200219848525478
6412,-0.4553156487224541
6413,0.14602620113741693
6414,0.0011913642907757094
6415,0.5557975074825805
6416,-0.12733756072140778
6417,0.1535032629311317
6418,0.29565031627747373
6419,-0.24453488013147506
6420,0.6232021798515675
6421,0.8830890134413849
6422,-0.03394959289959587
6423,-0.2720698090421081
6424,0.8361203645218751
6425,0.05703857841758975
6426,-0.31473694446404465
6427,-0.20685726879463573
6428,0.01169877929605434
6429,-0.0830978456608733
6430,-0.11831437168705605
6431,-0.08795126692842103
6432,-0.21375287193201586
6433,-0.3604113188641733
6434,0.9465451111029921
6435,0.04323996713839762
6436,-0.09819276797138343
6437,-0.4289442190717807
6438,0.3294888728222034
6439,-0.014051012744964453
6440,0.6604988955261959
6441,-0.022105919478043745
6442,0.08372904871158937
6443,-0.1593759807366979
6444,0.01630256842961586
6445,-0.6083231328741334
6446,0.5908608662753778
6447,-0.10600999334045014
6448,-0.11310713721517374
6449,0.696479277206663
6450,-0.7968818707082548
6451,0.8976409767166516
6452,1.3589406077374022
6453,-1.021506214079615
6454,0.10377391821450033
6455,0.6890876065188678
6456,-0.31868475555985043
6457,-0.4891729866283612
6458,0.35474282099876575
6459,0.07929313368268964
6460,0.5933329502074258
6461,-0.1554424033580304
6462,-0.9284839361649588
6463,0.01962628117517795
6464,1.22405543130224
6465,0.832290328500207
6466,-0.1391766526374738
6467,-0.27554266661056204
6468,0.4271523619189921
6469,0.4061927414708677
6470,-0.6065130445323419
6471,0.5276602343680992
6472,0.7275840726956417
6473,0.23131434660044192
6474,-0.7067835910451237
6475,0.24474649807881832
6476,1.127280130969055
6477,-0.574868497227321
6478,0.055741980531820445
6479,-0.4109988055976288
6480,0.2782774709261915
6481,0.21738533128026205
6482,-0.07687130484370641
6483,-0.507234446468452
6484,-0.3040178492385692
6485,-1.834578818883692
6486,0.9985701927435642
6487,0.5051536626137221
6488,-0.24378805554743366
6489,-0.5222846433500905
6490,0.3050988255123954
6491,-0.2880615991315949
6492,0.677996126275815
6493,-0.13433185820161953
6494,0.27861518178795563
6495,-0.6690748918510181
6496,-0.8346786774005466
6497,0.32308138147776333
6498,0.42538211358706945
6499,0.3964483291762022
6500,-0.9244647316222654
6501,0.09693514657822533
6502,0.16742155589160035
6503,0.8509681036485972
6504,-0.15808852079430835
6505,-0.0350347215993807
6506,1.1263883115530504
6507,0.46282694509756084
6508,-0.0667824224446889
6509,-0.2742817126831554
6510,-0.10277022880771369
6511,0.2478061258781139
6512,-0.1282902463488611
6513,-0.8463654409904819
